2023-11-02 15:54:56,222 [0x0000203c] f:\pais\util\filesystem\utils.cpp:429 ERROR Exception - apr_socket_recv, error code 730054: An existing connection was forcibly closed by the remote host.  
2023-11-02 15:54:56,222 [0x00002038] f:\pais\util\filesystem\utils.cpp:429 ERROR Exception - apr_socket_recv, error code 730054: An existing connection was forcibly closed by the remote host.  
2023-11-02 15:54:56,225 [0x00002038] f:\commprotocol\core\objectcomm.cpp:299 ERROR Communication - AsyncCommClient: CommException with <730054> error code thrown from IO thread
2023-11-02 15:54:56,225 [0x0000203c] f:\commprotocol\core\objectcomm.cpp:299 ERROR Communication - AsyncCommClient: CommException with <730054> error code thrown from IO thread
2023-11-02 15:54:56,226 [0x00002038] f:\commprotocol\core\objectcomm.cpp:347 FATAL Communication - AsyncCommClient: CommException thrown in IO Thread <apr_socket_recv, error code 730054: An existing connection was forcibly closed by the remote host.  >
2023-11-02 15:54:56,227 [0x0000203c] f:\commprotocol\core\objectcomm.cpp:347 FATAL Communication - AsyncCommClient: CommException thrown in IO Thread <apr_socket_recv, error code 730054: An existing connection was forcibly closed by the remote host.  >
2023-11-02 16:36:24,622 [0x000022e8] f:\pais\util\filesystem\utils.cpp:429 ERROR Exception - Not connected, state 0
2023-11-02 16:36:24,624 [0x000022e8] f:\endpointserver\core\endpointconfiguration.cpp:1739 ERROR ConfigurationHandler - Failed send object to Resolver. Try to connect to policyEngine exception=<Not connected, state 0>
2023-11-04 14:09:51,716 [0x000028a4] f:\endpointserver\server\endpointserverimp.cpp:164 ERROR EndPointServerThreadCounter - PostHandleRequest() failed - <Unknown Exception>.
2023-11-05 18:47:36,614 [0x000028a4] f:\endpointserver\server\endpointserverimp.cpp:164 ERROR EndPointServerThreadCounter - PostHandleRequest() failed - <Unknown Exception>.
2023-11-06 08:41:02,925 [0x000028a4] f:\endpointserver\server\endpointserverimp.cpp:164 ERROR EndPointServerThreadCounter - PostHandleRequest() failed - <Unknown Exception>.
2023-11-06 17:28:22,280 [0x00002ab8] f:\pais\util\filesystem\utils.cpp:429 ERROR Exception - Not connected, state 0
2023-11-10 07:19:54,193 [0x00002870] f:\endpointserver\server\endpointserverimp.cpp:164 ERROR EndPointServerThreadCounter - PostHandleRequest() failed - <Unknown Exception>.
2023-11-13 14:25:45,496 [0x00002870] f:\endpointserver\server\endpointserverimp.cpp:164 ERROR EndPointServerThreadCounter - PostHandleRequest() failed - <Unknown Exception>.
2023-11-13 16:02:12,470 [0x00002870] f:\endpointserver\server\endpointserverimp.cpp:164 ERROR EndPointServerThreadCounter - PostHandleRequest() failed - <Unknown Exception>.
2023-11-13 16:06:58,118 [0x00002870] f:\endpointserver\server\endpointserverimp.cpp:164 ERROR EndPointServerThreadCounter - PostHandleRequest() failed - <Unknown Exception>.
2023-11-13 16:14:12,597 [0x000028d0] f:\endpointserver\server\endpointserverimp.cpp:164 ERROR EndPointServerThreadCounter - PostHandleRequest() failed - <Unknown Exception>.
2023-11-13 16:18:14,993 [0x000028d0] f:\endpointserver\server\endpointserverimp.cpp:164 ERROR EndPointServerThreadCounter - PostHandleRequest() failed - <Unknown Exception>.
2023-11-13 17:09:35,454 [0x00002870] f:\endpointserver\server\endpointserverimp.cpp:164 ERROR EndPointServerThreadCounter - PostHandleRequest() failed - <Unknown Exception>.
2023-11-18 17:36:58,275 [0x000028d0] f:\endpointserver\server\endpointserverimp.cpp:164 ERROR EndPointServerThreadCounter - PostHandleRequest() failed - <Unknown Exception>.
2023-11-22 14:36:07,873 [0x00002870] f:\endpointserver\server\endpointserverimp.cpp:164 ERROR EndPointServerThreadCounter - PostHandleRequest() failed - <Unknown Exception>.
2023-11-22 23:24:49,924 [0x0000289c] f:\endpointserver\server\endpointserverimp.cpp:164 ERROR EndPointServerThreadCounter - PostHandleRequest() failed - <Unknown Exception>.
2023-11-23 12:32:41,803 [0x00001ed0] f:\endpointserver\server\endpointserverimp.cpp:171 INFO ProcessInfo - Endpoint server process is stopping
2023-11-23 12:32:48,607 [0x00002c2c] f:\endpointserver\server\endpointserverimp.cpp:1197 INFO ProcessInfo - Endpoint server process is starting
2023-11-23 12:32:48,678 [0x00002c2c] f:\endpointserver\server\endpointserverimp.cpp:1268 INFO ProcessInfo - Endpoint server process is initialized
2023-11-23 21:52:42,072 [0x00002688] f:\endpointserver\server\endpointserverimp.cpp:164 ERROR EndPointServerThreadCounter - PostHandleRequest() failed - <Unknown Exception>.
2023-11-27 17:58:15,170 [0x000020b4] f:\endpointserver\server\endpointserverimp.cpp:164 ERROR EndPointServerThreadCounter - PostHandleRequest() failed - <Unknown Exception>.
2023-11-28 16:30:28,218 [0x00002c2c] f:\endpointserver\server\endpointserverimp.cpp:171 INFO ProcessInfo - Endpoint server process is stopping
2023-11-28 16:32:48,530 [0x00001f40] f:\endpointserver\server\endpointserverimp.cpp:1197 INFO ProcessInfo - Endpoint server process is starting
2023-11-28 16:32:48,623 [0x00001f40] f:\endpointserver\server\endpointserverimp.cpp:1268 INFO ProcessInfo - Endpoint server process is initialized
2023-12-01 10:05:26,188 [0x000029b0] f:\endpointserver\server\endpointserverimp.cpp:164 ERROR EndPointServerThreadCounter - PostHandleRequest() failed - <Unknown Exception>.
2023-12-06 19:59:37,501 [0x000029dc] f:\endpointserver\server\endpointserverimp.cpp:164 ERROR EndPointServerThreadCounter - PostHandleRequest() failed - <Unknown Exception>.
2023-12-07 08:52:55,665 [0x000029dc] f:\endpointserver\server\endpointserverimp.cpp:164 ERROR EndPointServerThreadCounter - PostHandleRequest() failed - <Unknown Exception>.
2023-12-12 09:37:27,151 [0x000029e8] f:\endpointserver\server\endpointserverimp.cpp:164 ERROR EndPointServerThreadCounter - PostHandleRequest() failed - <Unknown Exception>.
2023-12-12 23:52:44,843 [0x000029dc] f:\endpointserver\server\endpointserverimp.cpp:164 ERROR EndPointServerThreadCounter - PostHandleRequest() failed - <Unknown Exception>.
2023-12-15 14:53:53,274 [0x000029e8] f:\endpointserver\server\endpointserverimp.cpp:164 ERROR EndPointServerThreadCounter - PostHandleRequest() failed - <Unknown Exception>.
2023-12-20 06:41:27,737 [0x000029e8] f:\endpointserver\server\endpointserverimp.cpp:164 ERROR EndPointServerThreadCounter - PostHandleRequest() failed - <Unknown Exception>.
2023-12-21 19:50:01,359 [0x000029e8] f:\endpointserver\server\endpointserverimp.cpp:164 ERROR EndPointServerThreadCounter - PostHandleRequest() failed - <Unknown Exception>.
2023-12-25 13:59:10,683 [0x000029e0] f:\endpointserver\server\endpointserverimp.cpp:164 ERROR EndPointServerThreadCounter - PostHandleRequest() failed - <Unknown Exception>.
2023-12-26 12:28:05,009 [0x000029e8] f:\endpointserver\server\endpointserverimp.cpp:164 ERROR EndPointServerThreadCounter - PostHandleRequest() failed - <Unknown Exception>.
2023-12-26 17:39:28,259 [0x000029dc] f:\endpointserver\server\endpointserverimp.cpp:164 ERROR EndPointServerThreadCounter - PostHandleRequest() failed - <Unknown Exception>.
2023-12-28 12:02:39,382 [0x000029e8] f:\endpointserver\server\endpointserverimp.cpp:164 ERROR EndPointServerThreadCounter - PostHandleRequest() failed - <Unknown Exception>.
2024-01-05 08:31:59,178 [0x000029e0] f:\endpointserver\server\endpointserverimp.cpp:164 ERROR EndPointServerThreadCounter - PostHandleRequest() failed - <Unknown Exception>.
2024-01-10 08:55:25,685 [0x000029e8] f:\endpointserver\server\endpointserverimp.cpp:164 ERROR EndPointServerThreadCounter - PostHandleRequest() failed - <Unknown Exception>.
2024-01-10 20:05:11,692 [0x000029e0] f:\endpointserver\server\endpointserverimp.cpp:164 ERROR EndPointServerThreadCounter - PostHandleRequest() failed - <Unknown Exception>.
2024-01-11 08:24:18,663 [0x000029e0] f:\endpointserver\server\endpointserverimp.cpp:164 ERROR EndPointServerThreadCounter - PostHandleRequest() failed - <Unknown Exception>.
2024-01-16 17:07:24,004 [0x000029e0] f:\endpointserver\server\endpointserverimp.cpp:164 ERROR EndPointServerThreadCounter - PostHandleRequest() failed - <Unknown Exception>.
2024-01-17 19:48:42,279 [0x000029e8] f:\endpointserver\server\endpointserverimp.cpp:164 ERROR EndPointServerThreadCounter - PostHandleRequest() failed - <Unknown Exception>.
2024-02-02 09:53:37,279 [0x000029e4] f:\endpointserver\server\endpointserverimp.cpp:164 ERROR EndPointServerThreadCounter - PostHandleRequest() failed - <Unknown Exception>.
2024-02-05 14:22:24,337 [0x000029e4] f:\endpointserver\server\endpointserverimp.cpp:164 ERROR EndPointServerThreadCounter - PostHandleRequest() failed - <Unknown Exception>.
2024-02-05 17:10:05,839 [0x000029e4] f:\endpointserver\server\endpointserverimp.cpp:164 ERROR EndPointServerThreadCounter - PostHandleRequest() failed - <Unknown Exception>.
2024-02-05 17:29:17,348 [0x000029e8] f:\endpointserver\server\endpointserverimp.cpp:164 ERROR EndPointServerThreadCounter - PostHandleRequest() failed - <Unknown Exception>.
2024-02-07 12:27:34,658 [0x000029e8] f:\endpointserver\server\endpointserverimp.cpp:164 ERROR EndPointServerThreadCounter - PostHandleRequest() failed - <Unknown Exception>.
2024-02-12 15:21:26,423 [0x000029dc] f:\endpointserver\server\endpointserverimp.cpp:164 ERROR EndPointServerThreadCounter - PostHandleRequest() failed - <Unknown Exception>.
2024-02-13 11:46:59,828 [0x000029e8] f:\endpointserver\server\endpointserverimp.cpp:164 ERROR EndPointServerThreadCounter - PostHandleRequest() failed - <Unknown Exception>.
2024-02-14 11:32:23,093 [0x000029e0] f:\endpointserver\server\endpointserverimp.cpp:164 ERROR EndPointServerThreadCounter - PostHandleRequest() failed - <Unknown Exception>.
2024-02-14 13:18:25,717 [0x000029e0] f:\endpointserver\server\endpointserverimp.cpp:164 ERROR EndPointServerThreadCounter - PostHandleRequest() failed - <Unknown Exception>.
2024-02-14 14:06:59,277 [0x000029e8] f:\endpointserver\server\endpointserverimp.cpp:164 ERROR EndPointServerThreadCounter - PostHandleRequest() failed - <Unknown Exception>.
2024-02-15 14:20:18,675 [0x000029e0] f:\endpointserver\server\endpointserverimp.cpp:164 ERROR EndPointServerThreadCounter - PostHandleRequest() failed - <Unknown Exception>.
2024-02-20 09:52:41,199 [0x000029e0] f:\endpointserver\server\endpointserverimp.cpp:164 ERROR EndPointServerThreadCounter - PostHandleRequest() failed - <Unknown Exception>.
2024-02-20 15:34:52,097 [0x000029e8] f:\endpointserver\server\endpointserverimp.cpp:164 ERROR EndPointServerThreadCounter - PostHandleRequest() failed - <Unknown Exception>.
2024-02-22 17:24:17,609 [0x000029e0] f:\endpointserver\server\endpointserverimp.cpp:164 ERROR EndPointServerThreadCounter - PostHandleRequest() failed - <Unknown Exception>.
2024-02-27 16:45:47,441 [0x000029dc] f:\endpointserver\server\endpointserverimp.cpp:164 ERROR EndPointServerThreadCounter - PostHandleRequest() failed - <Unknown Exception>.
2024-02-27 16:57:11,185 [0x000029dc] f:\endpointserver\server\endpointserverimp.cpp:164 ERROR EndPointServerThreadCounter - PostHandleRequest() failed - <Unknown Exception>.
2024-02-28 16:18:27,437 [0x000029dc] f:\endpointserver\server\endpointserverimp.cpp:164 ERROR EndPointServerThreadCounter - PostHandleRequest() failed - <Unknown Exception>.
2024-02-28 17:03:55,675 [0x000029dc] f:\endpointserver\server\endpointserverimp.cpp:164 ERROR EndPointServerThreadCounter - PostHandleRequest() failed - <Unknown Exception>.
2024-03-04 00:48:45,406 [0x000029e4] f:\endpointserver\server\endpointserverimp.cpp:164 ERROR EndPointServerThreadCounter - PostHandleRequest() failed - <Unknown Exception>.
2024-03-05 14:45:41,033 [0x000029e8] f:\endpointserver\server\endpointserverimp.cpp:164 ERROR EndPointServerThreadCounter - PostHandleRequest() failed - <Unknown Exception>.
2024-03-15 16:18:21,410 [0x000029e4] f:\endpointserver\server\endpointserverimp.cpp:164 ERROR EndPointServerThreadCounter - PostHandleRequest() failed - <Unknown Exception>.
2024-03-22 15:43:15,132 [0x000029e8] f:\endpointserver\server\endpointserverimp.cpp:164 ERROR EndPointServerThreadCounter - PostHandleRequest() failed - <Unknown Exception>.
2024-03-24 15:52:42,643 [0x00001f04] f:\endpointserver\server\endpointserverimp.cpp:1197 INFO ProcessInfo - Endpoint server process is starting
2024-03-24 15:52:43,737 [0x00001f04] f:\pais\util\filesystem\utils.cpp:429 ERROR Exception - apr_socket_connect, error code 730060: A connection attempt failed because the connected party did not properly respond after a period of time, or established connection failed because connected host has failed to respond.  
2024-03-24 15:52:44,752 [0x00001f04] f:\pais\util\filesystem\utils.cpp:429 ERROR Exception - apr_socket_connect, error code 730060: A connection attempt failed because the connected party did not properly respond after a period of time, or established connection failed because connected host has failed to respond.  
2024-03-24 15:52:44,752 [0x00001f04] f:\endpointserver\server\endpointserverimp.cpp:1268 INFO ProcessInfo - Endpoint server process is initialized
2024-03-24 17:22:16,607 [0x00002fb4] f:\pais\util\filesystem\utils.cpp:429 ERROR Exception - Need to reestablish connection with policy engine
2024-03-24 17:22:16,607 [0x00002fb4] f:\endpointserver\core\endpointconfiguration.cpp:1739 ERROR ConfigurationHandler - Failed send object to Resolver. Try to connect to policyEngine exception=<Need to reestablish connection with policy engine>
2024-03-25 08:49:50,269 [0x00002f80] f:\pais\util\filesystem\utils.cpp:429 ERROR Exception - Need to reestablish connection with policy engine
2024-03-28 14:26:51,181 [0x000033fc] f:\endpointserver\server\endpointserverimp.cpp:164 ERROR EndPointServerThreadCounter - PostHandleRequest() failed - <Unknown Exception>.
2024-03-28 14:26:52,775 [0x000033f4] f:\endpointserver\server\endpointserverimp.cpp:164 ERROR EndPointServerThreadCounter - PostHandleRequest() failed - <Unknown Exception>.
2024-03-28 14:27:49,588 [0x00002f10] f:\endpointserver\server\endpointserverimp.cpp:164 ERROR EndPointServerThreadCounter - PostHandleRequest() failed - <Unknown Exception>.
2024-03-28 14:29:01,405 [0x000031a8] f:\endpointserver\server\endpointserverimp.cpp:164 ERROR EndPointServerThreadCounter - PostHandleRequest() failed - <Unknown Exception>.
2024-03-28 15:13:11,245 [0x00002d9c] f:\endpointserver\server\endpointserverimp.cpp:164 ERROR EndPointServerThreadCounter - PostHandleRequest() failed - <Unknown Exception>.
2024-03-29 15:39:13,344 [0x000033b4] f:\endpointserver\server\endpointserverimp.cpp:164 ERROR EndPointServerThreadCounter - PostHandleRequest() failed - <Unknown Exception>.
2024-04-01 09:43:55,879 [0x00002d9c] f:\endpointserver\server\endpointserverimp.cpp:164 ERROR EndPointServerThreadCounter - PostHandleRequest() failed - <Unknown Exception>.
2024-04-02 09:29:53,060 [0x00002d9c] f:\endpointserver\server\endpointserverimp.cpp:164 ERROR EndPointServerThreadCounter - PostHandleRequest() failed - <Unknown Exception>.
2024-04-03 05:03:47,465 [0x00002d9c] f:\endpointserver\server\endpointserverimp.cpp:164 ERROR EndPointServerThreadCounter - PostHandleRequest() failed - <Unknown Exception>.
2024-04-03 08:53:58,307 [0x00003420] f:\endpointserver\server\endpointserverimp.cpp:164 ERROR EndPointServerThreadCounter - PostHandleRequest() failed - <Unknown Exception>.
2024-04-03 08:57:57,576 [0x00003420] f:\endpointserver\server\endpointserverimp.cpp:164 ERROR EndPointServerThreadCounter - PostHandleRequest() failed - <Unknown Exception>.
2024-04-04 14:08:43,935 [0x00003420] f:\endpointserver\server\endpointserverimp.cpp:164 ERROR EndPointServerThreadCounter - PostHandleRequest() failed - <Unknown Exception>.
2024-04-05 12:05:27,999 [0x000033fc] f:\endpointserver\server\endpointserverimp.cpp:164 ERROR EndPointServerThreadCounter - PostHandleRequest() failed - <Unknown Exception>.
2024-04-06 08:59:47,215 [0x00003420] f:\endpointserver\server\endpointserverimp.cpp:164 ERROR EndPointServerThreadCounter - PostHandleRequest() failed - <Unknown Exception>.
2024-04-08 10:32:22,667 [0x000041e0] f:\commprotocol\core\objectcomm.cpp:299 ERROR Communication - AsyncCommClient: CommException with <0> error code thrown from IO thread
2024-04-08 10:32:22,667 [0x00004370] f:\commprotocol\core\objectcomm.cpp:299 ERROR Communication - AsyncCommClient: CommException with <0> error code thrown from IO thread
2024-04-08 10:32:22,667 [0x000041e0] f:\commprotocol\core\objectcomm.cpp:347 FATAL Communication - AsyncCommClient: CommException thrown in IO Thread <Broken Pipe, recieveBuffer has failed, connection was closed by the other side>
2024-04-08 10:32:22,667 [0x00004370] f:\commprotocol\core\objectcomm.cpp:347 FATAL Communication - AsyncCommClient: CommException thrown in IO Thread <Broken Pipe, recieveBuffer has failed, connection was closed by the other side>
2024-04-08 10:38:38,707 [0x00002fdc] f:\pais\util\filesystem\utils.cpp:429 ERROR Exception - Not connected, state 0
2024-04-08 10:38:38,707 [0x00002fdc] f:\endpointserver\core\endpointconfiguration.cpp:1739 ERROR ConfigurationHandler - Failed send object to Resolver. Try to connect to policyEngine exception=<Not connected, state 0>
2024-04-08 10:48:40,653 [0x00001f04] f:\endpointserver\server\endpointserverimp.cpp:171 INFO ProcessInfo - Endpoint server process is stopping
2024-04-08 10:49:11,818 [0x00001f00] f:\endpointserver\server\endpointserverimp.cpp:1197 INFO ProcessInfo - Endpoint server process is starting
2024-04-08 10:49:12,896 [0x00001f00] f:\pais\util\filesystem\utils.cpp:429 ERROR Exception - apr_socket_connect, error code 730060: A connection attempt failed because the connected party did not properly respond after a period of time, or established connection failed because connected host has failed to respond.  
2024-04-08 10:49:13,911 [0x00001f00] f:\pais\util\filesystem\utils.cpp:429 ERROR Exception - apr_socket_connect, error code 730060: A connection attempt failed because the connected party did not properly respond after a period of time, or established connection failed because connected host has failed to respond.  
2024-04-08 10:49:13,911 [0x00001f00] f:\endpointserver\server\endpointserverimp.cpp:1268 INFO ProcessInfo - Endpoint server process is initialized
2024-04-08 10:49:59,964 [0x00002be4] f:\pais\util\filesystem\utils.cpp:429 ERROR Exception - Need to reestablish connection with policy engine
2024-04-08 10:49:59,964 [0x00002be4] f:\endpointserver\core\endpointconfiguration.cpp:1739 ERROR ConfigurationHandler - Failed send object to Resolver. Try to connect to policyEngine exception=<Need to reestablish connection with policy engine>
2024-04-08 10:51:33,910 [0x00001f00] f:\endpointserver\server\endpointserverimp.cpp:171 INFO ProcessInfo - Endpoint server process is stopping
2024-04-08 10:51:58,247 [0x00001c3c] f:\endpointserver\server\endpointserverimp.cpp:1197 INFO ProcessInfo - Endpoint server process is starting
2024-04-08 10:51:59,294 [0x00001c3c] f:\pais\util\filesystem\utils.cpp:429 ERROR Exception - apr_socket_connect, error code 730060: A connection attempt failed because the connected party did not properly respond after a period of time, or established connection failed because connected host has failed to respond.  
2024-04-08 10:51:59,809 [0x00001c3c] f:\endpointserver\server\endpointserverimp.cpp:1268 INFO ProcessInfo - Endpoint server process is initialized
2024-04-08 10:52:24,567 [0x00002bf8] f:\pais\util\filesystem\utils.cpp:429 ERROR Exception - Need to reestablish connection with policy engine
2024-04-08 10:52:24,567 [0x00002bf8] f:\endpointserver\core\endpointconfiguration.cpp:1739 ERROR ConfigurationHandler - Failed send object to Resolver. Try to connect to policyEngine exception=<Need to reestablish connection with policy engine>
2024-04-13 15:48:20,381 [0x00003498] f:\endpointserver\server\endpointserverimp.cpp:164 ERROR EndPointServerThreadCounter - PostHandleRequest() failed - <Unknown Exception>.
2024-04-16 11:03:36,461 [0x000033fc] f:\endpointserver\server\endpointserverimp.cpp:164 ERROR EndPointServerThreadCounter - PostHandleRequest() failed - <Unknown Exception>.
2024-04-17 09:28:28,689 [0x00003498] f:\endpointserver\server\endpointserverimp.cpp:164 ERROR EndPointServerThreadCounter - PostHandleRequest() failed - <Unknown Exception>.
2024-04-17 16:41:50,114 [0x000034c4] f:\endpointserver\server\endpointserverimp.cpp:164 ERROR EndPointServerThreadCounter - PostHandleRequest() failed - <Unknown Exception>.
2024-04-20 16:14:18,172 [0x000033fc] f:\endpointserver\server\endpointserverimp.cpp:164 ERROR EndPointServerThreadCounter - PostHandleRequest() failed - <Unknown Exception>.
2024-04-26 18:15:00,348 [0x00003498] f:\endpointserver\server\endpointserverimp.cpp:164 ERROR EndPointServerThreadCounter - PostHandleRequest() failed - <Unknown Exception>.
2024-04-26 22:38:29,272 [0x00003498] f:\endpointserver\server\endpointserverimp.cpp:164 ERROR EndPointServerThreadCounter - PostHandleRequest() failed - <Unknown Exception>.
2024-04-29 13:50:36,579 [0x00004220] f:\commprotocol\core\objectcomm.cpp:299 ERROR Communication - AsyncCommClient: CommException with <0> error code thrown from IO thread
2024-04-29 13:50:36,579 [0x00002acc] f:\commprotocol\core\objectcomm.cpp:299 ERROR Communication - AsyncCommClient: CommException with <0> error code thrown from IO thread
2024-04-29 13:50:36,579 [0x00004220] f:\commprotocol\core\objectcomm.cpp:347 FATAL Communication - AsyncCommClient: CommException thrown in IO Thread <Broken Pipe, recieveBuffer has failed, connection was closed by the other side>
2024-04-29 13:50:36,579 [0x00002acc] f:\commprotocol\core\objectcomm.cpp:347 FATAL Communication - AsyncCommClient: CommException thrown in IO Thread <Broken Pipe, recieveBuffer has failed, connection was closed by the other side>
2024-04-29 13:59:38,219 [0x00002c40] f:\pais\util\filesystem\utils.cpp:429 ERROR Exception - Not connected, state 0
2024-04-29 13:59:38,219 [0x00002c40] f:\endpointserver\core\endpointconfiguration.cpp:1739 ERROR ConfigurationHandler - Failed send object to Resolver. Try to connect to policyEngine exception=<Not connected, state 0>
2024-04-29 14:38:12,135 [0x000034ec] f:\endpointserver\server\endpointserverimp.cpp:164 ERROR EndPointServerThreadCounter - PostHandleRequest() failed - <Unknown Exception>.
2024-04-29 16:35:55,113 [0x000034c4] f:\endpointserver\server\endpointserverimp.cpp:164 ERROR EndPointServerThreadCounter - PostHandleRequest() failed - <Unknown Exception>.
2024-04-29 16:42:40,535 [0x000034c4] f:\endpointserver\server\endpointserverimp.cpp:164 ERROR EndPointServerThreadCounter - PostHandleRequest() failed - <Unknown Exception>.
2024-04-29 16:59:03,932 [0x000034c4] f:\endpointserver\server\endpointserverimp.cpp:164 ERROR EndPointServerThreadCounter - PostHandleRequest() failed - <Unknown Exception>.
2024-04-30 04:20:48,660 [0x00002e5c] f:\pais\util\filesystem\utils.cpp:429 ERROR Exception - Not connected, state 0
2024-04-30 10:29:52,760 [0x000034ec] f:\endpointserver\server\endpointserverimp.cpp:164 ERROR EndPointServerThreadCounter - PostHandleRequest() failed - <Unknown Exception>.
2024-05-02 20:47:56,589 [0x00003550] f:\endpointserver\server\endpointserverimp.cpp:164 ERROR EndPointServerThreadCounter - PostHandleRequest() failed - <Unknown Exception>.
2024-05-07 12:40:46,417 [0x000033fc] f:\endpointserver\server\endpointserverimp.cpp:164 ERROR EndPointServerThreadCounter - PostHandleRequest() failed - <Unknown Exception>.
2024-05-14 09:39:55,794 [0x00001c3c] f:\endpointserver\server\endpointserverimp.cpp:171 INFO ProcessInfo - Endpoint server process is stopping
2024-05-14 09:40:27,850 [0x00001e90] f:\endpointserver\server\endpointserverimp.cpp:1197 INFO ProcessInfo - Endpoint server process is starting
2024-05-14 09:40:28,897 [0x00001e90] f:\pais\util\filesystem\utils.cpp:429 ERROR Exception - apr_socket_connect, error code 730060: A connection attempt failed because the connected party did not properly respond after a period of time, or established connection failed because connected host has failed to respond.  
2024-05-14 09:40:29,913 [0x00001e90] f:\pais\util\filesystem\utils.cpp:429 ERROR Exception - apr_socket_connect, error code 730060: A connection attempt failed because the connected party did not properly respond after a period of time, or established connection failed because connected host has failed to respond.  
2024-05-14 09:40:29,913 [0x00001e90] f:\endpointserver\server\endpointserverimp.cpp:1268 INFO ProcessInfo - Endpoint server process is initialized
2024-05-14 09:44:29,000 [0x000031cc] f:\pais\util\filesystem\utils.cpp:429 ERROR Exception - Need to reestablish connection with policy engine
2024-05-14 09:44:29,000 [0x000031cc] f:\endpointserver\core\endpointconfiguration.cpp:1739 ERROR ConfigurationHandler - Failed send object to Resolver. Try to connect to policyEngine exception=<Need to reestablish connection with policy engine>
2024-05-14 09:45:08,052 [0x00003680] f:\endpointserver\core\endpointmngmntclient.cpp:215 ERROR ManagementClient - ManagementClient::SendStatus() Failed. Error - Error 404; Fault: detected HTTP Error; Detail: <!doctype html><html lang="en"><head><title>HTTP Status 404 – Not Found</title><style type="text/css">body {font-family:Tahoma,Arial,sans-serif;} h1, h2, h3, b {color:white;background-color:#525D76;} h1 {font-size:22px;} h2 {font-size:16px;} h3 {font-size:14px;} p {font-size:12px;} a {color:black;} .line {height:1px;background-color:#525D76;border:none;}</style></head><body><h1>HTTP Status 404 – Not Found</h1></body></html>; Connection IP <0.0.0.0:8891>
2024-05-14 09:45:59,865 [0x00003674] f:\endpointserver\core\endpointmngmntclient.cpp:215 ERROR ManagementClient - ManagementClient::SendStatus() Failed. Error - Error 404; Fault: detected HTTP Error; Detail: <!doctype html><html lang="en"><head><title>HTTP Status 404 – Not Found</title><style type="text/css">body {font-family:Tahoma,Arial,sans-serif;} h1, h2, h3, b {color:white;background-color:#525D76;} h1 {font-size:22px;} h2 {font-size:16px;} h3 {font-size:14px;} p {font-size:12px;} a {color:black;} .line {height:1px;background-color:#525D76;border:none;}</style></head><body><h1>HTTP Status 404 – Not Found</h1></body></html>; Connection IP <0.0.0.0:8891>
2024-05-14 09:48:29,747 [0x00001e90] f:\endpointserver\server\endpointserverimp.cpp:171 INFO ProcessInfo - Endpoint server process is stopping
2024-05-14 09:48:55,881 [0x000020d8] f:\endpointserver\server\endpointserverimp.cpp:1197 INFO ProcessInfo - Endpoint server process is starting
2024-05-14 09:48:56,959 [0x000020d8] f:\pais\util\filesystem\utils.cpp:429 ERROR Exception - apr_socket_connect, error code 730060: A connection attempt failed because the connected party did not properly respond after a period of time, or established connection failed because connected host has failed to respond.  
2024-05-14 09:48:57,475 [0x000020d8] f:\endpointserver\server\endpointserverimp.cpp:1268 INFO ProcessInfo - Endpoint server process is initialized
2024-05-14 10:05:38,722 [0x000026dc] f:\pais\util\filesystem\utils.cpp:429 ERROR Exception - Need to reestablish connection with policy engine
2024-05-14 10:05:38,722 [0x000026dc] f:\endpointserver\core\endpointconfiguration.cpp:1739 ERROR ConfigurationHandler - Failed send object to Resolver. Try to connect to policyEngine exception=<Need to reestablish connection with policy engine>
2024-05-14 10:06:08,782 [0x00002500] f:\endpointserver\core\endpointmngmntclient.cpp:215 ERROR ManagementClient - ManagementClient::SendStatus() Failed. Error - Error 404; Fault: detected HTTP Error; Detail: <!doctype html><html lang="en"><head><title>HTTP Status 404 – Not Found</title><style type="text/css">body {font-family:Tahoma,Arial,sans-serif;} h1, h2, h3, b {color:white;background-color:#525D76;} h1 {font-size:22px;} h2 {font-size:16px;} h3 {font-size:14px;} p {font-size:12px;} a {color:black;} .line {height:1px;background-color:#525D76;border:none;}</style></head><body><h1>HTTP Status 404 – Not Found</h1></body></html>; Connection IP <0.0.0.0:8891>
2024-05-14 10:15:36,530 [0x000024e8] f:\endpointserver\core\endpointmngmntclient.cpp:215 ERROR ManagementClient - ManagementClient::SendStatus() Failed. Error - Error 404; Fault: detected HTTP Error; Detail: <!doctype html><html lang="en"><head><title>HTTP Status 404 – Not Found</title><style type="text/css">body {font-family:Tahoma,Arial,sans-serif;} h1, h2, h3, b {color:white;background-color:#525D76;} h1 {font-size:22px;} h2 {font-size:16px;} h3 {font-size:14px;} p {font-size:12px;} a {color:black;} .line {height:1px;background-color:#525D76;border:none;}</style></head><body><h1>HTTP Status 404 – Not Found</h1></body></html>; Connection IP <0.0.0.0:8891>
2024-05-14 10:40:39,239 [0x00002500] f:\endpointserver\core\endpointmngmntclient.cpp:215 ERROR ManagementClient - ManagementClient::SendStatus() Failed. Error - Error 404; Fault: detected HTTP Error; Detail: <!doctype html><html lang="en"><head><title>HTTP Status 404 – Not Found</title><style type="text/css">body {font-family:Tahoma,Arial,sans-serif;} h1, h2, h3, b {color:white;background-color:#525D76;} h1 {font-size:22px;} h2 {font-size:16px;} h3 {font-size:14px;} p {font-size:12px;} a {color:black;} .line {height:1px;background-color:#525D76;border:none;}</style></head><body><h1>HTTP Status 404 – Not Found</h1></body></html>; Connection IP <0.0.0.0:8891>
2024-05-14 10:42:35,068 [0x000020d8] f:\endpointserver\server\endpointserverimp.cpp:171 INFO ProcessInfo - Endpoint server process is stopping
2024-05-14 10:42:45,162 [0x000024e8] f:\endpointserver\core\endpointmngmntclient.cpp:215 ERROR ManagementClient - ManagementClient::SendStatus() Failed. Error - SOAP 1.1; Error 500; Fault: SOAP-ENV:Client Error 28; Fault: detected Timeout; Detail: connect failed in tcp_connect(); Connection IP <0.0.0.0:17443>; Connection IP <0.0.0.0:8891>
2024-05-14 10:42:47,849 [0x00001d00] f:\endpointserver\server\endpointserverimp.cpp:1197 INFO ProcessInfo - Endpoint server process is starting
2024-05-14 10:42:47,896 [0x00001d00] f:\endpointserver\server\endpointserverimp.cpp:1268 INFO ProcessInfo - Endpoint server process is initialized
2024-05-14 10:48:15,276 [0x00004210] f:\endpointserver\core\endpointmngmntclient.cpp:215 ERROR ManagementClient - ManagementClient::SendStatus() Failed. Error - SOAP 1.1; Error 500; Fault: SOAP-ENV:Client Error 28; Fault: detected Timeout; Detail: SSL_connect() failed in tcp_connect(); Connection IP <0.0.0.0:17443>; Connection IP <0.0.0.0:8891>
2024-05-14 10:49:23,974 [0x00000f94] f:\endpointserver\core\endpointmngmntclient.cpp:215 ERROR ManagementClient - ManagementClient::SendStatus() Failed. Error - SOAP 1.1; Error 500; Fault: SOAP-ENV:Client Error 28; Fault: detected Timeout; Detail: connect failed in tcp_connect(); Connection IP <0.0.0.0:17443>; Connection IP <0.0.0.0:8891>
2024-05-14 10:49:31,786 [0x00001c3c] f:\commprotocol\core\objectcomm.cpp:299 ERROR Communication - AsyncCommClient: CommException with <0> error code thrown from IO thread
2024-05-14 10:49:31,786 [0x00004568] f:\commprotocol\core\objectcomm.cpp:299 ERROR Communication - AsyncCommClient: CommException with <0> error code thrown from IO thread
2024-05-14 10:49:31,786 [0x00001c3c] f:\commprotocol\core\objectcomm.cpp:347 FATAL Communication - AsyncCommClient: CommException thrown in IO Thread <Broken Pipe, recieveBuffer has failed, connection was closed by the other side>
2024-05-14 10:49:31,786 [0x00004568] f:\commprotocol\core\objectcomm.cpp:347 FATAL Communication - AsyncCommClient: CommException thrown in IO Thread <Broken Pipe, recieveBuffer has failed, connection was closed by the other side>
2024-05-14 10:50:35,489 [0x00004210] f:\endpointserver\core\endpointmngmntclient.cpp:215 ERROR ManagementClient - ManagementClient::SendStatus() Failed. Error - SOAP 1.1; Error -1; Fault: SOAP-ENV:Client End of file or no input: An existing connection was forcibly closed by the remote host.
; Connection IP <0.0.0.0:8891>
2024-05-14 10:50:37,880 [0x00001d00] f:\endpointserver\server\endpointserverimp.cpp:171 INFO ProcessInfo - Endpoint server process is stopping
2024-05-14 10:50:40,630 [0x00002084] f:\endpointserver\server\endpointserverimp.cpp:1197 INFO ProcessInfo - Endpoint server process is starting
2024-05-14 10:50:40,677 [0x00002084] f:\endpointserver\server\endpointserverimp.cpp:1268 INFO ProcessInfo - Endpoint server process is initialized
2024-05-14 11:07:51,946 [0x000022f8] f:\endpointserver\core\endpointmngmntclient.cpp:215 ERROR ManagementClient - ManagementClient::SendStatus() Failed. Error - SOAP 1.1; Error 500; Fault: SOAP-ENV:Client Error 28; Fault: detected Timeout; Detail: connect failed in tcp_connect(); Connection IP <0.0.0.0:17443>; Connection IP <0.0.0.0:8891>
2024-05-14 11:15:23,880 [0x00002148] f:\endpointserver\core\endpointmngmntclient.cpp:215 ERROR ManagementClient - ManagementClient::SendStatus() Failed. Error - Error 404; Fault: detected HTTP Error; Detail: <!doctype html><html lang="en"><head><title>HTTP Status 404 – Not Found</title><style type="text/css">body {font-family:Tahoma,Arial,sans-serif;} h1, h2, h3, b {color:white;background-color:#525D76;} h1 {font-size:22px;} h2 {font-size:16px;} h3 {font-size:14px;} p {font-size:12px;} a {color:black;} .line {height:1px;background-color:#525D76;border:none;}</style></head><body><h1>HTTP Status 404 – Not Found</h1></body></html>; Connection IP <0.0.0.0:8891>
2024-05-14 11:16:11,251 [0x00002084] f:\endpointserver\server\endpointserverimp.cpp:171 INFO ProcessInfo - Endpoint server process is stopping
2024-05-14 11:16:36,868 [0x000023d0] f:\endpointserver\server\endpointserverimp.cpp:1197 INFO ProcessInfo - Endpoint server process is starting
2024-05-14 11:16:37,930 [0x000023d0] f:\pais\util\filesystem\utils.cpp:429 ERROR Exception - apr_socket_connect, error code 730060: A connection attempt failed because the connected party did not properly respond after a period of time, or established connection failed because connected host has failed to respond.  
2024-05-14 11:16:38,446 [0x000023d0] f:\endpointserver\server\endpointserverimp.cpp:1268 INFO ProcessInfo - Endpoint server process is initialized
2024-05-14 11:16:50,883 [0x00002a68] f:\pais\util\filesystem\utils.cpp:429 ERROR Exception - Need to reestablish connection with policy engine
2024-05-14 11:16:50,883 [0x00002a68] f:\endpointserver\core\endpointconfiguration.cpp:1739 ERROR ConfigurationHandler - Failed send object to Resolver. Try to connect to policyEngine exception=<Need to reestablish connection with policy engine>
2024-05-14 11:20:44,983 [0x00002500] f:\endpointserver\core\endpointmngmntclient.cpp:215 ERROR ManagementClient - ManagementClient::SendStatus() Failed. Error - Error 404; Fault: detected HTTP Error; Detail: <!doctype html><html lang="en"><head><title>HTTP Status 404 – Not Found</title><style type="text/css">body {font-family:Tahoma,Arial,sans-serif;} h1, h2, h3, b {color:white;background-color:#525D76;} h1 {font-size:22px;} h2 {font-size:16px;} h3 {font-size:14px;} p {font-size:12px;} a {color:black;} .line {height:1px;background-color:#525D76;border:none;}</style></head><body><h1>HTTP Status 404 – Not Found</h1></body></html>; Connection IP <0.0.0.0:8891>
2024-05-14 11:27:57,191 [0x000024e8] f:\endpointserver\core\endpointmngmntclient.cpp:215 ERROR ManagementClient - ManagementClient::SendStatus() Failed. Error - Error 404; Fault: detected HTTP Error; Detail: <!doctype html><html lang="en"><head><title>HTTP Status 404 – Not Found</title><style type="text/css">body {font-family:Tahoma,Arial,sans-serif;} h1, h2, h3, b {color:white;background-color:#525D76;} h1 {font-size:22px;} h2 {font-size:16px;} h3 {font-size:14px;} p {font-size:12px;} a {color:black;} .line {height:1px;background-color:#525D76;border:none;}</style></head><body><h1>HTTP Status 404 – Not Found</h1></body></html>; Connection IP <0.0.0.0:8891>
2024-05-14 11:31:06,582 [0x00002500] f:\endpointserver\core\endpointmngmntclient.cpp:215 ERROR ManagementClient - ManagementClient::SendStatus() Failed. Error - Error 404; Fault: detected HTTP Error; Detail: <!doctype html><html lang="en"><head><title>HTTP Status 404 – Not Found</title><style type="text/css">body {font-family:Tahoma,Arial,sans-serif;} h1, h2, h3, b {color:white;background-color:#525D76;} h1 {font-size:22px;} h2 {font-size:16px;} h3 {font-size:14px;} p {font-size:12px;} a {color:black;} .line {height:1px;background-color:#525D76;border:none;}</style></head><body><h1>HTTP Status 404 – Not Found</h1></body></html>; Connection IP <0.0.0.0:8891>
2024-05-14 11:35:59,698 [0x000024e8] f:\endpointserver\core\endpointmngmntclient.cpp:215 ERROR ManagementClient - ManagementClient::SendStatus() Failed. Error - Error 404; Fault: detected HTTP Error; Detail: <!doctype html><html lang="en"><head><title>HTTP Status 404 – Not Found</title><style type="text/css">body {font-family:Tahoma,Arial,sans-serif;} h1, h2, h3, b {color:white;background-color:#525D76;} h1 {font-size:22px;} h2 {font-size:16px;} h3 {font-size:14px;} p {font-size:12px;} a {color:black;} .line {height:1px;background-color:#525D76;border:none;}</style></head><body><h1>HTTP Status 404 – Not Found</h1></body></html>; Connection IP <0.0.0.0:8891>
2024-05-14 11:44:23,667 [0x00002500] f:\endpointserver\core\endpointmngmntclient.cpp:215 ERROR ManagementClient - ManagementClient::SendStatus() Failed. Error - SOAP 1.1; Error 500; Fault: SOAP-ENV:Client Error 28; Fault: detected Timeout; Detail: SSL_connect() failed in tcp_connect(); Connection IP <0.0.0.0:17443>; Connection IP <0.0.0.0:8891>
2024-05-14 11:44:51,308 [0x000024e8] f:\endpointserver\core\endpointmngmntclient.cpp:215 ERROR ManagementClient - ManagementClient::SendStatus() Failed. Error - SOAP 1.1; Error 500; Fault: SOAP-ENV:Client Error 28; Fault: detected Timeout; Detail: SSL_connect() failed in tcp_connect(); Connection IP <0.0.0.0:17443>; Connection IP <0.0.0.0:8891>
2024-05-14 11:54:38,950 [0x00002500] f:\endpointserver\core\endpointmngmntclient.cpp:215 ERROR ManagementClient - ManagementClient::SendStatus() Failed. Error - Error 404; Fault: detected HTTP Error; Detail: <!doctype html><html lang="en"><head><title>HTTP Status 404 – Not Found</title><style type="text/css">body {font-family:Tahoma,Arial,sans-serif;} h1, h2, h3, b {color:white;background-color:#525D76;} h1 {font-size:22px;} h2 {font-size:16px;} h3 {font-size:14px;} p {font-size:12px;} a {color:black;} .line {height:1px;background-color:#525D76;border:none;}</style></head><body><h1>HTTP Status 404 – Not Found</h1></body></html>; Connection IP <0.0.0.0:8891>
2024-05-14 12:14:08,745 [0x000024e8] f:\endpointserver\core\endpointmngmntclient.cpp:215 ERROR ManagementClient - ManagementClient::SendStatus() Failed. Error - Error 404; Fault: detected HTTP Error; Detail: <!doctype html><html lang="en"><head><title>HTTP Status 404 – Not Found</title><style type="text/css">body {font-family:Tahoma,Arial,sans-serif;} h1, h2, h3, b {color:white;background-color:#525D76;} h1 {font-size:22px;} h2 {font-size:16px;} h3 {font-size:14px;} p {font-size:12px;} a {color:black;} .line {height:1px;background-color:#525D76;border:none;}</style></head><body><h1>HTTP Status 404 – Not Found</h1></body></html>; Connection IP <0.0.0.0:8891>
2024-05-14 13:03:49,190 [0x00002500] f:\endpointserver\core\endpointmngmntclient.cpp:215 ERROR ManagementClient - ManagementClient::SendStatus() Failed. Error - Error 404; Fault: detected HTTP Error; Detail: <!doctype html><html lang="en"><head><title>HTTP Status 404 – Not Found</title><style type="text/css">body {font-family:Tahoma,Arial,sans-serif;} h1, h2, h3, b {color:white;background-color:#525D76;} h1 {font-size:22px;} h2 {font-size:16px;} h3 {font-size:14px;} p {font-size:12px;} a {color:black;} .line {height:1px;background-color:#525D76;border:none;}</style></head><body><h1>HTTP Status 404 – Not Found</h1></body></html>; Connection IP <0.0.0.0:8891>
2024-05-14 13:04:56,222 [0x000024e8] f:\endpointserver\core\endpointmngmntclient.cpp:215 ERROR ManagementClient - ManagementClient::SendStatus() Failed. Error - Error 404; Fault: detected HTTP Error; Detail: <!doctype html><html lang="en"><head><title>HTTP Status 404 – Not Found</title><style type="text/css">body {font-family:Tahoma,Arial,sans-serif;} h1, h2, h3, b {color:white;background-color:#525D76;} h1 {font-size:22px;} h2 {font-size:16px;} h3 {font-size:14px;} p {font-size:12px;} a {color:black;} .line {height:1px;background-color:#525D76;border:none;}</style></head><body><h1>HTTP Status 404 – Not Found</h1></body></html>; Connection IP <0.0.0.0:8891>
2024-05-14 13:13:56,755 [0x00002500] f:\endpointserver\core\endpointmngmntclient.cpp:215 ERROR ManagementClient - ManagementClient::SendStatus() Failed. Error - Error 404; Fault: detected HTTP Error; Detail: <!doctype html><html lang="en"><head><title>HTTP Status 404 – Not Found</title><style type="text/css">body {font-family:Tahoma,Arial,sans-serif;} h1, h2, h3, b {color:white;background-color:#525D76;} h1 {font-size:22px;} h2 {font-size:16px;} h3 {font-size:14px;} p {font-size:12px;} a {color:black;} .line {height:1px;background-color:#525D76;border:none;}</style></head><body><h1>HTTP Status 404 – Not Found</h1></body></html>; Connection IP <0.0.0.0:8891>
2024-05-14 13:17:17,867 [0x000024e8] f:\endpointserver\core\endpointmngmntclient.cpp:215 ERROR ManagementClient - ManagementClient::SendStatus() Failed. Error - Error 404; Fault: detected HTTP Error; Detail: <!doctype html><html lang="en"><head><title>HTTP Status 404 – Not Found</title><style type="text/css">body {font-family:Tahoma,Arial,sans-serif;} h1, h2, h3, b {color:white;background-color:#525D76;} h1 {font-size:22px;} h2 {font-size:16px;} h3 {font-size:14px;} p {font-size:12px;} a {color:black;} .line {height:1px;background-color:#525D76;border:none;}</style></head><body><h1>HTTP Status 404 – Not Found</h1></body></html>; Connection IP <0.0.0.0:8891>
2024-05-14 13:18:27,827 [0x00002500] f:\endpointserver\core\endpointmngmntclient.cpp:215 ERROR ManagementClient - ManagementClient::SendStatus() Failed. Error - Error 404; Fault: detected HTTP Error; Detail: <!doctype html><html lang="en"><head><title>HTTP Status 404 – Not Found</title><style type="text/css">body {font-family:Tahoma,Arial,sans-serif;} h1, h2, h3, b {color:white;background-color:#525D76;} h1 {font-size:22px;} h2 {font-size:16px;} h3 {font-size:14px;} p {font-size:12px;} a {color:black;} .line {height:1px;background-color:#525D76;border:none;}</style></head><body><h1>HTTP Status 404 – Not Found</h1></body></html>; Connection IP <0.0.0.0:8891>
2024-05-21 09:24:40,021 [0x00002d4c] f:\endpointserver\server\endpointserverimp.cpp:164 ERROR EndPointServerThreadCounter - PostHandleRequest() failed - <Unknown Exception>.
2024-06-04 16:23:05,133 [0x00002e50] f:\endpointserver\server\endpointserverimp.cpp:164 ERROR EndPointServerThreadCounter - PostHandleRequest() failed - <Unknown Exception>.
2024-06-06 09:27:57,690 [0x00002d4c] f:\endpointserver\server\endpointserverimp.cpp:164 ERROR EndPointServerThreadCounter - PostHandleRequest() failed - <Unknown Exception>.
2024-06-10 14:54:59,908 [0x00002e48] f:\endpointserver\server\endpointserverimp.cpp:164 ERROR EndPointServerThreadCounter - PostHandleRequest() failed - <Unknown Exception>.
2024-06-11 15:42:34,107 [0x00002e48] f:\endpointserver\server\endpointserverimp.cpp:164 ERROR EndPointServerThreadCounter - PostHandleRequest() failed - <Unknown Exception>.
2024-06-19 01:57:39,285 [0x00002d4c] f:\endpointserver\server\endpointserverimp.cpp:164 ERROR EndPointServerThreadCounter - PostHandleRequest() failed - <Unknown Exception>.
2024-06-19 09:15:12,155 [0x00002d4c] f:\endpointserver\server\endpointserverimp.cpp:164 ERROR EndPointServerThreadCounter - PostHandleRequest() failed - <Unknown Exception>.
2024-06-19 15:04:08,831 [0x00002d4c] f:\endpointserver\server\endpointserverimp.cpp:164 ERROR EndPointServerThreadCounter - PostHandleRequest() failed - <Unknown Exception>.
2024-06-19 15:08:38,063 [0x00002e50] f:\endpointserver\server\endpointserverimp.cpp:164 ERROR EndPointServerThreadCounter - PostHandleRequest() failed - <Unknown Exception>.
2024-06-19 15:09:15,119 [0x00002d8c] f:\endpointserver\server\endpointserverimp.cpp:164 ERROR EndPointServerThreadCounter - PostHandleRequest() failed - <Unknown Exception>.
2024-06-19 15:09:59,579 [0x00002e50] f:\endpointserver\server\endpointserverimp.cpp:164 ERROR EndPointServerThreadCounter - PostHandleRequest() failed - <Unknown Exception>.
2024-06-20 12:36:56,839 [0x00002e48] f:\endpointserver\server\endpointserverimp.cpp:164 ERROR EndPointServerThreadCounter - PostHandleRequest() failed - <Unknown Exception>.
2024-06-21 17:19:21,589 [0x00002e50] f:\endpointserver\server\endpointserverimp.cpp:164 ERROR EndPointServerThreadCounter - PostHandleRequest() failed - <Unknown Exception>.
2024-06-24 18:06:03,258 [0x00002e50] f:\endpointserver\server\endpointserverimp.cpp:164 ERROR EndPointServerThreadCounter - PostHandleRequest() failed - <Unknown Exception>.
2024-07-05 17:19:19,304 [0x00002e48] f:\endpointserver\server\endpointserverimp.cpp:164 ERROR EndPointServerThreadCounter - PostHandleRequest() failed - <Unknown Exception>.
2024-07-09 13:37:30,976 [0x00002e48] f:\endpointserver\server\endpointserverimp.cpp:164 ERROR EndPointServerThreadCounter - PostHandleRequest() failed - <Unknown Exception>.
2024-07-14 20:57:19,855 [0x00002e48] f:\endpointserver\server\endpointserverimp.cpp:164 ERROR EndPointServerThreadCounter - PostHandleRequest() failed - <Unknown Exception>.
2024-07-18 11:48:28,575 [0x00002d4c] f:\endpointserver\server\endpointserverimp.cpp:164 ERROR EndPointServerThreadCounter - PostHandleRequest() failed - <Unknown Exception>.
2024-07-18 18:21:51,769 [0x00002e48] f:\endpointserver\server\endpointserverimp.cpp:164 ERROR EndPointServerThreadCounter - PostHandleRequest() failed - <Unknown Exception>.
2024-07-19 12:22:52,128 [0x00002d8c] f:\endpointserver\server\endpointserverimp.cpp:164 ERROR EndPointServerThreadCounter - PostHandleRequest() failed - <Unknown Exception>.
2024-07-22 16:30:45,387 [0x00002d8c] f:\endpointserver\server\endpointserverimp.cpp:164 ERROR EndPointServerThreadCounter - PostHandleRequest() failed - <Unknown Exception>.
2024-07-25 13:17:50,935 [0x00002d4c] f:\endpointserver\server\endpointserverimp.cpp:164 ERROR EndPointServerThreadCounter - PostHandleRequest() failed - <Unknown Exception>.
2024-07-30 10:11:39,190 [0x00002e48] f:\endpointserver\server\endpointserverimp.cpp:164 ERROR EndPointServerThreadCounter - PostHandleRequest() failed - <Unknown Exception>.
2024-07-30 15:05:59,116 [0x00002d4c] f:\endpointserver\server\endpointserverimp.cpp:164 ERROR EndPointServerThreadCounter - PostHandleRequest() failed - <Unknown Exception>.
2024-08-02 13:59:05,791 [0x00002e48] f:\endpointserver\server\endpointserverimp.cpp:164 ERROR EndPointServerThreadCounter - PostHandleRequest() failed - <Unknown Exception>.
2024-08-02 14:10:39,842 [0x00002e48] f:\endpointserver\server\endpointserverimp.cpp:164 ERROR EndPointServerThreadCounter - PostHandleRequest() failed - <Unknown Exception>.
2024-08-12 12:36:45,930 [0x00002d4c] f:\endpointserver\server\endpointserverimp.cpp:164 ERROR EndPointServerThreadCounter - PostHandleRequest() failed - <Unknown Exception>.
2024-08-18 00:09:07,843 [0x000023d0] f:\endpointserver\server\endpointserverimp.cpp:171 INFO ProcessInfo - Endpoint server process is stopping
2024-08-18 00:25:59,634 [0x00001f18] f:\endpointserver\server\endpointserverimp.cpp:1197 INFO ProcessInfo - Endpoint server process is starting
2024-08-18 00:26:00,743 [0x00001f18] f:\pais\util\filesystem\utils.cpp:429 ERROR Exception - apr_socket_connect, error code 730060: A connection attempt failed because the connected party did not properly respond after a period of time, or established connection failed because connected host has failed to respond.  
2024-08-18 00:26:01,743 [0x00001f18] f:\pais\util\filesystem\utils.cpp:429 ERROR Exception - apr_socket_connect, error code 730060: A connection attempt failed because the connected party did not properly respond after a period of time, or established connection failed because connected host has failed to respond.  
2024-08-18 00:26:01,743 [0x00001f18] f:\endpointserver\server\endpointserverimp.cpp:1268 INFO ProcessInfo - Endpoint server process is initialized
2024-08-18 00:32:55,655 [0x00001f08] f:\pais\util\filesystem\utils.cpp:429 ERROR Exception - Need to reestablish connection with policy engine
2024-08-18 00:32:55,655 [0x00001f08] f:\endpointserver\core\endpointconfiguration.cpp:1739 ERROR ConfigurationHandler - Failed send object to Resolver. Try to connect to policyEngine exception=<Need to reestablish connection with policy engine>
2024-08-22 10:07:31,463 [0x00002d2c] f:\endpointserver\server\endpointserverimp.cpp:164 ERROR EndPointServerThreadCounter - PostHandleRequest() failed - <Unknown Exception>.
2024-08-29 11:02:24,326 [0x00002a20] f:\endpointserver\server\endpointserverimp.cpp:164 ERROR EndPointServerThreadCounter - PostHandleRequest() failed - <Unknown Exception>.
2024-08-29 15:39:38,382 [0x00002af4] f:\pais\util\filesystem\utils.cpp:429 ERROR Exception - Need to reestablish connection with policy engine
2024-08-30 10:30:40,261 [0x00002d34] f:\endpointserver\server\endpointserverimp.cpp:164 ERROR EndPointServerThreadCounter - PostHandleRequest() failed - <Unknown Exception>.
2024-08-31 03:45:31,343 [0x00002d2c] f:\endpointserver\server\endpointserverimp.cpp:164 ERROR EndPointServerThreadCounter - PostHandleRequest() failed - <Unknown Exception>.
2024-09-02 15:15:05,902 [0x00002d34] f:\endpointserver\server\endpointserverimp.cpp:164 ERROR EndPointServerThreadCounter - PostHandleRequest() failed - <Unknown Exception>.
2024-09-02 15:15:20,380 [0x00002d2c] f:\endpointserver\server\endpointserverimp.cpp:164 ERROR EndPointServerThreadCounter - PostHandleRequest() failed - <Unknown Exception>.
2024-09-02 15:39:25,426 [0x00002d2c] f:\endpointserver\server\endpointserverimp.cpp:164 ERROR EndPointServerThreadCounter - PostHandleRequest() failed - <Unknown Exception>.
2024-09-02 16:39:25,475 [0x00002d2c] f:\endpointserver\server\endpointserverimp.cpp:164 ERROR EndPointServerThreadCounter - PostHandleRequest() failed - <Unknown Exception>.
2024-09-02 18:09:25,546 [0x00002d34] f:\endpointserver\server\endpointserverimp.cpp:164 ERROR EndPointServerThreadCounter - PostHandleRequest() failed - <Unknown Exception>.
2024-09-02 19:09:25,595 [0x00002d34] f:\endpointserver\server\endpointserverimp.cpp:164 ERROR EndPointServerThreadCounter - PostHandleRequest() failed - <Unknown Exception>.
2024-09-02 19:39:25,627 [0x00002d34] f:\endpointserver\server\endpointserverimp.cpp:164 ERROR EndPointServerThreadCounter - PostHandleRequest() failed - <Unknown Exception>.
2024-09-02 21:39:25,754 [0x00002d34] f:\endpointserver\server\endpointserverimp.cpp:164 ERROR EndPointServerThreadCounter - PostHandleRequest() failed - <Unknown Exception>.
2024-09-02 23:39:25,832 [0x00002d2c] f:\endpointserver\server\endpointserverimp.cpp:164 ERROR EndPointServerThreadCounter - PostHandleRequest() failed - <Unknown Exception>.
2024-09-03 07:09:26,202 [0x00002d2c] f:\endpointserver\server\endpointserverimp.cpp:164 ERROR EndPointServerThreadCounter - PostHandleRequest() failed - <Unknown Exception>.
2024-09-03 10:09:26,348 [0x00002d2c] f:\endpointserver\server\endpointserverimp.cpp:164 ERROR EndPointServerThreadCounter - PostHandleRequest() failed - <Unknown Exception>.
2024-09-03 10:39:26,396 [0x00002d34] f:\endpointserver\server\endpointserverimp.cpp:164 ERROR EndPointServerThreadCounter - PostHandleRequest() failed - <Unknown Exception>.
2024-09-03 11:30:05,961 [0x00002d2c] f:\endpointserver\server\endpointserverimp.cpp:164 ERROR EndPointServerThreadCounter - PostHandleRequest() failed - <Unknown Exception>.
2024-09-03 13:00:06,053 [0x00002d34] f:\endpointserver\server\endpointserverimp.cpp:164 ERROR EndPointServerThreadCounter - PostHandleRequest() failed - <Unknown Exception>.
2024-09-03 13:39:26,445 [0x00002d34] f:\endpointserver\server\endpointserverimp.cpp:164 ERROR EndPointServerThreadCounter - PostHandleRequest() failed - <Unknown Exception>.
2024-09-03 14:21:47,623 [0x00002d2c] f:\endpointserver\server\endpointserverimp.cpp:164 ERROR EndPointServerThreadCounter - PostHandleRequest() failed - <Unknown Exception>.
2024-09-03 14:39:26,593 [0x00002d2c] f:\endpointserver\server\endpointserverimp.cpp:164 ERROR EndPointServerThreadCounter - PostHandleRequest() failed - <Unknown Exception>.
2024-09-03 15:39:26,548 [0x00002d34] f:\endpointserver\server\endpointserverimp.cpp:164 ERROR EndPointServerThreadCounter - PostHandleRequest() failed - <Unknown Exception>.
2024-09-03 17:39:26,636 [0x00002d34] f:\endpointserver\server\endpointserverimp.cpp:164 ERROR EndPointServerThreadCounter - PostHandleRequest() failed - <Unknown Exception>.
2024-09-04 13:33:08,328 [0x00002d2c] f:\endpointserver\server\endpointserverimp.cpp:164 ERROR EndPointServerThreadCounter - PostHandleRequest() failed - <Unknown Exception>.
2024-09-04 14:03:12,750 [0x00002d34] f:\endpointserver\server\endpointserverimp.cpp:164 ERROR EndPointServerThreadCounter - PostHandleRequest() failed - <Unknown Exception>.
2024-09-04 14:03:54,642 [0x00002d2c] f:\endpointserver\server\endpointserverimp.cpp:164 ERROR EndPointServerThreadCounter - PostHandleRequest() failed - <Unknown Exception>.
2024-09-04 14:33:08,826 [0x00002d2c] f:\endpointserver\server\endpointserverimp.cpp:164 ERROR EndPointServerThreadCounter - PostHandleRequest() failed - <Unknown Exception>.
2024-09-04 15:33:08,119 [0x00002d2c] f:\endpointserver\server\endpointserverimp.cpp:164 ERROR EndPointServerThreadCounter - PostHandleRequest() failed - <Unknown Exception>.
2024-09-04 16:32:55,800 [0x00002d34] f:\endpointserver\server\endpointserverimp.cpp:164 ERROR EndPointServerThreadCounter - PostHandleRequest() failed - <Unknown Exception>.
2024-09-04 16:33:12,641 [0x00002d2c] f:\endpointserver\server\endpointserverimp.cpp:164 ERROR EndPointServerThreadCounter - PostHandleRequest() failed - <Unknown Exception>.
2024-09-04 16:33:32,697 [0x00002a20] f:\endpointserver\server\endpointserverimp.cpp:164 ERROR EndPointServerThreadCounter - PostHandleRequest() failed - <Unknown Exception>.
2024-09-04 17:03:13,966 [0x00002a20] f:\endpointserver\server\endpointserverimp.cpp:164 ERROR EndPointServerThreadCounter - PostHandleRequest() failed - <Unknown Exception>.
2024-09-04 17:32:55,218 [0x00002a20] f:\endpointserver\server\endpointserverimp.cpp:164 ERROR EndPointServerThreadCounter - PostHandleRequest() failed - <Unknown Exception>.
2024-09-05 09:14:25,398 [0x00002a20] f:\endpointserver\server\endpointserverimp.cpp:164 ERROR EndPointServerThreadCounter - PostHandleRequest() failed - <Unknown Exception>.
2024-09-05 10:26:53,630 [0x00002d2c] f:\endpointserver\server\endpointserverimp.cpp:164 ERROR EndPointServerThreadCounter - PostHandleRequest() failed - <Unknown Exception>.
2024-09-05 15:41:49,568 [0x00002a20] f:\endpointserver\server\endpointserverimp.cpp:164 ERROR EndPointServerThreadCounter - PostHandleRequest() failed - <Unknown Exception>.
2024-09-05 16:11:49,638 [0x00002a20] f:\endpointserver\server\endpointserverimp.cpp:164 ERROR EndPointServerThreadCounter - PostHandleRequest() failed - <Unknown Exception>.
2024-09-05 18:04:53,109 [0x00002d34] f:\endpointserver\server\endpointserverimp.cpp:164 ERROR EndPointServerThreadCounter - PostHandleRequest() failed - <Unknown Exception>.
2024-09-05 18:11:49,576 [0x00002d34] f:\endpointserver\server\endpointserverimp.cpp:164 ERROR EndPointServerThreadCounter - PostHandleRequest() failed - <Unknown Exception>.
2024-09-05 20:11:49,708 [0x00002d34] f:\endpointserver\server\endpointserverimp.cpp:164 ERROR EndPointServerThreadCounter - PostHandleRequest() failed - <Unknown Exception>.
2024-09-05 20:41:49,668 [0x00002d34] f:\endpointserver\server\endpointserverimp.cpp:164 ERROR EndPointServerThreadCounter - PostHandleRequest() failed - <Unknown Exception>.
2024-09-05 21:41:49,755 [0x00002d34] f:\endpointserver\server\endpointserverimp.cpp:164 ERROR EndPointServerThreadCounter - PostHandleRequest() failed - <Unknown Exception>.
2024-09-05 22:11:49,730 [0x00002d34] f:\endpointserver\server\endpointserverimp.cpp:164 ERROR EndPointServerThreadCounter - PostHandleRequest() failed - <Unknown Exception>.
2024-09-05 23:11:49,769 [0x00002d2c] f:\endpointserver\server\endpointserverimp.cpp:164 ERROR EndPointServerThreadCounter - PostHandleRequest() failed - <Unknown Exception>.
2024-09-06 01:23:36,206 [0x00002d2c] f:\endpointserver\server\endpointserverimp.cpp:164 ERROR EndPointServerThreadCounter - PostHandleRequest() failed - <Unknown Exception>.
2024-09-06 04:11:49,947 [0x00002d2c] f:\endpointserver\server\endpointserverimp.cpp:164 ERROR EndPointServerThreadCounter - PostHandleRequest() failed - <Unknown Exception>.
2024-09-06 06:46:36,972 [0x00002d2c] f:\endpointserver\server\endpointserverimp.cpp:164 ERROR EndPointServerThreadCounter - PostHandleRequest() failed - <Unknown Exception>.
2024-09-06 08:41:50,182 [0x00002d2c] f:\endpointserver\server\endpointserverimp.cpp:164 ERROR EndPointServerThreadCounter - PostHandleRequest() failed - <Unknown Exception>.
2024-09-06 09:41:50,178 [0x00002d2c] f:\endpointserver\server\endpointserverimp.cpp:164 ERROR EndPointServerThreadCounter - PostHandleRequest() failed - <Unknown Exception>.
2024-09-06 11:11:50,397 [0x00002d2c] f:\endpointserver\server\endpointserverimp.cpp:164 ERROR EndPointServerThreadCounter - PostHandleRequest() failed - <Unknown Exception>.
2024-09-06 12:11:50,315 [0x00002d34] f:\endpointserver\server\endpointserverimp.cpp:164 ERROR EndPointServerThreadCounter - PostHandleRequest() failed - <Unknown Exception>.
2024-09-06 12:41:50,338 [0x00002d34] f:\endpointserver\server\endpointserverimp.cpp:164 ERROR EndPointServerThreadCounter - PostHandleRequest() failed - <Unknown Exception>.
2024-09-06 15:51:29,716 [0x00002d34] f:\endpointserver\server\endpointserverimp.cpp:164 ERROR EndPointServerThreadCounter - PostHandleRequest() failed - <Unknown Exception>.
2024-09-06 17:13:23,111 [0x00002d34] f:\endpointserver\server\endpointserverimp.cpp:164 ERROR EndPointServerThreadCounter - PostHandleRequest() failed - <Unknown Exception>.
2024-09-06 17:43:22,842 [0x00002d34] f:\endpointserver\server\endpointserverimp.cpp:164 ERROR EndPointServerThreadCounter - PostHandleRequest() failed - <Unknown Exception>.
2024-09-09 12:20:27,423 [0x00002d2c] f:\endpointserver\server\endpointserverimp.cpp:164 ERROR EndPointServerThreadCounter - PostHandleRequest() failed - <Unknown Exception>.
2024-09-09 15:35:03,467 [0x00002d34] f:\endpointserver\server\endpointserverimp.cpp:164 ERROR EndPointServerThreadCounter - PostHandleRequest() failed - <Unknown Exception>.
2024-09-09 16:05:04,828 [0x00002d34] f:\endpointserver\server\endpointserverimp.cpp:164 ERROR EndPointServerThreadCounter - PostHandleRequest() failed - <Unknown Exception>.
2024-09-09 16:35:03,434 [0x00002d34] f:\endpointserver\server\endpointserverimp.cpp:164 ERROR EndPointServerThreadCounter - PostHandleRequest() failed - <Unknown Exception>.
2024-09-09 17:24:37,639 [0x00002d2c] f:\endpointserver\server\endpointserverimp.cpp:164 ERROR EndPointServerThreadCounter - PostHandleRequest() failed - <Unknown Exception>.
2024-09-09 22:24:37,805 [0x00002a20] f:\endpointserver\server\endpointserverimp.cpp:164 ERROR EndPointServerThreadCounter - PostHandleRequest() failed - <Unknown Exception>.
2024-09-10 00:54:37,901 [0x00002a20] f:\endpointserver\server\endpointserverimp.cpp:164 ERROR EndPointServerThreadCounter - PostHandleRequest() failed - <Unknown Exception>.
2024-09-10 06:24:38,074 [0x00002a20] f:\endpointserver\server\endpointserverimp.cpp:164 ERROR EndPointServerThreadCounter - PostHandleRequest() failed - <Unknown Exception>.
2024-09-10 06:54:38,112 [0x00002a20] f:\endpointserver\server\endpointserverimp.cpp:164 ERROR EndPointServerThreadCounter - PostHandleRequest() failed - <Unknown Exception>.
2024-09-10 07:54:38,147 [0x00002a20] f:\endpointserver\server\endpointserverimp.cpp:164 ERROR EndPointServerThreadCounter - PostHandleRequest() failed - <Unknown Exception>.
2024-09-10 10:51:36,304 [0x00002d2c] f:\endpointserver\server\endpointserverimp.cpp:164 ERROR EndPointServerThreadCounter - PostHandleRequest() failed - <Unknown Exception>.
2024-09-10 10:54:38,302 [0x00002d2c] f:\endpointserver\server\endpointserverimp.cpp:164 ERROR EndPointServerThreadCounter - PostHandleRequest() failed - <Unknown Exception>.
2024-09-10 11:51:36,366 [0x00002d2c] f:\endpointserver\server\endpointserverimp.cpp:164 ERROR EndPointServerThreadCounter - PostHandleRequest() failed - <Unknown Exception>.
2024-09-10 15:24:38,541 [0x000029f0] f:\endpointserver\server\endpointserverimp.cpp:164 ERROR EndPointServerThreadCounter - PostHandleRequest() failed - <Unknown Exception>.
2024-09-10 15:54:38,424 [0x00002a20] f:\endpointserver\server\endpointserverimp.cpp:164 ERROR EndPointServerThreadCounter - PostHandleRequest() failed - <Unknown Exception>.
2024-09-10 16:24:38,432 [0x00002d2c] f:\endpointserver\server\endpointserverimp.cpp:164 ERROR EndPointServerThreadCounter - PostHandleRequest() failed - <Unknown Exception>.
2024-09-10 18:54:38,511 [0x00002d2c] f:\endpointserver\server\endpointserverimp.cpp:164 ERROR EndPointServerThreadCounter - PostHandleRequest() failed - <Unknown Exception>.
2024-09-10 19:24:38,528 [0x00002d2c] f:\endpointserver\server\endpointserverimp.cpp:164 ERROR EndPointServerThreadCounter - PostHandleRequest() failed - <Unknown Exception>.
2024-09-10 19:54:38,154 [0x00002d2c] f:\endpointserver\server\endpointserverimp.cpp:164 ERROR EndPointServerThreadCounter - PostHandleRequest() failed - <Unknown Exception>.
2024-09-10 21:24:38,576 [0x00002d2c] f:\endpointserver\server\endpointserverimp.cpp:164 ERROR EndPointServerThreadCounter - PostHandleRequest() failed - <Unknown Exception>.
2024-09-11 02:54:38,807 [0x00002d2c] f:\endpointserver\server\endpointserverimp.cpp:164 ERROR EndPointServerThreadCounter - PostHandleRequest() failed - <Unknown Exception>.
2024-09-11 05:54:38,910 [0x00002d2c] f:\endpointserver\server\endpointserverimp.cpp:164 ERROR EndPointServerThreadCounter - PostHandleRequest() failed - <Unknown Exception>.
2024-09-11 09:07:47,749 [0x00002a20] f:\endpointserver\server\endpointserverimp.cpp:164 ERROR EndPointServerThreadCounter - PostHandleRequest() failed - <Unknown Exception>.
2024-09-11 09:54:39,081 [0x00002a20] f:\endpointserver\server\endpointserverimp.cpp:164 ERROR EndPointServerThreadCounter - PostHandleRequest() failed - <Unknown Exception>.
2024-09-11 10:54:39,490 [0x00002a20] f:\endpointserver\server\endpointserverimp.cpp:164 ERROR EndPointServerThreadCounter - PostHandleRequest() failed - <Unknown Exception>.
2024-09-11 11:08:55,431 [0x00002a20] f:\endpointserver\server\endpointserverimp.cpp:164 ERROR EndPointServerThreadCounter - PostHandleRequest() failed - <Unknown Exception>.
2024-09-11 11:09:18,145 [0x00002d2c] f:\endpointserver\server\endpointserverimp.cpp:164 ERROR EndPointServerThreadCounter - PostHandleRequest() failed - <Unknown Exception>.
2024-09-11 11:38:54,535 [0x00002d2c] f:\endpointserver\server\endpointserverimp.cpp:164 ERROR EndPointServerThreadCounter - PostHandleRequest() failed - <Unknown Exception>.
2024-09-11 11:55:20,151 [0x00002d2c] f:\endpointserver\server\endpointserverimp.cpp:164 ERROR EndPointServerThreadCounter - PostHandleRequest() failed - <Unknown Exception>.
2024-09-11 13:08:57,033 [0x00002d2c] f:\endpointserver\server\endpointserverimp.cpp:164 ERROR EndPointServerThreadCounter - PostHandleRequest() failed - <Unknown Exception>.
2024-09-11 13:55:20,232 [0x00002d2c] f:\endpointserver\server\endpointserverimp.cpp:164 ERROR EndPointServerThreadCounter - PostHandleRequest() failed - <Unknown Exception>.
2024-09-11 14:31:36,858 [0x00002d2c] f:\endpointserver\server\endpointserverimp.cpp:164 ERROR EndPointServerThreadCounter - PostHandleRequest() failed - <Unknown Exception>.
2024-09-11 15:01:40,437 [0x00002a20] f:\endpointserver\server\endpointserverimp.cpp:164 ERROR EndPointServerThreadCounter - PostHandleRequest() failed - <Unknown Exception>.
2024-09-11 15:35:57,993 [0x00002a20] f:\endpointserver\server\endpointserverimp.cpp:164 ERROR EndPointServerThreadCounter - PostHandleRequest() failed - <Unknown Exception>.
2024-09-11 16:25:20,307 [0x00002a20] f:\endpointserver\server\endpointserverimp.cpp:164 ERROR EndPointServerThreadCounter - PostHandleRequest() failed - <Unknown Exception>.
2024-09-11 16:35:57,572 [0x00002a20] f:\endpointserver\server\endpointserverimp.cpp:164 ERROR EndPointServerThreadCounter - PostHandleRequest() failed - <Unknown Exception>.
2024-09-11 16:55:20,303 [0x00002a20] f:\endpointserver\server\endpointserverimp.cpp:164 ERROR EndPointServerThreadCounter - PostHandleRequest() failed - <Unknown Exception>.
2024-09-11 17:05:58,555 [0x00002a20] f:\endpointserver\server\endpointserverimp.cpp:164 ERROR EndPointServerThreadCounter - PostHandleRequest() failed - <Unknown Exception>.
2024-09-11 17:06:18,603 [0x00002d2c] f:\endpointserver\server\endpointserverimp.cpp:164 ERROR EndPointServerThreadCounter - PostHandleRequest() failed - <Unknown Exception>.
2024-09-11 17:55:20,370 [0x00002d2c] f:\endpointserver\server\endpointserverimp.cpp:164 ERROR EndPointServerThreadCounter - PostHandleRequest() failed - <Unknown Exception>.
2024-09-11 21:25:20,457 [0x000029f0] f:\endpointserver\server\endpointserverimp.cpp:164 ERROR EndPointServerThreadCounter - PostHandleRequest() failed - <Unknown Exception>.
2024-09-11 22:25:20,551 [0x000029f0] f:\endpointserver\server\endpointserverimp.cpp:164 ERROR EndPointServerThreadCounter - PostHandleRequest() failed - <Unknown Exception>.
2024-09-11 23:25:20,574 [0x00002d2c] f:\endpointserver\server\endpointserverimp.cpp:164 ERROR EndPointServerThreadCounter - PostHandleRequest() failed - <Unknown Exception>.
2024-09-12 00:25:20,097 [0x00002d2c] f:\endpointserver\server\endpointserverimp.cpp:164 ERROR EndPointServerThreadCounter - PostHandleRequest() failed - <Unknown Exception>.
2024-09-12 01:55:20,634 [0x000029f0] f:\endpointserver\server\endpointserverimp.cpp:164 ERROR EndPointServerThreadCounter - PostHandleRequest() failed - <Unknown Exception>.
2024-09-12 02:25:20,700 [0x000029f0] f:\endpointserver\server\endpointserverimp.cpp:164 ERROR EndPointServerThreadCounter - PostHandleRequest() failed - <Unknown Exception>.
2024-09-12 02:55:20,749 [0x000029f0] f:\endpointserver\server\endpointserverimp.cpp:164 ERROR EndPointServerThreadCounter - PostHandleRequest() failed - <Unknown Exception>.
2024-09-12 04:25:20,780 [0x000029f0] f:\endpointserver\server\endpointserverimp.cpp:164 ERROR EndPointServerThreadCounter - PostHandleRequest() failed - <Unknown Exception>.
2024-09-12 06:55:20,845 [0x000029f0] f:\endpointserver\server\endpointserverimp.cpp:164 ERROR EndPointServerThreadCounter - PostHandleRequest() failed - <Unknown Exception>.
2024-09-12 08:54:45,276 [0x000029f0] f:\endpointserver\server\endpointserverimp.cpp:164 ERROR EndPointServerThreadCounter - PostHandleRequest() failed - <Unknown Exception>.
2024-09-12 09:24:45,275 [0x000029f0] f:\endpointserver\server\endpointserverimp.cpp:164 ERROR EndPointServerThreadCounter - PostHandleRequest() failed - <Unknown Exception>.
2024-09-12 10:25:21,060 [0x00002d2c] f:\endpointserver\server\endpointserverimp.cpp:164 ERROR EndPointServerThreadCounter - PostHandleRequest() failed - <Unknown Exception>.
2024-09-12 11:25:21,014 [0x000029f0] f:\endpointserver\server\endpointserverimp.cpp:164 ERROR EndPointServerThreadCounter - PostHandleRequest() failed - <Unknown Exception>.
2024-09-12 13:25:21,129 [0x000029f0] f:\endpointserver\server\endpointserverimp.cpp:164 ERROR EndPointServerThreadCounter - PostHandleRequest() failed - <Unknown Exception>.
2024-09-12 14:55:21,090 [0x00002d2c] f:\endpointserver\server\endpointserverimp.cpp:164 ERROR EndPointServerThreadCounter - PostHandleRequest() failed - <Unknown Exception>.
2024-09-12 14:55:46,913 [0x000029f0] f:\endpointserver\server\endpointserverimp.cpp:164 ERROR EndPointServerThreadCounter - PostHandleRequest() failed - <Unknown Exception>.
2024-09-12 15:00:43,648 [0x00002d2c] f:\endpointserver\server\endpointserverimp.cpp:164 ERROR EndPointServerThreadCounter - PostHandleRequest() failed - <Unknown Exception>.
2024-09-12 15:25:21,146 [0x000029f0] f:\endpointserver\server\endpointserverimp.cpp:164 ERROR EndPointServerThreadCounter - PostHandleRequest() failed - <Unknown Exception>.
2024-09-12 15:25:46,721 [0x00002d2c] f:\endpointserver\server\endpointserverimp.cpp:164 ERROR EndPointServerThreadCounter - PostHandleRequest() failed - <Unknown Exception>.
2024-09-12 16:55:21,635 [0x000029f0] f:\endpointserver\server\endpointserverimp.cpp:164 ERROR EndPointServerThreadCounter - PostHandleRequest() failed - <Unknown Exception>.
2024-09-12 17:25:21,203 [0x000029f0] f:\endpointserver\server\endpointserverimp.cpp:164 ERROR EndPointServerThreadCounter - PostHandleRequest() failed - <Unknown Exception>.
2024-09-12 19:55:21,290 [0x000029f0] f:\endpointserver\server\endpointserverimp.cpp:164 ERROR EndPointServerThreadCounter - PostHandleRequest() failed - <Unknown Exception>.
2024-09-13 02:25:21,486 [0x000029f0] f:\endpointserver\server\endpointserverimp.cpp:164 ERROR EndPointServerThreadCounter - PostHandleRequest() failed - <Unknown Exception>.
2024-09-13 03:55:21,586 [0x000029f0] f:\endpointserver\server\endpointserverimp.cpp:164 ERROR EndPointServerThreadCounter - PostHandleRequest() failed - <Unknown Exception>.
2024-09-13 04:25:21,569 [0x000029f0] f:\endpointserver\server\endpointserverimp.cpp:164 ERROR EndPointServerThreadCounter - PostHandleRequest() failed - <Unknown Exception>.
2024-09-13 05:25:21,620 [0x000029f0] f:\endpointserver\server\endpointserverimp.cpp:164 ERROR EndPointServerThreadCounter - PostHandleRequest() failed - <Unknown Exception>.
2024-09-13 05:55:21,672 [0x000029f0] f:\endpointserver\server\endpointserverimp.cpp:164 ERROR EndPointServerThreadCounter - PostHandleRequest() failed - <Unknown Exception>.
2024-09-13 06:55:21,665 [0x000029f0] f:\endpointserver\server\endpointserverimp.cpp:164 ERROR EndPointServerThreadCounter - PostHandleRequest() failed - <Unknown Exception>.
2024-09-13 08:48:50,492 [0x000029f0] f:\endpointserver\server\endpointserverimp.cpp:164 ERROR EndPointServerThreadCounter - PostHandleRequest() failed - <Unknown Exception>.
2024-09-13 10:25:21,820 [0x00002d2c] f:\endpointserver\server\endpointserverimp.cpp:164 ERROR EndPointServerThreadCounter - PostHandleRequest() failed - <Unknown Exception>.
2024-09-13 11:18:50,663 [0x00002a20] f:\endpointserver\server\endpointserverimp.cpp:164 ERROR EndPointServerThreadCounter - PostHandleRequest() failed - <Unknown Exception>.
2024-09-13 11:48:50,563 [0x000029f0] f:\endpointserver\server\endpointserverimp.cpp:164 ERROR EndPointServerThreadCounter - PostHandleRequest() failed - <Unknown Exception>.
2024-09-13 12:25:21,861 [0x000029f0] f:\endpointserver\server\endpointserverimp.cpp:164 ERROR EndPointServerThreadCounter - PostHandleRequest() failed - <Unknown Exception>.
2024-09-13 13:44:05,427 [0x00002a20] f:\endpointserver\server\endpointserverimp.cpp:164 ERROR EndPointServerThreadCounter - PostHandleRequest() failed - <Unknown Exception>.
2024-09-13 13:55:22,029 [0x00002a20] f:\endpointserver\server\endpointserverimp.cpp:164 ERROR EndPointServerThreadCounter - PostHandleRequest() failed - <Unknown Exception>.
2024-09-13 14:04:21,282 [0x00002a20] f:\endpointserver\server\endpointserverimp.cpp:164 ERROR EndPointServerThreadCounter - PostHandleRequest() failed - <Unknown Exception>.
2024-09-13 14:25:21,937 [0x00002a20] f:\endpointserver\server\endpointserverimp.cpp:164 ERROR EndPointServerThreadCounter - PostHandleRequest() failed - <Unknown Exception>.
2024-09-13 14:49:43,999 [0x00002a20] f:\endpointserver\server\endpointserverimp.cpp:164 ERROR EndPointServerThreadCounter - PostHandleRequest() failed - <Unknown Exception>.
2024-09-13 14:55:21,950 [0x00002a20] f:\endpointserver\server\endpointserverimp.cpp:164 ERROR EndPointServerThreadCounter - PostHandleRequest() failed - <Unknown Exception>.
2024-09-13 15:25:22,008 [0x00002a20] f:\endpointserver\server\endpointserverimp.cpp:164 ERROR EndPointServerThreadCounter - PostHandleRequest() failed - <Unknown Exception>.
2024-09-13 15:55:22,181 [0x00002a20] f:\endpointserver\server\endpointserverimp.cpp:164 ERROR EndPointServerThreadCounter - PostHandleRequest() failed - <Unknown Exception>.
2024-09-13 16:19:43,963 [0x00002a20] f:\endpointserver\server\endpointserverimp.cpp:164 ERROR EndPointServerThreadCounter - PostHandleRequest() failed - <Unknown Exception>.
2024-09-13 16:49:43,980 [0x000029f0] f:\endpointserver\server\endpointserverimp.cpp:164 ERROR EndPointServerThreadCounter - PostHandleRequest() failed - <Unknown Exception>.
2024-09-13 16:58:32,833 [0x000029f0] f:\endpointserver\server\endpointserverimp.cpp:164 ERROR EndPointServerThreadCounter - PostHandleRequest() failed - <Unknown Exception>.
2024-09-13 17:19:44,000 [0x000029f0] f:\endpointserver\server\endpointserverimp.cpp:164 ERROR EndPointServerThreadCounter - PostHandleRequest() failed - <Unknown Exception>.
2024-09-13 17:49:43,970 [0x000029f0] f:\endpointserver\server\endpointserverimp.cpp:164 ERROR EndPointServerThreadCounter - PostHandleRequest() failed - <Unknown Exception>.
2024-09-13 20:25:22,170 [0x000029f0] f:\endpointserver\server\endpointserverimp.cpp:164 ERROR EndPointServerThreadCounter - PostHandleRequest() failed - <Unknown Exception>.
2024-09-13 20:55:22,188 [0x000029f0] f:\endpointserver\server\endpointserverimp.cpp:164 ERROR EndPointServerThreadCounter - PostHandleRequest() failed - <Unknown Exception>.
2024-09-13 21:55:22,225 [0x000029f0] f:\endpointserver\server\endpointserverimp.cpp:164 ERROR EndPointServerThreadCounter - PostHandleRequest() failed - <Unknown Exception>.
2024-09-13 22:55:22,251 [0x000029f0] f:\endpointserver\server\endpointserverimp.cpp:164 ERROR EndPointServerThreadCounter - PostHandleRequest() failed - <Unknown Exception>.
2024-09-13 23:55:22,329 [0x00002a20] f:\endpointserver\server\endpointserverimp.cpp:164 ERROR EndPointServerThreadCounter - PostHandleRequest() failed - <Unknown Exception>.
2024-09-14 01:25:22,376 [0x00002a20] f:\endpointserver\server\endpointserverimp.cpp:164 ERROR EndPointServerThreadCounter - PostHandleRequest() failed - <Unknown Exception>.
2024-09-14 06:25:22,516 [0x00002a20] f:\endpointserver\server\endpointserverimp.cpp:164 ERROR EndPointServerThreadCounter - PostHandleRequest() failed - <Unknown Exception>.
2024-09-14 08:55:22,605 [0x000029f0] f:\endpointserver\server\endpointserverimp.cpp:164 ERROR EndPointServerThreadCounter - PostHandleRequest() failed - <Unknown Exception>.
2024-09-14 09:55:22,649 [0x000029f0] f:\endpointserver\server\endpointserverimp.cpp:164 ERROR EndPointServerThreadCounter - PostHandleRequest() failed - <Unknown Exception>.
2024-09-14 16:25:22,884 [0x00002a20] f:\endpointserver\server\endpointserverimp.cpp:164 ERROR EndPointServerThreadCounter - PostHandleRequest() failed - <Unknown Exception>.
2024-09-14 16:55:22,920 [0x00002a20] f:\endpointserver\server\endpointserverimp.cpp:164 ERROR EndPointServerThreadCounter - PostHandleRequest() failed - <Unknown Exception>.
2024-09-14 18:25:22,960 [0x00002a20] f:\endpointserver\server\endpointserverimp.cpp:164 ERROR EndPointServerThreadCounter - PostHandleRequest() failed - <Unknown Exception>.
2024-09-14 19:25:23,011 [0x00002a20] f:\endpointserver\server\endpointserverimp.cpp:164 ERROR EndPointServerThreadCounter - PostHandleRequest() failed - <Unknown Exception>.
2024-09-14 19:55:23,001 [0x00002a20] f:\endpointserver\server\endpointserverimp.cpp:164 ERROR EndPointServerThreadCounter - PostHandleRequest() failed - <Unknown Exception>.
2024-09-14 20:25:23,028 [0x00002a20] f:\endpointserver\server\endpointserverimp.cpp:164 ERROR EndPointServerThreadCounter - PostHandleRequest() failed - <Unknown Exception>.
2024-09-14 21:25:23,095 [0x00002a20] f:\endpointserver\server\endpointserverimp.cpp:164 ERROR EndPointServerThreadCounter - PostHandleRequest() failed - <Unknown Exception>.
2024-09-14 23:25:23,134 [0x00002a20] f:\endpointserver\server\endpointserverimp.cpp:164 ERROR EndPointServerThreadCounter - PostHandleRequest() failed - <Unknown Exception>.
2024-09-17 16:10:59,860 [0x000029f0] f:\endpointserver\server\endpointserverimp.cpp:164 ERROR EndPointServerThreadCounter - PostHandleRequest() failed - <Unknown Exception>.
2024-09-19 20:46:12,341 [0x00002d2c] f:\endpointserver\server\endpointserverimp.cpp:164 ERROR EndPointServerThreadCounter - PostHandleRequest() failed - <Unknown Exception>.
2024-09-23 13:14:54,655 [0x00002a20] f:\endpointserver\server\endpointserverimp.cpp:164 ERROR EndPointServerThreadCounter - PostHandleRequest() failed - <Unknown Exception>.
2024-09-26 08:41:39,365 [0x00002d2c] f:\endpointserver\server\endpointserverimp.cpp:164 ERROR EndPointServerThreadCounter - PostHandleRequest() failed - <Unknown Exception>.
2024-09-27 16:23:12,864 [0x000029f0] f:\endpointserver\server\endpointserverimp.cpp:164 ERROR EndPointServerThreadCounter - PostHandleRequest() failed - <Unknown Exception>.
2024-10-01 14:12:44,395 [0x000029f0] f:\endpointserver\server\endpointserverimp.cpp:164 ERROR EndPointServerThreadCounter - PostHandleRequest() failed - <Unknown Exception>.
2024-10-02 14:18:47,929 [0x000029f0] f:\endpointserver\server\endpointserverimp.cpp:164 ERROR EndPointServerThreadCounter - PostHandleRequest() failed - <Unknown Exception>.
2024-10-04 23:08:45,758 [0x000029f0] f:\endpointserver\server\endpointserverimp.cpp:164 ERROR EndPointServerThreadCounter - PostHandleRequest() failed - <Unknown Exception>.
2024-10-07 10:08:03,321 [0x000029f0] f:\endpointserver\server\endpointserverimp.cpp:164 ERROR EndPointServerThreadCounter - PostHandleRequest() failed - <Unknown Exception>.
2024-10-11 09:02:11,066 [0x00002d2c] f:\endpointserver\server\endpointserverimp.cpp:164 ERROR EndPointServerThreadCounter - PostHandleRequest() failed - <Unknown Exception>.
2024-10-11 12:33:50,059 [0x00002d2c] f:\endpointserver\server\endpointserverimp.cpp:164 ERROR EndPointServerThreadCounter - PostHandleRequest() failed - <Unknown Exception>.
2024-10-11 14:19:49,889 [0x000029f0] f:\endpointserver\server\endpointserverimp.cpp:164 ERROR EndPointServerThreadCounter - PostHandleRequest() failed - <Unknown Exception>.
2024-10-12 16:49:48,945 [0x00002d34] f:\endpointserver\server\endpointserverimp.cpp:164 ERROR EndPointServerThreadCounter - PostHandleRequest() failed - <Unknown Exception>.
2024-10-15 11:31:20,881 [0x00002a20] f:\endpointserver\server\endpointserverimp.cpp:164 ERROR EndPointServerThreadCounter - PostHandleRequest() failed - <Unknown Exception>.
2024-10-16 17:52:16,695 [0x00002a20] f:\endpointserver\server\endpointserverimp.cpp:164 ERROR EndPointServerThreadCounter - PostHandleRequest() failed - <Unknown Exception>.
2024-10-24 09:16:27,499 [0x000029f0] f:\endpointserver\server\endpointserverimp.cpp:164 ERROR EndPointServerThreadCounter - PostHandleRequest() failed - <Unknown Exception>.
2024-10-24 12:14:22,318 [0x00002d34] f:\endpointserver\server\endpointserverimp.cpp:164 ERROR EndPointServerThreadCounter - PostHandleRequest() failed - <Unknown Exception>.
2024-10-26 00:43:31,092 [0x00002d2c] f:\endpointserver\server\endpointserverimp.cpp:164 ERROR EndPointServerThreadCounter - PostHandleRequest() failed - <Unknown Exception>.
2024-10-28 12:00:28,640 [0x00002d34] f:\endpointserver\server\endpointserverimp.cpp:164 ERROR EndPointServerThreadCounter - PostHandleRequest() failed - <Unknown Exception>.
2024-10-28 14:41:58,888 [0x00002d34] f:\endpointserver\server\endpointserverimp.cpp:164 ERROR EndPointServerThreadCounter - PostHandleRequest() failed - <Unknown Exception>.
2024-10-28 15:40:22,558 [0x000029f0] f:\endpointserver\server\endpointserverimp.cpp:164 ERROR EndPointServerThreadCounter - PostHandleRequest() failed - <Unknown Exception>.
2024-10-28 16:36:25,846 [0x000029f0] f:\endpointserver\server\endpointserverimp.cpp:164 ERROR EndPointServerThreadCounter - PostHandleRequest() failed - <Unknown Exception>.
2024-10-28 16:36:44,860 [0x00002d2c] f:\endpointserver\server\endpointserverimp.cpp:164 ERROR EndPointServerThreadCounter - PostHandleRequest() failed - <Unknown Exception>.
2024-10-28 17:21:20,132 [0x00002d2c] f:\endpointserver\server\endpointserverimp.cpp:164 ERROR EndPointServerThreadCounter - PostHandleRequest() failed - <Unknown Exception>.
2024-10-29 09:03:42,884 [0x00002d2c] f:\endpointserver\server\endpointserverimp.cpp:164 ERROR EndPointServerThreadCounter - PostHandleRequest() failed - <Unknown Exception>.
2024-10-29 09:23:42,874 [0x00002d2c] f:\endpointserver\server\endpointserverimp.cpp:164 ERROR EndPointServerThreadCounter - PostHandleRequest() failed - <Unknown Exception>.
2024-10-29 09:40:50,957 [0x00002d34] f:\endpointserver\server\endpointserverimp.cpp:164 ERROR EndPointServerThreadCounter - PostHandleRequest() failed - <Unknown Exception>.
2024-10-29 10:03:45,334 [0x00002d34] f:\endpointserver\server\endpointserverimp.cpp:164 ERROR EndPointServerThreadCounter - PostHandleRequest() failed - <Unknown Exception>.
2024-10-29 11:04:21,376 [0x00002a20] f:\endpointserver\server\endpointserverimp.cpp:164 ERROR EndPointServerThreadCounter - PostHandleRequest() failed - <Unknown Exception>.
2024-10-29 11:04:40,360 [0x000029f0] f:\endpointserver\server\endpointserverimp.cpp:164 ERROR EndPointServerThreadCounter - PostHandleRequest() failed - <Unknown Exception>.
2024-10-29 11:20:15,311 [0x000029f0] f:\endpointserver\server\endpointserverimp.cpp:164 ERROR EndPointServerThreadCounter - PostHandleRequest() failed - <Unknown Exception>.
2024-10-29 12:08:07,309 [0x000029f0] f:\endpointserver\server\endpointserverimp.cpp:164 ERROR EndPointServerThreadCounter - PostHandleRequest() failed - <Unknown Exception>.
2024-10-29 12:48:07,331 [0x000029f0] f:\endpointserver\server\endpointserverimp.cpp:164 ERROR EndPointServerThreadCounter - PostHandleRequest() failed - <Unknown Exception>.
2024-10-29 13:08:07,371 [0x00002a20] f:\endpointserver\server\endpointserverimp.cpp:164 ERROR EndPointServerThreadCounter - PostHandleRequest() failed - <Unknown Exception>.
2024-10-29 13:18:07,368 [0x00002a20] f:\endpointserver\server\endpointserverimp.cpp:164 ERROR EndPointServerThreadCounter - PostHandleRequest() failed - <Unknown Exception>.
2024-10-29 13:58:07,421 [0x00002a20] f:\endpointserver\server\endpointserverimp.cpp:164 ERROR EndPointServerThreadCounter - PostHandleRequest() failed - <Unknown Exception>.
2024-10-29 14:18:07,438 [0x00002a20] f:\endpointserver\server\endpointserverimp.cpp:164 ERROR EndPointServerThreadCounter - PostHandleRequest() failed - <Unknown Exception>.
2024-10-29 15:08:07,500 [0x00002a20] f:\endpointserver\server\endpointserverimp.cpp:164 ERROR EndPointServerThreadCounter - PostHandleRequest() failed - <Unknown Exception>.
2024-10-29 15:58:07,609 [0x000029f0] f:\endpointserver\server\endpointserverimp.cpp:164 ERROR EndPointServerThreadCounter - PostHandleRequest() failed - <Unknown Exception>.
2024-10-29 17:03:30,096 [0x00002a20] f:\endpointserver\server\endpointserverimp.cpp:164 ERROR EndPointServerThreadCounter - PostHandleRequest() failed - <Unknown Exception>.
2024-10-29 17:03:49,075 [0x000029f0] f:\endpointserver\server\endpointserverimp.cpp:164 ERROR EndPointServerThreadCounter - PostHandleRequest() failed - <Unknown Exception>.
2024-10-29 17:13:26,245 [0x000029f0] f:\endpointserver\server\endpointserverimp.cpp:164 ERROR EndPointServerThreadCounter - PostHandleRequest() failed - <Unknown Exception>.
2024-10-29 17:33:26,296 [0x000029f0] f:\endpointserver\server\endpointserverimp.cpp:164 ERROR EndPointServerThreadCounter - PostHandleRequest() failed - <Unknown Exception>.
2024-10-30 09:55:39,063 [0x000029f0] f:\endpointserver\server\endpointserverimp.cpp:164 ERROR EndPointServerThreadCounter - PostHandleRequest() failed - <Unknown Exception>.
2024-10-31 09:47:44,861 [0x00002d2c] f:\endpointserver\server\endpointserverimp.cpp:164 ERROR EndPointServerThreadCounter - PostHandleRequest() failed - <Unknown Exception>.
2024-10-31 12:34:39,299 [0x00002a20] f:\endpointserver\server\endpointserverimp.cpp:164 ERROR EndPointServerThreadCounter - PostHandleRequest() failed - <Unknown Exception>.
2024-10-31 12:44:39,342 [0x00002a20] f:\endpointserver\server\endpointserverimp.cpp:164 ERROR EndPointServerThreadCounter - PostHandleRequest() failed - <Unknown Exception>.
2024-10-31 12:59:24,639 [0x00002d2c] f:\endpointserver\server\endpointserverimp.cpp:164 ERROR EndPointServerThreadCounter - PostHandleRequest() failed - <Unknown Exception>.
2024-10-31 13:35:38,461 [0x000029f0] f:\endpointserver\server\endpointserverimp.cpp:164 ERROR EndPointServerThreadCounter - PostHandleRequest() failed - <Unknown Exception>.
2024-10-31 13:37:59,062 [0x000029f0] f:\endpointserver\server\endpointserverimp.cpp:164 ERROR EndPointServerThreadCounter - PostHandleRequest() failed - <Unknown Exception>.
2024-10-31 13:40:07,178 [0x00002d2c] f:\endpointserver\server\endpointserverimp.cpp:164 ERROR EndPointServerThreadCounter - PostHandleRequest() failed - <Unknown Exception>.
2024-10-31 13:43:14,346 [0x00002a20] f:\endpointserver\server\endpointserverimp.cpp:164 ERROR EndPointServerThreadCounter - PostHandleRequest() failed - <Unknown Exception>.
2024-10-31 13:44:31,342 [0x00002d2c] f:\endpointserver\server\endpointserverimp.cpp:164 ERROR EndPointServerThreadCounter - PostHandleRequest() failed - <Unknown Exception>.
2024-10-31 13:44:32,502 [0x00002a20] f:\endpointserver\server\endpointserverimp.cpp:164 ERROR EndPointServerThreadCounter - PostHandleRequest() failed - <Unknown Exception>.
2024-10-31 13:47:43,765 [0x00002d2c] f:\endpointserver\server\endpointserverimp.cpp:164 ERROR EndPointServerThreadCounter - PostHandleRequest() failed - <Unknown Exception>.
2024-10-31 13:54:39,415 [0x000029f0] f:\endpointserver\server\endpointserverimp.cpp:164 ERROR EndPointServerThreadCounter - PostHandleRequest() failed - <Unknown Exception>.
2024-10-31 13:57:36,038 [0x000029f0] f:\endpointserver\server\endpointserverimp.cpp:164 ERROR EndPointServerThreadCounter - PostHandleRequest() failed - <Unknown Exception>.
2024-10-31 14:24:39,420 [0x00002d2c] f:\endpointserver\server\endpointserverimp.cpp:164 ERROR EndPointServerThreadCounter - PostHandleRequest() failed - <Unknown Exception>.
2024-10-31 14:54:39,444 [0x00002d2c] f:\endpointserver\server\endpointserverimp.cpp:164 ERROR EndPointServerThreadCounter - PostHandleRequest() failed - <Unknown Exception>.
2024-10-31 15:04:39,486 [0x00002d2c] f:\endpointserver\server\endpointserverimp.cpp:164 ERROR EndPointServerThreadCounter - PostHandleRequest() failed - <Unknown Exception>.
2024-10-31 17:21:09,945 [0x00002d2c] f:\endpointserver\server\endpointserverimp.cpp:164 ERROR EndPointServerThreadCounter - PostHandleRequest() failed - <Unknown Exception>.
2024-10-31 23:22:26,047 [0x00002a20] f:\endpointserver\server\endpointserverimp.cpp:164 ERROR EndPointServerThreadCounter - PostHandleRequest() failed - <Unknown Exception>.
2024-11-01 10:49:41,455 [0x000029f0] f:\endpointserver\server\endpointserverimp.cpp:164 ERROR EndPointServerThreadCounter - PostHandleRequest() failed - <Unknown Exception>.
2024-11-01 11:00:57,042 [0x000029f0] f:\endpointserver\server\endpointserverimp.cpp:164 ERROR EndPointServerThreadCounter - PostHandleRequest() failed - <Unknown Exception>.
2024-11-01 11:10:57,014 [0x000029f0] f:\endpointserver\server\endpointserverimp.cpp:164 ERROR EndPointServerThreadCounter - PostHandleRequest() failed - <Unknown Exception>.
2024-11-01 11:30:57,045 [0x000029f0] f:\endpointserver\server\endpointserverimp.cpp:164 ERROR EndPointServerThreadCounter - PostHandleRequest() failed - <Unknown Exception>.
2024-11-01 12:00:57,101 [0x000029f0] f:\endpointserver\server\endpointserverimp.cpp:164 ERROR EndPointServerThreadCounter - PostHandleRequest() failed - <Unknown Exception>.
2024-11-01 12:10:57,096 [0x000029f0] f:\endpointserver\server\endpointserverimp.cpp:164 ERROR EndPointServerThreadCounter - PostHandleRequest() failed - <Unknown Exception>.
2024-11-01 12:20:57,161 [0x000029f0] f:\endpointserver\server\endpointserverimp.cpp:164 ERROR EndPointServerThreadCounter - PostHandleRequest() failed - <Unknown Exception>.
2024-11-01 14:02:31,758 [0x000029f0] f:\endpointserver\server\endpointserverimp.cpp:164 ERROR EndPointServerThreadCounter - PostHandleRequest() failed - <Unknown Exception>.
2024-11-01 15:01:11,918 [0x000029f0] f:\endpointserver\server\endpointserverimp.cpp:164 ERROR EndPointServerThreadCounter - PostHandleRequest() failed - <Unknown Exception>.
2024-11-01 15:31:11,971 [0x000029f0] f:\endpointserver\server\endpointserverimp.cpp:164 ERROR EndPointServerThreadCounter - PostHandleRequest() failed - <Unknown Exception>.
2024-11-02 10:41:15,981 [0x000029f0] f:\endpointserver\server\endpointserverimp.cpp:164 ERROR EndPointServerThreadCounter - PostHandleRequest() failed - <Unknown Exception>.
2024-11-05 04:22:58,563 [0x000029f0] f:\endpointserver\server\endpointserverimp.cpp:164 ERROR EndPointServerThreadCounter - PostHandleRequest() failed - <Unknown Exception>.
2024-11-05 09:21:56,873 [0x00002d2c] f:\endpointserver\server\endpointserverimp.cpp:164 ERROR EndPointServerThreadCounter - PostHandleRequest() failed - <Unknown Exception>.
2024-11-05 09:45:09,453 [0x00002d2c] f:\endpointserver\server\endpointserverimp.cpp:164 ERROR EndPointServerThreadCounter - PostHandleRequest() failed - <Unknown Exception>.
2024-11-05 10:25:09,532 [0x00002d2c] f:\endpointserver\server\endpointserverimp.cpp:164 ERROR EndPointServerThreadCounter - PostHandleRequest() failed - <Unknown Exception>.
2024-11-05 11:45:09,610 [0x00002d2c] f:\endpointserver\server\endpointserverimp.cpp:164 ERROR EndPointServerThreadCounter - PostHandleRequest() failed - <Unknown Exception>.
2024-11-05 11:55:09,549 [0x00002d2c] f:\endpointserver\server\endpointserverimp.cpp:164 ERROR EndPointServerThreadCounter - PostHandleRequest() failed - <Unknown Exception>.
2024-11-05 12:25:09,608 [0x00002d2c] f:\endpointserver\server\endpointserverimp.cpp:164 ERROR EndPointServerThreadCounter - PostHandleRequest() failed - <Unknown Exception>.
2024-11-05 14:47:14,912 [0x00002d2c] f:\endpointserver\server\endpointserverimp.cpp:164 ERROR EndPointServerThreadCounter - PostHandleRequest() failed - <Unknown Exception>.
2024-11-05 14:47:33,881 [0x00002a20] f:\endpointserver\server\endpointserverimp.cpp:164 ERROR EndPointServerThreadCounter - PostHandleRequest() failed - <Unknown Exception>.
2024-11-05 15:17:14,711 [0x00002a20] f:\endpointserver\server\endpointserverimp.cpp:164 ERROR EndPointServerThreadCounter - PostHandleRequest() failed - <Unknown Exception>.
2024-11-05 15:57:14,411 [0x00002d2c] f:\endpointserver\server\endpointserverimp.cpp:164 ERROR EndPointServerThreadCounter - PostHandleRequest() failed - <Unknown Exception>.
2024-11-05 16:37:14,444 [0x00002d2c] f:\endpointserver\server\endpointserverimp.cpp:164 ERROR EndPointServerThreadCounter - PostHandleRequest() failed - <Unknown Exception>.
2024-11-05 16:57:14,726 [0x00002a20] f:\endpointserver\server\endpointserverimp.cpp:164 ERROR EndPointServerThreadCounter - PostHandleRequest() failed - <Unknown Exception>.
2024-11-05 17:17:14,449 [0x00002a20] f:\endpointserver\server\endpointserverimp.cpp:164 ERROR EndPointServerThreadCounter - PostHandleRequest() failed - <Unknown Exception>.
2024-11-06 09:39:16,718 [0x00002a20] f:\endpointserver\server\endpointserverimp.cpp:164 ERROR EndPointServerThreadCounter - PostHandleRequest() failed - <Unknown Exception>.
2024-11-06 10:01:37,910 [0x00002d2c] f:\endpointserver\server\endpointserverimp.cpp:164 ERROR EndPointServerThreadCounter - PostHandleRequest() failed - <Unknown Exception>.
2024-11-06 10:15:47,111 [0x00001f18] f:\endpointserver\server\endpointserverimp.cpp:171 INFO ProcessInfo - Endpoint server process is stopping
2024-11-06 12:58:29,642 [0x000020e4] f:\endpointserver\server\endpointserverimp.cpp:1197 INFO ProcessInfo - Endpoint server process is starting
2024-11-06 12:58:30,735 [0x000020e4] f:\pais\util\filesystem\utils.cpp:429 ERROR Exception - apr_socket_connect, error code 730060: A connection attempt failed because the connected party did not properly respond after a period of time, or established connection failed because connected host has failed to respond.  
2024-11-06 12:58:31,751 [0x000020e4] f:\pais\util\filesystem\utils.cpp:429 ERROR Exception - apr_socket_connect, error code 730060: A connection attempt failed because the connected party did not properly respond after a period of time, or established connection failed because connected host has failed to respond.  
2024-11-06 12:58:31,751 [0x000020e4] f:\endpointserver\server\endpointserverimp.cpp:1268 INFO ProcessInfo - Endpoint server process is initialized
2024-11-06 13:11:38,088 [0x00002d94] f:\endpointserver\server\endpointserverimp.cpp:164 ERROR EndPointServerThreadCounter - PostHandleRequest() failed - <Unknown Exception>.
2024-11-06 13:12:01,159 [0x000028b4] f:\pais\util\filesystem\utils.cpp:429 ERROR Exception - Need to reestablish connection with policy engine
2024-11-06 13:12:01,160 [0x000028b4] f:\endpointserver\core\endpointconfiguration.cpp:1739 ERROR ConfigurationHandler - Failed send object to Resolver. Try to connect to policyEngine exception=<Need to reestablish connection with policy engine>
2024-11-06 13:39:12,598 [0x00002d94] f:\endpointserver\server\endpointserverimp.cpp:164 ERROR EndPointServerThreadCounter - PostHandleRequest() failed - <Unknown Exception>.
2024-11-06 13:59:12,588 [0x00002d94] f:\endpointserver\server\endpointserverimp.cpp:164 ERROR EndPointServerThreadCounter - PostHandleRequest() failed - <Unknown Exception>.
2024-11-06 14:39:12,585 [0x00002d90] f:\endpointserver\server\endpointserverimp.cpp:164 ERROR EndPointServerThreadCounter - PostHandleRequest() failed - <Unknown Exception>.
2024-11-07 15:57:05,485 [0x00002d90] f:\endpointserver\server\endpointserverimp.cpp:164 ERROR EndPointServerThreadCounter - PostHandleRequest() failed - <Unknown Exception>.
2024-11-08 13:48:00,384 [0x00002d94] f:\endpointserver\server\endpointserverimp.cpp:164 ERROR EndPointServerThreadCounter - PostHandleRequest() failed - <Unknown Exception>.
2024-11-09 17:12:56,676 [0x00002eb4] f:\pais\util\filesystem\utils.cpp:429 ERROR Exception - Need to reestablish connection with policy engine
2024-11-14 10:44:20,604 [0x00002d90] f:\endpointserver\server\endpointserverimp.cpp:164 ERROR EndPointServerThreadCounter - PostHandleRequest() failed - <Unknown Exception>.
2024-11-14 15:23:41,682 [0x00002d94] f:\endpointserver\server\endpointserverimp.cpp:164 ERROR EndPointServerThreadCounter - PostHandleRequest() failed - <Unknown Exception>.
2024-11-14 15:43:41,713 [0x00002d94] f:\endpointserver\server\endpointserverimp.cpp:164 ERROR EndPointServerThreadCounter - PostHandleRequest() failed - <Unknown Exception>.
2024-11-14 15:53:41,707 [0x00002d94] f:\endpointserver\server\endpointserverimp.cpp:164 ERROR EndPointServerThreadCounter - PostHandleRequest() failed - <Unknown Exception>.
2024-11-14 17:04:24,677 [0x00002d88] f:\endpointserver\server\endpointserverimp.cpp:164 ERROR EndPointServerThreadCounter - PostHandleRequest() failed - <Unknown Exception>.
2024-11-14 17:04:43,706 [0x00002d8c] f:\endpointserver\server\endpointserverimp.cpp:164 ERROR EndPointServerThreadCounter - PostHandleRequest() failed - <Unknown Exception>.
2024-11-14 17:14:24,714 [0x00002d88] f:\endpointserver\server\endpointserverimp.cpp:164 ERROR EndPointServerThreadCounter - PostHandleRequest() failed - <Unknown Exception>.
2024-11-14 17:56:40,540 [0x00002d88] f:\endpointserver\server\endpointserverimp.cpp:164 ERROR EndPointServerThreadCounter - PostHandleRequest() failed - <Unknown Exception>.
2024-11-15 01:59:59,936 [0x00002d8c] f:\endpointserver\server\endpointserverimp.cpp:164 ERROR EndPointServerThreadCounter - PostHandleRequest() failed - <Unknown Exception>.
2024-11-15 02:54:43,321 [0x00002d8c] f:\endpointserver\server\endpointserverimp.cpp:164 ERROR EndPointServerThreadCounter - PostHandleRequest() failed - <Unknown Exception>.
2024-11-15 06:56:01,745 [0x00002d8c] f:\endpointserver\server\endpointserverimp.cpp:164 ERROR EndPointServerThreadCounter - PostHandleRequest() failed - <Unknown Exception>.
2024-11-16 10:48:08,278 [0x00002d8c] f:\endpointserver\server\endpointserverimp.cpp:164 ERROR EndPointServerThreadCounter - PostHandleRequest() failed - <Unknown Exception>.
2024-11-16 10:48:27,263 [0x00002d88] f:\endpointserver\server\endpointserverimp.cpp:164 ERROR EndPointServerThreadCounter - PostHandleRequest() failed - <Unknown Exception>.
2024-11-16 11:28:08,348 [0x00002d8c] f:\endpointserver\server\endpointserverimp.cpp:164 ERROR EndPointServerThreadCounter - PostHandleRequest() failed - <Unknown Exception>.
2024-11-16 12:58:08,481 [0x00002d8c] f:\endpointserver\server\endpointserverimp.cpp:164 ERROR EndPointServerThreadCounter - PostHandleRequest() failed - <Unknown Exception>.
2024-11-16 13:08:08,462 [0x00002d8c] f:\endpointserver\server\endpointserverimp.cpp:164 ERROR EndPointServerThreadCounter - PostHandleRequest() failed - <Unknown Exception>.
2024-11-16 13:18:08,480 [0x00002d8c] f:\endpointserver\server\endpointserverimp.cpp:164 ERROR EndPointServerThreadCounter - PostHandleRequest() failed - <Unknown Exception>.
2024-11-16 13:18:27,519 [0x00002d88] f:\endpointserver\server\endpointserverimp.cpp:164 ERROR EndPointServerThreadCounter - PostHandleRequest() failed - <Unknown Exception>.
2024-11-16 14:08:08,518 [0x00002d8c] f:\endpointserver\server\endpointserverimp.cpp:164 ERROR EndPointServerThreadCounter - PostHandleRequest() failed - <Unknown Exception>.
2024-11-16 14:58:08,586 [0x00002d88] f:\endpointserver\server\endpointserverimp.cpp:164 ERROR EndPointServerThreadCounter - PostHandleRequest() failed - <Unknown Exception>.
2024-11-16 15:58:08,655 [0x00002d88] f:\endpointserver\server\endpointserverimp.cpp:164 ERROR EndPointServerThreadCounter - PostHandleRequest() failed - <Unknown Exception>.
2024-11-16 16:08:08,664 [0x00002d88] f:\endpointserver\server\endpointserverimp.cpp:164 ERROR EndPointServerThreadCounter - PostHandleRequest() failed - <Unknown Exception>.
2024-11-16 16:48:08,708 [0x00002d88] f:\endpointserver\server\endpointserverimp.cpp:164 ERROR EndPointServerThreadCounter - PostHandleRequest() failed - <Unknown Exception>.
2024-11-16 17:08:08,677 [0x00002d8c] f:\endpointserver\server\endpointserverimp.cpp:164 ERROR EndPointServerThreadCounter - PostHandleRequest() failed - <Unknown Exception>.
2024-11-16 17:28:08,709 [0x00002d8c] f:\endpointserver\server\endpointserverimp.cpp:164 ERROR EndPointServerThreadCounter - PostHandleRequest() failed - <Unknown Exception>.
2024-11-18 11:23:47,704 [0x00002d94] f:\endpointserver\server\endpointserverimp.cpp:164 ERROR EndPointServerThreadCounter - PostHandleRequest() failed - <Unknown Exception>.
2024-11-18 12:43:47,685 [0x00002d94] f:\endpointserver\server\endpointserverimp.cpp:164 ERROR EndPointServerThreadCounter - PostHandleRequest() failed - <Unknown Exception>.
2024-11-18 13:03:47,744 [0x00002d88] f:\endpointserver\server\endpointserverimp.cpp:164 ERROR EndPointServerThreadCounter - PostHandleRequest() failed - <Unknown Exception>.
2024-11-18 13:53:47,788 [0x00002d88] f:\endpointserver\server\endpointserverimp.cpp:164 ERROR EndPointServerThreadCounter - PostHandleRequest() failed - <Unknown Exception>.
2024-11-18 14:03:47,809 [0x00002d88] f:\endpointserver\server\endpointserverimp.cpp:164 ERROR EndPointServerThreadCounter - PostHandleRequest() failed - <Unknown Exception>.
2024-11-18 14:23:52,351 [0x00002d94] f:\endpointserver\server\endpointserverimp.cpp:164 ERROR EndPointServerThreadCounter - PostHandleRequest() failed - <Unknown Exception>.
2024-11-18 14:24:11,344 [0x00002d88] f:\endpointserver\server\endpointserverimp.cpp:164 ERROR EndPointServerThreadCounter - PostHandleRequest() failed - <Unknown Exception>.
2024-11-18 15:03:52,293 [0x00002d88] f:\endpointserver\server\endpointserverimp.cpp:164 ERROR EndPointServerThreadCounter - PostHandleRequest() failed - <Unknown Exception>.
2024-11-18 15:13:52,406 [0x00002d88] f:\endpointserver\server\endpointserverimp.cpp:164 ERROR EndPointServerThreadCounter - PostHandleRequest() failed - <Unknown Exception>.
2024-11-18 15:23:52,352 [0x00002d88] f:\endpointserver\server\endpointserverimp.cpp:164 ERROR EndPointServerThreadCounter - PostHandleRequest() failed - <Unknown Exception>.
2024-11-18 15:53:52,427 [0x00002d88] f:\endpointserver\server\endpointserverimp.cpp:164 ERROR EndPointServerThreadCounter - PostHandleRequest() failed - <Unknown Exception>.
2024-11-18 16:53:52,467 [0x00002d94] f:\endpointserver\server\endpointserverimp.cpp:164 ERROR EndPointServerThreadCounter - PostHandleRequest() failed - <Unknown Exception>.
2024-11-18 17:33:52,460 [0x00002d94] f:\endpointserver\server\endpointserverimp.cpp:164 ERROR EndPointServerThreadCounter - PostHandleRequest() failed - <Unknown Exception>.
2024-11-18 17:43:52,477 [0x00002d94] f:\endpointserver\server\endpointserverimp.cpp:164 ERROR EndPointServerThreadCounter - PostHandleRequest() failed - <Unknown Exception>.
2024-11-19 08:34:36,731 [0x00002d94] f:\endpointserver\server\endpointserverimp.cpp:164 ERROR EndPointServerThreadCounter - PostHandleRequest() failed - <Unknown Exception>.
2024-11-19 08:44:36,743 [0x00002d88] f:\endpointserver\server\endpointserverimp.cpp:164 ERROR EndPointServerThreadCounter - PostHandleRequest() failed - <Unknown Exception>.
2024-11-19 09:44:36,773 [0x00002d94] f:\endpointserver\server\endpointserverimp.cpp:164 ERROR EndPointServerThreadCounter - PostHandleRequest() failed - <Unknown Exception>.
2024-11-19 10:54:36,869 [0x00002d88] f:\endpointserver\server\endpointserverimp.cpp:164 ERROR EndPointServerThreadCounter - PostHandleRequest() failed - <Unknown Exception>.
2024-11-19 11:24:36,906 [0x00002d88] f:\endpointserver\server\endpointserverimp.cpp:164 ERROR EndPointServerThreadCounter - PostHandleRequest() failed - <Unknown Exception>.
2024-11-19 11:54:36,924 [0x00002d88] f:\endpointserver\server\endpointserverimp.cpp:164 ERROR EndPointServerThreadCounter - PostHandleRequest() failed - <Unknown Exception>.
2024-11-19 15:54:37,144 [0x00002d8c] f:\endpointserver\server\endpointserverimp.cpp:164 ERROR EndPointServerThreadCounter - PostHandleRequest() failed - <Unknown Exception>.
2024-11-19 16:34:37,462 [0x00002d88] f:\endpointserver\server\endpointserverimp.cpp:164 ERROR EndPointServerThreadCounter - PostHandleRequest() failed - <Unknown Exception>.
2024-11-19 17:14:37,389 [0x00002d88] f:\endpointserver\server\endpointserverimp.cpp:164 ERROR EndPointServerThreadCounter - PostHandleRequest() failed - <Unknown Exception>.
2024-11-20 08:48:40,883 [0x00002d94] f:\endpointserver\server\endpointserverimp.cpp:164 ERROR EndPointServerThreadCounter - PostHandleRequest() failed - <Unknown Exception>.
2024-11-20 08:58:40,188 [0x00002d94] f:\endpointserver\server\endpointserverimp.cpp:164 ERROR EndPointServerThreadCounter - PostHandleRequest() failed - <Unknown Exception>.
2024-11-20 09:58:40,239 [0x00002d8c] f:\endpointserver\server\endpointserverimp.cpp:164 ERROR EndPointServerThreadCounter - PostHandleRequest() failed - <Unknown Exception>.
2024-11-20 10:28:40,280 [0x00002d8c] f:\endpointserver\server\endpointserverimp.cpp:164 ERROR EndPointServerThreadCounter - PostHandleRequest() failed - <Unknown Exception>.
2024-11-20 11:29:24,750 [0x00002d8c] f:\endpointserver\server\endpointserverimp.cpp:164 ERROR EndPointServerThreadCounter - PostHandleRequest() failed - <Unknown Exception>.
2024-11-20 12:34:45,281 [0x00002d8c] f:\endpointserver\server\endpointserverimp.cpp:164 ERROR EndPointServerThreadCounter - PostHandleRequest() failed - <Unknown Exception>.
2024-11-20 14:14:45,389 [0x00002d8c] f:\endpointserver\server\endpointserverimp.cpp:164 ERROR EndPointServerThreadCounter - PostHandleRequest() failed - <Unknown Exception>.
2024-11-20 14:55:27,504 [0x00002d8c] f:\endpointserver\server\endpointserverimp.cpp:164 ERROR EndPointServerThreadCounter - PostHandleRequest() failed - <Unknown Exception>.
2024-11-20 17:21:30,971 [0x00002d8c] f:\endpointserver\server\endpointserverimp.cpp:164 ERROR EndPointServerThreadCounter - PostHandleRequest() failed - <Unknown Exception>.
2024-11-21 09:03:15,370 [0x00002d8c] f:\endpointserver\server\endpointserverimp.cpp:164 ERROR EndPointServerThreadCounter - PostHandleRequest() failed - <Unknown Exception>.
2024-11-21 10:51:27,229 [0x00002d88] f:\endpointserver\server\endpointserverimp.cpp:164 ERROR EndPointServerThreadCounter - PostHandleRequest() failed - <Unknown Exception>.
2024-11-21 11:11:23,938 [0x00002d8c] f:\endpointserver\server\endpointserverimp.cpp:164 ERROR EndPointServerThreadCounter - PostHandleRequest() failed - <Unknown Exception>.
2024-11-21 12:27:39,696 [0x00002d8c] f:\endpointserver\server\endpointserverimp.cpp:164 ERROR EndPointServerThreadCounter - PostHandleRequest() failed - <Unknown Exception>.
2024-11-22 08:39:41,581 [0x00002d88] f:\endpointserver\server\endpointserverimp.cpp:164 ERROR EndPointServerThreadCounter - PostHandleRequest() failed - <Unknown Exception>.
2024-11-22 09:50:32,610 [0x00002d94] f:\endpointserver\server\endpointserverimp.cpp:164 ERROR EndPointServerThreadCounter - PostHandleRequest() failed - <Unknown Exception>.
2024-11-22 10:00:32,569 [0x00002d88] f:\endpointserver\server\endpointserverimp.cpp:164 ERROR EndPointServerThreadCounter - PostHandleRequest() failed - <Unknown Exception>.
2024-11-22 12:10:26,064 [0x00002d94] f:\endpointserver\server\endpointserverimp.cpp:164 ERROR EndPointServerThreadCounter - PostHandleRequest() failed - <Unknown Exception>.
2024-11-22 12:16:43,957 [0x00002d88] f:\endpointserver\server\endpointserverimp.cpp:164 ERROR EndPointServerThreadCounter - PostHandleRequest() failed - <Unknown Exception>.
2024-11-22 13:50:26,211 [0x00002d88] f:\endpointserver\server\endpointserverimp.cpp:164 ERROR EndPointServerThreadCounter - PostHandleRequest() failed - <Unknown Exception>.
2024-11-22 15:00:26,312 [0x00002d94] f:\endpointserver\server\endpointserverimp.cpp:164 ERROR EndPointServerThreadCounter - PostHandleRequest() failed - <Unknown Exception>.
2024-11-23 08:23:12,876 [0x00002d88] f:\endpointserver\server\endpointserverimp.cpp:164 ERROR EndPointServerThreadCounter - PostHandleRequest() failed - <Unknown Exception>.
2024-11-23 09:03:12,967 [0x00002d88] f:\endpointserver\server\endpointserverimp.cpp:164 ERROR EndPointServerThreadCounter - PostHandleRequest() failed - <Unknown Exception>.
2024-11-23 09:23:13,014 [0x00002d94] f:\endpointserver\server\endpointserverimp.cpp:164 ERROR EndPointServerThreadCounter - PostHandleRequest() failed - <Unknown Exception>.
2024-11-23 09:23:32,033 [0x00002d88] f:\endpointserver\server\endpointserverimp.cpp:164 ERROR EndPointServerThreadCounter - PostHandleRequest() failed - <Unknown Exception>.
2024-11-23 10:21:37,518 [0x00002d94] f:\endpointserver\server\endpointserverimp.cpp:164 ERROR EndPointServerThreadCounter - PostHandleRequest() failed - <Unknown Exception>.
2024-11-23 11:41:37,605 [0x00002d94] f:\endpointserver\server\endpointserverimp.cpp:164 ERROR EndPointServerThreadCounter - PostHandleRequest() failed - <Unknown Exception>.
2024-11-23 12:01:37,640 [0x00002d94] f:\endpointserver\server\endpointserverimp.cpp:164 ERROR EndPointServerThreadCounter - PostHandleRequest() failed - <Unknown Exception>.
2024-11-23 12:11:37,634 [0x00002d94] f:\endpointserver\server\endpointserverimp.cpp:164 ERROR EndPointServerThreadCounter - PostHandleRequest() failed - <Unknown Exception>.
2024-11-23 12:41:37,710 [0x00002d88] f:\endpointserver\server\endpointserverimp.cpp:164 ERROR EndPointServerThreadCounter - PostHandleRequest() failed - <Unknown Exception>.
2024-11-23 14:41:37,769 [0x00002d8c] f:\endpointserver\server\endpointserverimp.cpp:164 ERROR EndPointServerThreadCounter - PostHandleRequest() failed - <Unknown Exception>.
2024-11-23 15:11:37,810 [0x00002d8c] f:\endpointserver\server\endpointserverimp.cpp:164 ERROR EndPointServerThreadCounter - PostHandleRequest() failed - <Unknown Exception>.
2024-11-23 15:38:45,990 [0x00002d88] f:\endpointserver\server\endpointserverimp.cpp:164 ERROR EndPointServerThreadCounter - PostHandleRequest() failed - <Unknown Exception>.
2024-11-23 16:38:46,017 [0x00002d8c] f:\endpointserver\server\endpointserverimp.cpp:164 ERROR EndPointServerThreadCounter - PostHandleRequest() failed - <Unknown Exception>.
2024-11-23 16:48:46,039 [0x00002d8c] f:\endpointserver\server\endpointserverimp.cpp:164 ERROR EndPointServerThreadCounter - PostHandleRequest() failed - <Unknown Exception>.
2024-11-25 09:49:00,202 [0x00002d88] f:\endpointserver\server\endpointserverimp.cpp:164 ERROR EndPointServerThreadCounter - PostHandleRequest() failed - <Unknown Exception>.
2024-11-25 10:19:00,229 [0x00002d94] f:\endpointserver\server\endpointserverimp.cpp:164 ERROR EndPointServerThreadCounter - PostHandleRequest() failed - <Unknown Exception>.
2024-11-25 11:49:00,253 [0x00002d94] f:\endpointserver\server\endpointserverimp.cpp:164 ERROR EndPointServerThreadCounter - PostHandleRequest() failed - <Unknown Exception>.
2024-11-25 11:59:00,920 [0x00002d94] f:\endpointserver\server\endpointserverimp.cpp:164 ERROR EndPointServerThreadCounter - PostHandleRequest() failed - <Unknown Exception>.
2024-11-25 13:49:00,395 [0x00002d94] f:\endpointserver\server\endpointserverimp.cpp:164 ERROR EndPointServerThreadCounter - PostHandleRequest() failed - <Unknown Exception>.
2024-11-25 13:59:00,401 [0x00002d8c] f:\endpointserver\server\endpointserverimp.cpp:164 ERROR EndPointServerThreadCounter - PostHandleRequest() failed - <Unknown Exception>.
2024-11-25 14:16:51,521 [0x00002d8c] f:\endpointserver\server\endpointserverimp.cpp:164 ERROR EndPointServerThreadCounter - PostHandleRequest() failed - <Unknown Exception>.
2024-11-25 14:39:00,463 [0x00002d8c] f:\endpointserver\server\endpointserverimp.cpp:164 ERROR EndPointServerThreadCounter - PostHandleRequest() failed - <Unknown Exception>.
2024-11-25 15:09:00,448 [0x00002d8c] f:\endpointserver\server\endpointserverimp.cpp:164 ERROR EndPointServerThreadCounter - PostHandleRequest() failed - <Unknown Exception>.
2024-11-25 15:19:00,455 [0x00002d8c] f:\endpointserver\server\endpointserverimp.cpp:164 ERROR EndPointServerThreadCounter - PostHandleRequest() failed - <Unknown Exception>.
2024-11-25 15:59:00,544 [0x00002d94] f:\endpointserver\server\endpointserverimp.cpp:164 ERROR EndPointServerThreadCounter - PostHandleRequest() failed - <Unknown Exception>.
2024-11-25 16:09:00,547 [0x00002d88] f:\endpointserver\server\endpointserverimp.cpp:164 ERROR EndPointServerThreadCounter - PostHandleRequest() failed - <Unknown Exception>.
2024-11-25 17:29:00,602 [0x00002d88] f:\endpointserver\server\endpointserverimp.cpp:164 ERROR EndPointServerThreadCounter - PostHandleRequest() failed - <Unknown Exception>.
2024-11-26 11:29:24,692 [0x00002d8c] f:\endpointserver\server\endpointserverimp.cpp:164 ERROR EndPointServerThreadCounter - PostHandleRequest() failed - <Unknown Exception>.
2024-11-26 16:32:08,597 [0x00002d90] f:\endpointserver\server\endpointserverimp.cpp:164 ERROR EndPointServerThreadCounter - PostHandleRequest() failed - <Unknown Exception>.
2024-11-26 16:32:08,597 [0x00002d94] f:\endpointserver\server\endpointserverimp.cpp:164 ERROR EndPointServerThreadCounter - PostHandleRequest() failed - <Unknown Exception>.
2024-11-27 10:18:13,112 [0x00002d90] f:\endpointserver\server\endpointserverimp.cpp:164 ERROR EndPointServerThreadCounter - PostHandleRequest() failed - <Unknown Exception>.
2024-11-27 10:48:13,098 [0x00002d8c] f:\endpointserver\server\endpointserverimp.cpp:164 ERROR EndPointServerThreadCounter - PostHandleRequest() failed - <Unknown Exception>.
2024-11-27 10:58:13,172 [0x00002d8c] f:\endpointserver\server\endpointserverimp.cpp:164 ERROR EndPointServerThreadCounter - PostHandleRequest() failed - <Unknown Exception>.
2024-11-27 11:18:13,208 [0x00002d8c] f:\endpointserver\server\endpointserverimp.cpp:164 ERROR EndPointServerThreadCounter - PostHandleRequest() failed - <Unknown Exception>.
2024-11-27 11:38:13,226 [0x00002d8c] f:\endpointserver\server\endpointserverimp.cpp:164 ERROR EndPointServerThreadCounter - PostHandleRequest() failed - <Unknown Exception>.
2024-11-28 09:42:18,377 [0x00002d60] f:\endpointserver\server\endpointserverimp.cpp:164 ERROR EndPointServerThreadCounter - PostHandleRequest() failed - <Unknown Exception>.
2024-11-28 10:12:18,424 [0x00002d94] f:\endpointserver\server\endpointserverimp.cpp:164 ERROR EndPointServerThreadCounter - PostHandleRequest() failed - <Unknown Exception>.
2024-11-28 11:32:18,459 [0x00002d60] f:\endpointserver\server\endpointserverimp.cpp:164 ERROR EndPointServerThreadCounter - PostHandleRequest() failed - <Unknown Exception>.
2024-11-28 11:52:18,450 [0x00002d60] f:\endpointserver\server\endpointserverimp.cpp:164 ERROR EndPointServerThreadCounter - PostHandleRequest() failed - <Unknown Exception>.
2024-11-28 14:42:18,539 [0x00002d94] f:\endpointserver\server\endpointserverimp.cpp:164 ERROR EndPointServerThreadCounter - PostHandleRequest() failed - <Unknown Exception>.
2024-11-28 15:42:18,664 [0x00002d60] f:\endpointserver\server\endpointserverimp.cpp:164 ERROR EndPointServerThreadCounter - PostHandleRequest() failed - <Unknown Exception>.
2024-11-28 16:11:37,698 [0x00002d94] f:\endpointserver\server\endpointserverimp.cpp:164 ERROR EndPointServerThreadCounter - PostHandleRequest() failed - <Unknown Exception>.
2024-11-28 16:12:18,646 [0x00002d90] f:\endpointserver\server\endpointserverimp.cpp:164 ERROR EndPointServerThreadCounter - PostHandleRequest() failed - <Unknown Exception>.
2024-11-28 16:22:18,659 [0x00002d90] f:\endpointserver\server\endpointserverimp.cpp:164 ERROR EndPointServerThreadCounter - PostHandleRequest() failed - <Unknown Exception>.
2024-11-28 16:26:35,821 [0x00002d90] f:\endpointserver\server\endpointserverimp.cpp:164 ERROR EndPointServerThreadCounter - PostHandleRequest() failed - <Unknown Exception>.
2024-11-28 16:32:18,784 [0x00002d90] f:\endpointserver\server\endpointserverimp.cpp:164 ERROR EndPointServerThreadCounter - PostHandleRequest() failed - <Unknown Exception>.
2024-11-28 16:52:18,720 [0x00002d94] f:\endpointserver\server\endpointserverimp.cpp:164 ERROR EndPointServerThreadCounter - PostHandleRequest() failed - <Unknown Exception>.
2024-11-28 17:02:18,706 [0x00002d94] f:\endpointserver\server\endpointserverimp.cpp:164 ERROR EndPointServerThreadCounter - PostHandleRequest() failed - <Unknown Exception>.
2024-11-28 17:32:18,772 [0x00002d94] f:\endpointserver\server\endpointserverimp.cpp:164 ERROR EndPointServerThreadCounter - PostHandleRequest() failed - <Unknown Exception>.
2024-11-29 11:20:26,755 [0x00002d90] f:\endpointserver\server\endpointserverimp.cpp:164 ERROR EndPointServerThreadCounter - PostHandleRequest() failed - <Unknown Exception>.
2024-11-29 13:10:26,864 [0x00002d90] f:\endpointserver\server\endpointserverimp.cpp:164 ERROR EndPointServerThreadCounter - PostHandleRequest() failed - <Unknown Exception>.
2024-11-29 13:40:26,853 [0x00002d90] f:\endpointserver\server\endpointserverimp.cpp:164 ERROR EndPointServerThreadCounter - PostHandleRequest() failed - <Unknown Exception>.
2024-11-29 14:50:26,959 [0x00002d90] f:\endpointserver\server\endpointserverimp.cpp:164 ERROR EndPointServerThreadCounter - PostHandleRequest() failed - <Unknown Exception>.
2024-11-29 15:10:26,977 [0x00002d90] f:\endpointserver\server\endpointserverimp.cpp:164 ERROR EndPointServerThreadCounter - PostHandleRequest() failed - <Unknown Exception>.
2024-11-29 16:52:44,451 [0x00002d90] f:\endpointserver\server\endpointserverimp.cpp:164 ERROR EndPointServerThreadCounter - PostHandleRequest() failed - <Unknown Exception>.
2024-11-30 16:22:06,241 [0x00002d60] f:\endpointserver\server\endpointserverimp.cpp:164 ERROR EndPointServerThreadCounter - PostHandleRequest() failed - <Unknown Exception>.
2024-12-01 23:55:59,334 [0x00002d94] f:\endpointserver\server\endpointserverimp.cpp:164 ERROR EndPointServerThreadCounter - PostHandleRequest() failed - <Unknown Exception>.
2024-12-02 11:19:10,519 [0x00002d94] f:\endpointserver\server\endpointserverimp.cpp:164 ERROR EndPointServerThreadCounter - PostHandleRequest() failed - <Unknown Exception>.
2024-12-02 11:59:10,603 [0x00002d94] f:\endpointserver\server\endpointserverimp.cpp:164 ERROR EndPointServerThreadCounter - PostHandleRequest() failed - <Unknown Exception>.
2024-12-02 12:19:10,613 [0x00002d94] f:\endpointserver\server\endpointserverimp.cpp:164 ERROR EndPointServerThreadCounter - PostHandleRequest() failed - <Unknown Exception>.
2024-12-02 12:59:10,653 [0x00002d94] f:\endpointserver\server\endpointserverimp.cpp:164 ERROR EndPointServerThreadCounter - PostHandleRequest() failed - <Unknown Exception>.
2024-12-02 13:29:10,664 [0x00002d94] f:\endpointserver\server\endpointserverimp.cpp:164 ERROR EndPointServerThreadCounter - PostHandleRequest() failed - <Unknown Exception>.
2024-12-02 15:09:15,267 [0x00002d60] f:\endpointserver\server\endpointserverimp.cpp:164 ERROR EndPointServerThreadCounter - PostHandleRequest() failed - <Unknown Exception>.
2024-12-02 15:49:15,307 [0x00002d60] f:\endpointserver\server\endpointserverimp.cpp:164 ERROR EndPointServerThreadCounter - PostHandleRequest() failed - <Unknown Exception>.
2024-12-02 15:49:34,277 [0x00002d94] f:\endpointserver\server\endpointserverimp.cpp:164 ERROR EndPointServerThreadCounter - PostHandleRequest() failed - <Unknown Exception>.
2024-12-02 15:59:15,335 [0x00002d94] f:\endpointserver\server\endpointserverimp.cpp:164 ERROR EndPointServerThreadCounter - PostHandleRequest() failed - <Unknown Exception>.
2024-12-02 16:19:15,363 [0x00002d90] f:\endpointserver\server\endpointserverimp.cpp:164 ERROR EndPointServerThreadCounter - PostHandleRequest() failed - <Unknown Exception>.
2024-12-02 16:49:15,366 [0x00002d60] f:\endpointserver\server\endpointserverimp.cpp:164 ERROR EndPointServerThreadCounter - PostHandleRequest() failed - <Unknown Exception>.
2024-12-02 17:09:12,545 [0x00002d60] f:\endpointserver\server\endpointserverimp.cpp:164 ERROR EndPointServerThreadCounter - PostHandleRequest() failed - <Unknown Exception>.
2024-12-02 20:05:48,755 [0x00002d90] f:\endpointserver\server\endpointserverimp.cpp:164 ERROR EndPointServerThreadCounter - PostHandleRequest() failed - <Unknown Exception>.
2024-12-03 09:35:22,087 [0x00002d60] f:\endpointserver\server\endpointserverimp.cpp:164 ERROR EndPointServerThreadCounter - PostHandleRequest() failed - <Unknown Exception>.
2024-12-03 10:05:20,056 [0x00002d94] f:\endpointserver\server\endpointserverimp.cpp:164 ERROR EndPointServerThreadCounter - PostHandleRequest() failed - <Unknown Exception>.
2024-12-03 11:15:20,121 [0x00002d8c] f:\endpointserver\server\endpointserverimp.cpp:164 ERROR EndPointServerThreadCounter - PostHandleRequest() failed - <Unknown Exception>.
2024-12-03 11:55:20,181 [0x00002d8c] f:\endpointserver\server\endpointserverimp.cpp:164 ERROR EndPointServerThreadCounter - PostHandleRequest() failed - <Unknown Exception>.
2024-12-03 12:55:20,225 [0x00002d8c] f:\endpointserver\server\endpointserverimp.cpp:164 ERROR EndPointServerThreadCounter - PostHandleRequest() failed - <Unknown Exception>.
2024-12-03 14:15:20,297 [0x00002d8c] f:\endpointserver\server\endpointserverimp.cpp:164 ERROR EndPointServerThreadCounter - PostHandleRequest() failed - <Unknown Exception>.
2024-12-03 15:25:20,380 [0x00002d8c] f:\endpointserver\server\endpointserverimp.cpp:164 ERROR EndPointServerThreadCounter - PostHandleRequest() failed - <Unknown Exception>.
2024-12-03 16:15:20,446 [0x00002d8c] f:\endpointserver\server\endpointserverimp.cpp:164 ERROR EndPointServerThreadCounter - PostHandleRequest() failed - <Unknown Exception>.
2024-12-04 10:20:20,020 [0x00002d90] f:\endpointserver\server\endpointserverimp.cpp:164 ERROR EndPointServerThreadCounter - PostHandleRequest() failed - <Unknown Exception>.
2024-12-04 10:40:20,055 [0x00002d90] f:\endpointserver\server\endpointserverimp.cpp:164 ERROR EndPointServerThreadCounter - PostHandleRequest() failed - <Unknown Exception>.
2024-12-04 11:10:20,100 [0x00002d8c] f:\endpointserver\server\endpointserverimp.cpp:164 ERROR EndPointServerThreadCounter - PostHandleRequest() failed - <Unknown Exception>.
2024-12-04 14:20:20,355 [0x00002d94] f:\endpointserver\server\endpointserverimp.cpp:164 ERROR EndPointServerThreadCounter - PostHandleRequest() failed - <Unknown Exception>.
2024-12-04 14:44:09,281 [0x00002d94] f:\endpointserver\server\endpointserverimp.cpp:164 ERROR EndPointServerThreadCounter - PostHandleRequest() failed - <Unknown Exception>.
2024-12-04 15:20:20,367 [0x00002d94] f:\endpointserver\server\endpointserverimp.cpp:164 ERROR EndPointServerThreadCounter - PostHandleRequest() failed - <Unknown Exception>.
2024-12-04 15:40:20,369 [0x00002d94] f:\endpointserver\server\endpointserverimp.cpp:164 ERROR EndPointServerThreadCounter - PostHandleRequest() failed - <Unknown Exception>.
2024-12-04 16:50:20,476 [0x00002d60] f:\endpointserver\server\endpointserverimp.cpp:164 ERROR EndPointServerThreadCounter - PostHandleRequest() failed - <Unknown Exception>.
2024-12-05 10:13:12,354 [0x00002d90] f:\endpointserver\server\endpointserverimp.cpp:164 ERROR EndPointServerThreadCounter - PostHandleRequest() failed - <Unknown Exception>.
2024-12-05 10:23:12,345 [0x00002d90] f:\endpointserver\server\endpointserverimp.cpp:164 ERROR EndPointServerThreadCounter - PostHandleRequest() failed - <Unknown Exception>.
2024-12-05 12:33:12,457 [0x00002d90] f:\endpointserver\server\endpointserverimp.cpp:164 ERROR EndPointServerThreadCounter - PostHandleRequest() failed - <Unknown Exception>.
2024-12-05 14:03:12,522 [0x00002d90] f:\endpointserver\server\endpointserverimp.cpp:164 ERROR EndPointServerThreadCounter - PostHandleRequest() failed - <Unknown Exception>.
2024-12-05 17:23:38,732 [0x00002d60] f:\endpointserver\server\endpointserverimp.cpp:164 ERROR EndPointServerThreadCounter - PostHandleRequest() failed - <Unknown Exception>.
2024-12-05 22:04:35,593 [0x00002d90] f:\endpointserver\server\endpointserverimp.cpp:164 ERROR EndPointServerThreadCounter - PostHandleRequest() failed - <Unknown Exception>.
2024-12-06 09:20:47,575 [0x00002d8c] f:\endpointserver\server\endpointserverimp.cpp:164 ERROR EndPointServerThreadCounter - PostHandleRequest() failed - <Unknown Exception>.
2024-12-06 10:01:00,626 [0x00002d94] f:\endpointserver\server\endpointserverimp.cpp:164 ERROR EndPointServerThreadCounter - PostHandleRequest() failed - <Unknown Exception>.
2024-12-06 14:10:47,912 [0x00002d8c] f:\endpointserver\server\endpointserverimp.cpp:164 ERROR EndPointServerThreadCounter - PostHandleRequest() failed - <Unknown Exception>.
2024-12-06 14:40:47,918 [0x00002d8c] f:\endpointserver\server\endpointserverimp.cpp:164 ERROR EndPointServerThreadCounter - PostHandleRequest() failed - <Unknown Exception>.
2024-12-06 15:10:47,977 [0x00002d94] f:\endpointserver\server\endpointserverimp.cpp:164 ERROR EndPointServerThreadCounter - PostHandleRequest() failed - <Unknown Exception>.
2024-12-06 15:40:47,990 [0x00002d8c] f:\endpointserver\server\endpointserverimp.cpp:164 ERROR EndPointServerThreadCounter - PostHandleRequest() failed - <Unknown Exception>.
2024-12-06 16:30:48,032 [0x00002d8c] f:\endpointserver\server\endpointserverimp.cpp:164 ERROR EndPointServerThreadCounter - PostHandleRequest() failed - <Unknown Exception>.
2024-12-06 17:20:48,067 [0x00002d8c] f:\endpointserver\server\endpointserverimp.cpp:164 ERROR EndPointServerThreadCounter - PostHandleRequest() failed - <Unknown Exception>.
2024-12-06 18:18:58,816 [0x00002d8c] f:\endpointserver\server\endpointserverimp.cpp:164 ERROR EndPointServerThreadCounter - PostHandleRequest() failed - <Unknown Exception>.
2024-12-07 06:34:52,090 [0x00002d60] f:\endpointserver\server\endpointserverimp.cpp:164 ERROR EndPointServerThreadCounter - PostHandleRequest() failed - <Unknown Exception>.
2024-12-07 13:11:48,960 [0x00002d60] f:\endpointserver\server\endpointserverimp.cpp:164 ERROR EndPointServerThreadCounter - PostHandleRequest() failed - <Unknown Exception>.
2024-12-09 13:44:40,027 [0x00002d60] f:\endpointserver\server\endpointserverimp.cpp:164 ERROR EndPointServerThreadCounter - PostHandleRequest() failed - <Unknown Exception>.
2024-12-09 13:54:35,565 [0x00002d60] f:\endpointserver\server\endpointserverimp.cpp:164 ERROR EndPointServerThreadCounter - PostHandleRequest() failed - <Unknown Exception>.
2024-12-09 15:04:35,682 [0x00002d60] f:\endpointserver\server\endpointserverimp.cpp:164 ERROR EndPointServerThreadCounter - PostHandleRequest() failed - <Unknown Exception>.
2024-12-09 15:14:35,665 [0x00002d60] f:\endpointserver\server\endpointserverimp.cpp:164 ERROR EndPointServerThreadCounter - PostHandleRequest() failed - <Unknown Exception>.
2024-12-09 16:14:35,734 [0x00002d90] f:\endpointserver\server\endpointserverimp.cpp:164 ERROR EndPointServerThreadCounter - PostHandleRequest() failed - <Unknown Exception>.
2024-12-09 17:04:35,782 [0x00002d90] f:\endpointserver\server\endpointserverimp.cpp:164 ERROR EndPointServerThreadCounter - PostHandleRequest() failed - <Unknown Exception>.
2024-12-10 11:03:20,929 [0x00002d94] f:\endpointserver\server\endpointserverimp.cpp:164 ERROR EndPointServerThreadCounter - PostHandleRequest() failed - <Unknown Exception>.
2024-12-10 11:43:21,002 [0x00002d8c] f:\endpointserver\server\endpointserverimp.cpp:164 ERROR EndPointServerThreadCounter - PostHandleRequest() failed - <Unknown Exception>.
2024-12-10 11:53:20,914 [0x00002d8c] f:\endpointserver\server\endpointserverimp.cpp:164 ERROR EndPointServerThreadCounter - PostHandleRequest() failed - <Unknown Exception>.
2024-12-10 12:23:21,025 [0x00002d8c] f:\endpointserver\server\endpointserverimp.cpp:164 ERROR EndPointServerThreadCounter - PostHandleRequest() failed - <Unknown Exception>.
2024-12-10 12:53:21,031 [0x00002d8c] f:\endpointserver\server\endpointserverimp.cpp:164 ERROR EndPointServerThreadCounter - PostHandleRequest() failed - <Unknown Exception>.
2024-12-10 13:33:21,064 [0x00002d8c] f:\endpointserver\server\endpointserverimp.cpp:164 ERROR EndPointServerThreadCounter - PostHandleRequest() failed - <Unknown Exception>.
2024-12-10 14:27:52,852 [0x00002d8c] f:\endpointserver\server\endpointserverimp.cpp:164 ERROR EndPointServerThreadCounter - PostHandleRequest() failed - <Unknown Exception>.
2024-12-10 14:43:21,172 [0x00002d60] f:\endpointserver\server\endpointserverimp.cpp:164 ERROR EndPointServerThreadCounter - PostHandleRequest() failed - <Unknown Exception>.
2024-12-10 15:53:23,976 [0x00002d8c] f:\endpointserver\server\endpointserverimp.cpp:164 ERROR EndPointServerThreadCounter - PostHandleRequest() failed - <Unknown Exception>.
2024-12-10 15:53:42,975 [0x00002d60] f:\endpointserver\server\endpointserverimp.cpp:164 ERROR EndPointServerThreadCounter - PostHandleRequest() failed - <Unknown Exception>.
2024-12-10 16:03:23,975 [0x00002d60] f:\endpointserver\server\endpointserverimp.cpp:164 ERROR EndPointServerThreadCounter - PostHandleRequest() failed - <Unknown Exception>.
2024-12-10 16:53:24,048 [0x00002d60] f:\endpointserver\server\endpointserverimp.cpp:164 ERROR EndPointServerThreadCounter - PostHandleRequest() failed - <Unknown Exception>.
2024-12-10 17:38:38,266 [0x00002d60] f:\endpointserver\server\endpointserverimp.cpp:164 ERROR EndPointServerThreadCounter - PostHandleRequest() failed - <Unknown Exception>.
2024-12-11 04:47:54,261 [0x00002d60] f:\endpointserver\server\endpointserverimp.cpp:164 ERROR EndPointServerThreadCounter - PostHandleRequest() failed - <Unknown Exception>.
2024-12-11 10:16:10,591 [0x00002d90] f:\endpointserver\server\endpointserverimp.cpp:164 ERROR EndPointServerThreadCounter - PostHandleRequest() failed - <Unknown Exception>.
2024-12-11 10:26:10,639 [0x00002d60] f:\endpointserver\server\endpointserverimp.cpp:164 ERROR EndPointServerThreadCounter - PostHandleRequest() failed - <Unknown Exception>.
2024-12-11 13:06:10,725 [0x00002d8c] f:\endpointserver\server\endpointserverimp.cpp:164 ERROR EndPointServerThreadCounter - PostHandleRequest() failed - <Unknown Exception>.
2024-12-11 13:16:10,801 [0x00002d8c] f:\endpointserver\server\endpointserverimp.cpp:164 ERROR EndPointServerThreadCounter - PostHandleRequest() failed - <Unknown Exception>.
2024-12-11 13:16:29,780 [0x00002d90] f:\endpointserver\server\endpointserverimp.cpp:164 ERROR EndPointServerThreadCounter - PostHandleRequest() failed - <Unknown Exception>.
2024-12-11 13:26:10,786 [0x00002d90] f:\endpointserver\server\endpointserverimp.cpp:164 ERROR EndPointServerThreadCounter - PostHandleRequest() failed - <Unknown Exception>.
2024-12-11 15:06:10,864 [0x00002d90] f:\endpointserver\server\endpointserverimp.cpp:164 ERROR EndPointServerThreadCounter - PostHandleRequest() failed - <Unknown Exception>.
2024-12-12 10:11:51,556 [0x00002d60] f:\endpointserver\server\endpointserverimp.cpp:164 ERROR EndPointServerThreadCounter - PostHandleRequest() failed - <Unknown Exception>.
2024-12-12 12:15:57,454 [0x00002d8c] f:\endpointserver\server\endpointserverimp.cpp:164 ERROR EndPointServerThreadCounter - PostHandleRequest() failed - <Unknown Exception>.
2024-12-16 10:10:48,017 [0x00002d8c] f:\endpointserver\server\endpointserverimp.cpp:164 ERROR EndPointServerThreadCounter - PostHandleRequest() failed - <Unknown Exception>.
2024-12-16 11:35:22,817 [0x00002d94] f:\endpointserver\server\endpointserverimp.cpp:164 ERROR EndPointServerThreadCounter - PostHandleRequest() failed - <Unknown Exception>.
2024-12-16 12:05:20,372 [0x00002d94] f:\endpointserver\server\endpointserverimp.cpp:164 ERROR EndPointServerThreadCounter - PostHandleRequest() failed - <Unknown Exception>.
2024-12-16 12:30:48,219 [0x00002d94] f:\endpointserver\server\endpointserverimp.cpp:164 ERROR EndPointServerThreadCounter - PostHandleRequest() failed - <Unknown Exception>.
2024-12-16 12:55:20,399 [0x00002d94] f:\endpointserver\server\endpointserverimp.cpp:164 ERROR EndPointServerThreadCounter - PostHandleRequest() failed - <Unknown Exception>.
2024-12-16 14:21:46,155 [0x00002d94] f:\endpointserver\server\endpointserverimp.cpp:164 ERROR EndPointServerThreadCounter - PostHandleRequest() failed - <Unknown Exception>.
2024-12-16 15:11:46,177 [0x00002d94] f:\endpointserver\server\endpointserverimp.cpp:164 ERROR EndPointServerThreadCounter - PostHandleRequest() failed - <Unknown Exception>.
2024-12-16 16:01:46,209 [0x00002d60] f:\endpointserver\server\endpointserverimp.cpp:164 ERROR EndPointServerThreadCounter - PostHandleRequest() failed - <Unknown Exception>.
2024-12-16 17:02:08,639 [0x00002d8c] f:\endpointserver\server\endpointserverimp.cpp:164 ERROR EndPointServerThreadCounter - PostHandleRequest() failed - <Unknown Exception>.
2024-12-17 08:30:38,302 [0x00002d94] f:\endpointserver\server\endpointserverimp.cpp:164 ERROR EndPointServerThreadCounter - PostHandleRequest() failed - <Unknown Exception>.
2024-12-17 09:10:38,384 [0x00002d60] f:\endpointserver\server\endpointserverimp.cpp:164 ERROR EndPointServerThreadCounter - PostHandleRequest() failed - <Unknown Exception>.
2024-12-17 09:30:38,319 [0x00002d60] f:\endpointserver\server\endpointserverimp.cpp:164 ERROR EndPointServerThreadCounter - PostHandleRequest() failed - <Unknown Exception>.
2024-12-17 11:13:12,506 [0x00002d60] f:\endpointserver\server\endpointserverimp.cpp:164 ERROR EndPointServerThreadCounter - PostHandleRequest() failed - <Unknown Exception>.
2024-12-17 11:50:23,024 [0x00002d60] f:\endpointserver\server\endpointserverimp.cpp:164 ERROR EndPointServerThreadCounter - PostHandleRequest() failed - <Unknown Exception>.
2024-12-17 13:06:41,754 [0x00002d60] f:\endpointserver\server\endpointserverimp.cpp:164 ERROR EndPointServerThreadCounter - PostHandleRequest() failed - <Unknown Exception>.
2024-12-17 13:26:41,778 [0x00002d60] f:\endpointserver\server\endpointserverimp.cpp:164 ERROR EndPointServerThreadCounter - PostHandleRequest() failed - <Unknown Exception>.
2024-12-17 13:46:41,807 [0x00002d60] f:\endpointserver\server\endpointserverimp.cpp:164 ERROR EndPointServerThreadCounter - PostHandleRequest() failed - <Unknown Exception>.
2024-12-17 14:16:41,874 [0x00002d60] f:\endpointserver\server\endpointserverimp.cpp:164 ERROR EndPointServerThreadCounter - PostHandleRequest() failed - <Unknown Exception>.
2024-12-17 14:37:29,857 [0x00002d60] f:\endpointserver\server\endpointserverimp.cpp:164 ERROR EndPointServerThreadCounter - PostHandleRequest() failed - <Unknown Exception>.
2024-12-17 14:37:48,835 [0x00002d90] f:\endpointserver\server\endpointserverimp.cpp:164 ERROR EndPointServerThreadCounter - PostHandleRequest() failed - <Unknown Exception>.
2024-12-17 15:17:29,855 [0x00002d90] f:\endpointserver\server\endpointserverimp.cpp:164 ERROR EndPointServerThreadCounter - PostHandleRequest() failed - <Unknown Exception>.
2024-12-17 16:54:12,744 [0x00002d60] f:\endpointserver\server\endpointserverimp.cpp:164 ERROR EndPointServerThreadCounter - PostHandleRequest() failed - <Unknown Exception>.
2024-12-17 17:35:49,297 [0x00002d60] f:\endpointserver\server\endpointserverimp.cpp:164 ERROR EndPointServerThreadCounter - PostHandleRequest() failed - <Unknown Exception>.
2024-12-18 09:37:38,112 [0x00002d8c] f:\endpointserver\server\endpointserverimp.cpp:164 ERROR EndPointServerThreadCounter - PostHandleRequest() failed - <Unknown Exception>.
2024-12-18 11:47:45,763 [0x00002d90] f:\endpointserver\server\endpointserverimp.cpp:164 ERROR EndPointServerThreadCounter - PostHandleRequest() failed - <Unknown Exception>.
2024-12-18 12:07:45,783 [0x00002d90] f:\endpointserver\server\endpointserverimp.cpp:164 ERROR EndPointServerThreadCounter - PostHandleRequest() failed - <Unknown Exception>.
2024-12-18 12:17:45,800 [0x00002d90] f:\endpointserver\server\endpointserverimp.cpp:164 ERROR EndPointServerThreadCounter - PostHandleRequest() failed - <Unknown Exception>.
2024-12-18 14:11:00,000 [0x00002d8c] f:\endpointserver\server\endpointserverimp.cpp:164 ERROR EndPointServerThreadCounter - PostHandleRequest() failed - <Unknown Exception>.
2024-12-18 14:41:00,017 [0x00002d8c] f:\endpointserver\server\endpointserverimp.cpp:164 ERROR EndPointServerThreadCounter - PostHandleRequest() failed - <Unknown Exception>.
2024-12-18 15:50:51,252 [0x00003f0c] f:\commprotocol\core\objectcomm.cpp:299 ERROR Communication - AsyncCommClient: CommException with <0> error code thrown from IO thread
2024-12-18 15:50:51,252 [0x00002300] f:\commprotocol\core\objectcomm.cpp:299 ERROR Communication - AsyncCommClient: CommException with <0> error code thrown from IO thread
2024-12-18 15:50:51,253 [0x00003f0c] f:\commprotocol\core\objectcomm.cpp:347 FATAL Communication - AsyncCommClient: CommException thrown in IO Thread <Broken Pipe, recieveBuffer has failed, connection was closed by the other side>
2024-12-18 15:50:51,253 [0x00002300] f:\commprotocol\core\objectcomm.cpp:347 FATAL Communication - AsyncCommClient: CommException thrown in IO Thread <Broken Pipe, recieveBuffer has failed, connection was closed by the other side>
2024-12-18 15:52:26,951 [0x000028b4] f:\pais\util\filesystem\utils.cpp:429 ERROR Exception - Not connected, state 0
2024-12-18 15:52:26,953 [0x000028b4] f:\endpointserver\core\endpointconfiguration.cpp:1739 ERROR ConfigurationHandler - Failed send object to Resolver. Try to connect to policyEngine exception=<Not connected, state 0>
2024-12-18 16:09:47,227 [0x00002d8c] f:\endpointserver\server\endpointserverimp.cpp:164 ERROR EndPointServerThreadCounter - PostHandleRequest() failed - <Unknown Exception>.
2024-12-18 16:27:51,870 [0x000020e4] f:\endpointserver\server\endpointserverimp.cpp:171 INFO ProcessInfo - Endpoint server process is stopping
2024-12-18 16:27:58,779 [0x00004544] f:\endpointserver\server\endpointserverimp.cpp:1197 INFO ProcessInfo - Endpoint server process is starting
2024-12-18 16:27:58,814 [0x00004544] f:\endpointserver\server\endpointserverimp.cpp:1268 INFO ProcessInfo - Endpoint server process is initialized
2024-12-18 17:03:30,539 [0x00002cf4] f:\endpointserver\server\endpointserverimp.cpp:164 ERROR EndPointServerThreadCounter - PostHandleRequest() failed - <Unknown Exception>.
2024-12-18 17:09:47,351 [0x00002cf4] f:\endpointserver\server\endpointserverimp.cpp:164 ERROR EndPointServerThreadCounter - PostHandleRequest() failed - <Unknown Exception>.
2024-12-18 17:11:33,368 [0x00004b78] f:\commprotocol\core\objectcomm.cpp:299 ERROR Communication - AsyncCommClient: CommException with <0> error code thrown from IO thread
2024-12-18 17:11:33,368 [0x00003778] f:\commprotocol\core\objectcomm.cpp:299 ERROR Communication - AsyncCommClient: CommException with <0> error code thrown from IO thread
2024-12-18 17:11:33,368 [0x00004b78] f:\commprotocol\core\objectcomm.cpp:347 FATAL Communication - AsyncCommClient: CommException thrown in IO Thread <Broken Pipe, recieveBuffer has failed, connection was closed by the other side>
2024-12-18 17:11:33,369 [0x00003778] f:\commprotocol\core\objectcomm.cpp:347 FATAL Communication - AsyncCommClient: CommException thrown in IO Thread <Broken Pipe, recieveBuffer has failed, connection was closed by the other side>
2024-12-18 17:18:48,386 [0x000042dc] f:\pais\util\filesystem\utils.cpp:429 ERROR Exception - Not connected, state 0
2024-12-18 17:18:48,387 [0x000042dc] f:\endpointserver\core\endpointconfiguration.cpp:1739 ERROR ConfigurationHandler - Failed send object to Resolver. Try to connect to policyEngine exception=<Not connected, state 0>
2024-12-19 10:59:26,330 [0x00001f90] f:\endpointserver\server\endpointserverimp.cpp:164 ERROR EndPointServerThreadCounter - PostHandleRequest() failed - <Unknown Exception>.
2024-12-19 11:29:26,388 [0x00002d20] f:\endpointserver\server\endpointserverimp.cpp:164 ERROR EndPointServerThreadCounter - PostHandleRequest() failed - <Unknown Exception>.
2024-12-19 12:59:26,493 [0x00002d20] f:\endpointserver\server\endpointserverimp.cpp:164 ERROR EndPointServerThreadCounter - PostHandleRequest() failed - <Unknown Exception>.
2024-12-19 13:39:26,508 [0x00001f90] f:\endpointserver\server\endpointserverimp.cpp:164 ERROR EndPointServerThreadCounter - PostHandleRequest() failed - <Unknown Exception>.
2024-12-19 14:39:26,590 [0x00002d20] f:\endpointserver\server\endpointserverimp.cpp:164 ERROR EndPointServerThreadCounter - PostHandleRequest() failed - <Unknown Exception>.
2024-12-19 15:01:27,939 [0x00002d20] f:\endpointserver\server\endpointserverimp.cpp:164 ERROR EndPointServerThreadCounter - PostHandleRequest() failed - <Unknown Exception>.
2024-12-19 15:21:27,982 [0x00002d20] f:\endpointserver\server\endpointserverimp.cpp:164 ERROR EndPointServerThreadCounter - PostHandleRequest() failed - <Unknown Exception>.
2024-12-19 15:31:27,997 [0x00002d20] f:\endpointserver\server\endpointserverimp.cpp:164 ERROR EndPointServerThreadCounter - PostHandleRequest() failed - <Unknown Exception>.
2024-12-20 12:54:00,596 [0x00002cf4] f:\endpointserver\server\endpointserverimp.cpp:164 ERROR EndPointServerThreadCounter - PostHandleRequest() failed - <Unknown Exception>.
2024-12-20 13:14:00,650 [0x00002cf4] f:\endpointserver\server\endpointserverimp.cpp:164 ERROR EndPointServerThreadCounter - PostHandleRequest() failed - <Unknown Exception>.
2024-12-20 13:24:37,543 [0x00002cf4] f:\endpointserver\server\endpointserverimp.cpp:164 ERROR EndPointServerThreadCounter - PostHandleRequest() failed - <Unknown Exception>.
2024-12-20 13:54:37,568 [0x00002cf4] f:\endpointserver\server\endpointserverimp.cpp:164 ERROR EndPointServerThreadCounter - PostHandleRequest() failed - <Unknown Exception>.
2024-12-23 10:12:20,074 [0x00002d20] f:\endpointserver\server\endpointserverimp.cpp:164 ERROR EndPointServerThreadCounter - PostHandleRequest() failed - <Unknown Exception>.
2024-12-23 10:22:20,088 [0x00002d20] f:\endpointserver\server\endpointserverimp.cpp:164 ERROR EndPointServerThreadCounter - PostHandleRequest() failed - <Unknown Exception>.
2024-12-23 10:32:20,142 [0x00002d20] f:\endpointserver\server\endpointserverimp.cpp:164 ERROR EndPointServerThreadCounter - PostHandleRequest() failed - <Unknown Exception>.
2024-12-23 10:32:39,140 [0x00002d1c] f:\endpointserver\server\endpointserverimp.cpp:164 ERROR EndPointServerThreadCounter - PostHandleRequest() failed - <Unknown Exception>.
2024-12-23 10:42:20,138 [0x00002d20] f:\endpointserver\server\endpointserverimp.cpp:164 ERROR EndPointServerThreadCounter - PostHandleRequest() failed - <Unknown Exception>.
2024-12-23 11:55:40,035 [0x00002d20] f:\endpointserver\server\endpointserverimp.cpp:164 ERROR EndPointServerThreadCounter - PostHandleRequest() failed - <Unknown Exception>.
2024-12-23 13:35:40,116 [0x00002d20] f:\endpointserver\server\endpointserverimp.cpp:164 ERROR EndPointServerThreadCounter - PostHandleRequest() failed - <Unknown Exception>.
2024-12-23 13:45:40,183 [0x00002d20] f:\endpointserver\server\endpointserverimp.cpp:164 ERROR EndPointServerThreadCounter - PostHandleRequest() failed - <Unknown Exception>.
2024-12-23 13:45:59,187 [0x00002d1c] f:\endpointserver\server\endpointserverimp.cpp:164 ERROR EndPointServerThreadCounter - PostHandleRequest() failed - <Unknown Exception>.
2024-12-23 16:53:04,704 [0x00004544] f:\endpointserver\server\endpointserverimp.cpp:171 INFO ProcessInfo - Endpoint server process is stopping
2024-12-23 17:33:09,403 [0x00002340] f:\endpointserver\server\endpointserverimp.cpp:1197 INFO ProcessInfo - Endpoint server process is starting
2024-12-23 17:33:10,481 [0x00002340] f:\pais\util\filesystem\utils.cpp:429 ERROR Exception - apr_socket_connect, error code 730060: A connection attempt failed because the connected party did not properly respond after a period of time, or established connection failed because connected host has failed to respond.  
2024-12-23 17:33:10,997 [0x00002340] f:\endpointserver\server\endpointserverimp.cpp:1268 INFO ProcessInfo - Endpoint server process is initialized
2024-12-23 17:39:40,390 [0x00002d44] f:\pais\util\filesystem\utils.cpp:429 ERROR Exception - Need to reestablish connection with policy engine
2024-12-23 17:39:40,390 [0x00002d44] f:\endpointserver\core\endpointconfiguration.cpp:1739 ERROR ConfigurationHandler - Failed send object to Resolver. Try to connect to policyEngine exception=<Need to reestablish connection with policy engine>
2024-12-23 22:08:15,126 [0x000028b0] f:\endpointserver\server\endpointserverimp.cpp:164 ERROR EndPointServerThreadCounter - PostHandleRequest() failed - <Unknown Exception>.
2024-12-24 08:55:58,644 [0x000026f8] f:\endpointserver\server\endpointserverimp.cpp:164 ERROR EndPointServerThreadCounter - PostHandleRequest() failed - <Unknown Exception>.
2024-12-24 09:25:58,681 [0x00002880] f:\endpointserver\server\endpointserverimp.cpp:164 ERROR EndPointServerThreadCounter - PostHandleRequest() failed - <Unknown Exception>.
2024-12-24 10:34:43,092 [0x000026f8] f:\endpointserver\server\endpointserverimp.cpp:164 ERROR EndPointServerThreadCounter - PostHandleRequest() failed - <Unknown Exception>.
2024-12-24 11:24:47,616 [0x00002668] f:\endpointserver\server\endpointserverimp.cpp:164 ERROR EndPointServerThreadCounter - PostHandleRequest() failed - <Unknown Exception>.
2024-12-24 11:25:06,626 [0x00002880] f:\endpointserver\server\endpointserverimp.cpp:164 ERROR EndPointServerThreadCounter - PostHandleRequest() failed - <Unknown Exception>.
2024-12-24 12:35:11,869 [0x00002668] f:\endpointserver\server\endpointserverimp.cpp:164 ERROR EndPointServerThreadCounter - PostHandleRequest() failed - <Unknown Exception>.
2024-12-24 13:05:18,931 [0x000026f8] f:\endpointserver\server\endpointserverimp.cpp:164 ERROR EndPointServerThreadCounter - PostHandleRequest() failed - <Unknown Exception>.
2024-12-24 13:35:18,905 [0x000026f8] f:\endpointserver\server\endpointserverimp.cpp:164 ERROR EndPointServerThreadCounter - PostHandleRequest() failed - <Unknown Exception>.
2024-12-24 14:05:18,915 [0x000026f8] f:\endpointserver\server\endpointserverimp.cpp:164 ERROR EndPointServerThreadCounter - PostHandleRequest() failed - <Unknown Exception>.
2024-12-24 14:25:19,009 [0x000026f8] f:\endpointserver\server\endpointserverimp.cpp:164 ERROR EndPointServerThreadCounter - PostHandleRequest() failed - <Unknown Exception>.
2024-12-24 14:25:37,989 [0x00002880] f:\endpointserver\server\endpointserverimp.cpp:164 ERROR EndPointServerThreadCounter - PostHandleRequest() failed - <Unknown Exception>.
2024-12-24 15:40:12,526 [0x000026f8] f:\endpointserver\server\endpointserverimp.cpp:164 ERROR EndPointServerThreadCounter - PostHandleRequest() failed - <Unknown Exception>.
2024-12-24 17:19:43,924 [0x000026f8] f:\endpointserver\server\endpointserverimp.cpp:164 ERROR EndPointServerThreadCounter - PostHandleRequest() failed - <Unknown Exception>.
2024-12-24 17:29:44,008 [0x000026f8] f:\endpointserver\server\endpointserverimp.cpp:164 ERROR EndPointServerThreadCounter - PostHandleRequest() failed - <Unknown Exception>.
2024-12-24 17:35:58,981 [0x000026f8] f:\endpointserver\server\endpointserverimp.cpp:164 ERROR EndPointServerThreadCounter - PostHandleRequest() failed - <Unknown Exception>.
2024-12-25 10:06:18,192 [0x00002880] f:\endpointserver\server\endpointserverimp.cpp:164 ERROR EndPointServerThreadCounter - PostHandleRequest() failed - <Unknown Exception>.
2024-12-25 10:16:18,209 [0x000028b0] f:\endpointserver\server\endpointserverimp.cpp:164 ERROR EndPointServerThreadCounter - PostHandleRequest() failed - <Unknown Exception>.
2024-12-25 11:39:37,386 [0x00002880] f:\endpointserver\server\endpointserverimp.cpp:164 ERROR EndPointServerThreadCounter - PostHandleRequest() failed - <Unknown Exception>.
2024-12-25 11:40:32,061 [0x00002340] f:\endpointserver\server\endpointserverimp.cpp:171 INFO ProcessInfo - Endpoint server process is stopping
2024-12-25 13:56:06,117 [0x000022d8] f:\endpointserver\server\endpointserverimp.cpp:1197 INFO ProcessInfo - Endpoint server process is starting
2024-12-25 13:56:07,164 [0x000022d8] f:\pais\util\filesystem\utils.cpp:429 ERROR Exception - apr_socket_connect, error code 730060: A connection attempt failed because the connected party did not properly respond after a period of time, or established connection failed because connected host has failed to respond.  
2024-12-25 13:56:08,164 [0x000022d8] f:\pais\util\filesystem\utils.cpp:429 ERROR Exception - apr_socket_connect, error code 730060: A connection attempt failed because the connected party did not properly respond after a period of time, or established connection failed because connected host has failed to respond.  
2024-12-25 13:56:08,633 [0x000022d8] f:\endpointserver\server\endpointserverimp.cpp:1268 INFO ProcessInfo - Endpoint server process is initialized
2024-12-25 14:10:55,647 [0x000023e8] f:\pais\util\filesystem\utils.cpp:429 ERROR Exception - Need to reestablish connection with policy engine
2024-12-25 14:10:55,647 [0x000023e8] f:\endpointserver\core\endpointconfiguration.cpp:1739 ERROR ConfigurationHandler - Failed send object to Resolver. Try to connect to policyEngine exception=<Need to reestablish connection with policy engine>
2024-12-25 14:12:11,408 [0x00002dcc] f:\endpointserver\server\endpointserverimp.cpp:164 ERROR EndPointServerThreadCounter - PostHandleRequest() failed - <Unknown Exception>.
2024-12-25 14:22:11,429 [0x00002dcc] f:\endpointserver\server\endpointserverimp.cpp:164 ERROR EndPointServerThreadCounter - PostHandleRequest() failed - <Unknown Exception>.
2024-12-25 15:10:56,816 [0x00002dcc] f:\endpointserver\server\endpointserverimp.cpp:164 ERROR EndPointServerThreadCounter - PostHandleRequest() failed - <Unknown Exception>.
2024-12-25 15:20:56,813 [0x00002dcc] f:\endpointserver\server\endpointserverimp.cpp:164 ERROR EndPointServerThreadCounter - PostHandleRequest() failed - <Unknown Exception>.
2024-12-25 15:50:56,797 [0x00002dcc] f:\endpointserver\server\endpointserverimp.cpp:164 ERROR EndPointServerThreadCounter - PostHandleRequest() failed - <Unknown Exception>.
2024-12-26 01:05:14,210 [0x00002dcc] f:\endpointserver\server\endpointserverimp.cpp:164 ERROR EndPointServerThreadCounter - PostHandleRequest() failed - <Unknown Exception>.
2024-12-26 01:25:14,249 [0x00002dcc] f:\endpointserver\server\endpointserverimp.cpp:164 ERROR EndPointServerThreadCounter - PostHandleRequest() failed - <Unknown Exception>.
2024-12-26 04:25:14,564 [0x00002dcc] f:\endpointserver\server\endpointserverimp.cpp:164 ERROR EndPointServerThreadCounter - PostHandleRequest() failed - <Unknown Exception>.
2024-12-26 04:35:14,587 [0x00002dcc] f:\endpointserver\server\endpointserverimp.cpp:164 ERROR EndPointServerThreadCounter - PostHandleRequest() failed - <Unknown Exception>.
2024-12-26 04:55:14,615 [0x00002dcc] f:\endpointserver\server\endpointserverimp.cpp:164 ERROR EndPointServerThreadCounter - PostHandleRequest() failed - <Unknown Exception>.
2024-12-26 09:03:00,887 [0x00002dcc] f:\endpointserver\server\endpointserverimp.cpp:164 ERROR EndPointServerThreadCounter - PostHandleRequest() failed - <Unknown Exception>.
2024-12-26 09:11:05,034 [0x00002dcc] f:\endpointserver\server\endpointserverimp.cpp:164 ERROR EndPointServerThreadCounter - PostHandleRequest() failed - <Unknown Exception>.
2024-12-26 09:21:05,076 [0x00002dcc] f:\endpointserver\server\endpointserverimp.cpp:164 ERROR EndPointServerThreadCounter - PostHandleRequest() failed - <Unknown Exception>.
2024-12-26 09:33:00,908 [0x00002da8] f:\endpointserver\server\endpointserverimp.cpp:164 ERROR EndPointServerThreadCounter - PostHandleRequest() failed - <Unknown Exception>.
2024-12-26 09:33:22,087 [0x00002dcc] f:\endpointserver\server\endpointserverimp.cpp:164 ERROR EndPointServerThreadCounter - PostHandleRequest() failed - <Unknown Exception>.
2024-12-26 09:43:00,881 [0x00002dcc] f:\endpointserver\server\endpointserverimp.cpp:164 ERROR EndPointServerThreadCounter - PostHandleRequest() failed - <Unknown Exception>.
2024-12-26 09:53:21,537 [0x00002dcc] f:\endpointserver\server\endpointserverimp.cpp:164 ERROR EndPointServerThreadCounter - PostHandleRequest() failed - <Unknown Exception>.
2024-12-26 10:03:00,964 [0x00002dcc] f:\endpointserver\server\endpointserverimp.cpp:164 ERROR EndPointServerThreadCounter - PostHandleRequest() failed - <Unknown Exception>.
2024-12-26 10:12:11,895 [0x00002dcc] f:\endpointserver\server\endpointserverimp.cpp:164 ERROR EndPointServerThreadCounter - PostHandleRequest() failed - <Unknown Exception>.
2024-12-26 10:13:00,971 [0x00002da8] f:\endpointserver\server\endpointserverimp.cpp:164 ERROR EndPointServerThreadCounter - PostHandleRequest() failed - <Unknown Exception>.
2024-12-26 10:43:40,676 [0x00002da8] f:\endpointserver\server\endpointserverimp.cpp:164 ERROR EndPointServerThreadCounter - PostHandleRequest() failed - <Unknown Exception>.
2024-12-26 10:53:01,021 [0x00002da8] f:\endpointserver\server\endpointserverimp.cpp:164 ERROR EndPointServerThreadCounter - PostHandleRequest() failed - <Unknown Exception>.
2024-12-26 11:16:03,075 [0x00002da8] f:\endpointserver\server\endpointserverimp.cpp:164 ERROR EndPointServerThreadCounter - PostHandleRequest() failed - <Unknown Exception>.
2024-12-26 11:26:03,098 [0x00002da8] f:\endpointserver\server\endpointserverimp.cpp:164 ERROR EndPointServerThreadCounter - PostHandleRequest() failed - <Unknown Exception>.
2024-12-26 11:46:05,628 [0x00002da0] f:\endpointserver\server\endpointserverimp.cpp:164 ERROR EndPointServerThreadCounter - PostHandleRequest() failed - <Unknown Exception>.
2024-12-26 11:46:24,609 [0x00002dcc] f:\endpointserver\server\endpointserverimp.cpp:164 ERROR EndPointServerThreadCounter - PostHandleRequest() failed - <Unknown Exception>.
2024-12-26 12:03:01,161 [0x00002dcc] f:\endpointserver\server\endpointserverimp.cpp:164 ERROR EndPointServerThreadCounter - PostHandleRequest() failed - <Unknown Exception>.
2024-12-26 12:20:43,538 [0x00002dcc] f:\endpointserver\server\endpointserverimp.cpp:164 ERROR EndPointServerThreadCounter - PostHandleRequest() failed - <Unknown Exception>.
2024-12-26 12:26:03,203 [0x00002dcc] f:\endpointserver\server\endpointserverimp.cpp:164 ERROR EndPointServerThreadCounter - PostHandleRequest() failed - <Unknown Exception>.
2024-12-26 12:33:01,193 [0x00002dcc] f:\endpointserver\server\endpointserverimp.cpp:164 ERROR EndPointServerThreadCounter - PostHandleRequest() failed - <Unknown Exception>.
2024-12-26 13:03:40,692 [0x00002dcc] f:\endpointserver\server\endpointserverimp.cpp:164 ERROR EndPointServerThreadCounter - PostHandleRequest() failed - <Unknown Exception>.
2024-12-26 13:09:11,159 [0x00002dcc] f:\endpointserver\server\endpointserverimp.cpp:164 ERROR EndPointServerThreadCounter - PostHandleRequest() failed - <Unknown Exception>.
2024-12-26 13:43:01,316 [0x00002dcc] f:\endpointserver\server\endpointserverimp.cpp:164 ERROR EndPointServerThreadCounter - PostHandleRequest() failed - <Unknown Exception>.
2024-12-26 14:56:40,405 [0x00002dcc] f:\endpointserver\server\endpointserverimp.cpp:164 ERROR EndPointServerThreadCounter - PostHandleRequest() failed - <Unknown Exception>.
2024-12-26 15:31:43,812 [0x00002dcc] f:\endpointserver\server\endpointserverimp.cpp:164 ERROR EndPointServerThreadCounter - PostHandleRequest() failed - <Unknown Exception>.
2024-12-26 15:43:01,526 [0x00002dcc] f:\endpointserver\server\endpointserverimp.cpp:164 ERROR EndPointServerThreadCounter - PostHandleRequest() failed - <Unknown Exception>.
2024-12-26 16:03:01,564 [0x00002dcc] f:\endpointserver\server\endpointserverimp.cpp:164 ERROR EndPointServerThreadCounter - PostHandleRequest() failed - <Unknown Exception>.
2024-12-26 17:04:34,269 [0x00002dcc] f:\endpointserver\server\endpointserverimp.cpp:164 ERROR EndPointServerThreadCounter - PostHandleRequest() failed - <Unknown Exception>.
2024-12-26 17:24:34,255 [0x00002da0] f:\endpointserver\server\endpointserverimp.cpp:164 ERROR EndPointServerThreadCounter - PostHandleRequest() failed - <Unknown Exception>.
2024-12-27 00:09:46,467 [0x00002da8] f:\endpointserver\server\endpointserverimp.cpp:164 ERROR EndPointServerThreadCounter - PostHandleRequest() failed - <Unknown Exception>.
2024-12-27 01:09:46,593 [0x00002da8] f:\endpointserver\server\endpointserverimp.cpp:164 ERROR EndPointServerThreadCounter - PostHandleRequest() failed - <Unknown Exception>.
2024-12-27 03:49:46,848 [0x00002da8] f:\endpointserver\server\endpointserverimp.cpp:164 ERROR EndPointServerThreadCounter - PostHandleRequest() failed - <Unknown Exception>.
2024-12-27 06:09:47,107 [0x00002da8] f:\endpointserver\server\endpointserverimp.cpp:164 ERROR EndPointServerThreadCounter - PostHandleRequest() failed - <Unknown Exception>.
2024-12-27 08:51:58,331 [0x00002da8] f:\endpointserver\server\endpointserverimp.cpp:164 ERROR EndPointServerThreadCounter - PostHandleRequest() failed - <Unknown Exception>.
2024-12-27 09:11:58,346 [0x00002da8] f:\endpointserver\server\endpointserverimp.cpp:164 ERROR EndPointServerThreadCounter - PostHandleRequest() failed - <Unknown Exception>.
2024-12-27 10:30:49,249 [0x00002da8] f:\endpointserver\server\endpointserverimp.cpp:164 ERROR EndPointServerThreadCounter - PostHandleRequest() failed - <Unknown Exception>.
2024-12-27 11:00:49,406 [0x00002da4] f:\endpointserver\server\endpointserverimp.cpp:164 ERROR EndPointServerThreadCounter - PostHandleRequest() failed - <Unknown Exception>.
2024-12-27 12:02:55,221 [0x00002da4] f:\endpointserver\server\endpointserverimp.cpp:164 ERROR EndPointServerThreadCounter - PostHandleRequest() failed - <Unknown Exception>.
2024-12-27 12:05:13,898 [0x00002da4] f:\endpointserver\server\endpointserverimp.cpp:164 ERROR EndPointServerThreadCounter - PostHandleRequest() failed - <Unknown Exception>.
2024-12-27 12:07:56,468 [0x00002df8] f:\pais\util\filesystem\utils.cpp:429 ERROR Exception - Need to reestablish connection with policy engine
2024-12-27 12:35:13,925 [0x00002da4] f:\endpointserver\server\endpointserverimp.cpp:164 ERROR EndPointServerThreadCounter - PostHandleRequest() failed - <Unknown Exception>.
2024-12-27 13:15:28,026 [0x00002da4] f:\endpointserver\server\endpointserverimp.cpp:164 ERROR EndPointServerThreadCounter - PostHandleRequest() failed - <Unknown Exception>.
2024-12-27 13:33:37,669 [0x00002da4] f:\endpointserver\server\endpointserverimp.cpp:164 ERROR EndPointServerThreadCounter - PostHandleRequest() failed - <Unknown Exception>.
2024-12-27 16:15:28,286 [0x00002da4] f:\endpointserver\server\endpointserverimp.cpp:164 ERROR EndPointServerThreadCounter - PostHandleRequest() failed - <Unknown Exception>.
2024-12-28 00:14:58,951 [0x00002da0] f:\endpointserver\server\endpointserverimp.cpp:164 ERROR EndPointServerThreadCounter - PostHandleRequest() failed - <Unknown Exception>.
2024-12-28 02:44:59,180 [0x00002da8] f:\endpointserver\server\endpointserverimp.cpp:164 ERROR EndPointServerThreadCounter - PostHandleRequest() failed - <Unknown Exception>.
2024-12-28 05:44:59,510 [0x00002da0] f:\endpointserver\server\endpointserverimp.cpp:164 ERROR EndPointServerThreadCounter - PostHandleRequest() failed - <Unknown Exception>.
2024-12-28 08:36:02,146 [0x00002da0] f:\endpointserver\server\endpointserverimp.cpp:164 ERROR EndPointServerThreadCounter - PostHandleRequest() failed - <Unknown Exception>.
2024-12-28 08:46:02,159 [0x00002da0] f:\endpointserver\server\endpointserverimp.cpp:164 ERROR EndPointServerThreadCounter - PostHandleRequest() failed - <Unknown Exception>.
2024-12-28 09:26:02,193 [0x00002da0] f:\endpointserver\server\endpointserverimp.cpp:164 ERROR EndPointServerThreadCounter - PostHandleRequest() failed - <Unknown Exception>.
2024-12-28 09:36:02,257 [0x00002da0] f:\endpointserver\server\endpointserverimp.cpp:164 ERROR EndPointServerThreadCounter - PostHandleRequest() failed - <Unknown Exception>.
2024-12-28 09:56:02,259 [0x00002da0] f:\endpointserver\server\endpointserverimp.cpp:164 ERROR EndPointServerThreadCounter - PostHandleRequest() failed - <Unknown Exception>.
2024-12-28 10:06:02,286 [0x00002da4] f:\endpointserver\server\endpointserverimp.cpp:164 ERROR EndPointServerThreadCounter - PostHandleRequest() failed - <Unknown Exception>.
2024-12-28 11:33:14,657 [0x00002da4] f:\endpointserver\server\endpointserverimp.cpp:164 ERROR EndPointServerThreadCounter - PostHandleRequest() failed - <Unknown Exception>.
2024-12-28 11:43:14,676 [0x00002da4] f:\endpointserver\server\endpointserverimp.cpp:164 ERROR EndPointServerThreadCounter - PostHandleRequest() failed - <Unknown Exception>.
2024-12-28 12:03:14,693 [0x00002da4] f:\endpointserver\server\endpointserverimp.cpp:164 ERROR EndPointServerThreadCounter - PostHandleRequest() failed - <Unknown Exception>.
2024-12-28 12:11:21,315 [0x00002da4] f:\endpointserver\server\endpointserverimp.cpp:164 ERROR EndPointServerThreadCounter - PostHandleRequest() failed - <Unknown Exception>.
2024-12-28 12:47:34,502 [0x00002da4] f:\endpointserver\server\endpointserverimp.cpp:164 ERROR EndPointServerThreadCounter - PostHandleRequest() failed - <Unknown Exception>.
2024-12-28 12:53:14,735 [0x00002da4] f:\endpointserver\server\endpointserverimp.cpp:164 ERROR EndPointServerThreadCounter - PostHandleRequest() failed - <Unknown Exception>.
2024-12-28 13:27:34,491 [0x00002da4] f:\endpointserver\server\endpointserverimp.cpp:164 ERROR EndPointServerThreadCounter - PostHandleRequest() failed - <Unknown Exception>.
2024-12-28 13:37:34,515 [0x00002da4] f:\endpointserver\server\endpointserverimp.cpp:164 ERROR EndPointServerThreadCounter - PostHandleRequest() failed - <Unknown Exception>.
2024-12-28 14:02:32,752 [0x00002da4] f:\endpointserver\server\endpointserverimp.cpp:164 ERROR EndPointServerThreadCounter - PostHandleRequest() failed - <Unknown Exception>.
2024-12-28 14:34:32,821 [0x00002da4] f:\endpointserver\server\endpointserverimp.cpp:164 ERROR EndPointServerThreadCounter - PostHandleRequest() failed - <Unknown Exception>.
2024-12-28 17:00:20,281 [0x00002da0] f:\endpointserver\server\endpointserverimp.cpp:164 ERROR EndPointServerThreadCounter - PostHandleRequest() failed - <Unknown Exception>.
2024-12-29 01:30:11,354 [0x00002da4] f:\endpointserver\server\endpointserverimp.cpp:164 ERROR EndPointServerThreadCounter - PostHandleRequest() failed - <Unknown Exception>.
2024-12-29 01:57:38,117 [0x00002da4] f:\endpointserver\server\endpointserverimp.cpp:164 ERROR EndPointServerThreadCounter - PostHandleRequest() failed - <Unknown Exception>.
2024-12-29 02:00:11,432 [0x00002da4] f:\endpointserver\server\endpointserverimp.cpp:164 ERROR EndPointServerThreadCounter - PostHandleRequest() failed - <Unknown Exception>.
2024-12-29 08:27:43,270 [0x00002dcc] f:\endpointserver\server\endpointserverimp.cpp:164 ERROR EndPointServerThreadCounter - PostHandleRequest() failed - <Unknown Exception>.
2024-12-29 09:39:24,650 [0x00002dcc] f:\endpointserver\server\endpointserverimp.cpp:164 ERROR EndPointServerThreadCounter - PostHandleRequest() failed - <Unknown Exception>.
2024-12-29 10:38:04,901 [0x00002dcc] f:\endpointserver\server\endpointserverimp.cpp:164 ERROR EndPointServerThreadCounter - PostHandleRequest() failed - <Unknown Exception>.
2024-12-29 10:49:37,563 [0x00002dcc] f:\endpointserver\server\endpointserverimp.cpp:164 ERROR EndPointServerThreadCounter - PostHandleRequest() failed - <Unknown Exception>.
2024-12-29 10:58:04,931 [0x00002dcc] f:\endpointserver\server\endpointserverimp.cpp:164 ERROR EndPointServerThreadCounter - PostHandleRequest() failed - <Unknown Exception>.
2024-12-29 13:21:25,200 [0x00002da4] f:\endpointserver\server\endpointserverimp.cpp:164 ERROR EndPointServerThreadCounter - PostHandleRequest() failed - <Unknown Exception>.
2024-12-29 13:30:24,663 [0x00002da4] f:\endpointserver\server\endpointserverimp.cpp:164 ERROR EndPointServerThreadCounter - PostHandleRequest() failed - <Unknown Exception>.
2024-12-29 13:41:25,243 [0x00002da4] f:\endpointserver\server\endpointserverimp.cpp:164 ERROR EndPointServerThreadCounter - PostHandleRequest() failed - <Unknown Exception>.
2024-12-29 14:01:25,262 [0x00002da4] f:\endpointserver\server\endpointserverimp.cpp:164 ERROR EndPointServerThreadCounter - PostHandleRequest() failed - <Unknown Exception>.
2024-12-29 15:11:17,483 [0x00002da4] f:\endpointserver\server\endpointserverimp.cpp:164 ERROR EndPointServerThreadCounter - PostHandleRequest() failed - <Unknown Exception>.
2024-12-29 15:33:47,940 [0x00002dcc] f:\endpointserver\server\endpointserverimp.cpp:164 ERROR EndPointServerThreadCounter - PostHandleRequest() failed - <Unknown Exception>.
2024-12-29 15:56:05,468 [0x00002da4] f:\endpointserver\server\endpointserverimp.cpp:164 ERROR EndPointServerThreadCounter - PostHandleRequest() failed - <Unknown Exception>.
2024-12-29 16:21:25,479 [0x00002da4] f:\endpointserver\server\endpointserverimp.cpp:164 ERROR EndPointServerThreadCounter - PostHandleRequest() failed - <Unknown Exception>.
2024-12-31 11:44:31,689 [0x00002da4] f:\endpointserver\server\endpointserverimp.cpp:164 ERROR EndPointServerThreadCounter - PostHandleRequest() failed - <Unknown Exception>.
2025-01-03 10:54:09,863 [0x00002dcc] f:\endpointserver\server\endpointserverimp.cpp:164 ERROR EndPointServerThreadCounter - PostHandleRequest() failed - <Unknown Exception>.
2025-01-03 11:14:09,868 [0x00002dcc] f:\endpointserver\server\endpointserverimp.cpp:164 ERROR EndPointServerThreadCounter - PostHandleRequest() failed - <Unknown Exception>.
2025-01-03 12:14:10,275 [0x00002dcc] f:\endpointserver\server\endpointserverimp.cpp:164 ERROR EndPointServerThreadCounter - PostHandleRequest() failed - <Unknown Exception>.
2025-01-03 12:34:10,024 [0x00002dcc] f:\endpointserver\server\endpointserverimp.cpp:164 ERROR EndPointServerThreadCounter - PostHandleRequest() failed - <Unknown Exception>.
2025-01-03 13:04:10,071 [0x00002dcc] f:\endpointserver\server\endpointserverimp.cpp:164 ERROR EndPointServerThreadCounter - PostHandleRequest() failed - <Unknown Exception>.
2025-01-04 09:42:11,005 [0x00002da8] f:\endpointserver\server\endpointserverimp.cpp:164 ERROR EndPointServerThreadCounter - PostHandleRequest() failed - <Unknown Exception>.
2025-01-04 10:12:11,055 [0x00002da4] f:\endpointserver\server\endpointserverimp.cpp:164 ERROR EndPointServerThreadCounter - PostHandleRequest() failed - <Unknown Exception>.
2025-01-04 10:52:11,126 [0x00002da4] f:\endpointserver\server\endpointserverimp.cpp:164 ERROR EndPointServerThreadCounter - PostHandleRequest() failed - <Unknown Exception>.
2025-01-06 10:26:30,734 [0x00002dcc] f:\endpointserver\server\endpointserverimp.cpp:164 ERROR EndPointServerThreadCounter - PostHandleRequest() failed - <Unknown Exception>.
2025-01-06 10:36:30,749 [0x00002dcc] f:\endpointserver\server\endpointserverimp.cpp:164 ERROR EndPointServerThreadCounter - PostHandleRequest() failed - <Unknown Exception>.
2025-01-06 10:56:30,772 [0x00002dcc] f:\endpointserver\server\endpointserverimp.cpp:164 ERROR EndPointServerThreadCounter - PostHandleRequest() failed - <Unknown Exception>.
2025-01-06 11:06:30,798 [0x00002dcc] f:\endpointserver\server\endpointserverimp.cpp:164 ERROR EndPointServerThreadCounter - PostHandleRequest() failed - <Unknown Exception>.
2025-01-06 11:20:27,964 [0x00002dcc] f:\endpointserver\server\endpointserverimp.cpp:164 ERROR EndPointServerThreadCounter - PostHandleRequest() failed - <Unknown Exception>.
2025-01-06 11:40:27,997 [0x00002da4] f:\endpointserver\server\endpointserverimp.cpp:164 ERROR EndPointServerThreadCounter - PostHandleRequest() failed - <Unknown Exception>.
2025-01-06 11:56:33,733 [0x00002da4] f:\endpointserver\server\endpointserverimp.cpp:164 ERROR EndPointServerThreadCounter - PostHandleRequest() failed - <Unknown Exception>.
2025-01-06 11:56:52,699 [0x00002dcc] f:\endpointserver\server\endpointserverimp.cpp:164 ERROR EndPointServerThreadCounter - PostHandleRequest() failed - <Unknown Exception>.
2025-01-06 12:46:30,951 [0x00002dcc] f:\endpointserver\server\endpointserverimp.cpp:164 ERROR EndPointServerThreadCounter - PostHandleRequest() failed - <Unknown Exception>.
2025-01-06 13:06:30,982 [0x00002da4] f:\endpointserver\server\endpointserverimp.cpp:164 ERROR EndPointServerThreadCounter - PostHandleRequest() failed - <Unknown Exception>.
2025-01-06 13:45:43,178 [0x00002da4] f:\endpointserver\server\endpointserverimp.cpp:164 ERROR EndPointServerThreadCounter - PostHandleRequest() failed - <Unknown Exception>.
2025-01-06 14:05:43,212 [0x00002da4] f:\endpointserver\server\endpointserverimp.cpp:164 ERROR EndPointServerThreadCounter - PostHandleRequest() failed - <Unknown Exception>.
2025-01-06 14:36:31,097 [0x00002da4] f:\endpointserver\server\endpointserverimp.cpp:164 ERROR EndPointServerThreadCounter - PostHandleRequest() failed - <Unknown Exception>.
2025-01-06 15:15:43,258 [0x00002da4] f:\endpointserver\server\endpointserverimp.cpp:164 ERROR EndPointServerThreadCounter - PostHandleRequest() failed - <Unknown Exception>.
2025-01-06 15:25:43,262 [0x00002da4] f:\endpointserver\server\endpointserverimp.cpp:164 ERROR EndPointServerThreadCounter - PostHandleRequest() failed - <Unknown Exception>.
2025-01-06 15:26:31,169 [0x00002dcc] f:\endpointserver\server\endpointserverimp.cpp:164 ERROR EndPointServerThreadCounter - PostHandleRequest() failed - <Unknown Exception>.
2025-01-06 15:36:31,196 [0x00002dcc] f:\endpointserver\server\endpointserverimp.cpp:164 ERROR EndPointServerThreadCounter - PostHandleRequest() failed - <Unknown Exception>.
2025-01-06 16:06:31,247 [0x00002da8] f:\endpointserver\server\endpointserverimp.cpp:164 ERROR EndPointServerThreadCounter - PostHandleRequest() failed - <Unknown Exception>.
2025-01-06 16:25:43,385 [0x00002da8] f:\endpointserver\server\endpointserverimp.cpp:164 ERROR EndPointServerThreadCounter - PostHandleRequest() failed - <Unknown Exception>.
2025-01-06 16:35:43,370 [0x00002da8] f:\endpointserver\server\endpointserverimp.cpp:164 ERROR EndPointServerThreadCounter - PostHandleRequest() failed - <Unknown Exception>.
2025-01-06 16:45:43,383 [0x00002da8] f:\endpointserver\server\endpointserverimp.cpp:164 ERROR EndPointServerThreadCounter - PostHandleRequest() failed - <Unknown Exception>.
2025-01-06 16:55:43,359 [0x00002da8] f:\endpointserver\server\endpointserverimp.cpp:164 ERROR EndPointServerThreadCounter - PostHandleRequest() failed - <Unknown Exception>.
2025-01-07 00:49:49,861 [0x00002dcc] f:\endpointserver\server\endpointserverimp.cpp:164 ERROR EndPointServerThreadCounter - PostHandleRequest() failed - <Unknown Exception>.
2025-01-07 01:03:05,969 [0x00002dcc] f:\endpointserver\server\endpointserverimp.cpp:164 ERROR EndPointServerThreadCounter - PostHandleRequest() failed - <Unknown Exception>.
2025-01-07 01:29:49,957 [0x00002dcc] f:\endpointserver\server\endpointserverimp.cpp:164 ERROR EndPointServerThreadCounter - PostHandleRequest() failed - <Unknown Exception>.
2025-01-07 02:49:50,095 [0x00002dcc] f:\endpointserver\server\endpointserverimp.cpp:164 ERROR EndPointServerThreadCounter - PostHandleRequest() failed - <Unknown Exception>.
2025-01-07 04:09:50,205 [0x00002dcc] f:\endpointserver\server\endpointserverimp.cpp:164 ERROR EndPointServerThreadCounter - PostHandleRequest() failed - <Unknown Exception>.
2025-01-07 04:49:50,258 [0x00002dcc] f:\endpointserver\server\endpointserverimp.cpp:164 ERROR EndPointServerThreadCounter - PostHandleRequest() failed - <Unknown Exception>.
2025-01-07 10:19:24,826 [0x00002dcc] f:\endpointserver\server\endpointserverimp.cpp:164 ERROR EndPointServerThreadCounter - PostHandleRequest() failed - <Unknown Exception>.
2025-01-07 10:23:23,162 [0x00002dcc] f:\endpointserver\server\endpointserverimp.cpp:164 ERROR EndPointServerThreadCounter - PostHandleRequest() failed - <Unknown Exception>.
2025-01-07 10:29:24,799 [0x00002da0] f:\endpointserver\server\endpointserverimp.cpp:164 ERROR EndPointServerThreadCounter - PostHandleRequest() failed - <Unknown Exception>.
2025-01-07 10:43:23,175 [0x00002da4] f:\endpointserver\server\endpointserverimp.cpp:164 ERROR EndPointServerThreadCounter - PostHandleRequest() failed - <Unknown Exception>.
2025-01-07 10:43:42,163 [0x00002da0] f:\endpointserver\server\endpointserverimp.cpp:164 ERROR EndPointServerThreadCounter - PostHandleRequest() failed - <Unknown Exception>.
2025-01-07 10:47:44,636 [0x00002da0] f:\endpointserver\server\endpointserverimp.cpp:164 ERROR EndPointServerThreadCounter - PostHandleRequest() failed - <Unknown Exception>.
2025-01-07 10:57:44,642 [0x00002dcc] f:\endpointserver\server\endpointserverimp.cpp:164 ERROR EndPointServerThreadCounter - PostHandleRequest() failed - <Unknown Exception>.
2025-01-07 11:13:23,223 [0x00002dcc] f:\endpointserver\server\endpointserverimp.cpp:164 ERROR EndPointServerThreadCounter - PostHandleRequest() failed - <Unknown Exception>.
2025-01-07 11:56:12,176 [0x00002dcc] f:\endpointserver\server\endpointserverimp.cpp:164 ERROR EndPointServerThreadCounter - PostHandleRequest() failed - <Unknown Exception>.
2025-01-07 12:57:44,873 [0x00002da8] f:\endpointserver\server\endpointserverimp.cpp:164 ERROR EndPointServerThreadCounter - PostHandleRequest() failed - <Unknown Exception>.
2025-01-07 13:07:44,883 [0x00002da8] f:\endpointserver\server\endpointserverimp.cpp:164 ERROR EndPointServerThreadCounter - PostHandleRequest() failed - <Unknown Exception>.
2025-01-07 13:37:44,978 [0x00002da8] f:\endpointserver\server\endpointserverimp.cpp:164 ERROR EndPointServerThreadCounter - PostHandleRequest() failed - <Unknown Exception>.
2025-01-07 13:38:03,970 [0x00002dcc] f:\endpointserver\server\endpointserverimp.cpp:164 ERROR EndPointServerThreadCounter - PostHandleRequest() failed - <Unknown Exception>.
2025-01-07 13:43:23,371 [0x00002dcc] f:\endpointserver\server\endpointserverimp.cpp:164 ERROR EndPointServerThreadCounter - PostHandleRequest() failed - <Unknown Exception>.
2025-01-07 14:37:45,076 [0x00002da8] f:\endpointserver\server\endpointserverimp.cpp:164 ERROR EndPointServerThreadCounter - PostHandleRequest() failed - <Unknown Exception>.
2025-01-07 17:16:06,876 [0x00002dcc] f:\endpointserver\server\endpointserverimp.cpp:164 ERROR EndPointServerThreadCounter - PostHandleRequest() failed - <Unknown Exception>.
2025-01-07 17:26:06,833 [0x00002dcc] f:\endpointserver\server\endpointserverimp.cpp:164 ERROR EndPointServerThreadCounter - PostHandleRequest() failed - <Unknown Exception>.
2025-01-07 23:55:46,008 [0x00002da0] f:\endpointserver\server\endpointserverimp.cpp:164 ERROR EndPointServerThreadCounter - PostHandleRequest() failed - <Unknown Exception>.
2025-01-08 01:45:46,133 [0x00002da8] f:\endpointserver\server\endpointserverimp.cpp:164 ERROR EndPointServerThreadCounter - PostHandleRequest() failed - <Unknown Exception>.
2025-01-08 01:55:46,124 [0x00002da8] f:\endpointserver\server\endpointserverimp.cpp:164 ERROR EndPointServerThreadCounter - PostHandleRequest() failed - <Unknown Exception>.
2025-01-08 02:25:46,139 [0x00002da0] f:\endpointserver\server\endpointserverimp.cpp:164 ERROR EndPointServerThreadCounter - PostHandleRequest() failed - <Unknown Exception>.
2025-01-08 02:35:46,166 [0x00002da0] f:\endpointserver\server\endpointserverimp.cpp:164 ERROR EndPointServerThreadCounter - PostHandleRequest() failed - <Unknown Exception>.
2025-01-08 02:55:46,177 [0x00002da0] f:\endpointserver\server\endpointserverimp.cpp:164 ERROR EndPointServerThreadCounter - PostHandleRequest() failed - <Unknown Exception>.
2025-01-08 05:15:46,249 [0x00002da8] f:\endpointserver\server\endpointserverimp.cpp:164 ERROR EndPointServerThreadCounter - PostHandleRequest() failed - <Unknown Exception>.
2025-01-08 05:55:46,251 [0x00002da8] f:\endpointserver\server\endpointserverimp.cpp:164 ERROR EndPointServerThreadCounter - PostHandleRequest() failed - <Unknown Exception>.
2025-01-08 07:39:39,279 [0x00002da8] f:\endpointserver\server\endpointserverimp.cpp:164 ERROR EndPointServerThreadCounter - PostHandleRequest() failed - <Unknown Exception>.
2025-01-08 08:46:15,002 [0x00002da8] f:\endpointserver\server\endpointserverimp.cpp:164 ERROR EndPointServerThreadCounter - PostHandleRequest() failed - <Unknown Exception>.
2025-01-08 08:56:15,035 [0x00002da8] f:\endpointserver\server\endpointserverimp.cpp:164 ERROR EndPointServerThreadCounter - PostHandleRequest() failed - <Unknown Exception>.
2025-01-08 09:06:15,034 [0x00002da4] f:\endpointserver\server\endpointserverimp.cpp:164 ERROR EndPointServerThreadCounter - PostHandleRequest() failed - <Unknown Exception>.
2025-01-08 10:06:15,050 [0x00002da8] f:\endpointserver\server\endpointserverimp.cpp:164 ERROR EndPointServerThreadCounter - PostHandleRequest() failed - <Unknown Exception>.
2025-01-08 10:16:15,103 [0x00002da8] f:\endpointserver\server\endpointserverimp.cpp:164 ERROR EndPointServerThreadCounter - PostHandleRequest() failed - <Unknown Exception>.
2025-01-08 10:46:15,112 [0x00002da8] f:\endpointserver\server\endpointserverimp.cpp:164 ERROR EndPointServerThreadCounter - PostHandleRequest() failed - <Unknown Exception>.
2025-01-08 11:46:15,176 [0x00002da8] f:\endpointserver\server\endpointserverimp.cpp:164 ERROR EndPointServerThreadCounter - PostHandleRequest() failed - <Unknown Exception>.
2025-01-08 12:15:18,261 [0x00002da8] f:\endpointserver\server\endpointserverimp.cpp:164 ERROR EndPointServerThreadCounter - PostHandleRequest() failed - <Unknown Exception>.
2025-01-08 12:36:15,252 [0x00002da8] f:\endpointserver\server\endpointserverimp.cpp:164 ERROR EndPointServerThreadCounter - PostHandleRequest() failed - <Unknown Exception>.
2025-01-08 13:25:18,342 [0x00002da4] f:\endpointserver\server\endpointserverimp.cpp:164 ERROR EndPointServerThreadCounter - PostHandleRequest() failed - <Unknown Exception>.
2025-01-08 13:35:18,370 [0x00002da4] f:\endpointserver\server\endpointserverimp.cpp:164 ERROR EndPointServerThreadCounter - PostHandleRequest() failed - <Unknown Exception>.
2025-01-08 13:45:18,397 [0x00002da4] f:\endpointserver\server\endpointserverimp.cpp:164 ERROR EndPointServerThreadCounter - PostHandleRequest() failed - <Unknown Exception>.
2025-01-08 13:45:37,391 [0x00002da8] f:\endpointserver\server\endpointserverimp.cpp:164 ERROR EndPointServerThreadCounter - PostHandleRequest() failed - <Unknown Exception>.
2025-01-08 14:45:18,504 [0x00002da4] f:\endpointserver\server\endpointserverimp.cpp:164 ERROR EndPointServerThreadCounter - PostHandleRequest() failed - <Unknown Exception>.
2025-01-08 15:05:18,532 [0x00002da4] f:\endpointserver\server\endpointserverimp.cpp:164 ERROR EndPointServerThreadCounter - PostHandleRequest() failed - <Unknown Exception>.
2025-01-08 15:44:09,369 [0x00002da8] f:\endpointserver\server\endpointserverimp.cpp:164 ERROR EndPointServerThreadCounter - PostHandleRequest() failed - <Unknown Exception>.
2025-01-08 15:54:09,368 [0x00002da8] f:\endpointserver\server\endpointserverimp.cpp:164 ERROR EndPointServerThreadCounter - PostHandleRequest() failed - <Unknown Exception>.
2025-01-08 16:04:09,363 [0x00002da8] f:\endpointserver\server\endpointserverimp.cpp:164 ERROR EndPointServerThreadCounter - PostHandleRequest() failed - <Unknown Exception>.
2025-01-08 16:15:18,636 [0x00002da8] f:\endpointserver\server\endpointserverimp.cpp:164 ERROR EndPointServerThreadCounter - PostHandleRequest() failed - <Unknown Exception>.
2025-01-08 16:45:18,689 [0x00002da8] f:\endpointserver\server\endpointserverimp.cpp:164 ERROR EndPointServerThreadCounter - PostHandleRequest() failed - <Unknown Exception>.
2025-01-08 17:13:25,546 [0x00002da8] f:\endpointserver\server\endpointserverimp.cpp:164 ERROR EndPointServerThreadCounter - PostHandleRequest() failed - <Unknown Exception>.
2025-01-08 19:36:52,679 [0x00002da8] f:\endpointserver\server\endpointserverimp.cpp:164 ERROR EndPointServerThreadCounter - PostHandleRequest() failed - <Unknown Exception>.
2025-01-09 03:52:05,688 [0x00002da0] f:\endpointserver\server\endpointserverimp.cpp:164 ERROR EndPointServerThreadCounter - PostHandleRequest() failed - <Unknown Exception>.
2025-01-09 08:57:26,199 [0x00002dcc] f:\endpointserver\server\endpointserverimp.cpp:164 ERROR EndPointServerThreadCounter - PostHandleRequest() failed - <Unknown Exception>.
2025-01-09 09:07:25,688 [0x00002dcc] f:\endpointserver\server\endpointserverimp.cpp:164 ERROR EndPointServerThreadCounter - PostHandleRequest() failed - <Unknown Exception>.
2025-01-09 09:27:25,636 [0x00002da0] f:\endpointserver\server\endpointserverimp.cpp:164 ERROR EndPointServerThreadCounter - PostHandleRequest() failed - <Unknown Exception>.
2025-01-09 09:37:25,643 [0x00002da0] f:\endpointserver\server\endpointserverimp.cpp:164 ERROR EndPointServerThreadCounter - PostHandleRequest() failed - <Unknown Exception>.
2025-01-09 09:47:25,643 [0x00002da0] f:\endpointserver\server\endpointserverimp.cpp:164 ERROR EndPointServerThreadCounter - PostHandleRequest() failed - <Unknown Exception>.
2025-01-09 10:17:25,651 [0x00002dcc] f:\endpointserver\server\endpointserverimp.cpp:164 ERROR EndPointServerThreadCounter - PostHandleRequest() failed - <Unknown Exception>.
2025-01-09 10:47:25,729 [0x00002dcc] f:\endpointserver\server\endpointserverimp.cpp:164 ERROR EndPointServerThreadCounter - PostHandleRequest() failed - <Unknown Exception>.
2025-01-09 11:27:25,775 [0x00002dcc] f:\endpointserver\server\endpointserverimp.cpp:164 ERROR EndPointServerThreadCounter - PostHandleRequest() failed - <Unknown Exception>.
2025-01-09 11:37:25,758 [0x00002dcc] f:\endpointserver\server\endpointserverimp.cpp:164 ERROR EndPointServerThreadCounter - PostHandleRequest() failed - <Unknown Exception>.
2025-01-09 11:57:25,811 [0x00002dcc] f:\endpointserver\server\endpointserverimp.cpp:164 ERROR EndPointServerThreadCounter - PostHandleRequest() failed - <Unknown Exception>.
2025-01-09 12:48:02,795 [0x00002dcc] f:\endpointserver\server\endpointserverimp.cpp:164 ERROR EndPointServerThreadCounter - PostHandleRequest() failed - <Unknown Exception>.
2025-01-09 12:59:14,606 [0x00002dcc] f:\endpointserver\server\endpointserverimp.cpp:164 ERROR EndPointServerThreadCounter - PostHandleRequest() failed - <Unknown Exception>.
2025-01-09 13:58:02,822 [0x00002dcc] f:\endpointserver\server\endpointserverimp.cpp:164 ERROR EndPointServerThreadCounter - PostHandleRequest() failed - <Unknown Exception>.
2025-01-09 14:08:02,835 [0x00002dcc] f:\endpointserver\server\endpointserverimp.cpp:164 ERROR EndPointServerThreadCounter - PostHandleRequest() failed - <Unknown Exception>.
2025-01-09 14:28:02,859 [0x00002dcc] f:\endpointserver\server\endpointserverimp.cpp:164 ERROR EndPointServerThreadCounter - PostHandleRequest() failed - <Unknown Exception>.
2025-01-09 14:38:02,873 [0x00002dcc] f:\endpointserver\server\endpointserverimp.cpp:164 ERROR EndPointServerThreadCounter - PostHandleRequest() failed - <Unknown Exception>.
2025-01-09 14:48:02,824 [0x00002dcc] f:\endpointserver\server\endpointserverimp.cpp:164 ERROR EndPointServerThreadCounter - PostHandleRequest() failed - <Unknown Exception>.
2025-01-09 14:58:02,876 [0x00002dcc] f:\endpointserver\server\endpointserverimp.cpp:164 ERROR EndPointServerThreadCounter - PostHandleRequest() failed - <Unknown Exception>.
2025-01-09 15:08:02,870 [0x00002dcc] f:\endpointserver\server\endpointserverimp.cpp:164 ERROR EndPointServerThreadCounter - PostHandleRequest() failed - <Unknown Exception>.
2025-01-09 15:19:14,714 [0x00002dcc] f:\endpointserver\server\endpointserverimp.cpp:164 ERROR EndPointServerThreadCounter - PostHandleRequest() failed - <Unknown Exception>.
2025-01-09 15:28:02,890 [0x00002dcc] f:\endpointserver\server\endpointserverimp.cpp:164 ERROR EndPointServerThreadCounter - PostHandleRequest() failed - <Unknown Exception>.
2025-01-09 15:38:02,863 [0x00002da0] f:\endpointserver\server\endpointserverimp.cpp:164 ERROR EndPointServerThreadCounter - PostHandleRequest() failed - <Unknown Exception>.
2025-01-09 15:48:02,966 [0x00002da0] f:\endpointserver\server\endpointserverimp.cpp:164 ERROR EndPointServerThreadCounter - PostHandleRequest() failed - <Unknown Exception>.
2025-01-09 15:48:21,956 [0x00002da8] f:\endpointserver\server\endpointserverimp.cpp:164 ERROR EndPointServerThreadCounter - PostHandleRequest() failed - <Unknown Exception>.
2025-01-09 15:49:14,748 [0x00002da0] f:\endpointserver\server\endpointserverimp.cpp:164 ERROR EndPointServerThreadCounter - PostHandleRequest() failed - <Unknown Exception>.
2025-01-09 16:38:02,985 [0x00002da8] f:\endpointserver\server\endpointserverimp.cpp:164 ERROR EndPointServerThreadCounter - PostHandleRequest() failed - <Unknown Exception>.
2025-01-09 16:48:02,955 [0x00002da8] f:\endpointserver\server\endpointserverimp.cpp:164 ERROR EndPointServerThreadCounter - PostHandleRequest() failed - <Unknown Exception>.
2025-01-09 16:58:02,968 [0x00002da8] f:\endpointserver\server\endpointserverimp.cpp:164 ERROR EndPointServerThreadCounter - PostHandleRequest() failed - <Unknown Exception>.
2025-01-09 17:08:02,975 [0x00002da8] f:\endpointserver\server\endpointserverimp.cpp:164 ERROR EndPointServerThreadCounter - PostHandleRequest() failed - <Unknown Exception>.
2025-01-09 17:18:02,969 [0x00002da8] f:\endpointserver\server\endpointserverimp.cpp:164 ERROR EndPointServerThreadCounter - PostHandleRequest() failed - <Unknown Exception>.
2025-01-09 21:54:54,720 [0x00002da8] f:\endpointserver\server\endpointserverimp.cpp:164 ERROR EndPointServerThreadCounter - PostHandleRequest() failed - <Unknown Exception>.
2025-01-09 22:54:54,809 [0x00002da8] f:\endpointserver\server\endpointserverimp.cpp:164 ERROR EndPointServerThreadCounter - PostHandleRequest() failed - <Unknown Exception>.
2025-01-10 02:57:44,994 [0x00002dcc] f:\endpointserver\server\endpointserverimp.cpp:164 ERROR EndPointServerThreadCounter - PostHandleRequest() failed - <Unknown Exception>.
2025-01-10 03:07:44,988 [0x00002dcc] f:\endpointserver\server\endpointserverimp.cpp:164 ERROR EndPointServerThreadCounter - PostHandleRequest() failed - <Unknown Exception>.
2025-01-10 05:07:45,200 [0x00002dcc] f:\endpointserver\server\endpointserverimp.cpp:164 ERROR EndPointServerThreadCounter - PostHandleRequest() failed - <Unknown Exception>.
2025-01-10 06:27:45,353 [0x00002dcc] f:\endpointserver\server\endpointserverimp.cpp:164 ERROR EndPointServerThreadCounter - PostHandleRequest() failed - <Unknown Exception>.
2025-01-10 08:49:26,113 [0x00002da4] f:\endpointserver\server\endpointserverimp.cpp:164 ERROR EndPointServerThreadCounter - PostHandleRequest() failed - <Unknown Exception>.
2025-01-10 09:06:38,447 [0x00002dcc] f:\endpointserver\server\endpointserverimp.cpp:164 ERROR EndPointServerThreadCounter - PostHandleRequest() failed - <Unknown Exception>.
2025-01-10 09:09:26,151 [0x00002dcc] f:\endpointserver\server\endpointserverimp.cpp:164 ERROR EndPointServerThreadCounter - PostHandleRequest() failed - <Unknown Exception>.
2025-01-10 09:29:26,129 [0x00002dcc] f:\endpointserver\server\endpointserverimp.cpp:164 ERROR EndPointServerThreadCounter - PostHandleRequest() failed - <Unknown Exception>.
2025-01-10 09:49:26,197 [0x00002dcc] f:\endpointserver\server\endpointserverimp.cpp:164 ERROR EndPointServerThreadCounter - PostHandleRequest() failed - <Unknown Exception>.
2025-01-10 10:09:26,149 [0x00002da4] f:\endpointserver\server\endpointserverimp.cpp:164 ERROR EndPointServerThreadCounter - PostHandleRequest() failed - <Unknown Exception>.
2025-01-10 10:19:26,162 [0x00002da4] f:\endpointserver\server\endpointserverimp.cpp:164 ERROR EndPointServerThreadCounter - PostHandleRequest() failed - <Unknown Exception>.
2025-01-10 10:29:26,204 [0x00002dcc] f:\endpointserver\server\endpointserverimp.cpp:164 ERROR EndPointServerThreadCounter - PostHandleRequest() failed - <Unknown Exception>.
2025-01-10 10:36:38,588 [0x00002dcc] f:\endpointserver\server\endpointserverimp.cpp:164 ERROR EndPointServerThreadCounter - PostHandleRequest() failed - <Unknown Exception>.
2025-01-10 10:46:38,603 [0x00002dcc] f:\endpointserver\server\endpointserverimp.cpp:164 ERROR EndPointServerThreadCounter - PostHandleRequest() failed - <Unknown Exception>.
2025-01-10 10:46:57,605 [0x00002da4] f:\endpointserver\server\endpointserverimp.cpp:164 ERROR EndPointServerThreadCounter - PostHandleRequest() failed - <Unknown Exception>.
2025-01-10 11:19:26,293 [0x00002dcc] f:\endpointserver\server\endpointserverimp.cpp:164 ERROR EndPointServerThreadCounter - PostHandleRequest() failed - <Unknown Exception>.
2025-01-10 11:56:38,703 [0x00002dcc] f:\endpointserver\server\endpointserverimp.cpp:164 ERROR EndPointServerThreadCounter - PostHandleRequest() failed - <Unknown Exception>.
2025-01-10 12:06:38,702 [0x00002dcc] f:\endpointserver\server\endpointserverimp.cpp:164 ERROR EndPointServerThreadCounter - PostHandleRequest() failed - <Unknown Exception>.
2025-01-10 12:24:06,880 [0x00002dcc] f:\endpointserver\server\endpointserverimp.cpp:164 ERROR EndPointServerThreadCounter - PostHandleRequest() failed - <Unknown Exception>.
2025-01-10 12:46:38,773 [0x00002dcc] f:\endpointserver\server\endpointserverimp.cpp:164 ERROR EndPointServerThreadCounter - PostHandleRequest() failed - <Unknown Exception>.
2025-01-10 12:56:38,790 [0x00002dcc] f:\endpointserver\server\endpointserverimp.cpp:164 ERROR EndPointServerThreadCounter - PostHandleRequest() failed - <Unknown Exception>.
2025-01-10 13:04:46,950 [0x00002da4] f:\endpointserver\server\endpointserverimp.cpp:164 ERROR EndPointServerThreadCounter - PostHandleRequest() failed - <Unknown Exception>.
2025-01-10 13:26:38,843 [0x00002dcc] f:\endpointserver\server\endpointserverimp.cpp:164 ERROR EndPointServerThreadCounter - PostHandleRequest() failed - <Unknown Exception>.
2025-01-10 14:10:08,134 [0x00002dcc] f:\endpointserver\server\endpointserverimp.cpp:164 ERROR EndPointServerThreadCounter - PostHandleRequest() failed - <Unknown Exception>.
2025-01-10 14:35:59,133 [0x00002dcc] f:\endpointserver\server\endpointserverimp.cpp:164 ERROR EndPointServerThreadCounter - PostHandleRequest() failed - <Unknown Exception>.
2025-01-10 15:36:39,043 [0x00002da4] f:\endpointserver\server\endpointserverimp.cpp:164 ERROR EndPointServerThreadCounter - PostHandleRequest() failed - <Unknown Exception>.
2025-01-10 15:54:17,472 [0x00002dcc] f:\endpointserver\server\endpointserverimp.cpp:164 ERROR EndPointServerThreadCounter - PostHandleRequest() failed - <Unknown Exception>.
2025-01-10 15:56:39,055 [0x00002dcc] f:\endpointserver\server\endpointserverimp.cpp:164 ERROR EndPointServerThreadCounter - PostHandleRequest() failed - <Unknown Exception>.
2025-01-10 16:06:39,068 [0x00002dcc] f:\endpointserver\server\endpointserverimp.cpp:164 ERROR EndPointServerThreadCounter - PostHandleRequest() failed - <Unknown Exception>.
2025-01-10 16:06:58,085 [0x00002da4] f:\endpointserver\server\endpointserverimp.cpp:164 ERROR EndPointServerThreadCounter - PostHandleRequest() failed - <Unknown Exception>.
2025-01-10 16:16:39,078 [0x00002da4] f:\endpointserver\server\endpointserverimp.cpp:164 ERROR EndPointServerThreadCounter - PostHandleRequest() failed - <Unknown Exception>.
2025-01-10 16:24:30,240 [0x00002da4] f:\endpointserver\server\endpointserverimp.cpp:164 ERROR EndPointServerThreadCounter - PostHandleRequest() failed - <Unknown Exception>.
2025-01-10 16:26:39,454 [0x00002da4] f:\endpointserver\server\endpointserverimp.cpp:164 ERROR EndPointServerThreadCounter - PostHandleRequest() failed - <Unknown Exception>.
2025-01-10 17:05:07,682 [0x00002da4] f:\endpointserver\server\endpointserverimp.cpp:164 ERROR EndPointServerThreadCounter - PostHandleRequest() failed - <Unknown Exception>.
2025-01-10 17:14:23,054 [0x00002da4] f:\endpointserver\server\endpointserverimp.cpp:164 ERROR EndPointServerThreadCounter - PostHandleRequest() failed - <Unknown Exception>.
2025-01-10 19:00:20,242 [0x00002da4] f:\endpointserver\server\endpointserverimp.cpp:164 ERROR EndPointServerThreadCounter - PostHandleRequest() failed - <Unknown Exception>.
2025-01-10 23:50:04,715 [0x00002da0] f:\endpointserver\server\endpointserverimp.cpp:164 ERROR EndPointServerThreadCounter - PostHandleRequest() failed - <Unknown Exception>.
2025-01-11 00:10:04,720 [0x00002da0] f:\endpointserver\server\endpointserverimp.cpp:164 ERROR EndPointServerThreadCounter - PostHandleRequest() failed - <Unknown Exception>.
2025-01-11 05:40:21,379 [0x00002da0] f:\endpointserver\server\endpointserverimp.cpp:164 ERROR EndPointServerThreadCounter - PostHandleRequest() failed - <Unknown Exception>.
2025-01-11 05:50:21,422 [0x00002da0] f:\endpointserver\server\endpointserverimp.cpp:164 ERROR EndPointServerThreadCounter - PostHandleRequest() failed - <Unknown Exception>.
2025-01-11 06:10:21,436 [0x00002da0] f:\endpointserver\server\endpointserverimp.cpp:164 ERROR EndPointServerThreadCounter - PostHandleRequest() failed - <Unknown Exception>.
2025-01-11 10:54:27,170 [0x00002dcc] f:\endpointserver\server\endpointserverimp.cpp:164 ERROR EndPointServerThreadCounter - PostHandleRequest() failed - <Unknown Exception>.
2025-01-11 11:04:27,150 [0x00002dcc] f:\endpointserver\server\endpointserverimp.cpp:164 ERROR EndPointServerThreadCounter - PostHandleRequest() failed - <Unknown Exception>.
2025-01-11 15:26:06,750 [0x00002da0] f:\endpointserver\server\endpointserverimp.cpp:164 ERROR EndPointServerThreadCounter - PostHandleRequest() failed - <Unknown Exception>.
2025-01-11 16:06:06,810 [0x00002da0] f:\endpointserver\server\endpointserverimp.cpp:164 ERROR EndPointServerThreadCounter - PostHandleRequest() failed - <Unknown Exception>.
2025-01-11 17:36:06,946 [0x00002da0] f:\endpointserver\server\endpointserverimp.cpp:164 ERROR EndPointServerThreadCounter - PostHandleRequest() failed - <Unknown Exception>.
2025-01-12 19:20:35,224 [0x00002dcc] f:\endpointserver\server\endpointserverimp.cpp:164 ERROR EndPointServerThreadCounter - PostHandleRequest() failed - <Unknown Exception>.
2025-01-13 10:01:43,704 [0x00002da4] f:\endpointserver\server\endpointserverimp.cpp:164 ERROR EndPointServerThreadCounter - PostHandleRequest() failed - <Unknown Exception>.
2025-01-13 11:07:32,520 [0x00002da0] f:\endpointserver\server\endpointserverimp.cpp:164 ERROR EndPointServerThreadCounter - PostHandleRequest() failed - <Unknown Exception>.
2025-01-13 11:36:52,106 [0x00002da4] f:\endpointserver\server\endpointserverimp.cpp:164 ERROR EndPointServerThreadCounter - PostHandleRequest() failed - <Unknown Exception>.
2025-01-13 11:47:32,551 [0x00002da4] f:\endpointserver\server\endpointserverimp.cpp:164 ERROR EndPointServerThreadCounter - PostHandleRequest() failed - <Unknown Exception>.
2025-01-13 12:21:43,955 [0x00002da0] f:\endpointserver\server\endpointserverimp.cpp:164 ERROR EndPointServerThreadCounter - PostHandleRequest() failed - <Unknown Exception>.
2025-01-13 12:22:35,277 [0x00002da4] f:\endpointserver\server\endpointserverimp.cpp:164 ERROR EndPointServerThreadCounter - PostHandleRequest() failed - <Unknown Exception>.
2025-01-13 12:27:32,620 [0x00002da4] f:\endpointserver\server\endpointserverimp.cpp:164 ERROR EndPointServerThreadCounter - PostHandleRequest() failed - <Unknown Exception>.
2025-01-13 13:11:44,099 [0x00002da4] f:\endpointserver\server\endpointserverimp.cpp:164 ERROR EndPointServerThreadCounter - PostHandleRequest() failed - <Unknown Exception>.
2025-01-13 14:15:49,546 [0x00002da4] f:\endpointserver\server\endpointserverimp.cpp:164 ERROR EndPointServerThreadCounter - PostHandleRequest() failed - <Unknown Exception>.
2025-01-13 14:56:33,576 [0x00002da0] f:\endpointserver\server\endpointserverimp.cpp:164 ERROR EndPointServerThreadCounter - PostHandleRequest() failed - <Unknown Exception>.
2025-01-13 15:01:44,250 [0x00002da0] f:\endpointserver\server\endpointserverimp.cpp:164 ERROR EndPointServerThreadCounter - PostHandleRequest() failed - <Unknown Exception>.
2025-01-13 15:31:44,338 [0x00002da0] f:\endpointserver\server\endpointserverimp.cpp:164 ERROR EndPointServerThreadCounter - PostHandleRequest() failed - <Unknown Exception>.
2025-01-13 15:46:56,502 [0x00002da0] f:\endpointserver\server\endpointserverimp.cpp:164 ERROR EndPointServerThreadCounter - PostHandleRequest() failed - <Unknown Exception>.
2025-01-13 15:51:29,916 [0x00002da0] f:\endpointserver\server\endpointserverimp.cpp:164 ERROR EndPointServerThreadCounter - PostHandleRequest() failed - <Unknown Exception>.
2025-01-13 16:21:29,921 [0x00002da0] f:\endpointserver\server\endpointserverimp.cpp:164 ERROR EndPointServerThreadCounter - PostHandleRequest() failed - <Unknown Exception>.
2025-01-13 16:41:44,435 [0x00002da0] f:\endpointserver\server\endpointserverimp.cpp:164 ERROR EndPointServerThreadCounter - PostHandleRequest() failed - <Unknown Exception>.
2025-01-13 16:46:42,777 [0x00002da0] f:\endpointserver\server\endpointserverimp.cpp:164 ERROR EndPointServerThreadCounter - PostHandleRequest() failed - <Unknown Exception>.
2025-01-13 17:28:19,329 [0x00002da0] f:\endpointserver\server\endpointserverimp.cpp:164 ERROR EndPointServerThreadCounter - PostHandleRequest() failed - <Unknown Exception>.
2025-01-13 17:33:26,301 [0x00002da0] f:\endpointserver\server\endpointserverimp.cpp:164 ERROR EndPointServerThreadCounter - PostHandleRequest() failed - <Unknown Exception>.
2025-01-13 17:58:10,132 [0x00002da0] f:\endpointserver\server\endpointserverimp.cpp:164 ERROR EndPointServerThreadCounter - PostHandleRequest() failed - <Unknown Exception>.
2025-01-13 20:23:29,550 [0x00002da0] f:\endpointserver\server\endpointserverimp.cpp:164 ERROR EndPointServerThreadCounter - PostHandleRequest() failed - <Unknown Exception>.
2025-01-14 02:44:23,442 [0x00002dcc] f:\endpointserver\server\endpointserverimp.cpp:164 ERROR EndPointServerThreadCounter - PostHandleRequest() failed - <Unknown Exception>.
2025-01-14 03:24:23,452 [0x00002dcc] f:\endpointserver\server\endpointserverimp.cpp:164 ERROR EndPointServerThreadCounter - PostHandleRequest() failed - <Unknown Exception>.
2025-01-14 08:32:56,839 [0x00002da4] f:\endpointserver\server\endpointserverimp.cpp:164 ERROR EndPointServerThreadCounter - PostHandleRequest() failed - <Unknown Exception>.
2025-01-14 09:22:56,921 [0x00002dcc] f:\endpointserver\server\endpointserverimp.cpp:164 ERROR EndPointServerThreadCounter - PostHandleRequest() failed - <Unknown Exception>.
2025-01-14 10:02:56,988 [0x00002dcc] f:\endpointserver\server\endpointserverimp.cpp:164 ERROR EndPointServerThreadCounter - PostHandleRequest() failed - <Unknown Exception>.
2025-01-14 10:12:57,039 [0x00002dcc] f:\endpointserver\server\endpointserverimp.cpp:164 ERROR EndPointServerThreadCounter - PostHandleRequest() failed - <Unknown Exception>.
2025-01-14 10:13:16,082 [0x00002da8] f:\endpointserver\server\endpointserverimp.cpp:164 ERROR EndPointServerThreadCounter - PostHandleRequest() failed - <Unknown Exception>.
2025-01-14 11:01:59,304 [0x00002da4] f:\endpointserver\server\endpointserverimp.cpp:164 ERROR EndPointServerThreadCounter - PostHandleRequest() failed - <Unknown Exception>.
2025-01-14 11:06:51,215 [0x00002da8] f:\endpointserver\server\endpointserverimp.cpp:164 ERROR EndPointServerThreadCounter - PostHandleRequest() failed - <Unknown Exception>.
2025-01-14 11:16:51,176 [0x00002da4] f:\endpointserver\server\endpointserverimp.cpp:164 ERROR EndPointServerThreadCounter - PostHandleRequest() failed - <Unknown Exception>.
2025-01-14 12:16:51,234 [0x00002dcc] f:\endpointserver\server\endpointserverimp.cpp:164 ERROR EndPointServerThreadCounter - PostHandleRequest() failed - <Unknown Exception>.
2025-01-14 14:43:46,648 [0x00002da4] f:\endpointserver\server\endpointserverimp.cpp:164 ERROR EndPointServerThreadCounter - PostHandleRequest() failed - <Unknown Exception>.
2025-01-14 14:53:46,648 [0x00002da4] f:\endpointserver\server\endpointserverimp.cpp:164 ERROR EndPointServerThreadCounter - PostHandleRequest() failed - <Unknown Exception>.
2025-01-14 15:24:01,068 [0x00002da4] f:\endpointserver\server\endpointserverimp.cpp:164 ERROR EndPointServerThreadCounter - PostHandleRequest() failed - <Unknown Exception>.
2025-01-14 15:33:48,203 [0x00002da8] f:\endpointserver\server\endpointserverimp.cpp:164 ERROR EndPointServerThreadCounter - PostHandleRequest() failed - <Unknown Exception>.
2025-01-14 15:34:01,090 [0x00002da4] f:\endpointserver\server\endpointserverimp.cpp:164 ERROR EndPointServerThreadCounter - PostHandleRequest() failed - <Unknown Exception>.
2025-01-14 16:17:13,927 [0x00002da8] f:\endpointserver\server\endpointserverimp.cpp:164 ERROR EndPointServerThreadCounter - PostHandleRequest() failed - <Unknown Exception>.
2025-01-14 16:27:13,856 [0x00002da8] f:\endpointserver\server\endpointserverimp.cpp:164 ERROR EndPointServerThreadCounter - PostHandleRequest() failed - <Unknown Exception>.
2025-01-14 17:07:16,200 [0x00002da8] f:\endpointserver\server\endpointserverimp.cpp:164 ERROR EndPointServerThreadCounter - PostHandleRequest() failed - <Unknown Exception>.
2025-01-14 17:07:35,198 [0x00002da4] f:\endpointserver\server\endpointserverimp.cpp:164 ERROR EndPointServerThreadCounter - PostHandleRequest() failed - <Unknown Exception>.
2025-01-14 17:27:16,226 [0x00002da8] f:\endpointserver\server\endpointserverimp.cpp:164 ERROR EndPointServerThreadCounter - PostHandleRequest() failed - <Unknown Exception>.
2025-01-14 21:53:33,056 [0x00002da0] f:\endpointserver\server\endpointserverimp.cpp:164 ERROR EndPointServerThreadCounter - PostHandleRequest() failed - <Unknown Exception>.
2025-01-14 22:43:33,149 [0x00002da0] f:\endpointserver\server\endpointserverimp.cpp:164 ERROR EndPointServerThreadCounter - PostHandleRequest() failed - <Unknown Exception>.
2025-01-14 23:03:33,191 [0x00002da0] f:\endpointserver\server\endpointserverimp.cpp:164 ERROR EndPointServerThreadCounter - PostHandleRequest() failed - <Unknown Exception>.
2025-01-15 01:19:37,827 [0x00002da4] f:\endpointserver\server\endpointserverimp.cpp:164 ERROR EndPointServerThreadCounter - PostHandleRequest() failed - <Unknown Exception>.
2025-01-15 03:19:38,041 [0x00002da4] f:\endpointserver\server\endpointserverimp.cpp:164 ERROR EndPointServerThreadCounter - PostHandleRequest() failed - <Unknown Exception>.
2025-01-15 03:29:38,048 [0x00002da4] f:\endpointserver\server\endpointserverimp.cpp:164 ERROR EndPointServerThreadCounter - PostHandleRequest() failed - <Unknown Exception>.
2025-01-15 03:39:38,095 [0x00002da4] f:\endpointserver\server\endpointserverimp.cpp:164 ERROR EndPointServerThreadCounter - PostHandleRequest() failed - <Unknown Exception>.
2025-01-15 03:39:57,095 [0x00002da0] f:\endpointserver\server\endpointserverimp.cpp:164 ERROR EndPointServerThreadCounter - PostHandleRequest() failed - <Unknown Exception>.
2025-01-15 08:59:09,433 [0x00002da0] f:\endpointserver\server\endpointserverimp.cpp:164 ERROR EndPointServerThreadCounter - PostHandleRequest() failed - <Unknown Exception>.
2025-01-15 09:19:09,453 [0x00002da0] f:\endpointserver\server\endpointserverimp.cpp:164 ERROR EndPointServerThreadCounter - PostHandleRequest() failed - <Unknown Exception>.
2025-01-15 12:49:45,519 [0x00002da0] f:\endpointserver\server\endpointserverimp.cpp:164 ERROR EndPointServerThreadCounter - PostHandleRequest() failed - <Unknown Exception>.
2025-01-15 13:16:20,329 [0x00002da0] f:\endpointserver\server\endpointserverimp.cpp:164 ERROR EndPointServerThreadCounter - PostHandleRequest() failed - <Unknown Exception>.
2025-01-15 13:19:45,597 [0x00002da0] f:\endpointserver\server\endpointserverimp.cpp:164 ERROR EndPointServerThreadCounter - PostHandleRequest() failed - <Unknown Exception>.
2025-01-15 13:46:20,357 [0x00002da4] f:\endpointserver\server\endpointserverimp.cpp:164 ERROR EndPointServerThreadCounter - PostHandleRequest() failed - <Unknown Exception>.
2025-01-15 14:16:20,435 [0x00002da4] f:\endpointserver\server\endpointserverimp.cpp:164 ERROR EndPointServerThreadCounter - PostHandleRequest() failed - <Unknown Exception>.
2025-01-15 14:26:20,474 [0x00002da4] f:\endpointserver\server\endpointserverimp.cpp:164 ERROR EndPointServerThreadCounter - PostHandleRequest() failed - <Unknown Exception>.
2025-01-15 14:46:20,495 [0x00002da4] f:\endpointserver\server\endpointserverimp.cpp:164 ERROR EndPointServerThreadCounter - PostHandleRequest() failed - <Unknown Exception>.
2025-01-15 14:56:20,489 [0x00002da4] f:\endpointserver\server\endpointserverimp.cpp:164 ERROR EndPointServerThreadCounter - PostHandleRequest() failed - <Unknown Exception>.
2025-01-15 16:14:36,543 [0x00002da4] f:\endpointserver\server\endpointserverimp.cpp:164 ERROR EndPointServerThreadCounter - PostHandleRequest() failed - <Unknown Exception>.
2025-01-15 16:47:17,944 [0x00002da0] f:\endpointserver\server\endpointserverimp.cpp:164 ERROR EndPointServerThreadCounter - PostHandleRequest() failed - <Unknown Exception>.
2025-01-15 23:24:04,503 [0x00002da4] f:\endpointserver\server\endpointserverimp.cpp:164 ERROR EndPointServerThreadCounter - PostHandleRequest() failed - <Unknown Exception>.
2025-01-15 23:34:04,514 [0x00002da4] f:\endpointserver\server\endpointserverimp.cpp:164 ERROR EndPointServerThreadCounter - PostHandleRequest() failed - <Unknown Exception>.
2025-01-15 23:44:04,537 [0x00002da4] f:\endpointserver\server\endpointserverimp.cpp:164 ERROR EndPointServerThreadCounter - PostHandleRequest() failed - <Unknown Exception>.
2025-01-16 02:57:18,233 [0x00002da8] f:\endpointserver\server\endpointserverimp.cpp:164 ERROR EndPointServerThreadCounter - PostHandleRequest() failed - <Unknown Exception>.
2025-01-16 03:27:18,809 [0x00002da8] f:\endpointserver\server\endpointserverimp.cpp:164 ERROR EndPointServerThreadCounter - PostHandleRequest() failed - <Unknown Exception>.
2025-01-16 09:23:25,822 [0x00002da4] f:\endpointserver\server\endpointserverimp.cpp:164 ERROR EndPointServerThreadCounter - PostHandleRequest() failed - <Unknown Exception>.
2025-01-16 10:01:21,078 [0x00002da4] f:\endpointserver\server\endpointserverimp.cpp:164 ERROR EndPointServerThreadCounter - PostHandleRequest() failed - <Unknown Exception>.
2025-01-16 10:11:21,071 [0x00002da4] f:\endpointserver\server\endpointserverimp.cpp:164 ERROR EndPointServerThreadCounter - PostHandleRequest() failed - <Unknown Exception>.
2025-01-16 10:21:21,116 [0x00002da4] f:\endpointserver\server\endpointserverimp.cpp:164 ERROR EndPointServerThreadCounter - PostHandleRequest() failed - <Unknown Exception>.
2025-01-16 10:21:40,131 [0x00002da8] f:\endpointserver\server\endpointserverimp.cpp:164 ERROR EndPointServerThreadCounter - PostHandleRequest() failed - <Unknown Exception>.
2025-01-16 10:31:21,116 [0x00002da4] f:\endpointserver\server\endpointserverimp.cpp:164 ERROR EndPointServerThreadCounter - PostHandleRequest() failed - <Unknown Exception>.
2025-01-16 10:41:21,086 [0x00002da8] f:\endpointserver\server\endpointserverimp.cpp:164 ERROR EndPointServerThreadCounter - PostHandleRequest() failed - <Unknown Exception>.
2025-01-16 11:11:21,056 [0x00002da8] f:\endpointserver\server\endpointserverimp.cpp:164 ERROR EndPointServerThreadCounter - PostHandleRequest() failed - <Unknown Exception>.
2025-01-16 11:21:21,068 [0x00002da8] f:\endpointserver\server\endpointserverimp.cpp:164 ERROR EndPointServerThreadCounter - PostHandleRequest() failed - <Unknown Exception>.
2025-01-16 11:51:21,149 [0x00002da8] f:\endpointserver\server\endpointserverimp.cpp:164 ERROR EndPointServerThreadCounter - PostHandleRequest() failed - <Unknown Exception>.
2025-01-16 12:01:21,128 [0x00002da8] f:\endpointserver\server\endpointserverimp.cpp:164 ERROR EndPointServerThreadCounter - PostHandleRequest() failed - <Unknown Exception>.
2025-01-16 13:03:15,542 [0x00002da4] f:\endpointserver\server\endpointserverimp.cpp:164 ERROR EndPointServerThreadCounter - PostHandleRequest() failed - <Unknown Exception>.
2025-01-16 13:33:15,559 [0x00002da4] f:\endpointserver\server\endpointserverimp.cpp:164 ERROR EndPointServerThreadCounter - PostHandleRequest() failed - <Unknown Exception>.
2025-01-16 13:43:15,894 [0x00002da4] f:\endpointserver\server\endpointserverimp.cpp:164 ERROR EndPointServerThreadCounter - PostHandleRequest() failed - <Unknown Exception>.
2025-01-16 13:54:44,807 [0x00002da4] f:\endpointserver\server\endpointserverimp.cpp:164 ERROR EndPointServerThreadCounter - PostHandleRequest() failed - <Unknown Exception>.
2025-01-16 14:03:15,688 [0x00002da4] f:\endpointserver\server\endpointserverimp.cpp:164 ERROR EndPointServerThreadCounter - PostHandleRequest() failed - <Unknown Exception>.
2025-01-16 14:04:44,792 [0x00002da4] f:\endpointserver\server\endpointserverimp.cpp:164 ERROR EndPointServerThreadCounter - PostHandleRequest() failed - <Unknown Exception>.
2025-01-16 14:05:03,827 [0x00002da8] f:\endpointserver\server\endpointserverimp.cpp:164 ERROR EndPointServerThreadCounter - PostHandleRequest() failed - <Unknown Exception>.
2025-01-16 14:43:15,730 [0x00002da8] f:\endpointserver\server\endpointserverimp.cpp:164 ERROR EndPointServerThreadCounter - PostHandleRequest() failed - <Unknown Exception>.
2025-01-16 14:44:44,834 [0x00002da8] f:\endpointserver\server\endpointserverimp.cpp:164 ERROR EndPointServerThreadCounter - PostHandleRequest() failed - <Unknown Exception>.
2025-01-16 14:54:44,783 [0x00002da8] f:\endpointserver\server\endpointserverimp.cpp:164 ERROR EndPointServerThreadCounter - PostHandleRequest() failed - <Unknown Exception>.
2025-01-16 15:04:14,979 [0x00002da8] f:\endpointserver\server\endpointserverimp.cpp:164 ERROR EndPointServerThreadCounter - PostHandleRequest() failed - <Unknown Exception>.
2025-01-16 15:35:48,098 [0x00002da8] f:\endpointserver\server\endpointserverimp.cpp:164 ERROR EndPointServerThreadCounter - PostHandleRequest() failed - <Unknown Exception>.
2025-01-16 15:49:00,723 [0x00002da8] f:\endpointserver\server\endpointserverimp.cpp:164 ERROR EndPointServerThreadCounter - PostHandleRequest() failed - <Unknown Exception>.
2025-01-16 15:59:00,751 [0x00002da8] f:\endpointserver\server\endpointserverimp.cpp:164 ERROR EndPointServerThreadCounter - PostHandleRequest() failed - <Unknown Exception>.
2025-01-16 16:23:19,064 [0x00002da8] f:\endpointserver\server\endpointserverimp.cpp:164 ERROR EndPointServerThreadCounter - PostHandleRequest() failed - <Unknown Exception>.
2025-01-17 01:57:44,759 [0x00002da4] f:\endpointserver\server\endpointserverimp.cpp:164 ERROR EndPointServerThreadCounter - PostHandleRequest() failed - <Unknown Exception>.
2025-01-17 03:27:44,902 [0x00002da4] f:\endpointserver\server\endpointserverimp.cpp:164 ERROR EndPointServerThreadCounter - PostHandleRequest() failed - <Unknown Exception>.
2025-01-17 04:57:45,072 [0x00002da4] f:\endpointserver\server\endpointserverimp.cpp:164 ERROR EndPointServerThreadCounter - PostHandleRequest() failed - <Unknown Exception>.
2025-01-17 09:10:52,087 [0x00002da8] f:\endpointserver\server\endpointserverimp.cpp:164 ERROR EndPointServerThreadCounter - PostHandleRequest() failed - <Unknown Exception>.
2025-01-17 09:41:57,149 [0x00002da8] f:\endpointserver\server\endpointserverimp.cpp:164 ERROR EndPointServerThreadCounter - PostHandleRequest() failed - <Unknown Exception>.
2025-01-17 09:50:52,122 [0x00002da8] f:\endpointserver\server\endpointserverimp.cpp:164 ERROR EndPointServerThreadCounter - PostHandleRequest() failed - <Unknown Exception>.
2025-01-17 10:04:52,943 [0x00002da0] f:\endpointserver\server\endpointserverimp.cpp:164 ERROR EndPointServerThreadCounter - PostHandleRequest() failed - <Unknown Exception>.
2025-01-17 10:14:52,930 [0x00002da8] f:\endpointserver\server\endpointserverimp.cpp:164 ERROR EndPointServerThreadCounter - PostHandleRequest() failed - <Unknown Exception>.
2025-01-17 10:21:57,216 [0x00002da8] f:\endpointserver\server\endpointserverimp.cpp:164 ERROR EndPointServerThreadCounter - PostHandleRequest() failed - <Unknown Exception>.
2025-01-17 10:44:52,973 [0x00002da0] f:\endpointserver\server\endpointserverimp.cpp:164 ERROR EndPointServerThreadCounter - PostHandleRequest() failed - <Unknown Exception>.
2025-01-17 10:58:37,331 [0x00002da0] f:\endpointserver\server\endpointserverimp.cpp:164 ERROR EndPointServerThreadCounter - PostHandleRequest() failed - <Unknown Exception>.
2025-01-17 11:01:57,276 [0x00002da0] f:\endpointserver\server\endpointserverimp.cpp:164 ERROR EndPointServerThreadCounter - PostHandleRequest() failed - <Unknown Exception>.
2025-01-17 11:11:57,314 [0x00002da0] f:\endpointserver\server\endpointserverimp.cpp:164 ERROR EndPointServerThreadCounter - PostHandleRequest() failed - <Unknown Exception>.
2025-01-17 11:12:16,322 [0x00002da8] f:\endpointserver\server\endpointserverimp.cpp:164 ERROR EndPointServerThreadCounter - PostHandleRequest() failed - <Unknown Exception>.
2025-01-17 11:14:53,028 [0x00002da8] f:\endpointserver\server\endpointserverimp.cpp:164 ERROR EndPointServerThreadCounter - PostHandleRequest() failed - <Unknown Exception>.
2025-01-17 11:31:57,358 [0x00002da8] f:\endpointserver\server\endpointserverimp.cpp:164 ERROR EndPointServerThreadCounter - PostHandleRequest() failed - <Unknown Exception>.
2025-01-17 11:45:23,281 [0x00002da8] f:\endpointserver\server\endpointserverimp.cpp:164 ERROR EndPointServerThreadCounter - PostHandleRequest() failed - <Unknown Exception>.
2025-01-17 12:05:23,330 [0x00002da0] f:\endpointserver\server\endpointserverimp.cpp:164 ERROR EndPointServerThreadCounter - PostHandleRequest() failed - <Unknown Exception>.
2025-01-17 12:51:57,488 [0x00002da0] f:\endpointserver\server\endpointserverimp.cpp:164 ERROR EndPointServerThreadCounter - PostHandleRequest() failed - <Unknown Exception>.
2025-01-17 13:17:23,826 [0x00002da0] f:\endpointserver\server\endpointserverimp.cpp:164 ERROR EndPointServerThreadCounter - PostHandleRequest() failed - <Unknown Exception>.
2025-01-17 13:56:03,149 [0x00002da0] f:\endpointserver\server\endpointserverimp.cpp:164 ERROR EndPointServerThreadCounter - PostHandleRequest() failed - <Unknown Exception>.
2025-01-17 14:01:02,939 [0x00002da0] f:\endpointserver\server\endpointserverimp.cpp:164 ERROR EndPointServerThreadCounter - PostHandleRequest() failed - <Unknown Exception>.
2025-01-17 14:13:47,083 [0x00002da0] f:\endpointserver\server\endpointserverimp.cpp:164 ERROR EndPointServerThreadCounter - PostHandleRequest() failed - <Unknown Exception>.
2025-01-17 14:16:03,219 [0x00002da0] f:\endpointserver\server\endpointserverimp.cpp:164 ERROR EndPointServerThreadCounter - PostHandleRequest() failed - <Unknown Exception>.
2025-01-17 14:23:47,072 [0x00002da0] f:\endpointserver\server\endpointserverimp.cpp:164 ERROR EndPointServerThreadCounter - PostHandleRequest() failed - <Unknown Exception>.
2025-01-17 14:33:47,114 [0x00002da0] f:\endpointserver\server\endpointserverimp.cpp:164 ERROR EndPointServerThreadCounter - PostHandleRequest() failed - <Unknown Exception>.
2025-01-17 14:36:03,180 [0x00002da0] f:\endpointserver\server\endpointserverimp.cpp:164 ERROR EndPointServerThreadCounter - PostHandleRequest() failed - <Unknown Exception>.
2025-01-17 14:51:57,703 [0x00002da0] f:\endpointserver\server\endpointserverimp.cpp:164 ERROR EndPointServerThreadCounter - PostHandleRequest() failed - <Unknown Exception>.
2025-01-17 15:01:57,703 [0x00002da0] f:\endpointserver\server\endpointserverimp.cpp:164 ERROR EndPointServerThreadCounter - PostHandleRequest() failed - <Unknown Exception>.
2025-01-17 15:06:03,236 [0x00002da0] f:\endpointserver\server\endpointserverimp.cpp:164 ERROR EndPointServerThreadCounter - PostHandleRequest() failed - <Unknown Exception>.
2025-01-17 15:12:03,855 [0x00002da0] f:\endpointserver\server\endpointserverimp.cpp:164 ERROR EndPointServerThreadCounter - PostHandleRequest() failed - <Unknown Exception>.
2025-01-17 15:22:03,870 [0x00002da0] f:\endpointserver\server\endpointserverimp.cpp:164 ERROR EndPointServerThreadCounter - PostHandleRequest() failed - <Unknown Exception>.
2025-01-17 15:42:03,876 [0x00002da0] f:\endpointserver\server\endpointserverimp.cpp:164 ERROR EndPointServerThreadCounter - PostHandleRequest() failed - <Unknown Exception>.
2025-01-17 15:52:18,053 [0x00002da0] f:\endpointserver\server\endpointserverimp.cpp:164 ERROR EndPointServerThreadCounter - PostHandleRequest() failed - <Unknown Exception>.
2025-01-17 16:06:03,271 [0x00002da0] f:\endpointserver\server\endpointserverimp.cpp:164 ERROR EndPointServerThreadCounter - PostHandleRequest() failed - <Unknown Exception>.
2025-01-17 21:21:51,861 [0x00002da8] f:\endpointserver\server\endpointserverimp.cpp:164 ERROR EndPointServerThreadCounter - PostHandleRequest() failed - <Unknown Exception>.
2025-01-17 21:51:51,925 [0x00002da8] f:\endpointserver\server\endpointserverimp.cpp:164 ERROR EndPointServerThreadCounter - PostHandleRequest() failed - <Unknown Exception>.
2025-01-17 23:05:19,497 [0x00002da0] f:\endpointserver\server\endpointserverimp.cpp:164 ERROR EndPointServerThreadCounter - PostHandleRequest() failed - <Unknown Exception>.
2025-01-17 23:51:52,085 [0x00002da8] f:\endpointserver\server\endpointserverimp.cpp:164 ERROR EndPointServerThreadCounter - PostHandleRequest() failed - <Unknown Exception>.
2025-01-18 00:51:52,161 [0x00002da8] f:\endpointserver\server\endpointserverimp.cpp:164 ERROR EndPointServerThreadCounter - PostHandleRequest() failed - <Unknown Exception>.
2025-01-18 03:31:52,473 [0x00002da8] f:\endpointserver\server\endpointserverimp.cpp:164 ERROR EndPointServerThreadCounter - PostHandleRequest() failed - <Unknown Exception>.
2025-01-18 05:01:52,640 [0x00002da0] f:\endpointserver\server\endpointserverimp.cpp:164 ERROR EndPointServerThreadCounter - PostHandleRequest() failed - <Unknown Exception>.
2025-01-18 05:21:52,693 [0x00002da0] f:\endpointserver\server\endpointserverimp.cpp:164 ERROR EndPointServerThreadCounter - PostHandleRequest() failed - <Unknown Exception>.
2025-01-18 06:11:52,745 [0x00002da0] f:\endpointserver\server\endpointserverimp.cpp:164 ERROR EndPointServerThreadCounter - PostHandleRequest() failed - <Unknown Exception>.
2025-01-18 11:32:31,009 [0x00002da0] f:\endpointserver\server\endpointserverimp.cpp:164 ERROR EndPointServerThreadCounter - PostHandleRequest() failed - <Unknown Exception>.
2025-01-18 12:02:31,017 [0x00002da0] f:\endpointserver\server\endpointserverimp.cpp:164 ERROR EndPointServerThreadCounter - PostHandleRequest() failed - <Unknown Exception>.
2025-01-18 12:22:30,978 [0x00002da0] f:\endpointserver\server\endpointserverimp.cpp:164 ERROR EndPointServerThreadCounter - PostHandleRequest() failed - <Unknown Exception>.
2025-01-18 12:42:31,014 [0x00002da8] f:\endpointserver\server\endpointserverimp.cpp:164 ERROR EndPointServerThreadCounter - PostHandleRequest() failed - <Unknown Exception>.
2025-01-19 15:43:39,776 [0x00002da0] f:\endpointserver\server\endpointserverimp.cpp:164 ERROR EndPointServerThreadCounter - PostHandleRequest() failed - <Unknown Exception>.
2025-01-20 10:17:45,348 [0x00002da4] f:\endpointserver\server\endpointserverimp.cpp:164 ERROR EndPointServerThreadCounter - PostHandleRequest() failed - <Unknown Exception>.
2025-01-20 10:57:45,407 [0x00002da4] f:\endpointserver\server\endpointserverimp.cpp:164 ERROR EndPointServerThreadCounter - PostHandleRequest() failed - <Unknown Exception>.
2025-01-20 12:54:57,950 [0x00002da4] f:\endpointserver\server\endpointserverimp.cpp:164 ERROR EndPointServerThreadCounter - PostHandleRequest() failed - <Unknown Exception>.
2025-01-20 13:27:45,648 [0x00002da0] f:\endpointserver\server\endpointserverimp.cpp:164 ERROR EndPointServerThreadCounter - PostHandleRequest() failed - <Unknown Exception>.
2025-01-20 13:37:45,660 [0x00002da0] f:\endpointserver\server\endpointserverimp.cpp:164 ERROR EndPointServerThreadCounter - PostHandleRequest() failed - <Unknown Exception>.
2025-01-20 13:50:45,764 [0x00002da0] f:\endpointserver\server\endpointserverimp.cpp:164 ERROR EndPointServerThreadCounter - PostHandleRequest() failed - <Unknown Exception>.
2025-01-20 14:47:45,783 [0x00002da0] f:\endpointserver\server\endpointserverimp.cpp:164 ERROR EndPointServerThreadCounter - PostHandleRequest() failed - <Unknown Exception>.
2025-01-20 15:27:45,829 [0x00002da0] f:\endpointserver\server\endpointserverimp.cpp:164 ERROR EndPointServerThreadCounter - PostHandleRequest() failed - <Unknown Exception>.
2025-01-20 16:37:45,947 [0x00002da0] f:\endpointserver\server\endpointserverimp.cpp:164 ERROR EndPointServerThreadCounter - PostHandleRequest() failed - <Unknown Exception>.
2025-01-20 23:18:31,548 [0x00002da4] f:\endpointserver\server\endpointserverimp.cpp:164 ERROR EndPointServerThreadCounter - PostHandleRequest() failed - <Unknown Exception>.
2025-01-21 00:28:31,682 [0x00002da4] f:\endpointserver\server\endpointserverimp.cpp:164 ERROR EndPointServerThreadCounter - PostHandleRequest() failed - <Unknown Exception>.
2025-01-21 04:08:32,059 [0x00002da4] f:\endpointserver\server\endpointserverimp.cpp:164 ERROR EndPointServerThreadCounter - PostHandleRequest() failed - <Unknown Exception>.
2025-01-21 06:18:32,279 [0x00002da4] f:\endpointserver\server\endpointserverimp.cpp:164 ERROR EndPointServerThreadCounter - PostHandleRequest() failed - <Unknown Exception>.
2025-01-21 06:38:32,307 [0x00002da4] f:\endpointserver\server\endpointserverimp.cpp:164 ERROR EndPointServerThreadCounter - PostHandleRequest() failed - <Unknown Exception>.
2025-01-21 09:32:52,185 [0x00002da4] f:\endpointserver\server\endpointserverimp.cpp:164 ERROR EndPointServerThreadCounter - PostHandleRequest() failed - <Unknown Exception>.
2025-01-21 09:55:09,299 [0x00002da8] f:\endpointserver\server\endpointserverimp.cpp:164 ERROR EndPointServerThreadCounter - PostHandleRequest() failed - <Unknown Exception>.
2025-01-21 10:00:41,866 [0x00002da8] f:\endpointserver\server\endpointserverimp.cpp:164 ERROR EndPointServerThreadCounter - PostHandleRequest() failed - <Unknown Exception>.
2025-01-21 10:15:09,338 [0x00002da8] f:\endpointserver\server\endpointserverimp.cpp:164 ERROR EndPointServerThreadCounter - PostHandleRequest() failed - <Unknown Exception>.
2025-01-21 10:32:52,263 [0x00002da8] f:\endpointserver\server\endpointserverimp.cpp:164 ERROR EndPointServerThreadCounter - PostHandleRequest() failed - <Unknown Exception>.
2025-01-21 10:42:52,251 [0x00002da4] f:\endpointserver\server\endpointserverimp.cpp:164 ERROR EndPointServerThreadCounter - PostHandleRequest() failed - <Unknown Exception>.
2025-01-21 11:02:52,268 [0x00002da4] f:\endpointserver\server\endpointserverimp.cpp:164 ERROR EndPointServerThreadCounter - PostHandleRequest() failed - <Unknown Exception>.
2025-01-21 11:05:09,400 [0x00002da4] f:\endpointserver\server\endpointserverimp.cpp:164 ERROR EndPointServerThreadCounter - PostHandleRequest() failed - <Unknown Exception>.
2025-01-21 11:22:52,268 [0x00002da4] f:\endpointserver\server\endpointserverimp.cpp:164 ERROR EndPointServerThreadCounter - PostHandleRequest() failed - <Unknown Exception>.
2025-01-21 11:25:09,417 [0x00002da4] f:\endpointserver\server\endpointserverimp.cpp:164 ERROR EndPointServerThreadCounter - PostHandleRequest() failed - <Unknown Exception>.
2025-01-21 11:35:20,952 [0x00002da4] f:\endpointserver\server\endpointserverimp.cpp:164 ERROR EndPointServerThreadCounter - PostHandleRequest() failed - <Unknown Exception>.
2025-01-21 12:05:20,995 [0x00002da8] f:\endpointserver\server\endpointserverimp.cpp:164 ERROR EndPointServerThreadCounter - PostHandleRequest() failed - <Unknown Exception>.
2025-01-21 12:42:52,313 [0x00002da4] f:\endpointserver\server\endpointserverimp.cpp:164 ERROR EndPointServerThreadCounter - PostHandleRequest() failed - <Unknown Exception>.
2025-01-21 12:55:21,102 [0x00002da4] f:\endpointserver\server\endpointserverimp.cpp:164 ERROR EndPointServerThreadCounter - PostHandleRequest() failed - <Unknown Exception>.
2025-01-21 12:57:08,203 [0x00002da4] f:\endpointserver\server\endpointserverimp.cpp:164 ERROR EndPointServerThreadCounter - PostHandleRequest() failed - <Unknown Exception>.
2025-01-21 13:07:08,196 [0x00002da4] f:\endpointserver\server\endpointserverimp.cpp:164 ERROR EndPointServerThreadCounter - PostHandleRequest() failed - <Unknown Exception>.
2025-01-21 13:32:52,330 [0x00002da4] f:\endpointserver\server\endpointserverimp.cpp:164 ERROR EndPointServerThreadCounter - PostHandleRequest() failed - <Unknown Exception>.
2025-01-21 13:47:08,309 [0x00002da4] f:\endpointserver\server\endpointserverimp.cpp:164 ERROR EndPointServerThreadCounter - PostHandleRequest() failed - <Unknown Exception>.
2025-01-21 14:12:52,362 [0x00002da4] f:\endpointserver\server\endpointserverimp.cpp:164 ERROR EndPointServerThreadCounter - PostHandleRequest() failed - <Unknown Exception>.
2025-01-21 14:17:08,267 [0x00002da4] f:\endpointserver\server\endpointserverimp.cpp:164 ERROR EndPointServerThreadCounter - PostHandleRequest() failed - <Unknown Exception>.
2025-01-21 14:32:31,655 [0x00002da8] f:\endpointserver\server\endpointserverimp.cpp:164 ERROR EndPointServerThreadCounter - PostHandleRequest() failed - <Unknown Exception>.
2025-01-21 14:37:08,294 [0x00002da8] f:\endpointserver\server\endpointserverimp.cpp:164 ERROR EndPointServerThreadCounter - PostHandleRequest() failed - <Unknown Exception>.
2025-01-21 14:57:08,361 [0x00002da8] f:\endpointserver\server\endpointserverimp.cpp:164 ERROR EndPointServerThreadCounter - PostHandleRequest() failed - <Unknown Exception>.
2025-01-21 15:02:32,525 [0x00002da8] f:\endpointserver\server\endpointserverimp.cpp:164 ERROR EndPointServerThreadCounter - PostHandleRequest() failed - <Unknown Exception>.
2025-01-21 15:02:52,400 [0x00002da4] f:\endpointserver\server\endpointserverimp.cpp:164 ERROR EndPointServerThreadCounter - PostHandleRequest() failed - <Unknown Exception>.
2025-01-21 15:12:52,390 [0x00002da4] f:\endpointserver\server\endpointserverimp.cpp:164 ERROR EndPointServerThreadCounter - PostHandleRequest() failed - <Unknown Exception>.
2025-01-21 16:02:52,435 [0x00002da4] f:\endpointserver\server\endpointserverimp.cpp:164 ERROR EndPointServerThreadCounter - PostHandleRequest() failed - <Unknown Exception>.
2025-01-21 16:42:14,582 [0x00002da0] f:\endpointserver\server\endpointserverimp.cpp:164 ERROR EndPointServerThreadCounter - PostHandleRequest() failed - <Unknown Exception>.
2025-01-21 16:57:39,231 [0x00002da0] f:\endpointserver\server\endpointserverimp.cpp:164 ERROR EndPointServerThreadCounter - PostHandleRequest() failed - <Unknown Exception>.
2025-01-21 20:15:19,202 [0x00002da8] f:\endpointserver\server\endpointserverimp.cpp:164 ERROR EndPointServerThreadCounter - PostHandleRequest() failed - <Unknown Exception>.
2025-01-21 23:57:04,954 [0x00002da8] f:\endpointserver\server\endpointserverimp.cpp:164 ERROR EndPointServerThreadCounter - PostHandleRequest() failed - <Unknown Exception>.
2025-01-22 01:17:05,090 [0x00002da8] f:\endpointserver\server\endpointserverimp.cpp:164 ERROR EndPointServerThreadCounter - PostHandleRequest() failed - <Unknown Exception>.
2025-01-22 01:37:05,134 [0x00002da8] f:\endpointserver\server\endpointserverimp.cpp:164 ERROR EndPointServerThreadCounter - PostHandleRequest() failed - <Unknown Exception>.
2025-01-22 03:37:05,322 [0x00002da4] f:\endpointserver\server\endpointserverimp.cpp:164 ERROR EndPointServerThreadCounter - PostHandleRequest() failed - <Unknown Exception>.
2025-01-22 06:12:07,114 [0x00002da4] f:\endpointserver\server\endpointserverimp.cpp:164 ERROR EndPointServerThreadCounter - PostHandleRequest() failed - <Unknown Exception>.
2025-01-23 09:07:54,103 [0x00002da0] f:\endpointserver\server\endpointserverimp.cpp:164 ERROR EndPointServerThreadCounter - PostHandleRequest() failed - <Unknown Exception>.
2025-01-23 09:19:59,557 [0x00002da0] f:\endpointserver\server\endpointserverimp.cpp:164 ERROR EndPointServerThreadCounter - PostHandleRequest() failed - <Unknown Exception>.
2025-01-23 09:34:47,792 [0x00002da8] f:\endpointserver\server\endpointserverimp.cpp:164 ERROR EndPointServerThreadCounter - PostHandleRequest() failed - <Unknown Exception>.
2025-01-27 14:50:55,732 [0x00002da4] f:\endpointserver\server\endpointserverimp.cpp:164 ERROR EndPointServerThreadCounter - PostHandleRequest() failed - <Unknown Exception>.
2025-01-27 17:04:41,146 [0x00002da4] f:\endpointserver\server\endpointserverimp.cpp:164 ERROR EndPointServerThreadCounter - PostHandleRequest() failed - <Unknown Exception>.
2025-01-28 13:52:44,885 [0x00002da0] f:\endpointserver\server\endpointserverimp.cpp:164 ERROR EndPointServerThreadCounter - PostHandleRequest() failed - <Unknown Exception>.
2025-01-30 09:36:37,659 [0x00002da4] f:\endpointserver\server\endpointserverimp.cpp:164 ERROR EndPointServerThreadCounter - PostHandleRequest() failed - <Unknown Exception>.
2025-01-31 13:13:25,085 [0x00002da0] f:\endpointserver\server\endpointserverimp.cpp:164 ERROR EndPointServerThreadCounter - PostHandleRequest() failed - <Unknown Exception>.
2025-02-03 19:33:07,415 [0x00002da8] f:\endpointserver\server\endpointserverimp.cpp:164 ERROR EndPointServerThreadCounter - PostHandleRequest() failed - <Unknown Exception>.
2025-02-05 12:51:27,924 [0x00002da4] f:\endpointserver\server\endpointserverimp.cpp:164 ERROR EndPointServerThreadCounter - PostHandleRequest() failed - <Unknown Exception>.
2025-02-06 17:01:42,784 [0x00002dcc] f:\endpointserver\server\endpointserverimp.cpp:164 ERROR EndPointServerThreadCounter - PostHandleRequest() failed - <Unknown Exception>.
2025-02-09 13:43:46,280 [0x00002dcc] f:\endpointserver\server\endpointserverimp.cpp:164 ERROR EndPointServerThreadCounter - PostHandleRequest() failed - <Unknown Exception>.
2025-02-12 16:37:22,914 [0x00002da0] f:\endpointserver\server\endpointserverimp.cpp:164 ERROR EndPointServerThreadCounter - PostHandleRequest() failed - <Unknown Exception>.
2025-02-14 11:47:30,261 [0x00002dcc] f:\endpointserver\server\endpointserverimp.cpp:164 ERROR EndPointServerThreadCounter - PostHandleRequest() failed - <Unknown Exception>.
2025-02-17 11:56:15,481 [0x00002da8] f:\endpointserver\server\endpointserverimp.cpp:164 ERROR EndPointServerThreadCounter - PostHandleRequest() failed - <Unknown Exception>.
2025-02-18 12:01:30,021 [0x00002da8] f:\endpointserver\server\endpointserverimp.cpp:164 ERROR EndPointServerThreadCounter - PostHandleRequest() failed - <Unknown Exception>.
2025-02-25 10:29:13,469 [0x00002da0] f:\endpointserver\server\endpointserverimp.cpp:164 ERROR EndPointServerThreadCounter - PostHandleRequest() failed - <Unknown Exception>.
2025-03-03 13:55:32,778 [0x00002da4] f:\endpointserver\server\endpointserverimp.cpp:164 ERROR EndPointServerThreadCounter - PostHandleRequest() failed - <Unknown Exception>.
2025-03-03 15:55:47,264 [0x00002da4] f:\endpointserver\server\endpointserverimp.cpp:164 ERROR EndPointServerThreadCounter - PostHandleRequest() failed - <Unknown Exception>.
2025-03-05 10:58:40,031 [0x00002da8] f:\endpointserver\server\endpointserverimp.cpp:164 ERROR EndPointServerThreadCounter - PostHandleRequest() failed - <Unknown Exception>.
2025-03-05 17:59:35,071 [0x00002da8] f:\endpointserver\server\endpointserverimp.cpp:164 ERROR EndPointServerThreadCounter - PostHandleRequest() failed - <Unknown Exception>.
2025-03-05 20:47:39,113 [0x00002da8] f:\endpointserver\server\endpointserverimp.cpp:164 ERROR EndPointServerThreadCounter - PostHandleRequest() failed - <Unknown Exception>.
2025-03-05 21:31:41,484 [0x00002da8] f:\endpointserver\server\endpointserverimp.cpp:164 ERROR EndPointServerThreadCounter - PostHandleRequest() failed - <Unknown Exception>.
2025-03-11 09:22:44,179 [0x00002dcc] f:\endpointserver\server\endpointserverimp.cpp:164 ERROR EndPointServerThreadCounter - PostHandleRequest() failed - <Unknown Exception>.
2025-03-17 21:02:46,361 [0x00002d9c] f:\endpointserver\server\endpointserverimp.cpp:164 ERROR EndPointServerThreadCounter - PostHandleRequest() failed - <Unknown Exception>.
2025-03-30 11:42:11,031 [0x00002d9c] f:\endpointserver\server\endpointserverimp.cpp:164 ERROR EndPointServerThreadCounter - PostHandleRequest() failed - <Unknown Exception>.
2025-04-01 08:28:06,867 [0x00002d9c] f:\endpointserver\server\endpointserverimp.cpp:164 ERROR EndPointServerThreadCounter - PostHandleRequest() failed - <Unknown Exception>.
2025-04-01 10:01:11,461 [0x00002d9c] f:\endpointserver\server\endpointserverimp.cpp:164 ERROR EndPointServerThreadCounter - PostHandleRequest() failed - <Unknown Exception>.
2025-04-01 18:37:01,741 [0x00002d9c] f:\endpointserver\server\endpointserverimp.cpp:164 ERROR EndPointServerThreadCounter - PostHandleRequest() failed - <Unknown Exception>.
2025-04-02 04:43:26,045 [0x00002da0] f:\endpointserver\server\endpointserverimp.cpp:164 ERROR EndPointServerThreadCounter - PostHandleRequest() failed - <Unknown Exception>.
2025-04-03 07:36:40,008 [0x00002dcc] f:\endpointserver\server\endpointserverimp.cpp:164 ERROR EndPointServerThreadCounter - PostHandleRequest() failed - <Unknown Exception>.
2025-04-03 12:56:15,117 [0x00002da0] f:\endpointserver\server\endpointserverimp.cpp:164 ERROR EndPointServerThreadCounter - PostHandleRequest() failed - <Unknown Exception>.
2025-04-03 21:12:00,602 [0x00002dcc] f:\endpointserver\server\endpointserverimp.cpp:164 ERROR EndPointServerThreadCounter - PostHandleRequest() failed - <Unknown Exception>.
2025-04-09 12:55:46,679 [0x00002da8] f:\endpointserver\server\endpointserverimp.cpp:164 ERROR EndPointServerThreadCounter - PostHandleRequest() failed - <Unknown Exception>.
2025-04-09 20:30:34,213 [0x00002da8] f:\endpointserver\server\endpointserverimp.cpp:164 ERROR EndPointServerThreadCounter - PostHandleRequest() failed - <Unknown Exception>.
2025-04-10 15:01:49,031 [0x00002da8] f:\endpointserver\server\endpointserverimp.cpp:164 ERROR EndPointServerThreadCounter - PostHandleRequest() failed - <Unknown Exception>.
2025-04-11 08:10:50,545 [0x00002dcc] f:\endpointserver\server\endpointserverimp.cpp:164 ERROR EndPointServerThreadCounter - PostHandleRequest() failed - <Unknown Exception>.
2025-04-14 13:37:04,338 [0x00002da0] f:\endpointserver\server\endpointserverimp.cpp:164 ERROR EndPointServerThreadCounter - PostHandleRequest() failed - <Unknown Exception>.
2025-04-15 10:02:19,462 [0x00002da8] f:\endpointserver\server\endpointserverimp.cpp:164 ERROR EndPointServerThreadCounter - PostHandleRequest() failed - <Unknown Exception>.
2025-04-18 12:22:43,912 [0x00002dcc] f:\endpointserver\server\endpointserverimp.cpp:164 ERROR EndPointServerThreadCounter - PostHandleRequest() failed - <Unknown Exception>.
2025-04-18 15:46:34,428 [0x00002da0] f:\endpointserver\server\endpointserverimp.cpp:164 ERROR EndPointServerThreadCounter - PostHandleRequest() failed - <Unknown Exception>.
2025-04-18 23:41:36,219 [0x00002dcc] f:\endpointserver\server\endpointserverimp.cpp:164 ERROR EndPointServerThreadCounter - PostHandleRequest() failed - <Unknown Exception>.
2025-04-21 15:25:21,422 [0x00002da0] f:\endpointserver\server\endpointserverimp.cpp:164 ERROR EndPointServerThreadCounter - PostHandleRequest() failed - <Unknown Exception>.
2025-04-22 00:38:15,661 [0x00002dcc] f:\endpointserver\server\endpointserverimp.cpp:164 ERROR EndPointServerThreadCounter - PostHandleRequest() failed - <Unknown Exception>.
2025-04-22 20:53:56,353 [0x000024b4] f:\pais\dataprimitives\dateandtime.cpp:212 ERROR PAIS - Time string <> is not an ISO8601 string.
2025-04-22 20:53:56,354 [0x000024b4] f:\pais\dataprimitives\dateandtime.cpp:212 ERROR PAIS - Time string <> is not an ISO8601 string.
2025-04-23 17:07:46,639 [0x00002eac] f:\endpointserver\core\endpointmngmntclient.cpp:215 ERROR ManagementClient - ManagementClient::SendStatus() Failed. Error - SOAP 1.1; Error 500; Fault: SOAP-ENV:Client Error 28; Fault: detected Timeout; Detail: connect failed in tcp_connect(); Connection IP <0.0.0.0:17443>; Connection IP <0.0.0.0:8891>
2025-04-24 09:52:45,143 [0x00002da8] f:\endpointserver\server\endpointserverimp.cpp:164 ERROR EndPointServerThreadCounter - PostHandleRequest() failed - <Unknown Exception>.
2025-04-24 09:58:22,865 [0x00002da8] f:\endpointserver\server\endpointserverimp.cpp:164 ERROR EndPointServerThreadCounter - PostHandleRequest() failed - <Unknown Exception>.
2025-04-29 12:21:15,457 [0x00002dcc] f:\endpointserver\server\endpointserverimp.cpp:164 ERROR EndPointServerThreadCounter - PostHandleRequest() failed - <Unknown Exception>.
2025-04-29 15:25:24,478 [0x00002da0] f:\endpointserver\server\endpointserverimp.cpp:164 ERROR EndPointServerThreadCounter - PostHandleRequest() failed - <Unknown Exception>.
2025-04-30 20:00:29,855 [0x00002da8] f:\endpointserver\server\endpointserverimp.cpp:164 ERROR EndPointServerThreadCounter - PostHandleRequest() failed - <Unknown Exception>.
2025-05-01 10:43:17,891 [0x00002da8] f:\endpointserver\server\endpointserverimp.cpp:164 ERROR EndPointServerThreadCounter - PostHandleRequest() failed - <Unknown Exception>.
2025-05-01 10:56:06,339 [0x00002da0] f:\endpointserver\server\endpointserverimp.cpp:164 ERROR EndPointServerThreadCounter - PostHandleRequest() failed - <Unknown Exception>.
2025-05-01 11:09:51,052 [0x00002da0] f:\endpointserver\server\endpointserverimp.cpp:164 ERROR EndPointServerThreadCounter - PostHandleRequest() failed - <Unknown Exception>.
2025-05-01 20:08:24,402 [0x00002da8] f:\endpointserver\server\endpointserverimp.cpp:164 ERROR EndPointServerThreadCounter - PostHandleRequest() failed - <Unknown Exception>.
2025-05-01 20:08:24,423 [0x00002da8] f:\endpointserver\server\endpointserverimp.cpp:164 ERROR EndPointServerThreadCounter - PostHandleRequest() failed - <Unknown Exception>.
2025-05-01 20:08:24,487 [0x00002da8] f:\endpointserver\server\endpointserverimp.cpp:164 ERROR EndPointServerThreadCounter - PostHandleRequest() failed - <Unknown Exception>.
2025-05-01 20:09:07,822 [0x00002da8] f:\endpointserver\server\endpointserverimp.cpp:164 ERROR EndPointServerThreadCounter - PostHandleRequest() failed - <Unknown Exception>.
2025-05-01 20:09:07,823 [0x00002da8] f:\endpointserver\server\endpointserverimp.cpp:164 ERROR EndPointServerThreadCounter - PostHandleRequest() failed - <Unknown Exception>.
2025-05-01 20:09:38,222 [0x00002da8] f:\endpointserver\server\endpointserverimp.cpp:164 ERROR EndPointServerThreadCounter - PostHandleRequest() failed - <Unknown Exception>.
2025-05-02 09:42:31,590 [0x00002da8] f:\endpointserver\server\endpointserverimp.cpp:164 ERROR EndPointServerThreadCounter - PostHandleRequest() failed - <Unknown Exception>.
2025-05-04 15:46:33,211 [0x00002dcc] f:\endpointserver\server\endpointserverimp.cpp:164 ERROR EndPointServerThreadCounter - PostHandleRequest() failed - <Unknown Exception>.
2025-05-06 10:36:23,184 [0x00002da8] f:\endpointserver\server\endpointserverimp.cpp:164 ERROR EndPointServerThreadCounter - PostHandleRequest() failed - <Unknown Exception>.
2025-05-06 16:49:07,700 [0x00002da8] f:\endpointserver\server\endpointserverimp.cpp:164 ERROR EndPointServerThreadCounter - PostHandleRequest() failed - <Unknown Exception>.
2025-05-07 12:07:33,545 [0x00002dcc] f:\endpointserver\server\endpointserverimp.cpp:164 ERROR EndPointServerThreadCounter - PostHandleRequest() failed - <Unknown Exception>.
2025-05-10 18:25:12,548 [0x00002d9c] f:\endpointserver\server\endpointserverimp.cpp:164 ERROR EndPointServerThreadCounter - PostHandleRequest() failed - <Unknown Exception>.
2025-05-12 09:50:20,703 [0x00002da8] f:\endpointserver\server\endpointserverimp.cpp:164 ERROR EndPointServerThreadCounter - PostHandleRequest() failed - <Unknown Exception>.
2025-05-15 16:04:50,177 [0x00002dcc] f:\endpointserver\server\endpointserverimp.cpp:164 ERROR EndPointServerThreadCounter - PostHandleRequest() failed - <Unknown Exception>.
2025-05-18 17:47:36,678 [0x00002dcc] f:\endpointserver\server\endpointserverimp.cpp:164 ERROR EndPointServerThreadCounter - PostHandleRequest() failed - <Unknown Exception>.
2025-05-19 10:21:30,464 [0x00002da4] f:\endpointserver\server\endpointserverimp.cpp:164 ERROR EndPointServerThreadCounter - PostHandleRequest() failed - <Unknown Exception>.
2025-05-20 09:53:22,166 [0x00002dcc] f:\endpointserver\server\endpointserverimp.cpp:164 ERROR EndPointServerThreadCounter - PostHandleRequest() failed - <Unknown Exception>.
2025-05-20 22:02:47,401 [0x00002dcc] f:\endpointserver\server\endpointserverimp.cpp:164 ERROR EndPointServerThreadCounter - PostHandleRequest() failed - <Unknown Exception>.
2025-05-21 11:43:38,713 [0x00002d9c] f:\endpointserver\server\endpointserverimp.cpp:164 ERROR EndPointServerThreadCounter - PostHandleRequest() failed - <Unknown Exception>.
2025-05-21 13:36:28,597 [0x00002da0] f:\endpointserver\server\endpointserverimp.cpp:164 ERROR EndPointServerThreadCounter - PostHandleRequest() failed - <Unknown Exception>.
2025-05-22 17:32:22,164 [0x00002da0] f:\endpointserver\server\endpointserverimp.cpp:164 ERROR EndPointServerThreadCounter - PostHandleRequest() failed - <Unknown Exception>.
2025-05-29 16:40:06,379 [0x00002da4] f:\endpointserver\server\endpointserverimp.cpp:164 ERROR EndPointServerThreadCounter - PostHandleRequest() failed - <Unknown Exception>.
2025-05-29 19:39:01,571 [0x00002da4] f:\endpointserver\server\endpointserverimp.cpp:164 ERROR EndPointServerThreadCounter - PostHandleRequest() failed - <Unknown Exception>.
2025-05-30 12:44:33,453 [0x00002d9c] f:\endpointserver\server\endpointserverimp.cpp:164 ERROR EndPointServerThreadCounter - PostHandleRequest() failed - <Unknown Exception>.
2025-06-03 09:22:56,851 [0x00002d9c] f:\endpointserver\server\endpointserverimp.cpp:164 ERROR EndPointServerThreadCounter - PostHandleRequest() failed - <Unknown Exception>.
2025-06-03 21:48:41,524 [0x00002d9c] f:\endpointserver\server\endpointserverimp.cpp:164 ERROR EndPointServerThreadCounter - PostHandleRequest() failed - <Unknown Exception>.
2025-06-03 21:48:41,573 [0x00002d9c] f:\endpointserver\server\endpointserverimp.cpp:164 ERROR EndPointServerThreadCounter - PostHandleRequest() failed - <Unknown Exception>.
2025-06-04 13:48:42,469 [0x00002da4] f:\endpointserver\server\endpointserverimp.cpp:164 ERROR EndPointServerThreadCounter - PostHandleRequest() failed - <Unknown Exception>.
2025-06-06 10:13:25,281 [0x00002da4] f:\endpointserver\server\endpointserverimp.cpp:164 ERROR EndPointServerThreadCounter - PostHandleRequest() failed - <Unknown Exception>.
2025-06-10 10:42:11,510 [0x00002da0] f:\endpointserver\server\endpointserverimp.cpp:164 ERROR EndPointServerThreadCounter - PostHandleRequest() failed - <Unknown Exception>.
2025-06-11 11:16:27,156 [0x00002da4] f:\endpointserver\server\endpointserverimp.cpp:164 ERROR EndPointServerThreadCounter - PostHandleRequest() failed - <Unknown Exception>.
2025-06-11 16:08:36,706 [0x00002da4] f:\endpointserver\server\endpointserverimp.cpp:164 ERROR EndPointServerThreadCounter - PostHandleRequest() failed - <Unknown Exception>.
2025-06-12 15:38:34,709 [0x00002d9c] f:\endpointserver\server\endpointserverimp.cpp:164 ERROR EndPointServerThreadCounter - PostHandleRequest() failed - <Unknown Exception>.
2025-06-12 15:38:56,486 [0x00002d9c] f:\endpointserver\server\endpointserverimp.cpp:164 ERROR EndPointServerThreadCounter - PostHandleRequest() failed - <Unknown Exception>.
2025-06-12 15:38:57,874 [0x00002d9c] f:\endpointserver\server\endpointserverimp.cpp:164 ERROR EndPointServerThreadCounter - PostHandleRequest() failed - <Unknown Exception>.
2025-06-12 15:39:06,244 [0x00002da8] f:\endpointserver\server\endpointserverimp.cpp:164 ERROR EndPointServerThreadCounter - PostHandleRequest() failed - <Unknown Exception>.
2025-06-12 15:39:08,317 [0x00002da8] f:\endpointserver\server\endpointserverimp.cpp:164 ERROR EndPointServerThreadCounter - PostHandleRequest() failed - <Unknown Exception>.
2025-06-12 15:39:11,793 [0x00002d9c] f:\endpointserver\server\endpointserverimp.cpp:164 ERROR EndPointServerThreadCounter - PostHandleRequest() failed - <Unknown Exception>.
2025-06-12 15:39:12,568 [0x00002da8] f:\endpointserver\server\endpointserverimp.cpp:164 ERROR EndPointServerThreadCounter - PostHandleRequest() failed - <Unknown Exception>.
2025-06-12 15:39:12,692 [0x00002da0] f:\endpointserver\server\endpointserverimp.cpp:164 ERROR EndPointServerThreadCounter - PostHandleRequest() failed - <Unknown Exception>.
2025-06-12 15:39:14,360 [0x00002da8] f:\endpointserver\server\endpointserverimp.cpp:164 ERROR EndPointServerThreadCounter - PostHandleRequest() failed - <Unknown Exception>.
2025-06-12 15:39:15,908 [0x00002da8] f:\endpointserver\server\endpointserverimp.cpp:164 ERROR EndPointServerThreadCounter - PostHandleRequest() failed - <Unknown Exception>.
2025-06-12 15:40:41,156 [0x00002da0] f:\endpointserver\server\endpointserverimp.cpp:164 ERROR EndPointServerThreadCounter - PostHandleRequest() failed - <Unknown Exception>.
2025-06-12 15:40:58,472 [0x00002da4] f:\endpointserver\server\endpointserverimp.cpp:164 ERROR EndPointServerThreadCounter - PostHandleRequest() failed - <Unknown Exception>.
2025-06-12 15:41:03,699 [0x00002da0] f:\endpointserver\server\endpointserverimp.cpp:164 ERROR EndPointServerThreadCounter - PostHandleRequest() failed - <Unknown Exception>.
2025-06-12 15:41:03,778 [0x00002da0] f:\endpointserver\server\endpointserverimp.cpp:164 ERROR EndPointServerThreadCounter - PostHandleRequest() failed - <Unknown Exception>.
2025-06-12 15:41:09,620 [0x00002da8] f:\endpointserver\server\endpointserverimp.cpp:164 ERROR EndPointServerThreadCounter - PostHandleRequest() failed - <Unknown Exception>.
2025-06-12 15:41:14,929 [0x00002da0] f:\endpointserver\server\endpointserverimp.cpp:164 ERROR EndPointServerThreadCounter - PostHandleRequest() failed - <Unknown Exception>.
2025-06-12 15:41:14,987 [0x00002da0] f:\endpointserver\server\endpointserverimp.cpp:164 ERROR EndPointServerThreadCounter - PostHandleRequest() failed - <Unknown Exception>.
2025-06-12 15:41:25,810 [0x00002d9c] f:\endpointserver\server\endpointserverimp.cpp:164 ERROR EndPointServerThreadCounter - PostHandleRequest() failed - <Unknown Exception>.
2025-06-12 15:41:26,082 [0x00002d9c] f:\endpointserver\server\endpointserverimp.cpp:164 ERROR EndPointServerThreadCounter - PostHandleRequest() failed - <Unknown Exception>.
2025-06-12 15:41:27,207 [0x00002da8] f:\endpointserver\server\endpointserverimp.cpp:164 ERROR EndPointServerThreadCounter - PostHandleRequest() failed - <Unknown Exception>.
2025-06-12 15:41:27,351 [0x00002d9c] f:\endpointserver\server\endpointserverimp.cpp:164 ERROR EndPointServerThreadCounter - PostHandleRequest() failed - <Unknown Exception>.
2025-06-12 15:41:27,437 [0x00002d9c] f:\endpointserver\server\endpointserverimp.cpp:164 ERROR EndPointServerThreadCounter - PostHandleRequest() failed - <Unknown Exception>.
2025-06-12 15:41:27,566 [0x00002da8] f:\endpointserver\server\endpointserverimp.cpp:164 ERROR EndPointServerThreadCounter - PostHandleRequest() failed - <Unknown Exception>.
2025-06-12 15:41:33,474 [0x00002d78] f:\endpointserver\server\endpointserverimp.cpp:164 ERROR EndPointServerThreadCounter - PostHandleRequest() failed - <Unknown Exception>.
2025-06-12 15:41:40,287 [0x00002d9c] f:\endpointserver\server\endpointserverimp.cpp:164 ERROR EndPointServerThreadCounter - PostHandleRequest() failed - <Unknown Exception>.
2025-06-12 15:41:40,687 [0x00002d9c] f:\endpointserver\server\endpointserverimp.cpp:164 ERROR EndPointServerThreadCounter - PostHandleRequest() failed - <Unknown Exception>.
2025-06-12 15:41:41,503 [0x00002d9c] f:\endpointserver\server\endpointserverimp.cpp:164 ERROR EndPointServerThreadCounter - PostHandleRequest() failed - <Unknown Exception>.
2025-06-12 15:41:44,092 [0x00002da8] f:\endpointserver\server\endpointserverimp.cpp:164 ERROR EndPointServerThreadCounter - PostHandleRequest() failed - <Unknown Exception>.
2025-06-12 15:41:51,204 [0x00002d9c] f:\endpointserver\server\endpointserverimp.cpp:164 ERROR EndPointServerThreadCounter - PostHandleRequest() failed - <Unknown Exception>.
2025-06-12 15:41:51,525 [0x00002d9c] f:\endpointserver\server\endpointserverimp.cpp:164 ERROR EndPointServerThreadCounter - PostHandleRequest() failed - <Unknown Exception>.
2025-06-12 15:41:52,709 [0x00002d9c] f:\endpointserver\server\endpointserverimp.cpp:164 ERROR EndPointServerThreadCounter - PostHandleRequest() failed - <Unknown Exception>.
2025-06-12 15:43:09,168 [0x00002d9c] f:\endpointserver\server\endpointserverimp.cpp:164 ERROR EndPointServerThreadCounter - PostHandleRequest() failed - <Unknown Exception>.
2025-06-12 15:43:11,350 [0x00002da0] f:\endpointserver\server\endpointserverimp.cpp:164 ERROR EndPointServerThreadCounter - PostHandleRequest() failed - <Unknown Exception>.
2025-06-12 15:43:15,433 [0x00002dcc] f:\endpointserver\server\endpointserverimp.cpp:164 ERROR EndPointServerThreadCounter - PostHandleRequest() failed - <Unknown Exception>.
2025-06-12 15:43:23,517 [0x00002da4] f:\endpointserver\server\endpointserverimp.cpp:164 ERROR EndPointServerThreadCounter - PostHandleRequest() failed - <Unknown Exception>.
2025-06-12 15:43:39,610 [0x00002da4] f:\endpointserver\server\endpointserverimp.cpp:164 ERROR EndPointServerThreadCounter - PostHandleRequest() failed - <Unknown Exception>.
2025-06-12 15:47:41,421 [0x00002d74] f:\endpointserver\server\endpointserverimp.cpp:164 ERROR EndPointServerThreadCounter - PostHandleRequest() failed - <Unknown Exception>.
2025-06-12 15:47:46,485 [0x00002d74] f:\endpointserver\server\endpointserverimp.cpp:164 ERROR EndPointServerThreadCounter - PostHandleRequest() failed - <Unknown Exception>.
2025-06-12 15:48:15,133 [0x00002d74] f:\endpointserver\server\endpointserverimp.cpp:164 ERROR EndPointServerThreadCounter - PostHandleRequest() failed - <Unknown Exception>.
2025-06-12 15:48:20,147 [0x00002d74] f:\endpointserver\server\endpointserverimp.cpp:164 ERROR EndPointServerThreadCounter - PostHandleRequest() failed - <Unknown Exception>.
2025-06-12 15:48:20,235 [0x00002d74] f:\endpointserver\server\endpointserverimp.cpp:164 ERROR EndPointServerThreadCounter - PostHandleRequest() failed - <Unknown Exception>.
2025-06-12 15:48:25,340 [0x00002d74] f:\endpointserver\server\endpointserverimp.cpp:164 ERROR EndPointServerThreadCounter - PostHandleRequest() failed - <Unknown Exception>.
2025-06-12 15:50:45,625 [0x00002d9c] f:\endpointserver\server\endpointserverimp.cpp:164 ERROR EndPointServerThreadCounter - PostHandleRequest() failed - <Unknown Exception>.
2025-06-12 15:51:03,954 [0x00002d9c] f:\endpointserver\server\endpointserverimp.cpp:164 ERROR EndPointServerThreadCounter - PostHandleRequest() failed - <Unknown Exception>.
2025-06-12 15:51:53,076 [0x00002da8] f:\pais\util\filesystem\utils.cpp:429 ERROR Exception - PAIS::FileExists(F:/Program Files (x86)/Websense/Data Security/apache/htdocs/*) apr_stat failed: The filename, directory name, or volume label syntax is incorrect.  
2025-06-12 15:51:53,079 [0x00002da8] f:\endpointserver\server\endpointserverimp.cpp:160 ERROR EndPointServerThreadCounter - PostHandleRequest() failed  - <PAIS::FileExists(F:/Program Files (x86)/Websense/Data Security/apache/htdocs/*) apr_stat failed: The filename, directory name, or volume label syntax is incorrect.  >
2025-06-12 15:51:53,683 [0x00002d74] f:\pais\util\filesystem\utils.cpp:429 ERROR Exception - PAIS::FileExists(F:/Program Files (x86)/Websense/Data Security/apache/htdocs/*) apr_stat failed: The filename, directory name, or volume label syntax is incorrect.  
2025-06-12 15:51:53,684 [0x00002d74] f:\endpointserver\server\endpointserverimp.cpp:160 ERROR EndPointServerThreadCounter - PostHandleRequest() failed  - <PAIS::FileExists(F:/Program Files (x86)/Websense/Data Security/apache/htdocs/*) apr_stat failed: The filename, directory name, or volume label syntax is incorrect.  >
2025-06-12 15:51:53,913 [0x00002da4] f:\pais\util\filesystem\utils.cpp:429 ERROR Exception - PAIS::FileExists(F:/Program Files (x86)/Websense/Data Security/apache/htdocs/*) apr_stat failed: The filename, directory name, or volume label syntax is incorrect.  
2025-06-12 15:51:53,913 [0x00002da4] f:\endpointserver\server\endpointserverimp.cpp:160 ERROR EndPointServerThreadCounter - PostHandleRequest() failed  - <PAIS::FileExists(F:/Program Files (x86)/Websense/Data Security/apache/htdocs/*) apr_stat failed: The filename, directory name, or volume label syntax is incorrect.  >
2025-06-12 15:51:59,586 [0x00002da8] f:\endpointserver\server\endpointserverimp.cpp:164 ERROR EndPointServerThreadCounter - PostHandleRequest() failed - <Unknown Exception>.
2025-06-12 15:51:59,613 [0x00002d78] f:\endpointserver\server\endpointserverimp.cpp:164 ERROR EndPointServerThreadCounter - PostHandleRequest() failed - <Unknown Exception>.
2025-06-12 15:51:59,701 [0x00002d78] f:\endpointserver\server\endpointserverimp.cpp:164 ERROR EndPointServerThreadCounter - PostHandleRequest() failed - <Unknown Exception>.
2025-06-12 15:51:59,755 [0x00002d78] f:\endpointserver\server\endpointserverimp.cpp:164 ERROR EndPointServerThreadCounter - PostHandleRequest() failed - <Unknown Exception>.
2025-06-12 15:51:59,810 [0x00002d78] f:\endpointserver\server\endpointserverimp.cpp:164 ERROR EndPointServerThreadCounter - PostHandleRequest() failed - <Unknown Exception>.
2025-06-12 15:51:59,928 [0x00002d78] f:\endpointserver\server\endpointserverimp.cpp:164 ERROR EndPointServerThreadCounter - PostHandleRequest() failed - <Unknown Exception>.
2025-06-12 15:51:59,928 [0x00002d74] f:\endpointserver\server\endpointserverimp.cpp:164 ERROR EndPointServerThreadCounter - PostHandleRequest() failed - <Unknown Exception>.
2025-06-12 15:51:59,989 [0x00002da8] f:\endpointserver\server\endpointserverimp.cpp:164 ERROR EndPointServerThreadCounter - PostHandleRequest() failed - <Unknown Exception>.
2025-06-12 15:52:00,048 [0x00002da8] f:\endpointserver\server\endpointserverimp.cpp:164 ERROR EndPointServerThreadCounter - PostHandleRequest() failed - <Unknown Exception>.
2025-06-12 15:52:00,234 [0x00002da8] f:\endpointserver\server\endpointserverimp.cpp:164 ERROR EndPointServerThreadCounter - PostHandleRequest() failed - <Unknown Exception>.
2025-06-12 15:52:00,356 [0x00002da8] f:\endpointserver\server\endpointserverimp.cpp:164 ERROR EndPointServerThreadCounter - PostHandleRequest() failed - <Unknown Exception>.
2025-06-12 15:52:00,422 [0x00002da8] f:\endpointserver\server\endpointserverimp.cpp:164 ERROR EndPointServerThreadCounter - PostHandleRequest() failed - <Unknown Exception>.
2025-06-12 15:52:00,467 [0x00002da8] f:\endpointserver\server\endpointserverimp.cpp:164 ERROR EndPointServerThreadCounter - PostHandleRequest() failed - <Unknown Exception>.
2025-06-12 15:52:00,715 [0x00002da8] f:\endpointserver\server\endpointserverimp.cpp:164 ERROR EndPointServerThreadCounter - PostHandleRequest() failed - <Unknown Exception>.
2025-06-12 15:52:00,769 [0x00002da8] f:\endpointserver\server\endpointserverimp.cpp:164 ERROR EndPointServerThreadCounter - PostHandleRequest() failed - <Unknown Exception>.
2025-06-12 15:52:00,922 [0x00002da8] f:\endpointserver\server\endpointserverimp.cpp:164 ERROR EndPointServerThreadCounter - PostHandleRequest() failed - <Unknown Exception>.
2025-06-12 15:52:00,948 [0x00002da8] f:\endpointserver\server\endpointserverimp.cpp:164 ERROR EndPointServerThreadCounter - PostHandleRequest() failed - <Unknown Exception>.
2025-06-12 15:52:01,110 [0x00002da8] f:\endpointserver\server\endpointserverimp.cpp:164 ERROR EndPointServerThreadCounter - PostHandleRequest() failed - <Unknown Exception>.
2025-06-12 15:52:01,159 [0x00002d78] f:\endpointserver\server\endpointserverimp.cpp:164 ERROR EndPointServerThreadCounter - PostHandleRequest() failed - <Unknown Exception>.
2025-06-12 15:52:01,159 [0x00002da8] f:\endpointserver\server\endpointserverimp.cpp:164 ERROR EndPointServerThreadCounter - PostHandleRequest() failed - <Unknown Exception>.
2025-06-12 15:52:01,214 [0x00002d74] f:\endpointserver\server\endpointserverimp.cpp:164 ERROR EndPointServerThreadCounter - PostHandleRequest() failed - <Unknown Exception>.
2025-06-12 15:52:01,252 [0x00002d74] f:\endpointserver\server\endpointserverimp.cpp:164 ERROR EndPointServerThreadCounter - PostHandleRequest() failed - <Unknown Exception>.
2025-06-12 15:52:01,290 [0x00002d74] f:\endpointserver\server\endpointserverimp.cpp:164 ERROR EndPointServerThreadCounter - PostHandleRequest() failed - <Unknown Exception>.
2025-06-12 15:52:01,385 [0x00002d74] f:\endpointserver\server\endpointserverimp.cpp:164 ERROR EndPointServerThreadCounter - PostHandleRequest() failed - <Unknown Exception>.
2025-06-12 15:52:01,470 [0x00002d78] f:\endpointserver\server\endpointserverimp.cpp:164 ERROR EndPointServerThreadCounter - PostHandleRequest() failed - <Unknown Exception>.
2025-06-12 15:52:01,585 [0x00002d74] f:\endpointserver\server\endpointserverimp.cpp:164 ERROR EndPointServerThreadCounter - PostHandleRequest() failed - <Unknown Exception>.
2025-06-12 15:52:01,631 [0x00002d78] f:\endpointserver\server\endpointserverimp.cpp:164 ERROR EndPointServerThreadCounter - PostHandleRequest() failed - <Unknown Exception>.
2025-06-12 15:52:01,714 [0x00002d74] f:\endpointserver\server\endpointserverimp.cpp:164 ERROR EndPointServerThreadCounter - PostHandleRequest() failed - <Unknown Exception>.
2025-06-12 15:52:01,752 [0x00002d78] f:\endpointserver\server\endpointserverimp.cpp:164 ERROR EndPointServerThreadCounter - PostHandleRequest() failed - <Unknown Exception>.
2025-06-12 15:52:01,828 [0x00002d78] f:\endpointserver\server\endpointserverimp.cpp:164 ERROR EndPointServerThreadCounter - PostHandleRequest() failed - <Unknown Exception>.
2025-06-12 15:52:01,883 [0x00002d78] f:\endpointserver\server\endpointserverimp.cpp:164 ERROR EndPointServerThreadCounter - PostHandleRequest() failed - <Unknown Exception>.
2025-06-12 15:52:01,940 [0x00002d78] f:\endpointserver\server\endpointserverimp.cpp:164 ERROR EndPointServerThreadCounter - PostHandleRequest() failed - <Unknown Exception>.
2025-06-12 15:52:01,991 [0x00002d74] f:\endpointserver\server\endpointserverimp.cpp:164 ERROR EndPointServerThreadCounter - PostHandleRequest() failed - <Unknown Exception>.
2025-06-12 15:52:02,018 [0x00002d74] f:\endpointserver\server\endpointserverimp.cpp:164 ERROR EndPointServerThreadCounter - PostHandleRequest() failed - <Unknown Exception>.
2025-06-12 15:52:02,122 [0x00002d74] f:\endpointserver\server\endpointserverimp.cpp:164 ERROR EndPointServerThreadCounter - PostHandleRequest() failed - <Unknown Exception>.
2025-06-12 15:52:02,239 [0x00002d74] f:\endpointserver\server\endpointserverimp.cpp:164 ERROR EndPointServerThreadCounter - PostHandleRequest() failed - <Unknown Exception>.
2025-06-12 15:52:02,288 [0x00002d74] f:\endpointserver\server\endpointserverimp.cpp:164 ERROR EndPointServerThreadCounter - PostHandleRequest() failed - <Unknown Exception>.
2025-06-12 15:52:02,357 [0x00002d74] f:\endpointserver\server\endpointserverimp.cpp:164 ERROR EndPointServerThreadCounter - PostHandleRequest() failed - <Unknown Exception>.
2025-06-12 15:52:02,424 [0x00002d78] f:\endpointserver\server\endpointserverimp.cpp:164 ERROR EndPointServerThreadCounter - PostHandleRequest() failed - <Unknown Exception>.
2025-06-12 15:52:02,492 [0x00002d74] f:\endpointserver\server\endpointserverimp.cpp:164 ERROR EndPointServerThreadCounter - PostHandleRequest() failed - <Unknown Exception>.
2025-06-12 15:52:02,587 [0x00002d74] f:\endpointserver\server\endpointserverimp.cpp:164 ERROR EndPointServerThreadCounter - PostHandleRequest() failed - <Unknown Exception>.
2025-06-12 15:52:02,636 [0x00002d74] f:\endpointserver\server\endpointserverimp.cpp:164 ERROR EndPointServerThreadCounter - PostHandleRequest() failed - <Unknown Exception>.
2025-06-12 15:52:02,698 [0x00002d74] f:\endpointserver\server\endpointserverimp.cpp:164 ERROR EndPointServerThreadCounter - PostHandleRequest() failed - <Unknown Exception>.
2025-06-12 15:52:02,754 [0x00002d78] f:\endpointserver\server\endpointserverimp.cpp:164 ERROR EndPointServerThreadCounter - PostHandleRequest() failed - <Unknown Exception>.
2025-06-12 15:52:02,816 [0x00002d78] f:\endpointserver\server\endpointserverimp.cpp:164 ERROR EndPointServerThreadCounter - PostHandleRequest() failed - <Unknown Exception>.
2025-06-12 15:52:02,922 [0x00002d78] f:\endpointserver\server\endpointserverimp.cpp:164 ERROR EndPointServerThreadCounter - PostHandleRequest() failed - <Unknown Exception>.
2025-06-12 15:52:03,200 [0x00002d74] f:\endpointserver\server\endpointserverimp.cpp:164 ERROR EndPointServerThreadCounter - PostHandleRequest() failed - <Unknown Exception>.
2025-06-12 15:52:03,242 [0x00002d78] f:\endpointserver\server\endpointserverimp.cpp:164 ERROR EndPointServerThreadCounter - PostHandleRequest() failed - <Unknown Exception>.
2025-06-12 15:52:03,292 [0x00002d78] f:\endpointserver\server\endpointserverimp.cpp:164 ERROR EndPointServerThreadCounter - PostHandleRequest() failed - <Unknown Exception>.
2025-06-12 15:52:03,340 [0x00002d74] f:\endpointserver\server\endpointserverimp.cpp:164 ERROR EndPointServerThreadCounter - PostHandleRequest() failed - <Unknown Exception>.
2025-06-12 15:52:03,399 [0x00002d74] f:\endpointserver\server\endpointserverimp.cpp:164 ERROR EndPointServerThreadCounter - PostHandleRequest() failed - <Unknown Exception>.
2025-06-12 15:52:03,459 [0x00002d74] f:\endpointserver\server\endpointserverimp.cpp:164 ERROR EndPointServerThreadCounter - PostHandleRequest() failed - <Unknown Exception>.
2025-06-12 15:52:03,547 [0x00002d74] f:\endpointserver\server\endpointserverimp.cpp:164 ERROR EndPointServerThreadCounter - PostHandleRequest() failed - <Unknown Exception>.
2025-06-12 15:52:03,656 [0x00002d74] f:\endpointserver\server\endpointserverimp.cpp:164 ERROR EndPointServerThreadCounter - PostHandleRequest() failed - <Unknown Exception>.
2025-06-12 15:52:03,764 [0x00002d78] f:\endpointserver\server\endpointserverimp.cpp:164 ERROR EndPointServerThreadCounter - PostHandleRequest() failed - <Unknown Exception>.
2025-06-12 15:52:03,830 [0x00002d78] f:\endpointserver\server\endpointserverimp.cpp:164 ERROR EndPointServerThreadCounter - PostHandleRequest() failed - <Unknown Exception>.
2025-06-12 15:52:30,095 [0x00002da4] f:\endpointserver\server\endpointserverimp.cpp:164 ERROR EndPointServerThreadCounter - PostHandleRequest() failed - <Unknown Exception>.
2025-06-12 15:52:39,683 [0x00002d78] f:\endpointserver\server\endpointserverimp.cpp:164 ERROR EndPointServerThreadCounter - PostHandleRequest() failed - <Unknown Exception>.
2025-06-12 15:53:24,683 [0x00002da4] f:\endpointserver\server\endpointserverimp.cpp:164 ERROR EndPointServerThreadCounter - PostHandleRequest() failed - <Unknown Exception>.
2025-06-12 15:53:24,716 [0x00002da4] f:\endpointserver\server\endpointserverimp.cpp:164 ERROR EndPointServerThreadCounter - PostHandleRequest() failed - <Unknown Exception>.
2025-06-12 15:53:24,842 [0x00002da4] f:\endpointserver\server\endpointserverimp.cpp:164 ERROR EndPointServerThreadCounter - PostHandleRequest() failed - <Unknown Exception>.
2025-06-12 15:53:24,960 [0x00002da4] f:\endpointserver\server\endpointserverimp.cpp:164 ERROR EndPointServerThreadCounter - PostHandleRequest() failed - <Unknown Exception>.
2025-06-12 15:53:24,982 [0x00002d9c] f:\endpointserver\server\endpointserverimp.cpp:164 ERROR EndPointServerThreadCounter - PostHandleRequest() failed - <Unknown Exception>.
2025-06-12 15:53:25,022 [0x00002da4] f:\endpointserver\server\endpointserverimp.cpp:164 ERROR EndPointServerThreadCounter - PostHandleRequest() failed - <Unknown Exception>.
2025-06-12 15:53:25,060 [0x00002da4] f:\endpointserver\server\endpointserverimp.cpp:164 ERROR EndPointServerThreadCounter - PostHandleRequest() failed - <Unknown Exception>.
2025-06-12 15:53:25,073 [0x00002dcc] f:\endpointserver\server\endpointserverimp.cpp:164 ERROR EndPointServerThreadCounter - PostHandleRequest() failed - <Unknown Exception>.
2025-06-12 15:53:25,110 [0x00002dcc] f:\endpointserver\server\endpointserverimp.cpp:164 ERROR EndPointServerThreadCounter - PostHandleRequest() failed - <Unknown Exception>.
2025-06-12 15:53:25,122 [0x00002da8] f:\endpointserver\server\endpointserverimp.cpp:164 ERROR EndPointServerThreadCounter - PostHandleRequest() failed - <Unknown Exception>.
2025-06-12 15:53:25,274 [0x00002da8] f:\endpointserver\server\endpointserverimp.cpp:164 ERROR EndPointServerThreadCounter - PostHandleRequest() failed - <Unknown Exception>.
2025-06-12 15:53:25,287 [0x00002da8] f:\endpointserver\server\endpointserverimp.cpp:164 ERROR EndPointServerThreadCounter - PostHandleRequest() failed - <Unknown Exception>.
2025-06-12 15:53:25,318 [0x00002dcc] f:\endpointserver\server\endpointserverimp.cpp:164 ERROR EndPointServerThreadCounter - PostHandleRequest() failed - <Unknown Exception>.
2025-06-12 15:53:25,416 [0x00002dcc] f:\endpointserver\server\endpointserverimp.cpp:164 ERROR EndPointServerThreadCounter - PostHandleRequest() failed - <Unknown Exception>.
2025-06-12 15:53:25,431 [0x00002dcc] f:\endpointserver\server\endpointserverimp.cpp:164 ERROR EndPointServerThreadCounter - PostHandleRequest() failed - <Unknown Exception>.
2025-06-12 15:53:25,445 [0x00002dcc] f:\endpointserver\server\endpointserverimp.cpp:164 ERROR EndPointServerThreadCounter - PostHandleRequest() failed - <Unknown Exception>.
2025-06-12 15:53:25,611 [0x00002da8] f:\endpointserver\server\endpointserverimp.cpp:164 ERROR EndPointServerThreadCounter - PostHandleRequest() failed - <Unknown Exception>.
2025-06-12 15:53:25,650 [0x00002da8] f:\endpointserver\server\endpointserverimp.cpp:164 ERROR EndPointServerThreadCounter - PostHandleRequest() failed - <Unknown Exception>.
2025-06-12 15:53:25,781 [0x00002da8] f:\endpointserver\server\endpointserverimp.cpp:164 ERROR EndPointServerThreadCounter - PostHandleRequest() failed - <Unknown Exception>.
2025-06-12 15:53:25,832 [0x00002da8] f:\endpointserver\server\endpointserverimp.cpp:164 ERROR EndPointServerThreadCounter - PostHandleRequest() failed - <Unknown Exception>.
2025-06-12 15:53:25,931 [0x00002da8] f:\endpointserver\server\endpointserverimp.cpp:164 ERROR EndPointServerThreadCounter - PostHandleRequest() failed - <Unknown Exception>.
2025-06-12 15:53:25,965 [0x00002da8] f:\endpointserver\server\endpointserverimp.cpp:164 ERROR EndPointServerThreadCounter - PostHandleRequest() failed - <Unknown Exception>.
2025-06-12 15:53:25,988 [0x00002da8] f:\endpointserver\server\endpointserverimp.cpp:164 ERROR EndPointServerThreadCounter - PostHandleRequest() failed - <Unknown Exception>.
2025-06-12 15:53:26,012 [0x00002da4] f:\endpointserver\server\endpointserverimp.cpp:164 ERROR EndPointServerThreadCounter - PostHandleRequest() failed - <Unknown Exception>.
2025-06-12 15:53:26,029 [0x00002d78] f:\endpointserver\server\endpointserverimp.cpp:164 ERROR EndPointServerThreadCounter - PostHandleRequest() failed - <Unknown Exception>.
2025-06-12 15:53:26,061 [0x00002da8] f:\endpointserver\server\endpointserverimp.cpp:164 ERROR EndPointServerThreadCounter - PostHandleRequest() failed - <Unknown Exception>.
2025-06-12 15:53:26,109 [0x00002da4] f:\endpointserver\server\endpointserverimp.cpp:164 ERROR EndPointServerThreadCounter - PostHandleRequest() failed - <Unknown Exception>.
2025-06-12 15:53:26,148 [0x00002da4] f:\endpointserver\server\endpointserverimp.cpp:164 ERROR EndPointServerThreadCounter - PostHandleRequest() failed - <Unknown Exception>.
2025-06-12 15:53:26,168 [0x00002da4] f:\endpointserver\server\endpointserverimp.cpp:164 ERROR EndPointServerThreadCounter - PostHandleRequest() failed - <Unknown Exception>.
2025-06-12 15:53:26,303 [0x00002da4] f:\endpointserver\server\endpointserverimp.cpp:164 ERROR EndPointServerThreadCounter - PostHandleRequest() failed - <Unknown Exception>.
2025-06-12 15:53:26,316 [0x00002d78] f:\endpointserver\server\endpointserverimp.cpp:164 ERROR EndPointServerThreadCounter - PostHandleRequest() failed - <Unknown Exception>.
2025-06-12 15:53:26,415 [0x00002da4] f:\endpointserver\server\endpointserverimp.cpp:164 ERROR EndPointServerThreadCounter - PostHandleRequest() failed - <Unknown Exception>.
2025-06-12 15:53:26,430 [0x00002da4] f:\endpointserver\server\endpointserverimp.cpp:164 ERROR EndPointServerThreadCounter - PostHandleRequest() failed - <Unknown Exception>.
2025-06-12 15:53:26,457 [0x00002da4] f:\endpointserver\server\endpointserverimp.cpp:164 ERROR EndPointServerThreadCounter - PostHandleRequest() failed - <Unknown Exception>.
2025-06-12 15:53:26,462 [0x00002da8] f:\endpointserver\server\endpointserverimp.cpp:164 ERROR EndPointServerThreadCounter - PostHandleRequest() failed - <Unknown Exception>.
2025-06-12 15:53:26,560 [0x00002da8] f:\endpointserver\server\endpointserverimp.cpp:164 ERROR EndPointServerThreadCounter - PostHandleRequest() failed - <Unknown Exception>.
2025-06-12 15:53:26,574 [0x00002da8] f:\endpointserver\server\endpointserverimp.cpp:164 ERROR EndPointServerThreadCounter - PostHandleRequest() failed - <Unknown Exception>.
2025-06-12 15:53:26,731 [0x00002da8] f:\endpointserver\server\endpointserverimp.cpp:164 ERROR EndPointServerThreadCounter - PostHandleRequest() failed - <Unknown Exception>.
2025-06-12 15:53:26,856 [0x00002dcc] f:\endpointserver\server\endpointserverimp.cpp:164 ERROR EndPointServerThreadCounter - PostHandleRequest() failed - <Unknown Exception>.
2025-06-12 15:53:26,885 [0x00002dcc] f:\endpointserver\server\endpointserverimp.cpp:164 ERROR EndPointServerThreadCounter - PostHandleRequest() failed - <Unknown Exception>.
2025-06-12 15:53:26,910 [0x00002d74] f:\endpointserver\server\endpointserverimp.cpp:164 ERROR EndPointServerThreadCounter - PostHandleRequest() failed - <Unknown Exception>.
2025-06-12 15:53:26,954 [0x00002d74] f:\endpointserver\server\endpointserverimp.cpp:164 ERROR EndPointServerThreadCounter - PostHandleRequest() failed - <Unknown Exception>.
2025-06-12 15:53:26,986 [0x00002da0] f:\endpointserver\server\endpointserverimp.cpp:164 ERROR EndPointServerThreadCounter - PostHandleRequest() failed - <Unknown Exception>.
2025-06-12 15:53:27,041 [0x00002da0] f:\endpointserver\server\endpointserverimp.cpp:164 ERROR EndPointServerThreadCounter - PostHandleRequest() failed - <Unknown Exception>.
2025-06-12 15:53:27,209 [0x00002dcc] f:\endpointserver\server\endpointserverimp.cpp:164 ERROR EndPointServerThreadCounter - PostHandleRequest() failed - <Unknown Exception>.
2025-06-12 15:53:27,412 [0x00002dcc] f:\endpointserver\server\endpointserverimp.cpp:164 ERROR EndPointServerThreadCounter - PostHandleRequest() failed - <Unknown Exception>.
2025-06-12 15:53:27,524 [0x00002d74] f:\endpointserver\server\endpointserverimp.cpp:164 ERROR EndPointServerThreadCounter - PostHandleRequest() failed - <Unknown Exception>.
2025-06-12 15:53:27,619 [0x00002da0] f:\endpointserver\server\endpointserverimp.cpp:164 ERROR EndPointServerThreadCounter - PostHandleRequest() failed - <Unknown Exception>.
2025-06-12 15:53:27,734 [0x00002da8] f:\endpointserver\server\endpointserverimp.cpp:164 ERROR EndPointServerThreadCounter - PostHandleRequest() failed - <Unknown Exception>.
2025-06-12 15:53:27,764 [0x00002da8] f:\endpointserver\server\endpointserverimp.cpp:164 ERROR EndPointServerThreadCounter - PostHandleRequest() failed - <Unknown Exception>.
2025-06-12 15:53:27,831 [0x00002da8] f:\endpointserver\server\endpointserverimp.cpp:164 ERROR EndPointServerThreadCounter - PostHandleRequest() failed - <Unknown Exception>.
2025-06-12 15:53:27,893 [0x00002da8] f:\endpointserver\server\endpointserverimp.cpp:164 ERROR EndPointServerThreadCounter - PostHandleRequest() failed - <Unknown Exception>.
2025-06-12 15:53:27,962 [0x00002da4] f:\endpointserver\server\endpointserverimp.cpp:164 ERROR EndPointServerThreadCounter - PostHandleRequest() failed - <Unknown Exception>.
2025-06-12 15:53:27,969 [0x00002dcc] f:\endpointserver\server\endpointserverimp.cpp:164 ERROR EndPointServerThreadCounter - PostHandleRequest() failed - <Unknown Exception>.
2025-06-12 15:53:28,433 [0x00002d74] f:\endpointserver\server\endpointserverimp.cpp:164 ERROR EndPointServerThreadCounter - PostHandleRequest() failed - <Unknown Exception>.
2025-06-12 15:53:28,679 [0x00002d78] f:\endpointserver\server\endpointserverimp.cpp:164 ERROR EndPointServerThreadCounter - PostHandleRequest() failed - <Unknown Exception>.
2025-06-12 15:53:28,779 [0x00002d74] f:\endpointserver\server\endpointserverimp.cpp:164 ERROR EndPointServerThreadCounter - PostHandleRequest() failed - <Unknown Exception>.
2025-06-12 15:53:28,887 [0x00002d78] f:\endpointserver\server\endpointserverimp.cpp:164 ERROR EndPointServerThreadCounter - PostHandleRequest() failed - <Unknown Exception>.
2025-06-12 15:53:29,078 [0x00002da4] f:\endpointserver\server\endpointserverimp.cpp:164 ERROR EndPointServerThreadCounter - PostHandleRequest() failed - <Unknown Exception>.
2025-06-12 15:53:29,310 [0x00002da4] f:\endpointserver\server\endpointserverimp.cpp:164 ERROR EndPointServerThreadCounter - PostHandleRequest() failed - <Unknown Exception>.
2025-06-12 15:53:29,415 [0x00002da4] f:\endpointserver\server\endpointserverimp.cpp:164 ERROR EndPointServerThreadCounter - PostHandleRequest() failed - <Unknown Exception>.
2025-06-12 15:53:29,473 [0x00002da4] f:\endpointserver\server\endpointserverimp.cpp:164 ERROR EndPointServerThreadCounter - PostHandleRequest() failed - <Unknown Exception>.
2025-06-12 15:53:29,647 [0x00002da4] f:\endpointserver\server\endpointserverimp.cpp:164 ERROR EndPointServerThreadCounter - PostHandleRequest() failed - <Unknown Exception>.
2025-06-12 15:53:29,730 [0x00002da4] f:\endpointserver\server\endpointserverimp.cpp:164 ERROR EndPointServerThreadCounter - PostHandleRequest() failed - <Unknown Exception>.
2025-06-12 15:53:29,816 [0x00002d78] f:\endpointserver\server\endpointserverimp.cpp:164 ERROR EndPointServerThreadCounter - PostHandleRequest() failed - <Unknown Exception>.
2025-06-12 15:53:29,979 [0x00002da4] f:\endpointserver\server\endpointserverimp.cpp:164 ERROR EndPointServerThreadCounter - PostHandleRequest() failed - <Unknown Exception>.
2025-06-12 15:53:30,090 [0x00002da4] f:\endpointserver\server\endpointserverimp.cpp:164 ERROR EndPointServerThreadCounter - PostHandleRequest() failed - <Unknown Exception>.
2025-06-12 15:53:30,273 [0x00002da4] f:\endpointserver\server\endpointserverimp.cpp:164 ERROR EndPointServerThreadCounter - PostHandleRequest() failed - <Unknown Exception>.
2025-06-12 15:53:30,539 [0x00002da4] f:\endpointserver\server\endpointserverimp.cpp:164 ERROR EndPointServerThreadCounter - PostHandleRequest() failed - <Unknown Exception>.
2025-06-12 15:53:30,629 [0x00002da4] f:\endpointserver\server\endpointserverimp.cpp:164 ERROR EndPointServerThreadCounter - PostHandleRequest() failed - <Unknown Exception>.
2025-06-12 15:53:30,763 [0x00002da0] f:\endpointserver\server\endpointserverimp.cpp:164 ERROR EndPointServerThreadCounter - PostHandleRequest() failed - <Unknown Exception>.
2025-06-12 15:53:30,945 [0x00002d74] f:\endpointserver\server\endpointserverimp.cpp:164 ERROR EndPointServerThreadCounter - PostHandleRequest() failed - <Unknown Exception>.
2025-06-12 15:53:31,013 [0x00002d74] f:\endpointserver\server\endpointserverimp.cpp:164 ERROR EndPointServerThreadCounter - PostHandleRequest() failed - <Unknown Exception>.
2025-06-12 15:53:31,075 [0x00002d74] f:\endpointserver\server\endpointserverimp.cpp:164 ERROR EndPointServerThreadCounter - PostHandleRequest() failed - <Unknown Exception>.
2025-06-12 15:53:31,127 [0x00002d78] f:\endpointserver\server\endpointserverimp.cpp:164 ERROR EndPointServerThreadCounter - PostHandleRequest() failed - <Unknown Exception>.
2025-06-12 15:53:31,210 [0x00002dcc] f:\endpointserver\server\endpointserverimp.cpp:164 ERROR EndPointServerThreadCounter - PostHandleRequest() failed - <Unknown Exception>.
2025-06-12 15:53:31,363 [0x00002dcc] f:\endpointserver\server\endpointserverimp.cpp:164 ERROR EndPointServerThreadCounter - PostHandleRequest() failed - <Unknown Exception>.
2025-06-12 15:53:31,504 [0x00002dcc] f:\endpointserver\server\endpointserverimp.cpp:164 ERROR EndPointServerThreadCounter - PostHandleRequest() failed - <Unknown Exception>.
2025-06-12 15:53:31,595 [0x00002dcc] f:\endpointserver\server\endpointserverimp.cpp:164 ERROR EndPointServerThreadCounter - PostHandleRequest() failed - <Unknown Exception>.
2025-06-12 15:53:31,700 [0x00002dcc] f:\endpointserver\server\endpointserverimp.cpp:164 ERROR EndPointServerThreadCounter - PostHandleRequest() failed - <Unknown Exception>.
2025-06-12 15:53:31,770 [0x00002dcc] f:\endpointserver\server\endpointserverimp.cpp:164 ERROR EndPointServerThreadCounter - PostHandleRequest() failed - <Unknown Exception>.
2025-06-12 15:53:32,009 [0x00002dcc] f:\endpointserver\server\endpointserverimp.cpp:164 ERROR EndPointServerThreadCounter - PostHandleRequest() failed - <Unknown Exception>.
2025-06-12 15:53:32,206 [0x00002dcc] f:\endpointserver\server\endpointserverimp.cpp:164 ERROR EndPointServerThreadCounter - PostHandleRequest() failed - <Unknown Exception>.
2025-06-12 15:53:32,375 [0x00002dcc] f:\endpointserver\server\endpointserverimp.cpp:164 ERROR EndPointServerThreadCounter - PostHandleRequest() failed - <Unknown Exception>.
2025-06-12 15:53:32,442 [0x00002dcc] f:\endpointserver\server\endpointserverimp.cpp:164 ERROR EndPointServerThreadCounter - PostHandleRequest() failed - <Unknown Exception>.
2025-06-12 15:53:32,579 [0x00002dcc] f:\endpointserver\server\endpointserverimp.cpp:164 ERROR EndPointServerThreadCounter - PostHandleRequest() failed - <Unknown Exception>.
2025-06-12 15:53:32,821 [0x00002dcc] f:\endpointserver\server\endpointserverimp.cpp:164 ERROR EndPointServerThreadCounter - PostHandleRequest() failed - <Unknown Exception>.
2025-06-12 15:53:32,993 [0x00002dcc] f:\endpointserver\server\endpointserverimp.cpp:164 ERROR EndPointServerThreadCounter - PostHandleRequest() failed - <Unknown Exception>.
2025-06-12 15:53:33,206 [0x00002dcc] f:\endpointserver\server\endpointserverimp.cpp:164 ERROR EndPointServerThreadCounter - PostHandleRequest() failed - <Unknown Exception>.
2025-06-12 15:53:33,356 [0x00002dcc] f:\endpointserver\server\endpointserverimp.cpp:164 ERROR EndPointServerThreadCounter - PostHandleRequest() failed - <Unknown Exception>.
2025-06-12 15:53:33,498 [0x00002dcc] f:\endpointserver\server\endpointserverimp.cpp:164 ERROR EndPointServerThreadCounter - PostHandleRequest() failed - <Unknown Exception>.
2025-06-12 15:53:33,822 [0x00002dcc] f:\endpointserver\server\endpointserverimp.cpp:164 ERROR EndPointServerThreadCounter - PostHandleRequest() failed - <Unknown Exception>.
2025-06-12 15:53:33,956 [0x00002dcc] f:\endpointserver\server\endpointserverimp.cpp:164 ERROR EndPointServerThreadCounter - PostHandleRequest() failed - <Unknown Exception>.
2025-06-12 15:53:34,125 [0x00002dcc] f:\endpointserver\server\endpointserverimp.cpp:164 ERROR EndPointServerThreadCounter - PostHandleRequest() failed - <Unknown Exception>.
2025-06-12 15:53:34,213 [0x00002dcc] f:\endpointserver\server\endpointserverimp.cpp:164 ERROR EndPointServerThreadCounter - PostHandleRequest() failed - <Unknown Exception>.
2025-06-12 15:53:34,380 [0x00002dcc] f:\endpointserver\server\endpointserverimp.cpp:164 ERROR EndPointServerThreadCounter - PostHandleRequest() failed - <Unknown Exception>.
2025-06-12 15:53:34,618 [0x00002dcc] f:\endpointserver\server\endpointserverimp.cpp:164 ERROR EndPointServerThreadCounter - PostHandleRequest() failed - <Unknown Exception>.
2025-06-12 15:53:34,907 [0x00002dcc] f:\endpointserver\server\endpointserverimp.cpp:164 ERROR EndPointServerThreadCounter - PostHandleRequest() failed - <Unknown Exception>.
2025-06-12 15:53:35,647 [0x00002dcc] f:\endpointserver\server\endpointserverimp.cpp:164 ERROR EndPointServerThreadCounter - PostHandleRequest() failed - <Unknown Exception>.
2025-06-12 15:53:35,878 [0x00002da0] f:\endpointserver\server\endpointserverimp.cpp:164 ERROR EndPointServerThreadCounter - PostHandleRequest() failed - <Unknown Exception>.
2025-06-12 15:53:36,029 [0x00002d78] f:\endpointserver\server\endpointserverimp.cpp:164 ERROR EndPointServerThreadCounter - PostHandleRequest() failed - <Unknown Exception>.
2025-06-12 15:53:36,151 [0x00002da0] f:\endpointserver\server\endpointserverimp.cpp:164 ERROR EndPointServerThreadCounter - PostHandleRequest() failed - <Unknown Exception>.
2025-06-12 15:53:36,264 [0x00002d78] f:\endpointserver\server\endpointserverimp.cpp:164 ERROR EndPointServerThreadCounter - PostHandleRequest() failed - <Unknown Exception>.
2025-06-12 15:53:36,502 [0x00002d78] f:\endpointserver\server\endpointserverimp.cpp:164 ERROR EndPointServerThreadCounter - PostHandleRequest() failed - <Unknown Exception>.
2025-06-12 15:53:36,690 [0x00002da4] f:\endpointserver\server\endpointserverimp.cpp:164 ERROR EndPointServerThreadCounter - PostHandleRequest() failed - <Unknown Exception>.
2025-06-12 15:53:36,825 [0x00002da4] f:\endpointserver\server\endpointserverimp.cpp:164 ERROR EndPointServerThreadCounter - PostHandleRequest() failed - <Unknown Exception>.
2025-06-12 15:53:36,978 [0x00002da4] f:\endpointserver\server\endpointserverimp.cpp:164 ERROR EndPointServerThreadCounter - PostHandleRequest() failed - <Unknown Exception>.
2025-06-12 15:53:37,182 [0x00002d78] f:\endpointserver\server\endpointserverimp.cpp:164 ERROR EndPointServerThreadCounter - PostHandleRequest() failed - <Unknown Exception>.
2025-06-12 15:53:46,822 [0x00002dcc] f:\endpointserver\server\endpointserverimp.cpp:164 ERROR EndPointServerThreadCounter - PostHandleRequest() failed - <Unknown Exception>.
2025-06-12 15:53:46,948 [0x00002dcc] f:\endpointserver\server\endpointserverimp.cpp:164 ERROR EndPointServerThreadCounter - PostHandleRequest() failed - <Unknown Exception>.
2025-06-12 15:53:49,500 [0x00002dcc] f:\endpointserver\server\endpointserverimp.cpp:164 ERROR EndPointServerThreadCounter - PostHandleRequest() failed - <Unknown Exception>.
2025-06-12 15:53:49,665 [0x00002da4] f:\endpointserver\server\endpointserverimp.cpp:164 ERROR EndPointServerThreadCounter - PostHandleRequest() failed - <Unknown Exception>.
2025-06-12 15:53:50,304 [0x00002da4] f:\endpointserver\server\endpointserverimp.cpp:164 ERROR EndPointServerThreadCounter - PostHandleRequest() failed - <Unknown Exception>.
2025-06-12 15:53:50,466 [0x00002da4] f:\endpointserver\server\endpointserverimp.cpp:164 ERROR EndPointServerThreadCounter - PostHandleRequest() failed - <Unknown Exception>.
2025-06-12 15:54:35,253 [0x00002d6c] f:\endpointserver\server\endpointserverimp.cpp:164 ERROR EndPointServerThreadCounter - PostHandleRequest() failed - <Unknown Exception>.
2025-06-12 15:54:36,454 [0x00002d9c] f:\endpointserver\server\endpointserverimp.cpp:164 ERROR EndPointServerThreadCounter - PostHandleRequest() failed - <Unknown Exception>.
2025-06-12 15:54:36,888 [0x00002d6c] f:\endpointserver\server\endpointserverimp.cpp:164 ERROR EndPointServerThreadCounter - PostHandleRequest() failed - <Unknown Exception>.
2025-06-12 15:54:37,359 [0x00002da0] f:\endpointserver\server\endpointserverimp.cpp:164 ERROR EndPointServerThreadCounter - PostHandleRequest() failed - <Unknown Exception>.
2025-06-12 15:54:39,199 [0x00002d9c] f:\endpointserver\server\endpointserverimp.cpp:164 ERROR EndPointServerThreadCounter - PostHandleRequest() failed - <Unknown Exception>.
2025-06-12 15:54:39,351 [0x00002d9c] f:\endpointserver\server\endpointserverimp.cpp:164 ERROR EndPointServerThreadCounter - PostHandleRequest() failed - <Unknown Exception>.
2025-06-12 15:54:39,368 [0x00002d9c] f:\endpointserver\server\endpointserverimp.cpp:164 ERROR EndPointServerThreadCounter - PostHandleRequest() failed - <Unknown Exception>.
2025-06-12 15:54:39,445 [0x00002da8] f:\endpointserver\server\endpointserverimp.cpp:164 ERROR EndPointServerThreadCounter - PostHandleRequest() failed - <Unknown Exception>.
2025-06-12 15:54:39,513 [0x00002d9c] f:\endpointserver\server\endpointserverimp.cpp:164 ERROR EndPointServerThreadCounter - PostHandleRequest() failed - <Unknown Exception>.
2025-06-12 15:54:39,520 [0x00002da8] f:\endpointserver\server\endpointserverimp.cpp:164 ERROR EndPointServerThreadCounter - PostHandleRequest() failed - <Unknown Exception>.
2025-06-12 15:54:44,325 [0x00002da0] f:\endpointserver\server\endpointserverimp.cpp:164 ERROR EndPointServerThreadCounter - PostHandleRequest() failed - <Unknown Exception>.
2025-06-12 15:54:44,498 [0x00002da0] f:\endpointserver\server\endpointserverimp.cpp:164 ERROR EndPointServerThreadCounter - PostHandleRequest() failed - <Unknown Exception>.
2025-06-12 15:54:44,631 [0x00002d9c] f:\endpointserver\server\endpointserverimp.cpp:164 ERROR EndPointServerThreadCounter - PostHandleRequest() failed - <Unknown Exception>.
2025-06-12 15:54:44,865 [0x00002d9c] f:\endpointserver\server\endpointserverimp.cpp:164 ERROR EndPointServerThreadCounter - PostHandleRequest() failed - <Unknown Exception>.
2025-06-12 15:54:55,473 [0x00002da0] f:\endpointserver\server\endpointserverimp.cpp:164 ERROR EndPointServerThreadCounter - PostHandleRequest() failed - <Unknown Exception>.
2025-06-12 15:54:55,697 [0x00002da0] f:\endpointserver\server\endpointserverimp.cpp:164 ERROR EndPointServerThreadCounter - PostHandleRequest() failed - <Unknown Exception>.
2025-06-12 15:55:04,334 [0x00002da8] f:\endpointserver\server\endpointserverimp.cpp:164 ERROR EndPointServerThreadCounter - PostHandleRequest() failed - <Unknown Exception>.
2025-06-12 15:55:04,369 [0x00002da8] f:\endpointserver\server\endpointserverimp.cpp:164 ERROR EndPointServerThreadCounter - PostHandleRequest() failed - <Unknown Exception>.
2025-06-12 15:55:05,615 [0x00002d9c] f:\endpointserver\server\endpointserverimp.cpp:164 ERROR EndPointServerThreadCounter - PostHandleRequest() failed - <Unknown Exception>.
2025-06-12 15:55:05,674 [0x00002d9c] f:\endpointserver\server\endpointserverimp.cpp:164 ERROR EndPointServerThreadCounter - PostHandleRequest() failed - <Unknown Exception>.
2025-06-12 15:55:17,770 [0x00002dcc] f:\endpointserver\server\endpointserverimp.cpp:164 ERROR EndPointServerThreadCounter - PostHandleRequest() failed - <Unknown Exception>.
2025-06-12 15:55:18,002 [0x00002dcc] f:\endpointserver\server\endpointserverimp.cpp:164 ERROR EndPointServerThreadCounter - PostHandleRequest() failed - <Unknown Exception>.
2025-06-12 15:55:20,047 [0x00002d6c] f:\endpointserver\server\endpointserverimp.cpp:164 ERROR EndPointServerThreadCounter - PostHandleRequest() failed - <Unknown Exception>.
2025-06-12 15:55:20,109 [0x00002d6c] f:\endpointserver\server\endpointserverimp.cpp:164 ERROR EndPointServerThreadCounter - PostHandleRequest() failed - <Unknown Exception>.
2025-06-12 15:55:20,404 [0x00002da4] f:\endpointserver\server\endpointserverimp.cpp:164 ERROR EndPointServerThreadCounter - PostHandleRequest() failed - <Unknown Exception>.
2025-06-12 15:55:20,672 [0x00002d9c] f:\endpointserver\server\endpointserverimp.cpp:164 ERROR EndPointServerThreadCounter - PostHandleRequest() failed - <Unknown Exception>.
2025-06-12 15:55:39,589 [0x00002dcc] f:\endpointserver\server\endpointserverimp.cpp:164 ERROR EndPointServerThreadCounter - PostHandleRequest() failed - <Unknown Exception>.
2025-06-12 15:55:39,804 [0x00002da0] f:\endpointserver\server\endpointserverimp.cpp:164 ERROR EndPointServerThreadCounter - PostHandleRequest() failed - <Unknown Exception>.
2025-06-12 15:55:41,366 [0x00002d74] f:\endpointserver\server\endpointserverimp.cpp:164 ERROR EndPointServerThreadCounter - PostHandleRequest() failed - <Unknown Exception>.
2025-06-12 15:55:42,395 [0x00002da0] f:\endpointserver\server\endpointserverimp.cpp:164 ERROR EndPointServerThreadCounter - PostHandleRequest() failed - <Unknown Exception>.
2025-06-12 15:55:43,854 [0x00002da4] f:\endpointserver\server\endpointserverimp.cpp:164 ERROR EndPointServerThreadCounter - PostHandleRequest() failed - <Unknown Exception>.
2025-06-12 15:55:44,718 [0x00002da8] f:\endpointserver\server\endpointserverimp.cpp:164 ERROR EndPointServerThreadCounter - PostHandleRequest() failed - <Unknown Exception>.
2025-06-12 15:55:44,943 [0x00002dcc] f:\endpointserver\server\endpointserverimp.cpp:164 ERROR EndPointServerThreadCounter - PostHandleRequest() failed - <Unknown Exception>.
2025-06-12 15:56:40,644 [0x00002da0] f:\endpointserver\server\endpointserverimp.cpp:164 ERROR EndPointServerThreadCounter - PostHandleRequest() failed - <Unknown Exception>.
2025-06-12 15:56:42,986 [0x00002d9c] f:\endpointserver\server\endpointserverimp.cpp:164 ERROR EndPointServerThreadCounter - PostHandleRequest() failed - <Unknown Exception>.
2025-06-12 15:56:43,643 [0x00002d70] f:\endpointserver\server\endpointserverimp.cpp:164 ERROR EndPointServerThreadCounter - PostHandleRequest() failed - <Unknown Exception>.
2025-06-12 15:58:44,578 [0x00002da4] f:\endpointserver\server\endpointserverimp.cpp:164 ERROR EndPointServerThreadCounter - PostHandleRequest() failed - <Unknown Exception>.
2025-06-12 15:59:04,046 [0x00002d9c] f:\endpointserver\server\endpointserverimp.cpp:164 ERROR EndPointServerThreadCounter - PostHandleRequest() failed - <Unknown Exception>.
2025-06-12 15:59:04,601 [0x00002d9c] f:\endpointserver\server\endpointserverimp.cpp:164 ERROR EndPointServerThreadCounter - PostHandleRequest() failed - <Unknown Exception>.
2025-06-12 15:59:05,225 [0x00002d9c] f:\endpointserver\server\endpointserverimp.cpp:164 ERROR EndPointServerThreadCounter - PostHandleRequest() failed - <Unknown Exception>.
2025-06-12 15:59:06,819 [0x00002d9c] f:\endpointserver\server\endpointserverimp.cpp:164 ERROR EndPointServerThreadCounter - PostHandleRequest() failed - <Unknown Exception>.
2025-06-12 15:59:26,501 [0x00002da4] f:\endpointserver\server\endpointserverimp.cpp:164 ERROR EndPointServerThreadCounter - PostHandleRequest() failed - <Unknown Exception>.
2025-06-12 15:59:27,490 [0x00002da4] f:\endpointserver\server\endpointserverimp.cpp:164 ERROR EndPointServerThreadCounter - PostHandleRequest() failed - <Unknown Exception>.
2025-06-12 15:59:28,549 [0x00002da4] f:\endpointserver\server\endpointserverimp.cpp:164 ERROR EndPointServerThreadCounter - PostHandleRequest() failed - <Unknown Exception>.
2025-06-12 15:59:29,552 [0x00002da4] f:\endpointserver\server\endpointserverimp.cpp:164 ERROR EndPointServerThreadCounter - PostHandleRequest() failed - <Unknown Exception>.
2025-06-12 15:59:33,560 [0x00002da4] f:\endpointserver\server\endpointserverimp.cpp:164 ERROR EndPointServerThreadCounter - PostHandleRequest() failed - <Unknown Exception>.
2025-06-12 15:59:34,176 [0x00002da4] f:\endpointserver\server\endpointserverimp.cpp:164 ERROR EndPointServerThreadCounter - PostHandleRequest() failed - <Unknown Exception>.
2025-06-12 15:59:34,779 [0x00002da4] f:\endpointserver\server\endpointserverimp.cpp:164 ERROR EndPointServerThreadCounter - PostHandleRequest() failed - <Unknown Exception>.
2025-06-12 15:59:35,316 [0x00002da4] f:\endpointserver\server\endpointserverimp.cpp:164 ERROR EndPointServerThreadCounter - PostHandleRequest() failed - <Unknown Exception>.
2025-06-12 15:59:35,764 [0x00002da4] f:\endpointserver\server\endpointserverimp.cpp:164 ERROR EndPointServerThreadCounter - PostHandleRequest() failed - <Unknown Exception>.
2025-06-12 15:59:36,283 [0x00002da4] f:\endpointserver\server\endpointserverimp.cpp:164 ERROR EndPointServerThreadCounter - PostHandleRequest() failed - <Unknown Exception>.
2025-06-12 15:59:36,814 [0x00002da4] f:\endpointserver\server\endpointserverimp.cpp:164 ERROR EndPointServerThreadCounter - PostHandleRequest() failed - <Unknown Exception>.
2025-06-12 15:59:37,325 [0x00002da4] f:\endpointserver\server\endpointserverimp.cpp:164 ERROR EndPointServerThreadCounter - PostHandleRequest() failed - <Unknown Exception>.
2025-06-12 15:59:46,408 [0x00002da8] f:\endpointserver\server\endpointserverimp.cpp:164 ERROR EndPointServerThreadCounter - PostHandleRequest() failed - <Unknown Exception>.
2025-06-12 15:59:49,544 [0x00002dcc] f:\endpointserver\server\endpointserverimp.cpp:164 ERROR EndPointServerThreadCounter - PostHandleRequest() failed - <Unknown Exception>.
2025-06-12 15:59:49,829 [0x00002da4] f:\endpointserver\server\endpointserverimp.cpp:164 ERROR EndPointServerThreadCounter - PostHandleRequest() failed - <Unknown Exception>.
2025-06-12 15:59:50,173 [0x00002dcc] f:\endpointserver\server\endpointserverimp.cpp:164 ERROR EndPointServerThreadCounter - PostHandleRequest() failed - <Unknown Exception>.
2025-06-12 15:59:50,618 [0x00002da4] f:\endpointserver\server\endpointserverimp.cpp:164 ERROR EndPointServerThreadCounter - PostHandleRequest() failed - <Unknown Exception>.
2025-06-12 15:59:50,939 [0x00002dcc] f:\endpointserver\server\endpointserverimp.cpp:164 ERROR EndPointServerThreadCounter - PostHandleRequest() failed - <Unknown Exception>.
2025-06-12 15:59:51,317 [0x00002da4] f:\endpointserver\server\endpointserverimp.cpp:164 ERROR EndPointServerThreadCounter - PostHandleRequest() failed - <Unknown Exception>.
2025-06-12 15:59:51,563 [0x00002da4] f:\endpointserver\server\endpointserverimp.cpp:164 ERROR EndPointServerThreadCounter - PostHandleRequest() failed - <Unknown Exception>.
2025-06-12 15:59:51,771 [0x00002da8] f:\endpointserver\server\endpointserverimp.cpp:164 ERROR EndPointServerThreadCounter - PostHandleRequest() failed - <Unknown Exception>.
2025-06-12 15:59:51,851 [0x00002da4] f:\endpointserver\server\endpointserverimp.cpp:164 ERROR EndPointServerThreadCounter - PostHandleRequest() failed - <Unknown Exception>.
2025-06-12 15:59:52,089 [0x00002da8] f:\endpointserver\server\endpointserverimp.cpp:164 ERROR EndPointServerThreadCounter - PostHandleRequest() failed - <Unknown Exception>.
2025-06-12 15:59:52,472 [0x00002da8] f:\endpointserver\server\endpointserverimp.cpp:164 ERROR EndPointServerThreadCounter - PostHandleRequest() failed - <Unknown Exception>.
2025-06-12 15:59:52,928 [0x00002da8] f:\endpointserver\server\endpointserverimp.cpp:164 ERROR EndPointServerThreadCounter - PostHandleRequest() failed - <Unknown Exception>.
2025-06-12 15:59:53,276 [0x00002da8] f:\endpointserver\server\endpointserverimp.cpp:164 ERROR EndPointServerThreadCounter - PostHandleRequest() failed - <Unknown Exception>.
2025-06-12 15:59:53,697 [0x00002da8] f:\endpointserver\server\endpointserverimp.cpp:164 ERROR EndPointServerThreadCounter - PostHandleRequest() failed - <Unknown Exception>.
2025-06-12 15:59:54,002 [0x00002da8] f:\endpointserver\server\endpointserverimp.cpp:164 ERROR EndPointServerThreadCounter - PostHandleRequest() failed - <Unknown Exception>.
2025-06-12 15:59:54,326 [0x00002da8] f:\endpointserver\server\endpointserverimp.cpp:164 ERROR EndPointServerThreadCounter - PostHandleRequest() failed - <Unknown Exception>.
2025-06-12 15:59:54,669 [0x00002da4] f:\endpointserver\server\endpointserverimp.cpp:164 ERROR EndPointServerThreadCounter - PostHandleRequest() failed - <Unknown Exception>.
2025-06-12 16:00:58,190 [0x00002dcc] f:\endpointserver\server\endpointserverimp.cpp:164 ERROR EndPointServerThreadCounter - PostHandleRequest() failed - <Unknown Exception>.
2025-06-12 16:01:02,428 [0x00002d9c] f:\endpointserver\server\endpointserverimp.cpp:164 ERROR EndPointServerThreadCounter - PostHandleRequest() failed - <Unknown Exception>.
2025-06-12 16:01:03,414 [0x00002d6c] f:\endpointserver\server\endpointserverimp.cpp:164 ERROR EndPointServerThreadCounter - PostHandleRequest() failed - <Unknown Exception>.
2025-06-12 16:02:49,082 [0x00002da4] f:\endpointserver\server\endpointserverimp.cpp:164 ERROR EndPointServerThreadCounter - PostHandleRequest() failed - <Unknown Exception>.
2025-06-12 16:02:51,878 [0x00002da4] f:\endpointserver\server\endpointserverimp.cpp:164 ERROR EndPointServerThreadCounter - PostHandleRequest() failed - <Unknown Exception>.
2025-06-12 16:02:54,421 [0x00002da4] f:\endpointserver\server\endpointserverimp.cpp:164 ERROR EndPointServerThreadCounter - PostHandleRequest() failed - <Unknown Exception>.
2025-06-12 16:02:54,587 [0x00002d78] f:\endpointserver\server\endpointserverimp.cpp:164 ERROR EndPointServerThreadCounter - PostHandleRequest() failed - <Unknown Exception>.
2025-06-12 16:02:54,671 [0x00002da4] f:\endpointserver\server\endpointserverimp.cpp:164 ERROR EndPointServerThreadCounter - PostHandleRequest() failed - <Unknown Exception>.
2025-06-12 16:02:54,823 [0x00002d78] f:\endpointserver\server\endpointserverimp.cpp:164 ERROR EndPointServerThreadCounter - PostHandleRequest() failed - <Unknown Exception>.
2025-06-12 16:03:10,897 [0x00002d74] f:\endpointserver\server\endpointserverimp.cpp:164 ERROR EndPointServerThreadCounter - PostHandleRequest() failed - <Unknown Exception>.
2025-06-12 16:03:13,661 [0x00002d9c] f:\endpointserver\server\endpointserverimp.cpp:164 ERROR EndPointServerThreadCounter - PostHandleRequest() failed - <Unknown Exception>.
2025-06-12 16:03:24,377 [0x00002d6c] f:\endpointserver\server\endpointserverimp.cpp:164 ERROR EndPointServerThreadCounter - PostHandleRequest() failed - <Unknown Exception>.
2025-06-12 16:03:24,666 [0x00002d6c] f:\endpointserver\server\endpointserverimp.cpp:164 ERROR EndPointServerThreadCounter - PostHandleRequest() failed - <Unknown Exception>.
2025-06-12 16:03:27,411 [0x00002d74] f:\endpointserver\server\endpointserverimp.cpp:164 ERROR EndPointServerThreadCounter - PostHandleRequest() failed - <Unknown Exception>.
2025-06-12 16:03:27,633 [0x00002d74] f:\endpointserver\server\endpointserverimp.cpp:164 ERROR EndPointServerThreadCounter - PostHandleRequest() failed - <Unknown Exception>.
2025-06-12 16:03:44,662 [0x00002dcc] f:\endpointserver\server\endpointserverimp.cpp:164 ERROR EndPointServerThreadCounter - PostHandleRequest() failed - <Unknown Exception>.
2025-06-12 16:04:00,726 [0x00002da8] f:\endpointserver\server\endpointserverimp.cpp:164 ERROR EndPointServerThreadCounter - PostHandleRequest() failed - <Unknown Exception>.
2025-06-12 16:04:01,904 [0x00002da4] f:\endpointserver\server\endpointserverimp.cpp:164 ERROR EndPointServerThreadCounter - PostHandleRequest() failed - <Unknown Exception>.
2025-06-12 16:04:02,002 [0x00002da4] f:\endpointserver\server\endpointserverimp.cpp:164 ERROR EndPointServerThreadCounter - PostHandleRequest() failed - <Unknown Exception>.
2025-06-12 16:04:03,356 [0x00002d44] f:\endpointserver\server\endpointserverimp.cpp:164 ERROR EndPointServerThreadCounter - PostHandleRequest() failed - <Unknown Exception>.
2025-06-12 16:04:03,398 [0x00002d44] f:\endpointserver\server\endpointserverimp.cpp:164 ERROR EndPointServerThreadCounter - PostHandleRequest() failed - <Unknown Exception>.
2025-06-12 16:05:33,679 [0x00002d78] f:\endpointserver\server\endpointserverimp.cpp:164 ERROR EndPointServerThreadCounter - PostHandleRequest() failed - <Unknown Exception>.
2025-06-12 16:05:35,676 [0x00002d78] f:\endpointserver\server\endpointserverimp.cpp:164 ERROR EndPointServerThreadCounter - PostHandleRequest() failed - <Unknown Exception>.
2025-06-12 16:05:35,753 [0x00002da4] f:\endpointserver\server\endpointserverimp.cpp:164 ERROR EndPointServerThreadCounter - PostHandleRequest() failed - <Unknown Exception>.
2025-06-12 16:05:35,835 [0x00002da8] f:\endpointserver\server\endpointserverimp.cpp:164 ERROR EndPointServerThreadCounter - PostHandleRequest() failed - <Unknown Exception>.
2025-06-12 16:05:36,504 [0x00002da4] f:\endpointserver\server\endpointserverimp.cpp:164 ERROR EndPointServerThreadCounter - PostHandleRequest() failed - <Unknown Exception>.
2025-06-12 16:05:36,612 [0x00002dcc] f:\endpointserver\server\endpointserverimp.cpp:164 ERROR EndPointServerThreadCounter - PostHandleRequest() failed - <Unknown Exception>.
2025-06-12 16:05:38,230 [0x00002d78] f:\endpointserver\server\endpointserverimp.cpp:164 ERROR EndPointServerThreadCounter - PostHandleRequest() failed - <Unknown Exception>.
2025-06-12 16:05:38,620 [0x00002d78] f:\endpointserver\server\endpointserverimp.cpp:164 ERROR EndPointServerThreadCounter - PostHandleRequest() failed - <Unknown Exception>.
2025-06-12 16:05:39,071 [0x00002d78] f:\endpointserver\server\endpointserverimp.cpp:164 ERROR EndPointServerThreadCounter - PostHandleRequest() failed - <Unknown Exception>.
2025-06-12 16:05:39,507 [0x00002d78] f:\endpointserver\server\endpointserverimp.cpp:164 ERROR EndPointServerThreadCounter - PostHandleRequest() failed - <Unknown Exception>.
2025-06-12 16:05:39,808 [0x00002d78] f:\endpointserver\server\endpointserverimp.cpp:164 ERROR EndPointServerThreadCounter - PostHandleRequest() failed - <Unknown Exception>.
2025-06-12 16:05:40,291 [0x00002d78] f:\endpointserver\server\endpointserverimp.cpp:164 ERROR EndPointServerThreadCounter - PostHandleRequest() failed - <Unknown Exception>.
2025-06-12 16:05:40,988 [0x00002d78] f:\endpointserver\server\endpointserverimp.cpp:164 ERROR EndPointServerThreadCounter - PostHandleRequest() failed - <Unknown Exception>.
2025-06-12 16:05:41,152 [0x00002d78] f:\endpointserver\server\endpointserverimp.cpp:164 ERROR EndPointServerThreadCounter - PostHandleRequest() failed - <Unknown Exception>.
2025-06-12 16:05:42,762 [0x00002da4] f:\endpointserver\server\endpointserverimp.cpp:164 ERROR EndPointServerThreadCounter - PostHandleRequest() failed - <Unknown Exception>.
2025-06-12 16:05:47,733 [0x00002dcc] f:\endpointserver\server\endpointserverimp.cpp:164 ERROR EndPointServerThreadCounter - PostHandleRequest() failed - <Unknown Exception>.
2025-06-12 16:05:48,084 [0x00002dcc] f:\endpointserver\server\endpointserverimp.cpp:164 ERROR EndPointServerThreadCounter - PostHandleRequest() failed - <Unknown Exception>.
2025-06-12 16:05:48,373 [0x00002dcc] f:\endpointserver\server\endpointserverimp.cpp:164 ERROR EndPointServerThreadCounter - PostHandleRequest() failed - <Unknown Exception>.
2025-06-12 16:05:48,534 [0x00002dcc] f:\endpointserver\server\endpointserverimp.cpp:164 ERROR EndPointServerThreadCounter - PostHandleRequest() failed - <Unknown Exception>.
2025-06-12 16:05:48,720 [0x00002dcc] f:\endpointserver\server\endpointserverimp.cpp:164 ERROR EndPointServerThreadCounter - PostHandleRequest() failed - <Unknown Exception>.
2025-06-12 16:05:48,896 [0x00002dcc] f:\endpointserver\server\endpointserverimp.cpp:164 ERROR EndPointServerThreadCounter - PostHandleRequest() failed - <Unknown Exception>.
2025-06-12 16:05:48,984 [0x00002d78] f:\endpointserver\server\endpointserverimp.cpp:164 ERROR EndPointServerThreadCounter - PostHandleRequest() failed - <Unknown Exception>.
2025-06-12 16:05:49,035 [0x00002d78] f:\endpointserver\server\endpointserverimp.cpp:164 ERROR EndPointServerThreadCounter - PostHandleRequest() failed - <Unknown Exception>.
2025-06-12 16:05:55,493 [0x00002d44] f:\endpointserver\server\endpointserverimp.cpp:164 ERROR EndPointServerThreadCounter - PostHandleRequest() failed - <Unknown Exception>.
2025-06-12 16:06:04,661 [0x00002d9c] f:\endpointserver\server\endpointserverimp.cpp:164 ERROR EndPointServerThreadCounter - PostHandleRequest() failed - <Unknown Exception>.
2025-06-12 16:06:06,217 [0x00002dcc] f:\endpointserver\server\endpointserverimp.cpp:164 ERROR EndPointServerThreadCounter - PostHandleRequest() failed - <Unknown Exception>.
2025-06-12 16:06:31,111 [0x00002d44] f:\pais\util\filesystem\utils.cpp:429 ERROR Exception - PAIS::FileExists(F:/Program Files (x86)/Websense/Data Security/apache/htdocs/*) apr_stat failed: The filename, directory name, or volume label syntax is incorrect.  
2025-06-12 16:06:31,111 [0x00002d44] f:\endpointserver\server\endpointserverimp.cpp:160 ERROR EndPointServerThreadCounter - PostHandleRequest() failed  - <PAIS::FileExists(F:/Program Files (x86)/Websense/Data Security/apache/htdocs/*) apr_stat failed: The filename, directory name, or volume label syntax is incorrect.  >
2025-06-12 16:06:31,244 [0x00002d78] f:\endpointserver\server\endpointserverimp.cpp:164 ERROR EndPointServerThreadCounter - PostHandleRequest() failed - <Unknown Exception>.
2025-06-12 16:06:34,471 [0x00002d78] f:\pais\util\filesystem\utils.cpp:429 ERROR Exception - PAIS::FileExists(F:/Program Files (x86)/Websense/Data Security/apache/htdocs/*) apr_stat failed: The filename, directory name, or volume label syntax is incorrect.  
2025-06-12 16:06:34,472 [0x00002d78] f:\endpointserver\server\endpointserverimp.cpp:160 ERROR EndPointServerThreadCounter - PostHandleRequest() failed  - <PAIS::FileExists(F:/Program Files (x86)/Websense/Data Security/apache/htdocs/*) apr_stat failed: The filename, directory name, or volume label syntax is incorrect.  >
2025-06-12 16:06:34,563 [0x00002d78] f:\endpointserver\server\endpointserverimp.cpp:164 ERROR EndPointServerThreadCounter - PostHandleRequest() failed - <Unknown Exception>.
2025-06-12 16:06:34,592 [0x00002d78] f:\endpointserver\server\endpointserverimp.cpp:164 ERROR EndPointServerThreadCounter - PostHandleRequest() failed - <Unknown Exception>.
2025-06-12 16:06:35,053 [0x00002dcc] f:\pais\util\filesystem\utils.cpp:429 ERROR Exception - PAIS::FileExists(F:/Program Files (x86)/Websense/Data Security/apache/htdocs/*) apr_stat failed: The filename, directory name, or volume label syntax is incorrect.  
2025-06-12 16:06:35,054 [0x00002dcc] f:\endpointserver\server\endpointserverimp.cpp:160 ERROR EndPointServerThreadCounter - PostHandleRequest() failed  - <PAIS::FileExists(F:/Program Files (x86)/Websense/Data Security/apache/htdocs/*) apr_stat failed: The filename, directory name, or volume label syntax is incorrect.  >
2025-06-12 16:06:35,176 [0x00002da4] f:\endpointserver\server\endpointserverimp.cpp:164 ERROR EndPointServerThreadCounter - PostHandleRequest() failed - <Unknown Exception>.
2025-06-12 16:06:52,310 [0x00002da8] f:\endpointserver\server\endpointserverimp.cpp:164 ERROR EndPointServerThreadCounter - PostHandleRequest() failed - <Unknown Exception>.
2025-06-12 16:06:52,569 [0x00002da8] f:\endpointserver\server\endpointserverimp.cpp:164 ERROR EndPointServerThreadCounter - PostHandleRequest() failed - <Unknown Exception>.
2025-06-12 16:06:52,874 [0x00002da8] f:\endpointserver\server\endpointserverimp.cpp:164 ERROR EndPointServerThreadCounter - PostHandleRequest() failed - <Unknown Exception>.
2025-06-12 16:06:53,226 [0x00002da8] f:\endpointserver\server\endpointserverimp.cpp:164 ERROR EndPointServerThreadCounter - PostHandleRequest() failed - <Unknown Exception>.
2025-06-12 16:06:53,367 [0x00002da8] f:\endpointserver\server\endpointserverimp.cpp:164 ERROR EndPointServerThreadCounter - PostHandleRequest() failed - <Unknown Exception>.
2025-06-12 16:06:53,674 [0x00002da8] f:\endpointserver\server\endpointserverimp.cpp:164 ERROR EndPointServerThreadCounter - PostHandleRequest() failed - <Unknown Exception>.
2025-06-12 16:06:53,842 [0x00002da8] f:\endpointserver\server\endpointserverimp.cpp:164 ERROR EndPointServerThreadCounter - PostHandleRequest() failed - <Unknown Exception>.
2025-06-12 16:06:54,093 [0x00002da8] f:\endpointserver\server\endpointserverimp.cpp:164 ERROR EndPointServerThreadCounter - PostHandleRequest() failed - <Unknown Exception>.
2025-06-12 16:06:54,347 [0x00002da8] f:\endpointserver\server\endpointserverimp.cpp:164 ERROR EndPointServerThreadCounter - PostHandleRequest() failed - <Unknown Exception>.
2025-06-12 16:06:54,779 [0x00002da8] f:\endpointserver\server\endpointserverimp.cpp:164 ERROR EndPointServerThreadCounter - PostHandleRequest() failed - <Unknown Exception>.
2025-06-12 16:06:54,939 [0x00002da8] f:\endpointserver\server\endpointserverimp.cpp:164 ERROR EndPointServerThreadCounter - PostHandleRequest() failed - <Unknown Exception>.
2025-06-12 16:06:55,048 [0x00002da8] f:\endpointserver\server\endpointserverimp.cpp:164 ERROR EndPointServerThreadCounter - PostHandleRequest() failed - <Unknown Exception>.
2025-06-12 16:06:55,285 [0x00002da8] f:\endpointserver\server\endpointserverimp.cpp:164 ERROR EndPointServerThreadCounter - PostHandleRequest() failed - <Unknown Exception>.
2025-06-12 16:06:55,454 [0x00002da8] f:\endpointserver\server\endpointserverimp.cpp:164 ERROR EndPointServerThreadCounter - PostHandleRequest() failed - <Unknown Exception>.
2025-06-12 16:06:55,707 [0x00002da8] f:\endpointserver\server\endpointserverimp.cpp:164 ERROR EndPointServerThreadCounter - PostHandleRequest() failed - <Unknown Exception>.
2025-06-12 16:06:55,871 [0x00002da8] f:\endpointserver\server\endpointserverimp.cpp:164 ERROR EndPointServerThreadCounter - PostHandleRequest() failed - <Unknown Exception>.
2025-06-12 16:06:56,126 [0x00002da8] f:\endpointserver\server\endpointserverimp.cpp:164 ERROR EndPointServerThreadCounter - PostHandleRequest() failed - <Unknown Exception>.
2025-06-12 16:06:56,394 [0x00002d6c] f:\endpointserver\server\endpointserverimp.cpp:164 ERROR EndPointServerThreadCounter - PostHandleRequest() failed - <Unknown Exception>.
2025-06-12 16:06:56,771 [0x00002d6c] f:\endpointserver\server\endpointserverimp.cpp:164 ERROR EndPointServerThreadCounter - PostHandleRequest() failed - <Unknown Exception>.
2025-06-12 16:06:56,984 [0x00002d6c] f:\endpointserver\server\endpointserverimp.cpp:164 ERROR EndPointServerThreadCounter - PostHandleRequest() failed - <Unknown Exception>.
2025-06-12 16:06:57,252 [0x00002d6c] f:\endpointserver\server\endpointserverimp.cpp:164 ERROR EndPointServerThreadCounter - PostHandleRequest() failed - <Unknown Exception>.
2025-06-12 16:06:57,537 [0x00002d9c] f:\endpointserver\server\endpointserverimp.cpp:164 ERROR EndPointServerThreadCounter - PostHandleRequest() failed - <Unknown Exception>.
2025-06-12 16:06:57,869 [0x00002d9c] f:\endpointserver\server\endpointserverimp.cpp:164 ERROR EndPointServerThreadCounter - PostHandleRequest() failed - <Unknown Exception>.
2025-06-12 16:06:58,144 [0x00002d9c] f:\endpointserver\server\endpointserverimp.cpp:164 ERROR EndPointServerThreadCounter - PostHandleRequest() failed - <Unknown Exception>.
2025-06-12 16:06:58,474 [0x00002d9c] f:\endpointserver\server\endpointserverimp.cpp:164 ERROR EndPointServerThreadCounter - PostHandleRequest() failed - <Unknown Exception>.
2025-06-12 16:06:58,599 [0x00002d9c] f:\endpointserver\server\endpointserverimp.cpp:164 ERROR EndPointServerThreadCounter - PostHandleRequest() failed - <Unknown Exception>.
2025-06-12 16:06:58,825 [0x00002d9c] f:\endpointserver\server\endpointserverimp.cpp:164 ERROR EndPointServerThreadCounter - PostHandleRequest() failed - <Unknown Exception>.
2025-06-12 16:06:59,039 [0x00002da4] f:\endpointserver\server\endpointserverimp.cpp:164 ERROR EndPointServerThreadCounter - PostHandleRequest() failed - <Unknown Exception>.
2025-06-12 16:06:59,206 [0x00002da4] f:\endpointserver\server\endpointserverimp.cpp:164 ERROR EndPointServerThreadCounter - PostHandleRequest() failed - <Unknown Exception>.
2025-06-12 16:06:59,384 [0x00002da4] f:\endpointserver\server\endpointserverimp.cpp:164 ERROR EndPointServerThreadCounter - PostHandleRequest() failed - <Unknown Exception>.
2025-06-12 16:06:59,515 [0x00002dcc] f:\endpointserver\server\endpointserverimp.cpp:164 ERROR EndPointServerThreadCounter - PostHandleRequest() failed - <Unknown Exception>.
2025-06-12 16:06:59,688 [0x00002d44] f:\endpointserver\server\endpointserverimp.cpp:164 ERROR EndPointServerThreadCounter - PostHandleRequest() failed - <Unknown Exception>.
2025-06-12 16:06:59,938 [0x00002d44] f:\endpointserver\server\endpointserverimp.cpp:164 ERROR EndPointServerThreadCounter - PostHandleRequest() failed - <Unknown Exception>.
2025-06-12 16:07:00,297 [0x00002d44] f:\endpointserver\server\endpointserverimp.cpp:164 ERROR EndPointServerThreadCounter - PostHandleRequest() failed - <Unknown Exception>.
2025-06-12 16:07:00,881 [0x00002d44] f:\endpointserver\server\endpointserverimp.cpp:164 ERROR EndPointServerThreadCounter - PostHandleRequest() failed - <Unknown Exception>.
2025-06-12 16:07:01,281 [0x00002d44] f:\endpointserver\server\endpointserverimp.cpp:164 ERROR EndPointServerThreadCounter - PostHandleRequest() failed - <Unknown Exception>.
2025-06-12 16:07:01,535 [0x00002d44] f:\endpointserver\server\endpointserverimp.cpp:164 ERROR EndPointServerThreadCounter - PostHandleRequest() failed - <Unknown Exception>.
2025-06-12 16:07:01,730 [0x00002d44] f:\endpointserver\server\endpointserverimp.cpp:164 ERROR EndPointServerThreadCounter - PostHandleRequest() failed - <Unknown Exception>.
2025-06-12 16:07:01,977 [0x00002dcc] f:\endpointserver\server\endpointserverimp.cpp:164 ERROR EndPointServerThreadCounter - PostHandleRequest() failed - <Unknown Exception>.
2025-06-12 16:07:02,294 [0x00002d44] f:\endpointserver\server\endpointserverimp.cpp:164 ERROR EndPointServerThreadCounter - PostHandleRequest() failed - <Unknown Exception>.
2025-06-12 16:07:02,499 [0x00002da8] f:\endpointserver\server\endpointserverimp.cpp:164 ERROR EndPointServerThreadCounter - PostHandleRequest() failed - <Unknown Exception>.
2025-06-12 16:07:02,797 [0x00002da8] f:\endpointserver\server\endpointserverimp.cpp:164 ERROR EndPointServerThreadCounter - PostHandleRequest() failed - <Unknown Exception>.
2025-06-12 16:07:03,068 [0x00002d44] f:\endpointserver\server\endpointserverimp.cpp:164 ERROR EndPointServerThreadCounter - PostHandleRequest() failed - <Unknown Exception>.
2025-06-12 16:07:03,130 [0x00002d44] f:\endpointserver\server\endpointserverimp.cpp:164 ERROR EndPointServerThreadCounter - PostHandleRequest() failed - <Unknown Exception>.
2025-06-12 16:07:03,233 [0x00002dcc] f:\endpointserver\server\endpointserverimp.cpp:164 ERROR EndPointServerThreadCounter - PostHandleRequest() failed - <Unknown Exception>.
2025-06-12 16:07:03,343 [0x00002d44] f:\endpointserver\server\endpointserverimp.cpp:164 ERROR EndPointServerThreadCounter - PostHandleRequest() failed - <Unknown Exception>.
2025-06-12 16:07:07,313 [0x00002da4] f:\endpointserver\server\endpointserverimp.cpp:164 ERROR EndPointServerThreadCounter - PostHandleRequest() failed - <Unknown Exception>.
2025-06-12 16:07:07,401 [0x00002da4] f:\endpointserver\server\endpointserverimp.cpp:164 ERROR EndPointServerThreadCounter - PostHandleRequest() failed - <Unknown Exception>.
2025-06-12 16:07:07,545 [0x00002da4] f:\endpointserver\server\endpointserverimp.cpp:164 ERROR EndPointServerThreadCounter - PostHandleRequest() failed - <Unknown Exception>.
2025-06-12 16:07:07,590 [0x00002da4] f:\endpointserver\server\endpointserverimp.cpp:164 ERROR EndPointServerThreadCounter - PostHandleRequest() failed - <Unknown Exception>.
2025-06-12 16:07:33,097 [0x00002dcc] f:\endpointserver\server\endpointserverimp.cpp:164 ERROR EndPointServerThreadCounter - PostHandleRequest() failed - <Unknown Exception>.
2025-06-12 16:07:33,114 [0x00002dcc] f:\endpointserver\server\endpointserverimp.cpp:164 ERROR EndPointServerThreadCounter - PostHandleRequest() failed - <Unknown Exception>.
2025-06-12 16:07:33,267 [0x00002dcc] f:\endpointserver\server\endpointserverimp.cpp:164 ERROR EndPointServerThreadCounter - PostHandleRequest() failed - <Unknown Exception>.
2025-06-12 16:07:33,353 [0x00002d78] f:\endpointserver\server\endpointserverimp.cpp:164 ERROR EndPointServerThreadCounter - PostHandleRequest() failed - <Unknown Exception>.
2025-06-12 16:07:38,251 [0x00002d78] f:\endpointserver\server\endpointserverimp.cpp:164 ERROR EndPointServerThreadCounter - PostHandleRequest() failed - <Unknown Exception>.
2025-06-12 16:07:38,395 [0x00002d78] f:\endpointserver\server\endpointserverimp.cpp:164 ERROR EndPointServerThreadCounter - PostHandleRequest() failed - <Unknown Exception>.
2025-06-12 16:07:38,519 [0x00002d78] f:\endpointserver\server\endpointserverimp.cpp:164 ERROR EndPointServerThreadCounter - PostHandleRequest() failed - <Unknown Exception>.
2025-06-12 16:07:38,624 [0x00002d78] f:\endpointserver\server\endpointserverimp.cpp:164 ERROR EndPointServerThreadCounter - PostHandleRequest() failed - <Unknown Exception>.
2025-06-12 16:07:43,563 [0x00002d9c] f:\endpointserver\server\endpointserverimp.cpp:164 ERROR EndPointServerThreadCounter - PostHandleRequest() failed - <Unknown Exception>.
2025-06-12 16:07:43,629 [0x00002da8] f:\endpointserver\server\endpointserverimp.cpp:164 ERROR EndPointServerThreadCounter - PostHandleRequest() failed - <Unknown Exception>.
2025-06-12 16:07:43,728 [0x00002da8] f:\endpointserver\server\endpointserverimp.cpp:164 ERROR EndPointServerThreadCounter - PostHandleRequest() failed - <Unknown Exception>.
2025-06-12 16:07:43,804 [0x00002da8] f:\endpointserver\server\endpointserverimp.cpp:164 ERROR EndPointServerThreadCounter - PostHandleRequest() failed - <Unknown Exception>.
2025-06-12 16:07:43,883 [0x00002da8] f:\endpointserver\server\endpointserverimp.cpp:164 ERROR EndPointServerThreadCounter - PostHandleRequest() failed - <Unknown Exception>.
2025-06-12 16:07:44,134 [0x00002da8] f:\endpointserver\server\endpointserverimp.cpp:164 ERROR EndPointServerThreadCounter - PostHandleRequest() failed - <Unknown Exception>.
2025-06-12 16:07:44,437 [0x00002da8] f:\endpointserver\server\endpointserverimp.cpp:164 ERROR EndPointServerThreadCounter - PostHandleRequest() failed - <Unknown Exception>.
2025-06-12 16:07:44,631 [0x00002da8] f:\endpointserver\server\endpointserverimp.cpp:164 ERROR EndPointServerThreadCounter - PostHandleRequest() failed - <Unknown Exception>.
2025-06-12 16:07:44,775 [0x00002da8] f:\endpointserver\server\endpointserverimp.cpp:164 ERROR EndPointServerThreadCounter - PostHandleRequest() failed - <Unknown Exception>.
2025-06-12 16:07:44,872 [0x00002da8] f:\endpointserver\server\endpointserverimp.cpp:164 ERROR EndPointServerThreadCounter - PostHandleRequest() failed - <Unknown Exception>.
2025-06-12 16:07:44,978 [0x00002da4] f:\endpointserver\server\endpointserverimp.cpp:164 ERROR EndPointServerThreadCounter - PostHandleRequest() failed - <Unknown Exception>.
2025-06-12 16:07:45,160 [0x00002d44] f:\endpointserver\server\endpointserverimp.cpp:164 ERROR EndPointServerThreadCounter - PostHandleRequest() failed - <Unknown Exception>.
2025-06-12 16:07:45,220 [0x00002d44] f:\endpointserver\server\endpointserverimp.cpp:164 ERROR EndPointServerThreadCounter - PostHandleRequest() failed - <Unknown Exception>.
2025-06-12 16:07:45,267 [0x00002d6c] f:\endpointserver\server\endpointserverimp.cpp:164 ERROR EndPointServerThreadCounter - PostHandleRequest() failed - <Unknown Exception>.
2025-06-12 16:07:45,425 [0x00002d6c] f:\endpointserver\server\endpointserverimp.cpp:164 ERROR EndPointServerThreadCounter - PostHandleRequest() failed - <Unknown Exception>.
2025-06-12 16:07:45,461 [0x00002d6c] f:\endpointserver\server\endpointserverimp.cpp:164 ERROR EndPointServerThreadCounter - PostHandleRequest() failed - <Unknown Exception>.
2025-06-12 16:07:45,557 [0x00002d6c] f:\endpointserver\server\endpointserverimp.cpp:164 ERROR EndPointServerThreadCounter - PostHandleRequest() failed - <Unknown Exception>.
2025-06-12 16:07:45,586 [0x00002d6c] f:\endpointserver\server\endpointserverimp.cpp:164 ERROR EndPointServerThreadCounter - PostHandleRequest() failed - <Unknown Exception>.
2025-06-12 16:07:45,704 [0x00002da4] f:\endpointserver\server\endpointserverimp.cpp:164 ERROR EndPointServerThreadCounter - PostHandleRequest() failed - <Unknown Exception>.
2025-06-12 16:07:45,871 [0x00002da4] f:\endpointserver\server\endpointserverimp.cpp:164 ERROR EndPointServerThreadCounter - PostHandleRequest() failed - <Unknown Exception>.
2025-06-12 16:07:45,928 [0x00002d6c] f:\endpointserver\server\endpointserverimp.cpp:164 ERROR EndPointServerThreadCounter - PostHandleRequest() failed - <Unknown Exception>.
2025-06-12 16:07:46,106 [0x00002d6c] f:\endpointserver\server\endpointserverimp.cpp:164 ERROR EndPointServerThreadCounter - PostHandleRequest() failed - <Unknown Exception>.
2025-06-12 16:07:46,288 [0x00002da8] f:\endpointserver\server\endpointserverimp.cpp:164 ERROR EndPointServerThreadCounter - PostHandleRequest() failed - <Unknown Exception>.
2025-06-12 16:07:46,399 [0x00002da4] f:\endpointserver\server\endpointserverimp.cpp:164 ERROR EndPointServerThreadCounter - PostHandleRequest() failed - <Unknown Exception>.
2025-06-12 16:07:46,484 [0x00002da8] f:\endpointserver\server\endpointserverimp.cpp:164 ERROR EndPointServerThreadCounter - PostHandleRequest() failed - <Unknown Exception>.
2025-06-12 16:07:46,619 [0x00002da4] f:\endpointserver\server\endpointserverimp.cpp:164 ERROR EndPointServerThreadCounter - PostHandleRequest() failed - <Unknown Exception>.
2025-06-12 16:07:46,691 [0x00002da4] f:\endpointserver\server\endpointserverimp.cpp:164 ERROR EndPointServerThreadCounter - PostHandleRequest() failed - <Unknown Exception>.
2025-06-12 16:07:46,757 [0x00002da4] f:\endpointserver\server\endpointserverimp.cpp:164 ERROR EndPointServerThreadCounter - PostHandleRequest() failed - <Unknown Exception>.
2025-06-12 16:07:46,959 [0x00002d6c] f:\endpointserver\server\endpointserverimp.cpp:164 ERROR EndPointServerThreadCounter - PostHandleRequest() failed - <Unknown Exception>.
2025-06-12 16:07:47,076 [0x00002dcc] f:\endpointserver\server\endpointserverimp.cpp:164 ERROR EndPointServerThreadCounter - PostHandleRequest() failed - <Unknown Exception>.
2025-06-12 16:07:47,280 [0x00002dcc] f:\endpointserver\server\endpointserverimp.cpp:164 ERROR EndPointServerThreadCounter - PostHandleRequest() failed - <Unknown Exception>.
2025-06-12 16:07:47,325 [0x00002dcc] f:\endpointserver\server\endpointserverimp.cpp:164 ERROR EndPointServerThreadCounter - PostHandleRequest() failed - <Unknown Exception>.
2025-06-12 16:07:47,479 [0x00002dcc] f:\endpointserver\server\endpointserverimp.cpp:164 ERROR EndPointServerThreadCounter - PostHandleRequest() failed - <Unknown Exception>.
2025-06-12 16:07:47,659 [0x00002dcc] f:\endpointserver\server\endpointserverimp.cpp:164 ERROR EndPointServerThreadCounter - PostHandleRequest() failed - <Unknown Exception>.
2025-06-12 16:07:47,703 [0x00002da4] f:\endpointserver\server\endpointserverimp.cpp:164 ERROR EndPointServerThreadCounter - PostHandleRequest() failed - <Unknown Exception>.
2025-06-12 16:07:47,881 [0x00002da4] f:\endpointserver\server\endpointserverimp.cpp:164 ERROR EndPointServerThreadCounter - PostHandleRequest() failed - <Unknown Exception>.
2025-06-12 16:07:47,996 [0x00002dcc] f:\endpointserver\server\endpointserverimp.cpp:164 ERROR EndPointServerThreadCounter - PostHandleRequest() failed - <Unknown Exception>.
2025-06-12 16:07:48,093 [0x00002dcc] f:\endpointserver\server\endpointserverimp.cpp:164 ERROR EndPointServerThreadCounter - PostHandleRequest() failed - <Unknown Exception>.
2025-06-12 16:07:48,205 [0x00002da4] f:\endpointserver\server\endpointserverimp.cpp:164 ERROR EndPointServerThreadCounter - PostHandleRequest() failed - <Unknown Exception>.
2025-06-12 16:07:48,369 [0x00002da4] f:\endpointserver\server\endpointserverimp.cpp:164 ERROR EndPointServerThreadCounter - PostHandleRequest() failed - <Unknown Exception>.
2025-06-12 16:07:48,571 [0x00002da4] f:\endpointserver\server\endpointserverimp.cpp:164 ERROR EndPointServerThreadCounter - PostHandleRequest() failed - <Unknown Exception>.
2025-06-12 16:07:48,673 [0x00002dcc] f:\endpointserver\server\endpointserverimp.cpp:164 ERROR EndPointServerThreadCounter - PostHandleRequest() failed - <Unknown Exception>.
2025-06-12 16:07:48,746 [0x00002dcc] f:\endpointserver\server\endpointserverimp.cpp:164 ERROR EndPointServerThreadCounter - PostHandleRequest() failed - <Unknown Exception>.
2025-06-12 16:07:48,806 [0x00002dcc] f:\endpointserver\server\endpointserverimp.cpp:164 ERROR EndPointServerThreadCounter - PostHandleRequest() failed - <Unknown Exception>.
2025-06-12 16:07:48,815 [0x00002dcc] f:\endpointserver\server\endpointserverimp.cpp:164 ERROR EndPointServerThreadCounter - PostHandleRequest() failed - <Unknown Exception>.
2025-06-12 16:07:48,912 [0x00002dcc] f:\endpointserver\server\endpointserverimp.cpp:164 ERROR EndPointServerThreadCounter - PostHandleRequest() failed - <Unknown Exception>.
2025-06-12 16:07:49,132 [0x00002da4] f:\endpointserver\server\endpointserverimp.cpp:164 ERROR EndPointServerThreadCounter - PostHandleRequest() failed - <Unknown Exception>.
2025-06-12 16:07:49,288 [0x00002d44] f:\endpointserver\server\endpointserverimp.cpp:164 ERROR EndPointServerThreadCounter - PostHandleRequest() failed - <Unknown Exception>.
2025-06-12 16:07:49,388 [0x00002d44] f:\endpointserver\server\endpointserverimp.cpp:164 ERROR EndPointServerThreadCounter - PostHandleRequest() failed - <Unknown Exception>.
2025-06-12 16:07:49,779 [0x00002d44] f:\endpointserver\server\endpointserverimp.cpp:164 ERROR EndPointServerThreadCounter - PostHandleRequest() failed - <Unknown Exception>.
2025-06-12 16:07:49,938 [0x00002d6c] f:\endpointserver\server\endpointserverimp.cpp:164 ERROR EndPointServerThreadCounter - PostHandleRequest() failed - <Unknown Exception>.
2025-06-12 16:07:50,076 [0x00002d6c] f:\endpointserver\server\endpointserverimp.cpp:164 ERROR EndPointServerThreadCounter - PostHandleRequest() failed - <Unknown Exception>.
2025-06-12 16:07:50,319 [0x00002d6c] f:\endpointserver\server\endpointserverimp.cpp:164 ERROR EndPointServerThreadCounter - PostHandleRequest() failed - <Unknown Exception>.
2025-06-12 16:07:50,527 [0x00002d6c] f:\endpointserver\server\endpointserverimp.cpp:164 ERROR EndPointServerThreadCounter - PostHandleRequest() failed - <Unknown Exception>.
2025-06-12 16:07:50,813 [0x00002d6c] f:\endpointserver\server\endpointserverimp.cpp:164 ERROR EndPointServerThreadCounter - PostHandleRequest() failed - <Unknown Exception>.
2025-06-12 16:07:51,026 [0x00002d78] f:\endpointserver\server\endpointserverimp.cpp:164 ERROR EndPointServerThreadCounter - PostHandleRequest() failed - <Unknown Exception>.
2025-06-12 16:07:51,468 [0x00002d78] f:\endpointserver\server\endpointserverimp.cpp:164 ERROR EndPointServerThreadCounter - PostHandleRequest() failed - <Unknown Exception>.
2025-06-12 16:07:51,611 [0x00002d78] f:\endpointserver\server\endpointserverimp.cpp:164 ERROR EndPointServerThreadCounter - PostHandleRequest() failed - <Unknown Exception>.
2025-06-12 16:07:51,805 [0x00002d78] f:\endpointserver\server\endpointserverimp.cpp:164 ERROR EndPointServerThreadCounter - PostHandleRequest() failed - <Unknown Exception>.
2025-06-12 16:07:51,971 [0x00002dcc] f:\endpointserver\server\endpointserverimp.cpp:164 ERROR EndPointServerThreadCounter - PostHandleRequest() failed - <Unknown Exception>.
2025-06-12 16:07:52,262 [0x00002dcc] f:\endpointserver\server\endpointserverimp.cpp:164 ERROR EndPointServerThreadCounter - PostHandleRequest() failed - <Unknown Exception>.
2025-06-12 16:07:52,407 [0x00002d44] f:\endpointserver\server\endpointserverimp.cpp:164 ERROR EndPointServerThreadCounter - PostHandleRequest() failed - <Unknown Exception>.
2025-06-12 16:07:52,550 [0x00002d44] f:\endpointserver\server\endpointserverimp.cpp:164 ERROR EndPointServerThreadCounter - PostHandleRequest() failed - <Unknown Exception>.
2025-06-12 16:07:52,651 [0x00002d44] f:\endpointserver\server\endpointserverimp.cpp:164 ERROR EndPointServerThreadCounter - PostHandleRequest() failed - <Unknown Exception>.
2025-06-12 16:07:53,000 [0x00002d44] f:\endpointserver\server\endpointserverimp.cpp:164 ERROR EndPointServerThreadCounter - PostHandleRequest() failed - <Unknown Exception>.
2025-06-12 16:07:53,240 [0x00002d44] f:\endpointserver\server\endpointserverimp.cpp:164 ERROR EndPointServerThreadCounter - PostHandleRequest() failed - <Unknown Exception>.
2025-06-12 16:07:53,408 [0x00002d44] f:\endpointserver\server\endpointserverimp.cpp:164 ERROR EndPointServerThreadCounter - PostHandleRequest() failed - <Unknown Exception>.
2025-06-12 16:07:53,536 [0x00002da8] f:\endpointserver\server\endpointserverimp.cpp:164 ERROR EndPointServerThreadCounter - PostHandleRequest() failed - <Unknown Exception>.
2025-06-12 16:07:53,720 [0x00002da4] f:\endpointserver\server\endpointserverimp.cpp:164 ERROR EndPointServerThreadCounter - PostHandleRequest() failed - <Unknown Exception>.
2025-06-12 16:07:53,890 [0x00002da4] f:\endpointserver\server\endpointserverimp.cpp:164 ERROR EndPointServerThreadCounter - PostHandleRequest() failed - <Unknown Exception>.
2025-06-12 16:07:54,189 [0x00002da4] f:\endpointserver\server\endpointserverimp.cpp:164 ERROR EndPointServerThreadCounter - PostHandleRequest() failed - <Unknown Exception>.
2025-06-12 16:07:54,446 [0x00002da4] f:\endpointserver\server\endpointserverimp.cpp:164 ERROR EndPointServerThreadCounter - PostHandleRequest() failed - <Unknown Exception>.
2025-06-12 16:07:54,670 [0x00002da4] f:\endpointserver\server\endpointserverimp.cpp:164 ERROR EndPointServerThreadCounter - PostHandleRequest() failed - <Unknown Exception>.
2025-06-12 16:07:54,897 [0x00002da4] f:\endpointserver\server\endpointserverimp.cpp:164 ERROR EndPointServerThreadCounter - PostHandleRequest() failed - <Unknown Exception>.
2025-06-12 16:07:55,065 [0x00002d6c] f:\endpointserver\server\endpointserverimp.cpp:164 ERROR EndPointServerThreadCounter - PostHandleRequest() failed - <Unknown Exception>.
2025-06-12 16:07:55,191 [0x00002d6c] f:\endpointserver\server\endpointserverimp.cpp:164 ERROR EndPointServerThreadCounter - PostHandleRequest() failed - <Unknown Exception>.
2025-06-12 16:07:55,385 [0x00002dcc] f:\endpointserver\server\endpointserverimp.cpp:164 ERROR EndPointServerThreadCounter - PostHandleRequest() failed - <Unknown Exception>.
2025-06-12 16:07:55,511 [0x00002d6c] f:\endpointserver\server\endpointserverimp.cpp:164 ERROR EndPointServerThreadCounter - PostHandleRequest() failed - <Unknown Exception>.
2025-06-12 16:07:55,660 [0x00002dcc] f:\endpointserver\server\endpointserverimp.cpp:164 ERROR EndPointServerThreadCounter - PostHandleRequest() failed - <Unknown Exception>.
2025-06-12 16:07:55,841 [0x00002d6c] f:\endpointserver\server\endpointserverimp.cpp:164 ERROR EndPointServerThreadCounter - PostHandleRequest() failed - <Unknown Exception>.
2025-06-12 16:07:56,092 [0x00002d6c] f:\endpointserver\server\endpointserverimp.cpp:164 ERROR EndPointServerThreadCounter - PostHandleRequest() failed - <Unknown Exception>.
2025-06-12 16:07:56,230 [0x00002dcc] f:\endpointserver\server\endpointserverimp.cpp:164 ERROR EndPointServerThreadCounter - PostHandleRequest() failed - <Unknown Exception>.
2025-06-12 16:07:56,373 [0x00002dcc] f:\endpointserver\server\endpointserverimp.cpp:164 ERROR EndPointServerThreadCounter - PostHandleRequest() failed - <Unknown Exception>.
2025-06-12 16:07:56,488 [0x00002dcc] f:\endpointserver\server\endpointserverimp.cpp:164 ERROR EndPointServerThreadCounter - PostHandleRequest() failed - <Unknown Exception>.
2025-06-12 16:07:56,588 [0x00002d6c] f:\endpointserver\server\endpointserverimp.cpp:164 ERROR EndPointServerThreadCounter - PostHandleRequest() failed - <Unknown Exception>.
2025-06-12 16:07:56,736 [0x00002da4] f:\endpointserver\server\endpointserverimp.cpp:164 ERROR EndPointServerThreadCounter - PostHandleRequest() failed - <Unknown Exception>.
2025-06-12 16:07:56,951 [0x00002da4] f:\endpointserver\server\endpointserverimp.cpp:164 ERROR EndPointServerThreadCounter - PostHandleRequest() failed - <Unknown Exception>.
2025-06-12 16:07:57,179 [0x00002da4] f:\endpointserver\server\endpointserverimp.cpp:164 ERROR EndPointServerThreadCounter - PostHandleRequest() failed - <Unknown Exception>.
2025-06-12 16:07:57,381 [0x00002da4] f:\endpointserver\server\endpointserverimp.cpp:164 ERROR EndPointServerThreadCounter - PostHandleRequest() failed - <Unknown Exception>.
2025-06-12 16:07:57,509 [0x00002da4] f:\endpointserver\server\endpointserverimp.cpp:164 ERROR EndPointServerThreadCounter - PostHandleRequest() failed - <Unknown Exception>.
2025-06-12 16:07:57,695 [0x00002da4] f:\endpointserver\server\endpointserverimp.cpp:164 ERROR EndPointServerThreadCounter - PostHandleRequest() failed - <Unknown Exception>.
2025-06-12 16:07:57,773 [0x00002da4] f:\endpointserver\server\endpointserverimp.cpp:164 ERROR EndPointServerThreadCounter - PostHandleRequest() failed - <Unknown Exception>.
2025-06-12 16:08:01,258 [0x00002d44] f:\endpointserver\server\endpointserverimp.cpp:164 ERROR EndPointServerThreadCounter - PostHandleRequest() failed - <Unknown Exception>.
2025-06-12 16:08:02,334 [0x00002d78] f:\endpointserver\server\endpointserverimp.cpp:164 ERROR EndPointServerThreadCounter - PostHandleRequest() failed - <Unknown Exception>.
2025-06-12 16:08:02,409 [0x00002dcc] f:\endpointserver\server\endpointserverimp.cpp:164 ERROR EndPointServerThreadCounter - PostHandleRequest() failed - <Unknown Exception>.
2025-06-12 16:08:40,020 [0x00002d9c] f:\endpointserver\server\endpointserverimp.cpp:164 ERROR EndPointServerThreadCounter - PostHandleRequest() failed - <Unknown Exception>.
2025-06-12 16:08:40,776 [0x00002d44] f:\endpointserver\server\endpointserverimp.cpp:164 ERROR EndPointServerThreadCounter - PostHandleRequest() failed - <Unknown Exception>.
2025-06-12 16:08:40,971 [0x00002d44] f:\endpointserver\server\endpointserverimp.cpp:164 ERROR EndPointServerThreadCounter - PostHandleRequest() failed - <Unknown Exception>.
2025-06-12 16:09:07,250 [0x00002d78] f:\endpointserver\server\endpointserverimp.cpp:164 ERROR EndPointServerThreadCounter - PostHandleRequest() failed - <Unknown Exception>.
2025-06-12 16:09:28,392 [0x00002d74] f:\endpointserver\server\endpointserverimp.cpp:164 ERROR EndPointServerThreadCounter - PostHandleRequest() failed - <Unknown Exception>.
2025-06-12 16:09:29,228 [0x00002da4] f:\endpointserver\server\endpointserverimp.cpp:164 ERROR EndPointServerThreadCounter - PostHandleRequest() failed - <Unknown Exception>.
2025-06-12 16:09:29,372 [0x00002d6c] f:\endpointserver\server\endpointserverimp.cpp:164 ERROR EndPointServerThreadCounter - PostHandleRequest() failed - <Unknown Exception>.
2025-06-12 16:10:27,188 [0x00002da4] f:\endpointserver\server\endpointserverimp.cpp:164 ERROR EndPointServerThreadCounter - PostHandleRequest() failed - <Unknown Exception>.
2025-06-12 16:10:57,983 [0x00002da4] f:\endpointserver\server\endpointserverimp.cpp:164 ERROR EndPointServerThreadCounter - PostHandleRequest() failed - <Unknown Exception>.
2025-06-12 16:11:03,131 [0x00002da4] f:\endpointserver\server\endpointserverimp.cpp:164 ERROR EndPointServerThreadCounter - PostHandleRequest() failed - <Unknown Exception>.
2025-06-12 16:11:45,407 [0x00002dcc] f:\endpointserver\server\endpointserverimp.cpp:164 ERROR EndPointServerThreadCounter - PostHandleRequest() failed - <Unknown Exception>.
2025-06-12 16:11:45,444 [0x00002dcc] f:\endpointserver\server\endpointserverimp.cpp:164 ERROR EndPointServerThreadCounter - PostHandleRequest() failed - <Unknown Exception>.
2025-06-12 16:11:47,421 [0x00002d78] f:\endpointserver\server\endpointserverimp.cpp:164 ERROR EndPointServerThreadCounter - PostHandleRequest() failed - <Unknown Exception>.
2025-06-12 16:11:47,427 [0x00002d78] f:\endpointserver\server\endpointserverimp.cpp:164 ERROR EndPointServerThreadCounter - PostHandleRequest() failed - <Unknown Exception>.
2025-06-12 16:11:47,955 [0x00002dcc] f:\endpointserver\server\endpointserverimp.cpp:164 ERROR EndPointServerThreadCounter - PostHandleRequest() failed - <Unknown Exception>.
2025-06-12 16:11:48,077 [0x00002dcc] f:\endpointserver\server\endpointserverimp.cpp:164 ERROR EndPointServerThreadCounter - PostHandleRequest() failed - <Unknown Exception>.
2025-06-12 16:11:56,647 [0x00002da4] f:\endpointserver\server\endpointserverimp.cpp:164 ERROR EndPointServerThreadCounter - PostHandleRequest() failed - <Unknown Exception>.
2025-06-12 16:11:57,454 [0x00002da4] f:\endpointserver\server\endpointserverimp.cpp:164 ERROR EndPointServerThreadCounter - PostHandleRequest() failed - <Unknown Exception>.
2025-06-12 16:11:57,657 [0x00002da4] f:\endpointserver\server\endpointserverimp.cpp:164 ERROR EndPointServerThreadCounter - PostHandleRequest() failed - <Unknown Exception>.
2025-06-12 16:12:06,382 [0x00002d9c] f:\endpointserver\server\endpointserverimp.cpp:164 ERROR EndPointServerThreadCounter - PostHandleRequest() failed - <Unknown Exception>.
2025-06-12 16:12:06,503 [0x00002d9c] f:\endpointserver\server\endpointserverimp.cpp:164 ERROR EndPointServerThreadCounter - PostHandleRequest() failed - <Unknown Exception>.
2025-06-12 16:12:08,032 [0x00002d9c] f:\pais\util\filesystem\utils.cpp:429 ERROR Exception - PAIS::FileExists(F:/Program Files (x86)/Websense/Data Security/apache/htdocs/*.shtml) apr_stat failed: The filename, directory name, or volume label syntax is incorrect.  
2025-06-12 16:12:08,033 [0x00002d9c] f:\endpointserver\server\endpointserverimp.cpp:160 ERROR EndPointServerThreadCounter - PostHandleRequest() failed  - <PAIS::FileExists(F:/Program Files (x86)/Websense/Data Security/apache/htdocs/*.shtml) apr_stat failed: The filename, directory name, or volume label syntax is incorrect.  >
2025-06-12 16:12:08,914 [0x00002d9c] f:\pais\util\filesystem\utils.cpp:429 ERROR Exception - PAIS::FileExists(F:/Program Files (x86)/Websense/Data Security/apache/htdocs/*.shtml) apr_stat failed: The filename, directory name, or volume label syntax is incorrect.  
2025-06-12 16:12:08,915 [0x00002d9c] f:\endpointserver\server\endpointserverimp.cpp:160 ERROR EndPointServerThreadCounter - PostHandleRequest() failed  - <PAIS::FileExists(F:/Program Files (x86)/Websense/Data Security/apache/htdocs/*.shtml) apr_stat failed: The filename, directory name, or volume label syntax is incorrect.  >
2025-06-12 16:12:09,064 [0x00002d9c] f:\pais\util\filesystem\utils.cpp:429 ERROR Exception - PAIS::FileExists(F:/Program Files (x86)/Websense/Data Security/apache/htdocs/*.shtml) apr_stat failed: The filename, directory name, or volume label syntax is incorrect.  
2025-06-12 16:12:09,066 [0x00002d9c] f:\endpointserver\server\endpointserverimp.cpp:160 ERROR EndPointServerThreadCounter - PostHandleRequest() failed  - <PAIS::FileExists(F:/Program Files (x86)/Websense/Data Security/apache/htdocs/*.shtml) apr_stat failed: The filename, directory name, or volume label syntax is incorrect.  >
2025-06-12 16:12:14,583 [0x00002d9c] f:\endpointserver\server\endpointserverimp.cpp:164 ERROR EndPointServerThreadCounter - PostHandleRequest() failed - <Unknown Exception>.
2025-06-12 16:12:14,776 [0x00002d9c] f:\endpointserver\server\endpointserverimp.cpp:164 ERROR EndPointServerThreadCounter - PostHandleRequest() failed - <Unknown Exception>.
2025-06-12 16:12:14,848 [0x00002d9c] f:\endpointserver\server\endpointserverimp.cpp:164 ERROR EndPointServerThreadCounter - PostHandleRequest() failed - <Unknown Exception>.
2025-06-12 16:12:15,607 [0x00002da4] f:\endpointserver\server\endpointserverimp.cpp:164 ERROR EndPointServerThreadCounter - PostHandleRequest() failed - <Unknown Exception>.
2025-06-12 16:12:16,299 [0x00002da4] f:\endpointserver\server\endpointserverimp.cpp:164 ERROR EndPointServerThreadCounter - PostHandleRequest() failed - <Unknown Exception>.
2025-06-12 16:12:16,410 [0x00002da4] f:\endpointserver\server\endpointserverimp.cpp:164 ERROR EndPointServerThreadCounter - PostHandleRequest() failed - <Unknown Exception>.
2025-06-12 16:12:16,435 [0x00002d9c] f:\endpointserver\server\endpointserverimp.cpp:164 ERROR EndPointServerThreadCounter - PostHandleRequest() failed - <Unknown Exception>.
2025-06-12 16:12:16,441 [0x00002da4] f:\endpointserver\server\endpointserverimp.cpp:164 ERROR EndPointServerThreadCounter - PostHandleRequest() failed - <Unknown Exception>.
2025-06-12 16:12:16,691 [0x00002da4] f:\endpointserver\server\endpointserverimp.cpp:164 ERROR EndPointServerThreadCounter - PostHandleRequest() failed - <Unknown Exception>.
2025-06-12 16:12:16,800 [0x00002d9c] f:\endpointserver\server\endpointserverimp.cpp:164 ERROR EndPointServerThreadCounter - PostHandleRequest() failed - <Unknown Exception>.
2025-06-12 16:12:16,961 [0x00002d9c] f:\endpointserver\server\endpointserverimp.cpp:164 ERROR EndPointServerThreadCounter - PostHandleRequest() failed - <Unknown Exception>.
2025-06-12 16:12:16,989 [0x00002da4] f:\endpointserver\server\endpointserverimp.cpp:164 ERROR EndPointServerThreadCounter - PostHandleRequest() failed - <Unknown Exception>.
2025-06-12 16:12:17,042 [0x00002d9c] f:\endpointserver\server\endpointserverimp.cpp:164 ERROR EndPointServerThreadCounter - PostHandleRequest() failed - <Unknown Exception>.
2025-06-12 16:12:18,421 [0x00002d9c] f:\endpointserver\server\endpointserverimp.cpp:164 ERROR EndPointServerThreadCounter - PostHandleRequest() failed - <Unknown Exception>.
2025-06-12 16:12:18,583 [0x00002d9c] f:\endpointserver\server\endpointserverimp.cpp:164 ERROR EndPointServerThreadCounter - PostHandleRequest() failed - <Unknown Exception>.
2025-06-12 16:12:30,627 [0x00002da4] f:\endpointserver\server\endpointserverimp.cpp:164 ERROR EndPointServerThreadCounter - PostHandleRequest() failed - <Unknown Exception>.
2025-06-12 16:12:30,761 [0x00002da4] f:\endpointserver\server\endpointserverimp.cpp:164 ERROR EndPointServerThreadCounter - PostHandleRequest() failed - <Unknown Exception>.
2025-06-12 16:12:30,976 [0x00002d9c] f:\endpointserver\server\endpointserverimp.cpp:164 ERROR EndPointServerThreadCounter - PostHandleRequest() failed - <Unknown Exception>.
2025-06-12 16:12:31,269 [0x00002dcc] f:\endpointserver\server\endpointserverimp.cpp:164 ERROR EndPointServerThreadCounter - PostHandleRequest() failed - <Unknown Exception>.
2025-06-12 16:12:52,018 [0x00002dcc] f:\endpointserver\server\endpointserverimp.cpp:164 ERROR EndPointServerThreadCounter - PostHandleRequest() failed - <Unknown Exception>.
2025-06-12 16:13:02,121 [0x00002dcc] f:\endpointserver\server\endpointserverimp.cpp:164 ERROR EndPointServerThreadCounter - PostHandleRequest() failed - <Unknown Exception>.
2025-06-12 16:13:02,294 [0x00002dcc] f:\endpointserver\server\endpointserverimp.cpp:164 ERROR EndPointServerThreadCounter - PostHandleRequest() failed - <Unknown Exception>.
2025-06-12 16:13:11,500 [0x00002dcc] f:\endpointserver\server\endpointserverimp.cpp:164 ERROR EndPointServerThreadCounter - PostHandleRequest() failed - <Unknown Exception>.
2025-06-12 16:13:12,597 [0x00002dcc] f:\endpointserver\server\endpointserverimp.cpp:164 ERROR EndPointServerThreadCounter - PostHandleRequest() failed - <Unknown Exception>.
2025-06-12 16:13:22,722 [0x00002dcc] f:\endpointserver\server\endpointserverimp.cpp:164 ERROR EndPointServerThreadCounter - PostHandleRequest() failed - <Unknown Exception>.
2025-06-12 16:13:22,970 [0x00002d74] f:\endpointserver\server\endpointserverimp.cpp:164 ERROR EndPointServerThreadCounter - PostHandleRequest() failed - <Unknown Exception>.
2025-06-12 16:13:32,171 [0x00002d74] f:\endpointserver\server\endpointserverimp.cpp:164 ERROR EndPointServerThreadCounter - PostHandleRequest() failed - <Unknown Exception>.
2025-06-12 16:13:32,913 [0x00002da4] f:\endpointserver\server\endpointserverimp.cpp:164 ERROR EndPointServerThreadCounter - PostHandleRequest() failed - <Unknown Exception>.
2025-06-12 16:13:33,084 [0x00002d9c] f:\endpointserver\server\endpointserverimp.cpp:164 ERROR EndPointServerThreadCounter - PostHandleRequest() failed - <Unknown Exception>.
2025-06-12 16:13:33,129 [0x00002da4] f:\endpointserver\server\endpointserverimp.cpp:164 ERROR EndPointServerThreadCounter - PostHandleRequest() failed - <Unknown Exception>.
2025-06-12 16:13:33,275 [0x00002da4] f:\endpointserver\server\endpointserverimp.cpp:164 ERROR EndPointServerThreadCounter - PostHandleRequest() failed - <Unknown Exception>.
2025-06-12 16:13:33,599 [0x00002d9c] f:\endpointserver\server\endpointserverimp.cpp:164 ERROR EndPointServerThreadCounter - PostHandleRequest() failed - <Unknown Exception>.
2025-06-12 16:13:34,332 [0x00002d9c] f:\endpointserver\server\endpointserverimp.cpp:164 ERROR EndPointServerThreadCounter - PostHandleRequest() failed - <Unknown Exception>.
2025-06-12 16:13:42,365 [0x00002da4] f:\endpointserver\server\endpointserverimp.cpp:164 ERROR EndPointServerThreadCounter - PostHandleRequest() failed - <Unknown Exception>.
2025-06-12 16:13:42,618 [0x00002d74] f:\endpointserver\server\endpointserverimp.cpp:164 ERROR EndPointServerThreadCounter - PostHandleRequest() failed - <Unknown Exception>.
2025-06-12 16:13:42,659 [0x00002d74] f:\endpointserver\server\endpointserverimp.cpp:164 ERROR EndPointServerThreadCounter - PostHandleRequest() failed - <Unknown Exception>.
2025-06-12 16:13:42,761 [0x00002dcc] f:\endpointserver\server\endpointserverimp.cpp:164 ERROR EndPointServerThreadCounter - PostHandleRequest() failed - <Unknown Exception>.
2025-06-12 16:13:42,816 [0x00002dcc] f:\endpointserver\server\endpointserverimp.cpp:164 ERROR EndPointServerThreadCounter - PostHandleRequest() failed - <Unknown Exception>.
2025-06-12 16:13:43,761 [0x00002d74] f:\endpointserver\server\endpointserverimp.cpp:164 ERROR EndPointServerThreadCounter - PostHandleRequest() failed - <Unknown Exception>.
2025-06-12 16:13:43,820 [0x00002d74] f:\endpointserver\server\endpointserverimp.cpp:164 ERROR EndPointServerThreadCounter - PostHandleRequest() failed - <Unknown Exception>.
2025-06-12 16:13:43,914 [0x00002d74] f:\endpointserver\server\endpointserverimp.cpp:164 ERROR EndPointServerThreadCounter - PostHandleRequest() failed - <Unknown Exception>.
2025-06-12 16:13:43,935 [0x00002d74] f:\endpointserver\server\endpointserverimp.cpp:164 ERROR EndPointServerThreadCounter - PostHandleRequest() failed - <Unknown Exception>.
2025-06-12 16:13:44,233 [0x00002d74] f:\endpointserver\server\endpointserverimp.cpp:164 ERROR EndPointServerThreadCounter - PostHandleRequest() failed - <Unknown Exception>.
2025-06-12 16:13:44,346 [0x00002d74] f:\endpointserver\server\endpointserverimp.cpp:164 ERROR EndPointServerThreadCounter - PostHandleRequest() failed - <Unknown Exception>.
2025-06-12 16:13:44,550 [0x00002d74] f:\endpointserver\server\endpointserverimp.cpp:164 ERROR EndPointServerThreadCounter - PostHandleRequest() failed - <Unknown Exception>.
2025-06-12 16:13:44,626 [0x00002d74] f:\endpointserver\server\endpointserverimp.cpp:164 ERROR EndPointServerThreadCounter - PostHandleRequest() failed - <Unknown Exception>.
2025-06-12 16:13:47,663 [0x00002d74] f:\endpointserver\server\endpointserverimp.cpp:164 ERROR EndPointServerThreadCounter - PostHandleRequest() failed - <Unknown Exception>.
2025-06-12 16:13:53,205 [0x00002d9c] f:\endpointserver\server\endpointserverimp.cpp:164 ERROR EndPointServerThreadCounter - PostHandleRequest() failed - <Unknown Exception>.
2025-06-12 16:20:00,079 [0x00002d9c] f:\endpointserver\server\endpointserverimp.cpp:164 ERROR EndPointServerThreadCounter - PostHandleRequest() failed - <Unknown Exception>.
2025-06-12 16:20:01,874 [0x00002d9c] f:\endpointserver\server\endpointserverimp.cpp:164 ERROR EndPointServerThreadCounter - PostHandleRequest() failed - <Unknown Exception>.
2025-06-12 16:20:02,246 [0x00002d9c] f:\endpointserver\server\endpointserverimp.cpp:164 ERROR EndPointServerThreadCounter - PostHandleRequest() failed - <Unknown Exception>.
2025-06-12 16:20:29,991 [0x00002d9c] f:\endpointserver\server\endpointserverimp.cpp:164 ERROR EndPointServerThreadCounter - PostHandleRequest() failed - <Unknown Exception>.
2025-06-12 16:20:30,039 [0x00002d9c] f:\endpointserver\server\endpointserverimp.cpp:164 ERROR EndPointServerThreadCounter - PostHandleRequest() failed - <Unknown Exception>.
2025-06-12 16:20:30,079 [0x00002d9c] f:\endpointserver\server\endpointserverimp.cpp:164 ERROR EndPointServerThreadCounter - PostHandleRequest() failed - <Unknown Exception>.
2025-06-12 16:20:30,135 [0x00002d9c] f:\endpointserver\server\endpointserverimp.cpp:164 ERROR EndPointServerThreadCounter - PostHandleRequest() failed - <Unknown Exception>.
2025-06-12 16:20:31,531 [0x00002d9c] f:\endpointserver\server\endpointserverimp.cpp:164 ERROR EndPointServerThreadCounter - PostHandleRequest() failed - <Unknown Exception>.
2025-06-12 16:20:31,564 [0x00002d9c] f:\endpointserver\server\endpointserverimp.cpp:164 ERROR EndPointServerThreadCounter - PostHandleRequest() failed - <Unknown Exception>.
2025-06-12 16:20:31,601 [0x00002d9c] f:\endpointserver\server\endpointserverimp.cpp:164 ERROR EndPointServerThreadCounter - PostHandleRequest() failed - <Unknown Exception>.
2025-06-12 16:20:31,703 [0x00002d9c] f:\endpointserver\server\endpointserverimp.cpp:164 ERROR EndPointServerThreadCounter - PostHandleRequest() failed - <Unknown Exception>.
2025-06-12 16:20:31,805 [0x00002dcc] f:\endpointserver\server\endpointserverimp.cpp:164 ERROR EndPointServerThreadCounter - PostHandleRequest() failed - <Unknown Exception>.
2025-06-12 16:20:31,837 [0x00002dcc] f:\endpointserver\server\endpointserverimp.cpp:164 ERROR EndPointServerThreadCounter - PostHandleRequest() failed - <Unknown Exception>.
2025-06-12 16:20:31,904 [0x00002dcc] f:\endpointserver\server\endpointserverimp.cpp:164 ERROR EndPointServerThreadCounter - PostHandleRequest() failed - <Unknown Exception>.
2025-06-12 16:20:31,986 [0x00002dcc] f:\endpointserver\server\endpointserverimp.cpp:164 ERROR EndPointServerThreadCounter - PostHandleRequest() failed - <Unknown Exception>.
2025-06-12 16:20:43,894 [0x00002dcc] f:\pais\util\filesystem\utils.cpp:429 ERROR Exception - PAIS::FileExists(F:/Program Files (x86)/Websense/Data Security/apache/htdocs/nul) apr_stat failed: The parameter is incorrect.  
2025-06-12 16:20:43,894 [0x00002dcc] f:\endpointserver\server\endpointserverimp.cpp:160 ERROR EndPointServerThreadCounter - PostHandleRequest() failed  - <PAIS::FileExists(F:/Program Files (x86)/Websense/Data Security/apache/htdocs/nul) apr_stat failed: The parameter is incorrect.  >
2025-06-12 16:20:45,063 [0x00002dcc] f:\pais\util\filesystem\utils.cpp:429 ERROR Exception - PAIS::FileExists(F:/Program Files (x86)/Websense/Data Security/apache/htdocs/nul) apr_stat failed: The parameter is incorrect.  
2025-06-12 16:20:45,064 [0x00002dcc] f:\endpointserver\server\endpointserverimp.cpp:160 ERROR EndPointServerThreadCounter - PostHandleRequest() failed  - <PAIS::FileExists(F:/Program Files (x86)/Websense/Data Security/apache/htdocs/nul) apr_stat failed: The parameter is incorrect.  >
2025-06-12 16:20:45,304 [0x00002dcc] f:\pais\util\filesystem\utils.cpp:429 ERROR Exception - PAIS::FileExists(F:/Program Files (x86)/Websense/Data Security/apache/htdocs/nul) apr_stat failed: The parameter is incorrect.  
2025-06-12 16:20:45,305 [0x00002dcc] f:\endpointserver\server\endpointserverimp.cpp:160 ERROR EndPointServerThreadCounter - PostHandleRequest() failed  - <PAIS::FileExists(F:/Program Files (x86)/Websense/Data Security/apache/htdocs/nul) apr_stat failed: The parameter is incorrect.  >
2025-06-12 16:21:18,004 [0x00002da4] f:\endpointserver\server\endpointserverimp.cpp:164 ERROR EndPointServerThreadCounter - PostHandleRequest() failed - <Unknown Exception>.
2025-06-12 16:21:18,670 [0x00002da4] f:\endpointserver\server\endpointserverimp.cpp:164 ERROR EndPointServerThreadCounter - PostHandleRequest() failed - <Unknown Exception>.
2025-06-12 16:22:10,088 [0x00002d78] f:\endpointserver\server\endpointserverimp.cpp:164 ERROR EndPointServerThreadCounter - PostHandleRequest() failed - <Unknown Exception>.
2025-06-12 16:22:11,043 [0x00002d78] f:\endpointserver\server\endpointserverimp.cpp:164 ERROR EndPointServerThreadCounter - PostHandleRequest() failed - <Unknown Exception>.
2025-06-12 16:22:11,230 [0x00002d78] f:\endpointserver\server\endpointserverimp.cpp:164 ERROR EndPointServerThreadCounter - PostHandleRequest() failed - <Unknown Exception>.
2025-06-12 16:22:54,125 [0x00002da4] f:\endpointserver\server\endpointserverimp.cpp:164 ERROR EndPointServerThreadCounter - PostHandleRequest() failed - <Unknown Exception>.
2025-06-12 16:22:54,512 [0x00002d74] f:\endpointserver\server\endpointserverimp.cpp:164 ERROR EndPointServerThreadCounter - PostHandleRequest() failed - <Unknown Exception>.
2025-06-12 16:23:14,767 [0x00002d78] f:\endpointserver\server\endpointserverimp.cpp:164 ERROR EndPointServerThreadCounter - PostHandleRequest() failed - <Unknown Exception>.
2025-06-12 16:23:16,284 [0x00002d74] f:\endpointserver\server\endpointserverimp.cpp:164 ERROR EndPointServerThreadCounter - PostHandleRequest() failed - <Unknown Exception>.
2025-06-12 16:23:16,597 [0x00002da4] f:\endpointserver\server\endpointserverimp.cpp:164 ERROR EndPointServerThreadCounter - PostHandleRequest() failed - <Unknown Exception>.
2025-06-12 16:23:40,913 [0x00002d6c] f:\endpointserver\server\endpointserverimp.cpp:164 ERROR EndPointServerThreadCounter - PostHandleRequest() failed - <Unknown Exception>.
2025-06-12 16:23:40,932 [0x00002d6c] f:\endpointserver\server\endpointserverimp.cpp:164 ERROR EndPointServerThreadCounter - PostHandleRequest() failed - <Unknown Exception>.
2025-06-12 16:23:40,963 [0x00002d6c] f:\endpointserver\server\endpointserverimp.cpp:164 ERROR EndPointServerThreadCounter - PostHandleRequest() failed - <Unknown Exception>.
2025-06-12 16:23:41,005 [0x00002d6c] f:\endpointserver\server\endpointserverimp.cpp:164 ERROR EndPointServerThreadCounter - PostHandleRequest() failed - <Unknown Exception>.
2025-06-12 16:23:41,614 [0x00002d6c] f:\endpointserver\server\endpointserverimp.cpp:164 ERROR EndPointServerThreadCounter - PostHandleRequest() failed - <Unknown Exception>.
2025-06-12 16:23:41,647 [0x00002d6c] f:\endpointserver\server\endpointserverimp.cpp:164 ERROR EndPointServerThreadCounter - PostHandleRequest() failed - <Unknown Exception>.
2025-06-12 16:23:41,663 [0x00002d6c] f:\endpointserver\server\endpointserverimp.cpp:164 ERROR EndPointServerThreadCounter - PostHandleRequest() failed - <Unknown Exception>.
2025-06-12 16:23:41,709 [0x00002d6c] f:\endpointserver\server\endpointserverimp.cpp:164 ERROR EndPointServerThreadCounter - PostHandleRequest() failed - <Unknown Exception>.
2025-06-12 16:23:41,766 [0x00002d6c] f:\endpointserver\server\endpointserverimp.cpp:164 ERROR EndPointServerThreadCounter - PostHandleRequest() failed - <Unknown Exception>.
2025-06-12 16:23:41,818 [0x00002d6c] f:\endpointserver\server\endpointserverimp.cpp:164 ERROR EndPointServerThreadCounter - PostHandleRequest() failed - <Unknown Exception>.
2025-06-12 16:23:41,861 [0x00002d6c] f:\endpointserver\server\endpointserverimp.cpp:164 ERROR EndPointServerThreadCounter - PostHandleRequest() failed - <Unknown Exception>.
2025-06-12 16:23:41,962 [0x00002d6c] f:\endpointserver\server\endpointserverimp.cpp:164 ERROR EndPointServerThreadCounter - PostHandleRequest() failed - <Unknown Exception>.
2025-06-12 16:24:07,845 [0x00002d48] f:\endpointserver\server\endpointserverimp.cpp:164 ERROR EndPointServerThreadCounter - PostHandleRequest() failed - <Unknown Exception>.
2025-06-12 16:24:07,903 [0x00002d44] f:\endpointserver\server\endpointserverimp.cpp:164 ERROR EndPointServerThreadCounter - PostHandleRequest() failed - <Unknown Exception>.
2025-06-12 16:24:08,678 [0x00002d48] f:\endpointserver\server\endpointserverimp.cpp:164 ERROR EndPointServerThreadCounter - PostHandleRequest() failed - <Unknown Exception>.
2025-06-12 16:24:08,709 [0x00002d48] f:\endpointserver\server\endpointserverimp.cpp:164 ERROR EndPointServerThreadCounter - PostHandleRequest() failed - <Unknown Exception>.
2025-06-12 16:24:08,791 [0x00002d48] f:\endpointserver\server\endpointserverimp.cpp:164 ERROR EndPointServerThreadCounter - PostHandleRequest() failed - <Unknown Exception>.
2025-06-12 16:24:08,859 [0x00002d48] f:\endpointserver\server\endpointserverimp.cpp:164 ERROR EndPointServerThreadCounter - PostHandleRequest() failed - <Unknown Exception>.
2025-06-12 16:24:20,168 [0x00002dcc] f:\endpointserver\server\endpointserverimp.cpp:164 ERROR EndPointServerThreadCounter - PostHandleRequest() failed - <Unknown Exception>.
2025-06-12 16:24:20,218 [0x00002da0] f:\endpointserver\server\endpointserverimp.cpp:164 ERROR EndPointServerThreadCounter - PostHandleRequest() failed - <Unknown Exception>.
2025-06-12 16:24:20,259 [0x00002da4] f:\endpointserver\server\endpointserverimp.cpp:164 ERROR EndPointServerThreadCounter - PostHandleRequest() failed - <Unknown Exception>.
2025-06-12 16:24:20,293 [0x00002d6c] f:\endpointserver\server\endpointserverimp.cpp:164 ERROR EndPointServerThreadCounter - PostHandleRequest() failed - <Unknown Exception>.
2025-06-12 16:24:21,561 [0x00002d6c] f:\endpointserver\server\endpointserverimp.cpp:164 ERROR EndPointServerThreadCounter - PostHandleRequest() failed - <Unknown Exception>.
2025-06-12 16:24:21,569 [0x00002d48] f:\endpointserver\server\endpointserverimp.cpp:164 ERROR EndPointServerThreadCounter - PostHandleRequest() failed - <Unknown Exception>.
2025-06-12 16:24:21,578 [0x00002d48] f:\endpointserver\server\endpointserverimp.cpp:164 ERROR EndPointServerThreadCounter - PostHandleRequest() failed - <Unknown Exception>.
2025-06-12 16:24:21,589 [0x00002d48] f:\endpointserver\server\endpointserverimp.cpp:164 ERROR EndPointServerThreadCounter - PostHandleRequest() failed - <Unknown Exception>.
2025-06-12 16:24:21,695 [0x00002d48] f:\endpointserver\server\endpointserverimp.cpp:164 ERROR EndPointServerThreadCounter - PostHandleRequest() failed - <Unknown Exception>.
2025-06-12 16:24:21,766 [0x00002d48] f:\endpointserver\server\endpointserverimp.cpp:164 ERROR EndPointServerThreadCounter - PostHandleRequest() failed - <Unknown Exception>.
2025-06-12 16:24:21,830 [0x00002dcc] f:\endpointserver\server\endpointserverimp.cpp:164 ERROR EndPointServerThreadCounter - PostHandleRequest() failed - <Unknown Exception>.
2025-06-12 16:24:21,860 [0x00002dcc] f:\endpointserver\server\endpointserverimp.cpp:164 ERROR EndPointServerThreadCounter - PostHandleRequest() failed - <Unknown Exception>.
2025-06-12 16:24:45,671 [0x00002d48] f:\endpointserver\server\endpointserverimp.cpp:164 ERROR EndPointServerThreadCounter - PostHandleRequest() failed - <Unknown Exception>.
2025-06-12 16:24:48,151 [0x00002d9c] f:\endpointserver\server\endpointserverimp.cpp:164 ERROR EndPointServerThreadCounter - PostHandleRequest() failed - <Unknown Exception>.
2025-06-12 16:24:48,713 [0x00002d48] f:\endpointserver\server\endpointserverimp.cpp:164 ERROR EndPointServerThreadCounter - PostHandleRequest() failed - <Unknown Exception>.
2025-06-12 16:25:32,513 [0x00002da4] f:\endpointserver\server\endpointserverimp.cpp:164 ERROR EndPointServerThreadCounter - PostHandleRequest() failed - <Unknown Exception>.
2025-06-12 16:25:32,774 [0x00002da4] f:\endpointserver\server\endpointserverimp.cpp:164 ERROR EndPointServerThreadCounter - PostHandleRequest() failed - <Unknown Exception>.
2025-06-12 16:25:32,848 [0x00002da4] f:\endpointserver\server\endpointserverimp.cpp:164 ERROR EndPointServerThreadCounter - PostHandleRequest() failed - <Unknown Exception>.
2025-06-12 16:25:32,954 [0x00002da8] f:\endpointserver\server\endpointserverimp.cpp:164 ERROR EndPointServerThreadCounter - PostHandleRequest() failed - <Unknown Exception>.
2025-06-12 16:25:33,591 [0x00002da8] f:\endpointserver\server\endpointserverimp.cpp:164 ERROR EndPointServerThreadCounter - PostHandleRequest() failed - <Unknown Exception>.
2025-06-12 16:25:33,769 [0x00002da8] f:\endpointserver\server\endpointserverimp.cpp:164 ERROR EndPointServerThreadCounter - PostHandleRequest() failed - <Unknown Exception>.
2025-06-12 16:25:45,140 [0x00002da0] f:\endpointserver\server\endpointserverimp.cpp:164 ERROR EndPointServerThreadCounter - PostHandleRequest() failed - <Unknown Exception>.
2025-06-12 16:25:45,167 [0x00002da0] f:\endpointserver\server\endpointserverimp.cpp:164 ERROR EndPointServerThreadCounter - PostHandleRequest() failed - <Unknown Exception>.
2025-06-12 16:25:45,222 [0x00002da0] f:\endpointserver\server\endpointserverimp.cpp:164 ERROR EndPointServerThreadCounter - PostHandleRequest() failed - <Unknown Exception>.
2025-06-12 16:25:45,659 [0x00002d74] f:\endpointserver\server\endpointserverimp.cpp:164 ERROR EndPointServerThreadCounter - PostHandleRequest() failed - <Unknown Exception>.
2025-06-12 16:25:45,914 [0x00002d74] f:\endpointserver\server\endpointserverimp.cpp:164 ERROR EndPointServerThreadCounter - PostHandleRequest() failed - <Unknown Exception>.
2025-06-12 16:25:45,980 [0x00002da4] f:\endpointserver\server\endpointserverimp.cpp:164 ERROR EndPointServerThreadCounter - PostHandleRequest() failed - <Unknown Exception>.
2025-06-12 18:37:53,067 [0x00002d6c] f:\endpointserver\server\endpointserverimp.cpp:164 ERROR EndPointServerThreadCounter - PostHandleRequest() failed - <Unknown Exception>.
2025-06-13 13:22:35,756 [0x00002da8] f:\endpointserver\server\endpointserverimp.cpp:164 ERROR EndPointServerThreadCounter - PostHandleRequest() failed - <Unknown Exception>.
2025-06-13 15:02:25,600 [0x00002d9c] f:\endpointserver\server\endpointserverimp.cpp:164 ERROR EndPointServerThreadCounter - PostHandleRequest() failed - <Unknown Exception>.
2025-06-13 15:03:23,638 [0x00002da0] f:\endpointserver\server\endpointserverimp.cpp:164 ERROR EndPointServerThreadCounter - PostHandleRequest() failed - <Unknown Exception>.
2025-06-13 15:04:42,611 [0x00002d9c] f:\endpointserver\server\endpointserverimp.cpp:164 ERROR EndPointServerThreadCounter - PostHandleRequest() failed - <Unknown Exception>.
2025-06-13 15:05:24,627 [0x00002da8] f:\endpointserver\server\endpointserverimp.cpp:164 ERROR EndPointServerThreadCounter - PostHandleRequest() failed - <Unknown Exception>.
2025-06-13 15:07:09,605 [0x00002da8] f:\endpointserver\server\endpointserverimp.cpp:164 ERROR EndPointServerThreadCounter - PostHandleRequest() failed - <Unknown Exception>.
2025-06-13 15:08:47,616 [0x00002d9c] f:\endpointserver\server\endpointserverimp.cpp:164 ERROR EndPointServerThreadCounter - PostHandleRequest() failed - <Unknown Exception>.
2025-06-13 15:09:42,598 [0x00002d48] f:\endpointserver\server\endpointserverimp.cpp:164 ERROR EndPointServerThreadCounter - PostHandleRequest() failed - <Unknown Exception>.
2025-06-13 15:10:31,611 [0x00002da8] f:\endpointserver\server\endpointserverimp.cpp:164 ERROR EndPointServerThreadCounter - PostHandleRequest() failed - <Unknown Exception>.
2025-06-13 15:11:07,599 [0x00002da8] f:\endpointserver\server\endpointserverimp.cpp:164 ERROR EndPointServerThreadCounter - PostHandleRequest() failed - <Unknown Exception>.
2025-06-13 15:11:11,643 [0x00002da8] f:\endpointserver\server\endpointserverimp.cpp:164 ERROR EndPointServerThreadCounter - PostHandleRequest() failed - <Unknown Exception>.
2025-06-13 15:11:20,610 [0x00002d48] f:\endpointserver\server\endpointserverimp.cpp:164 ERROR EndPointServerThreadCounter - PostHandleRequest() failed - <Unknown Exception>.
2025-06-13 15:11:25,600 [0x00002da4] f:\endpointserver\server\endpointserverimp.cpp:164 ERROR EndPointServerThreadCounter - PostHandleRequest() failed - <Unknown Exception>.
2025-06-13 15:11:36,606 [0x00002d9c] f:\endpointserver\server\endpointserverimp.cpp:164 ERROR EndPointServerThreadCounter - PostHandleRequest() failed - <Unknown Exception>.
2025-06-13 15:12:11,624 [0x00002da4] f:\endpointserver\server\endpointserverimp.cpp:164 ERROR EndPointServerThreadCounter - PostHandleRequest() failed - <Unknown Exception>.
2025-06-13 15:12:18,618 [0x00002d48] f:\endpointserver\server\endpointserverimp.cpp:164 ERROR EndPointServerThreadCounter - PostHandleRequest() failed - <Unknown Exception>.
2025-06-13 15:12:22,632 [0x00002d48] f:\endpointserver\server\endpointserverimp.cpp:164 ERROR EndPointServerThreadCounter - PostHandleRequest() failed - <Unknown Exception>.
2025-06-13 15:12:22,633 [0x00002d9c] f:\endpointserver\server\endpointserverimp.cpp:164 ERROR EndPointServerThreadCounter - PostHandleRequest() failed - <Unknown Exception>.
2025-06-13 15:12:26,652 [0x00002d9c] f:\endpointserver\server\endpointserverimp.cpp:164 ERROR EndPointServerThreadCounter - PostHandleRequest() failed - <Unknown Exception>.
2025-06-13 15:12:49,767 [0x00002da4] f:\endpointserver\server\endpointserverimp.cpp:164 ERROR EndPointServerThreadCounter - PostHandleRequest() failed - <Unknown Exception>.
2025-06-13 15:13:00,706 [0x00002d48] f:\endpointserver\server\endpointserverimp.cpp:164 ERROR EndPointServerThreadCounter - PostHandleRequest() failed - <Unknown Exception>.
2025-06-13 15:13:31,607 [0x00002da8] f:\endpointserver\server\endpointserverimp.cpp:164 ERROR EndPointServerThreadCounter - PostHandleRequest() failed - <Unknown Exception>.
2025-06-13 15:13:58,602 [0x00002da4] f:\endpointserver\server\endpointserverimp.cpp:164 ERROR EndPointServerThreadCounter - PostHandleRequest() failed - <Unknown Exception>.
2025-06-13 15:14:07,616 [0x00002d48] f:\endpointserver\server\endpointserverimp.cpp:164 ERROR EndPointServerThreadCounter - PostHandleRequest() failed - <Unknown Exception>.
2025-06-13 15:14:34,762 [0x00002da8] f:\endpointserver\server\endpointserverimp.cpp:164 ERROR EndPointServerThreadCounter - PostHandleRequest() failed - <Unknown Exception>.
2025-06-13 15:17:32,717 [0x00002da0] f:\endpointserver\server\endpointserverimp.cpp:164 ERROR EndPointServerThreadCounter - PostHandleRequest() failed - <Unknown Exception>.
2025-06-13 15:17:39,740 [0x00002d78] f:\endpointserver\server\endpointserverimp.cpp:164 ERROR EndPointServerThreadCounter - PostHandleRequest() failed - <Unknown Exception>.
2025-06-13 15:23:21,599 [0x00002da0] f:\endpointserver\server\endpointserverimp.cpp:164 ERROR EndPointServerThreadCounter - PostHandleRequest() failed - <Unknown Exception>.
2025-06-13 15:24:42,607 [0x00002d48] f:\endpointserver\server\endpointserverimp.cpp:164 ERROR EndPointServerThreadCounter - PostHandleRequest() failed - <Unknown Exception>.
2025-06-13 15:24:46,604 [0x00002d48] f:\endpointserver\server\endpointserverimp.cpp:164 ERROR EndPointServerThreadCounter - PostHandleRequest() failed - <Unknown Exception>.
2025-06-13 15:24:46,607 [0x00002da0] f:\endpointserver\server\endpointserverimp.cpp:164 ERROR EndPointServerThreadCounter - PostHandleRequest() failed - <Unknown Exception>.
2025-06-13 15:24:50,615 [0x00002da0] f:\endpointserver\server\endpointserverimp.cpp:164 ERROR EndPointServerThreadCounter - PostHandleRequest() failed - <Unknown Exception>.
2025-06-13 15:25:02,620 [0x00002da0] f:\endpointserver\server\endpointserverimp.cpp:164 ERROR EndPointServerThreadCounter - PostHandleRequest() failed - <Unknown Exception>.
2025-06-13 15:25:21,625 [0x00002d44] f:\endpointserver\server\endpointserverimp.cpp:164 ERROR EndPointServerThreadCounter - PostHandleRequest() failed - <Unknown Exception>.
2025-06-13 15:25:47,617 [0x00002da0] f:\endpointserver\server\endpointserverimp.cpp:164 ERROR EndPointServerThreadCounter - PostHandleRequest() failed - <Unknown Exception>.
2025-06-13 15:26:05,623 [0x00002d44] f:\endpointserver\server\endpointserverimp.cpp:164 ERROR EndPointServerThreadCounter - PostHandleRequest() failed - <Unknown Exception>.
2025-06-13 15:26:08,614 [0x00002da0] f:\endpointserver\server\endpointserverimp.cpp:164 ERROR EndPointServerThreadCounter - PostHandleRequest() failed - <Unknown Exception>.
2025-06-13 15:26:12,613 [0x00002da0] f:\endpointserver\server\endpointserverimp.cpp:164 ERROR EndPointServerThreadCounter - PostHandleRequest() failed - <Unknown Exception>.
2025-06-13 15:29:20,611 [0x00002d44] f:\endpointserver\server\endpointserverimp.cpp:164 ERROR EndPointServerThreadCounter - PostHandleRequest() failed - <Unknown Exception>.
2025-06-13 15:32:12,602 [0x00002d44] f:\endpointserver\server\endpointserverimp.cpp:164 ERROR EndPointServerThreadCounter - PostHandleRequest() failed - <Unknown Exception>.
2025-06-13 15:32:16,592 [0x00002d6c] f:\endpointserver\server\endpointserverimp.cpp:164 ERROR EndPointServerThreadCounter - PostHandleRequest() failed - <Unknown Exception>.
2025-06-13 15:32:19,605 [0x00002d6c] f:\endpointserver\server\endpointserverimp.cpp:164 ERROR EndPointServerThreadCounter - PostHandleRequest() failed - <Unknown Exception>.
2025-06-13 15:32:55,617 [0x00002d48] f:\endpointserver\server\endpointserverimp.cpp:164 ERROR EndPointServerThreadCounter - PostHandleRequest() failed - <Unknown Exception>.
2025-06-13 15:33:41,627 [0x00002d48] f:\endpointserver\server\endpointserverimp.cpp:164 ERROR EndPointServerThreadCounter - PostHandleRequest() failed - <Unknown Exception>.
2025-06-13 15:33:45,613 [0x00002d48] f:\endpointserver\server\endpointserverimp.cpp:164 ERROR EndPointServerThreadCounter - PostHandleRequest() failed - <Unknown Exception>.
2025-06-13 15:34:57,607 [0x00002d48] f:\endpointserver\server\endpointserverimp.cpp:164 ERROR EndPointServerThreadCounter - PostHandleRequest() failed - <Unknown Exception>.
2025-06-13 15:35:01,599 [0x00002da4] f:\endpointserver\server\endpointserverimp.cpp:164 ERROR EndPointServerThreadCounter - PostHandleRequest() failed - <Unknown Exception>.
2025-06-13 15:35:05,614 [0x00002d48] f:\endpointserver\server\endpointserverimp.cpp:164 ERROR EndPointServerThreadCounter - PostHandleRequest() failed - <Unknown Exception>.
2025-06-13 15:35:07,594 [0x00002da4] f:\endpointserver\server\endpointserverimp.cpp:164 ERROR EndPointServerThreadCounter - PostHandleRequest() failed - <Unknown Exception>.
2025-06-13 15:35:11,599 [0x00002d6c] f:\endpointserver\server\endpointserverimp.cpp:164 ERROR EndPointServerThreadCounter - PostHandleRequest() failed - <Unknown Exception>.
2025-06-13 15:35:15,597 [0x00002d6c] f:\endpointserver\server\endpointserverimp.cpp:164 ERROR EndPointServerThreadCounter - PostHandleRequest() failed - <Unknown Exception>.
2025-06-13 15:35:26,639 [0x00002d6c] f:\endpointserver\server\endpointserverimp.cpp:164 ERROR EndPointServerThreadCounter - PostHandleRequest() failed - <Unknown Exception>.
2025-06-13 15:35:26,652 [0x00002da4] f:\endpointserver\server\endpointserverimp.cpp:164 ERROR EndPointServerThreadCounter - PostHandleRequest() failed - <Unknown Exception>.
2025-06-13 15:36:03,612 [0x00002d6c] f:\endpointserver\server\endpointserverimp.cpp:164 ERROR EndPointServerThreadCounter - PostHandleRequest() failed - <Unknown Exception>.
2025-06-13 15:36:03,616 [0x00002da4] f:\endpointserver\server\endpointserverimp.cpp:164 ERROR EndPointServerThreadCounter - PostHandleRequest() failed - <Unknown Exception>.
2025-06-13 15:36:47,630 [0x00002d6c] f:\endpointserver\server\endpointserverimp.cpp:164 ERROR EndPointServerThreadCounter - PostHandleRequest() failed - <Unknown Exception>.
2025-06-13 15:36:51,633 [0x00002d6c] f:\endpointserver\server\endpointserverimp.cpp:164 ERROR EndPointServerThreadCounter - PostHandleRequest() failed - <Unknown Exception>.
2025-06-13 15:36:55,616 [0x00002d48] f:\endpointserver\server\endpointserverimp.cpp:164 ERROR EndPointServerThreadCounter - PostHandleRequest() failed - <Unknown Exception>.
2025-06-13 15:37:31,620 [0x00002d48] f:\endpointserver\server\endpointserverimp.cpp:164 ERROR EndPointServerThreadCounter - PostHandleRequest() failed - <Unknown Exception>.
2025-06-13 15:37:35,614 [0x00002d48] f:\endpointserver\server\endpointserverimp.cpp:164 ERROR EndPointServerThreadCounter - PostHandleRequest() failed - <Unknown Exception>.
2025-06-13 15:37:39,613 [0x00002d48] f:\endpointserver\server\endpointserverimp.cpp:164 ERROR EndPointServerThreadCounter - PostHandleRequest() failed - <Unknown Exception>.
2025-06-13 15:40:55,592 [0x00002d48] f:\endpointserver\server\endpointserverimp.cpp:164 ERROR EndPointServerThreadCounter - PostHandleRequest() failed - <Unknown Exception>.
2025-06-13 15:40:55,592 [0x00002da4] f:\endpointserver\server\endpointserverimp.cpp:164 ERROR EndPointServerThreadCounter - PostHandleRequest() failed - <Unknown Exception>.
2025-06-13 15:41:34,608 [0x00002da4] f:\endpointserver\server\endpointserverimp.cpp:164 ERROR EndPointServerThreadCounter - PostHandleRequest() failed - <Unknown Exception>.
2025-06-13 15:41:34,608 [0x00002d6c] f:\endpointserver\server\endpointserverimp.cpp:164 ERROR EndPointServerThreadCounter - PostHandleRequest() failed - <Unknown Exception>.
2025-06-13 15:43:10,599 [0x00002d48] f:\endpointserver\server\endpointserverimp.cpp:164 ERROR EndPointServerThreadCounter - PostHandleRequest() failed - <Unknown Exception>.
2025-06-13 15:43:20,617 [0x00002d44] f:\endpointserver\server\endpointserverimp.cpp:164 ERROR EndPointServerThreadCounter - PostHandleRequest() failed - <Unknown Exception>.
2025-06-13 15:44:04,618 [0x00002d48] f:\endpointserver\server\endpointserverimp.cpp:164 ERROR EndPointServerThreadCounter - PostHandleRequest() failed - <Unknown Exception>.
2025-06-13 15:44:36,608 [0x00002d48] f:\endpointserver\server\endpointserverimp.cpp:164 ERROR EndPointServerThreadCounter - PostHandleRequest() failed - <Unknown Exception>.
2025-06-13 15:46:51,610 [0x00002da4] f:\endpointserver\server\endpointserverimp.cpp:164 ERROR EndPointServerThreadCounter - PostHandleRequest() failed - <Unknown Exception>.
2025-06-13 15:47:25,607 [0x00002dcc] f:\endpointserver\server\endpointserverimp.cpp:164 ERROR EndPointServerThreadCounter - PostHandleRequest() failed - <Unknown Exception>.
2025-06-13 15:47:31,667 [0x00002d6c] f:\endpointserver\server\endpointserverimp.cpp:164 ERROR EndPointServerThreadCounter - PostHandleRequest() failed - <Unknown Exception>.
2025-06-13 15:48:28,619 [0x00002dcc] f:\endpointserver\server\endpointserverimp.cpp:164 ERROR EndPointServerThreadCounter - PostHandleRequest() failed - <Unknown Exception>.
2025-06-13 15:59:29,600 [0x00002ce8] f:\endpointserver\server\endpointserverimp.cpp:164 ERROR EndPointServerThreadCounter - PostHandleRequest() failed - <Unknown Exception>.
2025-06-13 16:00:16,608 [0x00002d14] f:\endpointserver\server\endpointserverimp.cpp:164 ERROR EndPointServerThreadCounter - PostHandleRequest() failed - <Unknown Exception>.
2025-06-13 16:01:15,615 [0x00002d9c] f:\endpointserver\server\endpointserverimp.cpp:164 ERROR EndPointServerThreadCounter - PostHandleRequest() failed - <Unknown Exception>.
2025-06-13 16:02:15,606 [0x00002d9c] f:\endpointserver\server\endpointserverimp.cpp:164 ERROR EndPointServerThreadCounter - PostHandleRequest() failed - <Unknown Exception>.
2025-06-13 16:02:56,630 [0x00002d3c] f:\endpointserver\server\endpointserverimp.cpp:164 ERROR EndPointServerThreadCounter - PostHandleRequest() failed - <Unknown Exception>.
2025-06-13 16:03:30,612 [0x00002ce8] f:\endpointserver\server\endpointserverimp.cpp:164 ERROR EndPointServerThreadCounter - PostHandleRequest() failed - <Unknown Exception>.
2025-06-13 16:05:50,673 [0x00002d3c] f:\endpointserver\server\endpointserverimp.cpp:164 ERROR EndPointServerThreadCounter - PostHandleRequest() failed - <Unknown Exception>.
2025-06-13 16:05:54,592 [0x00002ce8] f:\endpointserver\server\endpointserverimp.cpp:164 ERROR EndPointServerThreadCounter - PostHandleRequest() failed - <Unknown Exception>.
2025-06-13 16:06:58,615 [0x00002d3c] f:\endpointserver\server\endpointserverimp.cpp:164 ERROR EndPointServerThreadCounter - PostHandleRequest() failed - <Unknown Exception>.
2025-06-13 16:07:22,635 [0x00002d14] f:\endpointserver\server\endpointserverimp.cpp:164 ERROR EndPointServerThreadCounter - PostHandleRequest() failed - <Unknown Exception>.
2025-06-13 16:09:57,628 [0x00002d3c] f:\endpointserver\server\endpointserverimp.cpp:164 ERROR EndPointServerThreadCounter - PostHandleRequest() failed - <Unknown Exception>.
2025-06-13 16:10:22,643 [0x00002cdc] f:\endpointserver\server\endpointserverimp.cpp:164 ERROR EndPointServerThreadCounter - PostHandleRequest() failed - <Unknown Exception>.
2025-06-13 16:12:32,600 [0x00002da8] f:\endpointserver\server\endpointserverimp.cpp:164 ERROR EndPointServerThreadCounter - PostHandleRequest() failed - <Unknown Exception>.
2025-06-13 16:13:24,694 [0x00002da8] f:\endpointserver\server\endpointserverimp.cpp:164 ERROR EndPointServerThreadCounter - PostHandleRequest() failed - <Unknown Exception>.
2025-06-13 16:14:26,600 [0x00002d3c] f:\endpointserver\server\endpointserverimp.cpp:164 ERROR EndPointServerThreadCounter - PostHandleRequest() failed - <Unknown Exception>.
2025-06-13 16:14:54,616 [0x00002d3c] f:\endpointserver\server\endpointserverimp.cpp:164 ERROR EndPointServerThreadCounter - PostHandleRequest() failed - <Unknown Exception>.
2025-06-13 16:15:51,603 [0x00002d44] f:\endpointserver\server\endpointserverimp.cpp:164 ERROR EndPointServerThreadCounter - PostHandleRequest() failed - <Unknown Exception>.
2025-06-13 16:16:20,607 [0x00002d44] f:\endpointserver\server\endpointserverimp.cpp:164 ERROR EndPointServerThreadCounter - PostHandleRequest() failed - <Unknown Exception>.
2025-06-13 16:18:41,608 [0x00002ce0] f:\endpointserver\server\endpointserverimp.cpp:164 ERROR EndPointServerThreadCounter - PostHandleRequest() failed - <Unknown Exception>.
2025-06-13 16:19:03,611 [0x00002ce0] f:\endpointserver\server\endpointserverimp.cpp:164 ERROR EndPointServerThreadCounter - PostHandleRequest() failed - <Unknown Exception>.
2025-06-13 16:20:39,613 [0x00002cb4] f:\endpointserver\server\endpointserverimp.cpp:164 ERROR EndPointServerThreadCounter - PostHandleRequest() failed - <Unknown Exception>.
2025-06-13 16:21:32,603 [0x00002da0] f:\endpointserver\server\endpointserverimp.cpp:164 ERROR EndPointServerThreadCounter - PostHandleRequest() failed - <Unknown Exception>.
2025-06-13 16:21:33,620 [0x00002da0] f:\endpointserver\server\endpointserverimp.cpp:164 ERROR EndPointServerThreadCounter - PostHandleRequest() failed - <Unknown Exception>.
2025-06-13 16:22:09,610 [0x00002ce8] f:\endpointserver\server\endpointserverimp.cpp:164 ERROR EndPointServerThreadCounter - PostHandleRequest() failed - <Unknown Exception>.
2025-06-13 16:22:31,635 [0x00002da0] f:\endpointserver\server\endpointserverimp.cpp:164 ERROR EndPointServerThreadCounter - PostHandleRequest() failed - <Unknown Exception>.
2025-06-13 16:22:39,629 [0x00002da0] f:\endpointserver\server\endpointserverimp.cpp:164 ERROR EndPointServerThreadCounter - PostHandleRequest() failed - <Unknown Exception>.
2025-06-13 16:22:55,621 [0x00002da0] f:\endpointserver\server\endpointserverimp.cpp:164 ERROR EndPointServerThreadCounter - PostHandleRequest() failed - <Unknown Exception>.
2025-06-13 16:22:59,612 [0x00002da0] f:\endpointserver\server\endpointserverimp.cpp:164 ERROR EndPointServerThreadCounter - PostHandleRequest() failed - <Unknown Exception>.
2025-06-13 16:23:00,617 [0x00002ce8] f:\endpointserver\server\endpointserverimp.cpp:164 ERROR EndPointServerThreadCounter - PostHandleRequest() failed - <Unknown Exception>.
2025-06-13 16:24:02,619 [0x00002da8] f:\endpointserver\server\endpointserverimp.cpp:164 ERROR EndPointServerThreadCounter - PostHandleRequest() failed - <Unknown Exception>.
2025-06-13 16:25:23,605 [0x00002ce4] f:\endpointserver\server\endpointserverimp.cpp:164 ERROR EndPointServerThreadCounter - PostHandleRequest() failed - <Unknown Exception>.
2025-06-13 16:25:48,622 [0x00002cdc] f:\endpointserver\server\endpointserverimp.cpp:164 ERROR EndPointServerThreadCounter - PostHandleRequest() failed - <Unknown Exception>.
2025-06-13 16:26:05,602 [0x00002cdc] f:\endpointserver\server\endpointserverimp.cpp:164 ERROR EndPointServerThreadCounter - PostHandleRequest() failed - <Unknown Exception>.
2025-06-13 16:26:43,625 [0x00002d74] f:\endpointserver\server\endpointserverimp.cpp:164 ERROR EndPointServerThreadCounter - PostHandleRequest() failed - <Unknown Exception>.
2025-06-13 16:27:12,605 [0x00002d74] f:\endpointserver\server\endpointserverimp.cpp:164 ERROR EndPointServerThreadCounter - PostHandleRequest() failed - <Unknown Exception>.
2025-06-13 16:27:14,609 [0x00002cdc] f:\endpointserver\server\endpointserverimp.cpp:164 ERROR EndPointServerThreadCounter - PostHandleRequest() failed - <Unknown Exception>.
2025-06-13 16:28:26,621 [0x00002ce4] f:\endpointserver\server\endpointserverimp.cpp:164 ERROR EndPointServerThreadCounter - PostHandleRequest() failed - <Unknown Exception>.
2025-06-13 16:32:56,615 [0x00002da4] f:\endpointserver\server\endpointserverimp.cpp:164 ERROR EndPointServerThreadCounter - PostHandleRequest() failed - <Unknown Exception>.
2025-06-13 16:49:58,601 [0x00002da4] f:\endpointserver\server\endpointserverimp.cpp:164 ERROR EndPointServerThreadCounter - PostHandleRequest() failed - <Unknown Exception>.
2025-06-13 16:52:08,626 [0x00002d44] f:\endpointserver\server\endpointserverimp.cpp:164 ERROR EndPointServerThreadCounter - PostHandleRequest() failed - <Unknown Exception>.
2025-06-13 17:07:31,612 [0x00002d9c] f:\endpointserver\server\endpointserverimp.cpp:164 ERROR EndPointServerThreadCounter - PostHandleRequest() failed - <Unknown Exception>.
2025-06-13 17:10:34,606 [0x00002d10] f:\endpointserver\server\endpointserverimp.cpp:164 ERROR EndPointServerThreadCounter - PostHandleRequest() failed - <Unknown Exception>.
2025-06-13 17:11:25,600 [0x00002c88] f:\endpointserver\server\endpointserverimp.cpp:164 ERROR EndPointServerThreadCounter - PostHandleRequest() failed - <Unknown Exception>.
2025-06-13 17:11:26,597 [0x00002c88] f:\endpointserver\server\endpointserverimp.cpp:164 ERROR EndPointServerThreadCounter - PostHandleRequest() failed - <Unknown Exception>.
2025-06-13 17:11:26,598 [0x00002d44] f:\endpointserver\server\endpointserverimp.cpp:164 ERROR EndPointServerThreadCounter - PostHandleRequest() failed - <Unknown Exception>.
2025-06-13 17:11:26,598 [0x00002cac] f:\endpointserver\server\endpointserverimp.cpp:164 ERROR EndPointServerThreadCounter - PostHandleRequest() failed - <Unknown Exception>.
2025-06-13 17:11:26,604 [0x00002c88] f:\endpointserver\server\endpointserverimp.cpp:164 ERROR EndPointServerThreadCounter - PostHandleRequest() failed - <Unknown Exception>.
2025-06-13 17:11:26,604 [0x00002cb8] f:\endpointserver\server\endpointserverimp.cpp:164 ERROR EndPointServerThreadCounter - PostHandleRequest() failed - <Unknown Exception>.
2025-06-13 17:11:26,605 [0x00002d48] f:\endpointserver\server\endpointserverimp.cpp:164 ERROR EndPointServerThreadCounter - PostHandleRequest() failed - <Unknown Exception>.
2025-06-13 17:11:26,605 [0x00002d44] f:\endpointserver\server\endpointserverimp.cpp:164 ERROR EndPointServerThreadCounter - PostHandleRequest() failed - <Unknown Exception>.
2025-06-13 17:11:26,606 [0x00002da4] f:\endpointserver\server\endpointserverimp.cpp:164 ERROR EndPointServerThreadCounter - PostHandleRequest() failed - <Unknown Exception>.
2025-06-13 17:11:26,606 [0x00002cac] f:\endpointserver\server\endpointserverimp.cpp:164 ERROR EndPointServerThreadCounter - PostHandleRequest() failed - <Unknown Exception>.
2025-06-13 17:11:26,607 [0x00002cb4] f:\endpointserver\server\endpointserverimp.cpp:164 ERROR EndPointServerThreadCounter - PostHandleRequest() failed - <Unknown Exception>.
2025-06-13 17:11:26,607 [0x00002ce0] f:\endpointserver\server\endpointserverimp.cpp:164 ERROR EndPointServerThreadCounter - PostHandleRequest() failed - <Unknown Exception>.
2025-06-13 17:11:26,608 [0x00002d9c] f:\endpointserver\server\endpointserverimp.cpp:164 ERROR EndPointServerThreadCounter - PostHandleRequest() failed - <Unknown Exception>.
2025-06-13 17:11:43,606 [0x00002cac] f:\endpointserver\server\endpointserverimp.cpp:164 ERROR EndPointServerThreadCounter - PostHandleRequest() failed - <Unknown Exception>.
2025-06-13 17:11:44,593 [0x00002da0] f:\endpointserver\server\endpointserverimp.cpp:164 ERROR EndPointServerThreadCounter - PostHandleRequest() failed - <Unknown Exception>.
2025-06-13 17:11:44,593 [0x00002cdc] f:\endpointserver\server\endpointserverimp.cpp:164 ERROR EndPointServerThreadCounter - PostHandleRequest() failed - <Unknown Exception>.
2025-06-13 17:11:44,593 [0x00002d3c] f:\endpointserver\server\endpointserverimp.cpp:164 ERROR EndPointServerThreadCounter - PostHandleRequest() failed - <Unknown Exception>.
2025-06-13 17:11:44,595 [0x00002d9c] f:\endpointserver\server\endpointserverimp.cpp:164 ERROR EndPointServerThreadCounter - PostHandleRequest() failed - <Unknown Exception>.
2025-06-13 17:11:44,595 [0x00002cb4] f:\endpointserver\server\endpointserverimp.cpp:164 ERROR EndPointServerThreadCounter - PostHandleRequest() failed - <Unknown Exception>.
2025-06-13 17:11:44,596 [0x00002d48] f:\endpointserver\server\endpointserverimp.cpp:164 ERROR EndPointServerThreadCounter - PostHandleRequest() failed - <Unknown Exception>.
2025-06-13 17:11:44,597 [0x00002d74] f:\endpointserver\server\endpointserverimp.cpp:164 ERROR EndPointServerThreadCounter - PostHandleRequest() failed - <Unknown Exception>.
2025-06-13 17:11:44,598 [0x00002d6c] f:\endpointserver\server\endpointserverimp.cpp:164 ERROR EndPointServerThreadCounter - PostHandleRequest() failed - <Unknown Exception>.
2025-06-13 17:11:44,598 [0x00002d10] f:\endpointserver\server\endpointserverimp.cpp:164 ERROR EndPointServerThreadCounter - PostHandleRequest() failed - <Unknown Exception>.
2025-06-13 17:11:44,602 [0x00002d3c] f:\endpointserver\server\endpointserverimp.cpp:164 ERROR EndPointServerThreadCounter - PostHandleRequest() failed - <Unknown Exception>.
2025-06-13 17:11:44,606 [0x00002d9c] f:\endpointserver\server\endpointserverimp.cpp:164 ERROR EndPointServerThreadCounter - PostHandleRequest() failed - <Unknown Exception>.
2025-06-13 17:11:57,598 [0x00002d9c] f:\endpointserver\server\endpointserverimp.cpp:164 ERROR EndPointServerThreadCounter - PostHandleRequest() failed - <Unknown Exception>.
2025-06-13 17:11:57,606 [0x00002da0] f:\endpointserver\server\endpointserverimp.cpp:164 ERROR EndPointServerThreadCounter - PostHandleRequest() failed - <Unknown Exception>.
2025-06-13 17:11:59,596 [0x00002cac] f:\endpointserver\server\endpointserverimp.cpp:164 ERROR EndPointServerThreadCounter - PostHandleRequest() failed - <Unknown Exception>.
2025-06-13 17:12:00,591 [0x00002da0] f:\endpointserver\server\endpointserverimp.cpp:164 ERROR EndPointServerThreadCounter - PostHandleRequest() failed - <Unknown Exception>.
2025-06-13 17:12:00,596 [0x00002d9c] f:\endpointserver\server\endpointserverimp.cpp:164 ERROR EndPointServerThreadCounter - PostHandleRequest() failed - <Unknown Exception>.
2025-06-13 17:12:00,597 [0x00002d48] f:\endpointserver\server\endpointserverimp.cpp:164 ERROR EndPointServerThreadCounter - PostHandleRequest() failed - <Unknown Exception>.
2025-06-13 17:12:00,599 [0x00002cb4] f:\endpointserver\server\endpointserverimp.cpp:164 ERROR EndPointServerThreadCounter - PostHandleRequest() failed - <Unknown Exception>.
2025-06-13 17:12:00,599 [0x00002d70] f:\endpointserver\server\endpointserverimp.cpp:164 ERROR EndPointServerThreadCounter - PostHandleRequest() failed - <Unknown Exception>.
2025-06-13 17:12:00,601 [0x00002da4] f:\endpointserver\server\endpointserverimp.cpp:164 ERROR EndPointServerThreadCounter - PostHandleRequest() failed - <Unknown Exception>.
2025-06-13 17:12:00,602 [0x00002d74] f:\endpointserver\server\endpointserverimp.cpp:164 ERROR EndPointServerThreadCounter - PostHandleRequest() failed - <Unknown Exception>.
2025-06-13 17:12:00,602 [0x00002d3c] f:\endpointserver\server\endpointserverimp.cpp:164 ERROR EndPointServerThreadCounter - PostHandleRequest() failed - <Unknown Exception>.
2025-06-13 17:12:00,603 [0x00002ce0] f:\endpointserver\server\endpointserverimp.cpp:164 ERROR EndPointServerThreadCounter - PostHandleRequest() failed - <Unknown Exception>.
2025-06-13 17:12:00,608 [0x00002cb4] f:\endpointserver\server\endpointserverimp.cpp:164 ERROR EndPointServerThreadCounter - PostHandleRequest() failed - <Unknown Exception>.
2025-06-13 17:12:16,593 [0x00002c88] f:\endpointserver\server\endpointserverimp.cpp:164 ERROR EndPointServerThreadCounter - PostHandleRequest() failed - <Unknown Exception>.
2025-06-13 17:12:17,594 [0x00002d44] f:\endpointserver\server\endpointserverimp.cpp:164 ERROR EndPointServerThreadCounter - PostHandleRequest() failed - <Unknown Exception>.
2025-06-13 17:12:17,605 [0x00002da4] f:\endpointserver\server\endpointserverimp.cpp:164 ERROR EndPointServerThreadCounter - PostHandleRequest() failed - <Unknown Exception>.
2025-06-13 17:12:18,595 [0x00002da4] f:\endpointserver\server\endpointserverimp.cpp:164 ERROR EndPointServerThreadCounter - PostHandleRequest() failed - <Unknown Exception>.
2025-06-13 17:12:18,598 [0x00002d70] f:\endpointserver\server\endpointserverimp.cpp:164 ERROR EndPointServerThreadCounter - PostHandleRequest() failed - <Unknown Exception>.
2025-06-13 17:12:18,600 [0x00002ce0] f:\endpointserver\server\endpointserverimp.cpp:164 ERROR EndPointServerThreadCounter - PostHandleRequest() failed - <Unknown Exception>.
2025-06-13 17:12:18,600 [0x00002cdc] f:\endpointserver\server\endpointserverimp.cpp:164 ERROR EndPointServerThreadCounter - PostHandleRequest() failed - <Unknown Exception>.
2025-06-13 17:12:18,603 [0x00002d3c] f:\endpointserver\server\endpointserverimp.cpp:164 ERROR EndPointServerThreadCounter - PostHandleRequest() failed - <Unknown Exception>.
2025-06-13 17:12:18,603 [0x00002d9c] f:\endpointserver\server\endpointserverimp.cpp:164 ERROR EndPointServerThreadCounter - PostHandleRequest() failed - <Unknown Exception>.
2025-06-13 17:12:18,603 [0x00002d48] f:\endpointserver\server\endpointserverimp.cpp:164 ERROR EndPointServerThreadCounter - PostHandleRequest() failed - <Unknown Exception>.
2025-06-13 17:12:18,603 [0x00002d10] f:\endpointserver\server\endpointserverimp.cpp:164 ERROR EndPointServerThreadCounter - PostHandleRequest() failed - <Unknown Exception>.
2025-06-13 17:12:18,605 [0x00002cac] f:\endpointserver\server\endpointserverimp.cpp:164 ERROR EndPointServerThreadCounter - PostHandleRequest() failed - <Unknown Exception>.
2025-06-13 17:12:32,599 [0x00002d3c] f:\endpointserver\server\endpointserverimp.cpp:164 ERROR EndPointServerThreadCounter - PostHandleRequest() failed - <Unknown Exception>.
2025-06-13 17:12:32,600 [0x00002cac] f:\endpointserver\server\endpointserverimp.cpp:164 ERROR EndPointServerThreadCounter - PostHandleRequest() failed - <Unknown Exception>.
2025-06-13 17:12:34,602 [0x00002d10] f:\endpointserver\server\endpointserverimp.cpp:164 ERROR EndPointServerThreadCounter - PostHandleRequest() failed - <Unknown Exception>.
2025-06-13 17:12:35,597 [0x00002d10] f:\endpointserver\server\endpointserverimp.cpp:164 ERROR EndPointServerThreadCounter - PostHandleRequest() failed - <Unknown Exception>.
2025-06-13 17:12:35,602 [0x00002cb0] f:\endpointserver\server\endpointserverimp.cpp:164 ERROR EndPointServerThreadCounter - PostHandleRequest() failed - <Unknown Exception>.
2025-06-13 17:12:35,602 [0x00002cac] f:\endpointserver\server\endpointserverimp.cpp:164 ERROR EndPointServerThreadCounter - PostHandleRequest() failed - <Unknown Exception>.
2025-06-13 17:12:36,596 [0x00002d10] f:\endpointserver\server\endpointserverimp.cpp:164 ERROR EndPointServerThreadCounter - PostHandleRequest() failed - <Unknown Exception>.
2025-06-13 17:12:36,596 [0x00002cb0] f:\endpointserver\server\endpointserverimp.cpp:164 ERROR EndPointServerThreadCounter - PostHandleRequest() failed - <Unknown Exception>.
2025-06-13 17:12:36,596 [0x00002d74] f:\endpointserver\server\endpointserverimp.cpp:164 ERROR EndPointServerThreadCounter - PostHandleRequest() failed - <Unknown Exception>.
2025-06-13 17:12:36,598 [0x00002d9c] f:\endpointserver\server\endpointserverimp.cpp:164 ERROR EndPointServerThreadCounter - PostHandleRequest() failed - <Unknown Exception>.
2025-06-13 17:12:36,600 [0x00002cac] f:\endpointserver\server\endpointserverimp.cpp:164 ERROR EndPointServerThreadCounter - PostHandleRequest() failed - <Unknown Exception>.
2025-06-13 17:12:36,603 [0x00002cb4] f:\endpointserver\server\endpointserverimp.cpp:164 ERROR EndPointServerThreadCounter - PostHandleRequest() failed - <Unknown Exception>.
2025-06-13 17:12:36,606 [0x00002d44] f:\endpointserver\server\endpointserverimp.cpp:164 ERROR EndPointServerThreadCounter - PostHandleRequest() failed - <Unknown Exception>.
2025-06-13 17:12:49,595 [0x00002d74] f:\endpointserver\server\endpointserverimp.cpp:164 ERROR EndPointServerThreadCounter - PostHandleRequest() failed - <Unknown Exception>.
2025-06-13 17:12:51,594 [0x00002d3c] f:\endpointserver\server\endpointserverimp.cpp:164 ERROR EndPointServerThreadCounter - PostHandleRequest() failed - <Unknown Exception>.
2025-06-13 17:12:51,600 [0x00002d3c] f:\endpointserver\server\endpointserverimp.cpp:164 ERROR EndPointServerThreadCounter - PostHandleRequest() failed - <Unknown Exception>.
2025-06-13 17:12:52,597 [0x00002d3c] f:\endpointserver\server\endpointserverimp.cpp:164 ERROR EndPointServerThreadCounter - PostHandleRequest() failed - <Unknown Exception>.
2025-06-13 17:12:52,598 [0x00002cac] f:\endpointserver\server\endpointserverimp.cpp:164 ERROR EndPointServerThreadCounter - PostHandleRequest() failed - <Unknown Exception>.
2025-06-13 17:12:52,603 [0x00002d9c] f:\endpointserver\server\endpointserverimp.cpp:164 ERROR EndPointServerThreadCounter - PostHandleRequest() failed - <Unknown Exception>.
2025-06-13 17:12:53,592 [0x00002cac] f:\endpointserver\server\endpointserverimp.cpp:164 ERROR EndPointServerThreadCounter - PostHandleRequest() failed - <Unknown Exception>.
2025-06-13 17:12:53,593 [0x00002d9c] f:\endpointserver\server\endpointserverimp.cpp:164 ERROR EndPointServerThreadCounter - PostHandleRequest() failed - <Unknown Exception>.
2025-06-13 17:12:53,593 [0x00002cdc] f:\endpointserver\server\endpointserverimp.cpp:164 ERROR EndPointServerThreadCounter - PostHandleRequest() failed - <Unknown Exception>.
2025-06-13 17:12:53,593 [0x00002d40] f:\endpointserver\server\endpointserverimp.cpp:164 ERROR EndPointServerThreadCounter - PostHandleRequest() failed - <Unknown Exception>.
2025-06-13 17:12:53,600 [0x00002d44] f:\endpointserver\server\endpointserverimp.cpp:164 ERROR EndPointServerThreadCounter - PostHandleRequest() failed - <Unknown Exception>.
2025-06-13 17:12:53,602 [0x00002d6c] f:\endpointserver\server\endpointserverimp.cpp:164 ERROR EndPointServerThreadCounter - PostHandleRequest() failed - <Unknown Exception>.
2025-06-13 17:13:05,596 [0x00002d48] f:\endpointserver\server\endpointserverimp.cpp:164 ERROR EndPointServerThreadCounter - PostHandleRequest() failed - <Unknown Exception>.
2025-06-13 17:13:05,606 [0x00002ce0] f:\endpointserver\server\endpointserverimp.cpp:164 ERROR EndPointServerThreadCounter - PostHandleRequest() failed - <Unknown Exception>.
2025-06-13 17:13:07,597 [0x00002d48] f:\endpointserver\server\endpointserverimp.cpp:164 ERROR EndPointServerThreadCounter - PostHandleRequest() failed - <Unknown Exception>.
2025-06-13 17:13:09,595 [0x00002c88] f:\endpointserver\server\endpointserverimp.cpp:164 ERROR EndPointServerThreadCounter - PostHandleRequest() failed - <Unknown Exception>.
2025-06-13 17:13:09,600 [0x00002da0] f:\endpointserver\server\endpointserverimp.cpp:164 ERROR EndPointServerThreadCounter - PostHandleRequest() failed - <Unknown Exception>.
2025-06-13 17:13:09,601 [0x00002ce0] f:\endpointserver\server\endpointserverimp.cpp:164 ERROR EndPointServerThreadCounter - PostHandleRequest() failed - <Unknown Exception>.
2025-06-13 17:13:10,600 [0x00002ce0] f:\endpointserver\server\endpointserverimp.cpp:164 ERROR EndPointServerThreadCounter - PostHandleRequest() failed - <Unknown Exception>.
2025-06-13 17:13:10,602 [0x00002d48] f:\endpointserver\server\endpointserverimp.cpp:164 ERROR EndPointServerThreadCounter - PostHandleRequest() failed - <Unknown Exception>.
2025-06-13 17:13:10,602 [0x00002cac] f:\endpointserver\server\endpointserverimp.cpp:164 ERROR EndPointServerThreadCounter - PostHandleRequest() failed - <Unknown Exception>.
2025-06-13 17:13:10,602 [0x00002c88] f:\endpointserver\server\endpointserverimp.cpp:164 ERROR EndPointServerThreadCounter - PostHandleRequest() failed - <Unknown Exception>.
2025-06-13 17:13:10,605 [0x00002cb4] f:\endpointserver\server\endpointserverimp.cpp:164 ERROR EndPointServerThreadCounter - PostHandleRequest() failed - <Unknown Exception>.
2025-06-13 17:13:11,592 [0x00002d10] f:\endpointserver\server\endpointserverimp.cpp:164 ERROR EndPointServerThreadCounter - PostHandleRequest() failed - <Unknown Exception>.
2025-06-13 17:13:11,602 [0x00002da0] f:\endpointserver\server\endpointserverimp.cpp:164 ERROR EndPointServerThreadCounter - PostHandleRequest() failed - <Unknown Exception>.
2025-06-13 17:13:24,606 [0x00002c88] f:\endpointserver\server\endpointserverimp.cpp:164 ERROR EndPointServerThreadCounter - PostHandleRequest() failed - <Unknown Exception>.
2025-06-13 17:13:26,597 [0x00002d9c] f:\endpointserver\server\endpointserverimp.cpp:164 ERROR EndPointServerThreadCounter - PostHandleRequest() failed - <Unknown Exception>.
2025-06-13 17:13:27,606 [0x00002c88] f:\endpointserver\server\endpointserverimp.cpp:164 ERROR EndPointServerThreadCounter - PostHandleRequest() failed - <Unknown Exception>.
2025-06-13 17:13:28,596 [0x00002ce0] f:\endpointserver\server\endpointserverimp.cpp:164 ERROR EndPointServerThreadCounter - PostHandleRequest() failed - <Unknown Exception>.
2025-06-13 17:13:28,597 [0x00002d9c] f:\endpointserver\server\endpointserverimp.cpp:164 ERROR EndPointServerThreadCounter - PostHandleRequest() failed - <Unknown Exception>.
2025-06-13 17:13:28,602 [0x00002cb0] f:\endpointserver\server\endpointserverimp.cpp:164 ERROR EndPointServerThreadCounter - PostHandleRequest() failed - <Unknown Exception>.
2025-06-13 17:13:29,594 [0x00002c88] f:\endpointserver\server\endpointserverimp.cpp:164 ERROR EndPointServerThreadCounter - PostHandleRequest() failed - <Unknown Exception>.
2025-06-13 17:13:29,595 [0x00002d9c] f:\endpointserver\server\endpointserverimp.cpp:164 ERROR EndPointServerThreadCounter - PostHandleRequest() failed - <Unknown Exception>.
2025-06-13 17:13:29,596 [0x00002ce0] f:\endpointserver\server\endpointserverimp.cpp:164 ERROR EndPointServerThreadCounter - PostHandleRequest() failed - <Unknown Exception>.
2025-06-13 17:13:29,598 [0x00002cac] f:\endpointserver\server\endpointserverimp.cpp:164 ERROR EndPointServerThreadCounter - PostHandleRequest() failed - <Unknown Exception>.
2025-06-13 17:13:29,600 [0x00002da0] f:\endpointserver\server\endpointserverimp.cpp:164 ERROR EndPointServerThreadCounter - PostHandleRequest() failed - <Unknown Exception>.
2025-06-13 17:13:30,591 [0x00002d9c] f:\endpointserver\server\endpointserverimp.cpp:164 ERROR EndPointServerThreadCounter - PostHandleRequest() failed - <Unknown Exception>.
2025-06-13 17:13:39,596 [0x00002cb8] f:\endpointserver\server\endpointserverimp.cpp:164 ERROR EndPointServerThreadCounter - PostHandleRequest() failed - <Unknown Exception>.
2025-06-13 17:13:40,600 [0x00002da0] f:\endpointserver\server\endpointserverimp.cpp:164 ERROR EndPointServerThreadCounter - PostHandleRequest() failed - <Unknown Exception>.
2025-06-13 17:15:39,596 [0x00002d3c] f:\endpointserver\server\endpointserverimp.cpp:164 ERROR EndPointServerThreadCounter - PostHandleRequest() failed - <Unknown Exception>.
2025-06-13 17:21:01,601 [0x00002d88] f:\endpointserver\server\endpointserverimp.cpp:164 ERROR EndPointServerThreadCounter - PostHandleRequest() failed - <Unknown Exception>.
2025-06-13 17:21:28,598 [0x00002ce8] f:\endpointserver\server\endpointserverimp.cpp:164 ERROR EndPointServerThreadCounter - PostHandleRequest() failed - <Unknown Exception>.
2025-06-13 17:21:33,599 [0x00002d44] f:\endpointserver\server\endpointserverimp.cpp:164 ERROR EndPointServerThreadCounter - PostHandleRequest() failed - <Unknown Exception>.
2025-06-13 17:22:20,609 [0x00002d44] f:\endpointserver\server\endpointserverimp.cpp:164 ERROR EndPointServerThreadCounter - PostHandleRequest() failed - <Unknown Exception>.
2025-06-13 17:25:04,606 [0x00002dcc] f:\endpointserver\server\endpointserverimp.cpp:164 ERROR EndPointServerThreadCounter - PostHandleRequest() failed - <Unknown Exception>.
2025-06-13 17:27:17,616 [0x00002d40] f:\endpointserver\server\endpointserverimp.cpp:164 ERROR EndPointServerThreadCounter - PostHandleRequest() failed - <Unknown Exception>.
2025-06-13 17:27:33,605 [0x00002d40] f:\endpointserver\server\endpointserverimp.cpp:164 ERROR EndPointServerThreadCounter - PostHandleRequest() failed - <Unknown Exception>.
2025-06-13 17:27:54,594 [0x00002d40] f:\endpointserver\server\endpointserverimp.cpp:164 ERROR EndPointServerThreadCounter - PostHandleRequest() failed - <Unknown Exception>.
2025-06-13 17:33:05,611 [0x00002d14] f:\endpointserver\server\endpointserverimp.cpp:164 ERROR EndPointServerThreadCounter - PostHandleRequest() failed - <Unknown Exception>.
2025-06-13 17:33:45,616 [0x00002d70] f:\endpointserver\server\endpointserverimp.cpp:164 ERROR EndPointServerThreadCounter - PostHandleRequest() failed - <Unknown Exception>.
2025-06-13 17:36:00,614 [0x00002d6c] f:\endpointserver\server\endpointserverimp.cpp:164 ERROR EndPointServerThreadCounter - PostHandleRequest() failed - <Unknown Exception>.
2025-06-13 17:36:16,611 [0x00002d6c] f:\endpointserver\server\endpointserverimp.cpp:164 ERROR EndPointServerThreadCounter - PostHandleRequest() failed - <Unknown Exception>.
2025-06-13 17:36:16,612 [0x00002d10] f:\endpointserver\server\endpointserverimp.cpp:164 ERROR EndPointServerThreadCounter - PostHandleRequest() failed - <Unknown Exception>.
2025-06-13 17:36:16,612 [0x00002da0] f:\endpointserver\server\endpointserverimp.cpp:164 ERROR EndPointServerThreadCounter - PostHandleRequest() failed - <Unknown Exception>.
2025-06-13 17:36:16,614 [0x00002da4] f:\endpointserver\server\endpointserverimp.cpp:164 ERROR EndPointServerThreadCounter - PostHandleRequest() failed - <Unknown Exception>.
2025-06-13 17:36:16,614 [0x00002d48] f:\endpointserver\server\endpointserverimp.cpp:164 ERROR EndPointServerThreadCounter - PostHandleRequest() failed - <Unknown Exception>.
2025-06-13 17:36:16,614 [0x00002ce0] f:\endpointserver\server\endpointserverimp.cpp:164 ERROR EndPointServerThreadCounter - PostHandleRequest() failed - <Unknown Exception>.
2025-06-13 17:36:16,616 [0x00002cb8] f:\endpointserver\server\endpointserverimp.cpp:164 ERROR EndPointServerThreadCounter - PostHandleRequest() failed - <Unknown Exception>.
2025-06-13 17:36:16,619 [0x00002cb4] f:\endpointserver\server\endpointserverimp.cpp:164 ERROR EndPointServerThreadCounter - PostHandleRequest() failed - <Unknown Exception>.
2025-06-13 17:36:16,620 [0x00002d3c] f:\endpointserver\server\endpointserverimp.cpp:164 ERROR EndPointServerThreadCounter - PostHandleRequest() failed - <Unknown Exception>.
2025-06-13 17:36:16,623 [0x00002d10] f:\endpointserver\server\endpointserverimp.cpp:164 ERROR EndPointServerThreadCounter - PostHandleRequest() failed - <Unknown Exception>.
2025-06-13 17:36:16,624 [0x00002c88] f:\endpointserver\server\endpointserverimp.cpp:164 ERROR EndPointServerThreadCounter - PostHandleRequest() failed - <Unknown Exception>.
2025-06-13 17:36:16,624 [0x00002d88] f:\endpointserver\server\endpointserverimp.cpp:164 ERROR EndPointServerThreadCounter - PostHandleRequest() failed - <Unknown Exception>.
2025-06-13 17:36:16,624 [0x00002d9c] f:\endpointserver\server\endpointserverimp.cpp:164 ERROR EndPointServerThreadCounter - PostHandleRequest() failed - <Unknown Exception>.
2025-06-13 17:36:30,602 [0x00002d9c] f:\endpointserver\server\endpointserverimp.cpp:164 ERROR EndPointServerThreadCounter - PostHandleRequest() failed - <Unknown Exception>.
2025-06-13 17:36:30,604 [0x00002cdc] f:\endpointserver\server\endpointserverimp.cpp:164 ERROR EndPointServerThreadCounter - PostHandleRequest() failed - <Unknown Exception>.
2025-06-13 17:36:30,606 [0x00002d10] f:\endpointserver\server\endpointserverimp.cpp:164 ERROR EndPointServerThreadCounter - PostHandleRequest() failed - <Unknown Exception>.
2025-06-13 17:36:30,608 [0x00002d0c] f:\endpointserver\server\endpointserverimp.cpp:164 ERROR EndPointServerThreadCounter - PostHandleRequest() failed - <Unknown Exception>.
2025-06-13 17:36:31,604 [0x00002d9c] f:\endpointserver\server\endpointserverimp.cpp:164 ERROR EndPointServerThreadCounter - PostHandleRequest() failed - <Unknown Exception>.
2025-06-13 17:36:31,605 [0x00002c88] f:\endpointserver\server\endpointserverimp.cpp:164 ERROR EndPointServerThreadCounter - PostHandleRequest() failed - <Unknown Exception>.
2025-06-13 17:36:31,606 [0x00002d88] f:\endpointserver\server\endpointserverimp.cpp:164 ERROR EndPointServerThreadCounter - PostHandleRequest() failed - <Unknown Exception>.
2025-06-13 17:36:31,609 [0x00002d0c] f:\endpointserver\server\endpointserverimp.cpp:164 ERROR EndPointServerThreadCounter - PostHandleRequest() failed - <Unknown Exception>.
2025-06-13 17:36:31,610 [0x00002dcc] f:\endpointserver\server\endpointserverimp.cpp:164 ERROR EndPointServerThreadCounter - PostHandleRequest() failed - <Unknown Exception>.
2025-06-13 17:36:31,611 [0x00002cb0] f:\endpointserver\server\endpointserverimp.cpp:164 ERROR EndPointServerThreadCounter - PostHandleRequest() failed - <Unknown Exception>.
2025-06-13 17:36:31,611 [0x00002cb4] f:\endpointserver\server\endpointserverimp.cpp:164 ERROR EndPointServerThreadCounter - PostHandleRequest() failed - <Unknown Exception>.
2025-06-13 17:36:31,613 [0x00002ce8] f:\endpointserver\server\endpointserverimp.cpp:164 ERROR EndPointServerThreadCounter - PostHandleRequest() failed - <Unknown Exception>.
2025-06-13 17:36:45,606 [0x00002d44] f:\endpointserver\server\endpointserverimp.cpp:164 ERROR EndPointServerThreadCounter - PostHandleRequest() failed - <Unknown Exception>.
2025-06-13 17:36:45,611 [0x00002cb4] f:\endpointserver\server\endpointserverimp.cpp:164 ERROR EndPointServerThreadCounter - PostHandleRequest() failed - <Unknown Exception>.
2025-06-13 17:36:45,611 [0x00002d0c] f:\endpointserver\server\endpointserverimp.cpp:164 ERROR EndPointServerThreadCounter - PostHandleRequest() failed - <Unknown Exception>.
2025-06-13 17:36:45,612 [0x00002cb0] f:\endpointserver\server\endpointserverimp.cpp:164 ERROR EndPointServerThreadCounter - PostHandleRequest() failed - <Unknown Exception>.
2025-06-13 17:36:47,608 [0x00002da4] f:\endpointserver\server\endpointserverimp.cpp:164 ERROR EndPointServerThreadCounter - PostHandleRequest() failed - <Unknown Exception>.
2025-06-13 17:36:47,609 [0x00002d74] f:\endpointserver\server\endpointserverimp.cpp:164 ERROR EndPointServerThreadCounter - PostHandleRequest() failed - <Unknown Exception>.
2025-06-13 17:36:47,610 [0x00002cac] f:\endpointserver\server\endpointserverimp.cpp:164 ERROR EndPointServerThreadCounter - PostHandleRequest() failed - <Unknown Exception>.
2025-06-13 17:36:47,609 [0x00002ce8] f:\endpointserver\server\endpointserverimp.cpp:164 ERROR EndPointServerThreadCounter - PostHandleRequest() failed - <Unknown Exception>.
2025-06-13 17:36:47,609 [0x00002d3c] f:\endpointserver\server\endpointserverimp.cpp:164 ERROR EndPointServerThreadCounter - PostHandleRequest() failed - <Unknown Exception>.
2025-06-13 17:36:47,611 [0x00002cb8] f:\endpointserver\server\endpointserverimp.cpp:164 ERROR EndPointServerThreadCounter - PostHandleRequest() failed - <Unknown Exception>.
2025-06-13 17:36:47,612 [0x00002d9c] f:\endpointserver\server\endpointserverimp.cpp:164 ERROR EndPointServerThreadCounter - PostHandleRequest() failed - <Unknown Exception>.
2025-06-13 17:36:47,613 [0x00002cb0] f:\endpointserver\server\endpointserverimp.cpp:164 ERROR EndPointServerThreadCounter - PostHandleRequest() failed - <Unknown Exception>.
2025-06-13 17:36:47,615 [0x00002d10] f:\endpointserver\server\endpointserverimp.cpp:164 ERROR EndPointServerThreadCounter - PostHandleRequest() failed - <Unknown Exception>.
2025-06-13 17:37:01,605 [0x00002cb8] f:\endpointserver\server\endpointserverimp.cpp:164 ERROR EndPointServerThreadCounter - PostHandleRequest() failed - <Unknown Exception>.
2025-06-13 17:37:01,608 [0x00002d88] f:\endpointserver\server\endpointserverimp.cpp:164 ERROR EndPointServerThreadCounter - PostHandleRequest() failed - <Unknown Exception>.
2025-06-13 17:37:01,608 [0x00002cdc] f:\endpointserver\server\endpointserverimp.cpp:164 ERROR EndPointServerThreadCounter - PostHandleRequest() failed - <Unknown Exception>.
2025-06-13 17:37:01,608 [0x00002d10] f:\endpointserver\server\endpointserverimp.cpp:164 ERROR EndPointServerThreadCounter - PostHandleRequest() failed - <Unknown Exception>.
2025-06-13 17:37:03,613 [0x00002d0c] f:\endpointserver\server\endpointserverimp.cpp:164 ERROR EndPointServerThreadCounter - PostHandleRequest() failed - <Unknown Exception>.
2025-06-13 17:37:03,614 [0x00002d44] f:\endpointserver\server\endpointserverimp.cpp:164 ERROR EndPointServerThreadCounter - PostHandleRequest() failed - <Unknown Exception>.
2025-06-13 17:37:03,617 [0x00002ce8] f:\endpointserver\server\endpointserverimp.cpp:164 ERROR EndPointServerThreadCounter - PostHandleRequest() failed - <Unknown Exception>.
2025-06-13 17:37:03,617 [0x00002cb8] f:\endpointserver\server\endpointserverimp.cpp:164 ERROR EndPointServerThreadCounter - PostHandleRequest() failed - <Unknown Exception>.
2025-06-13 17:37:03,618 [0x00002cb0] f:\endpointserver\server\endpointserverimp.cpp:164 ERROR EndPointServerThreadCounter - PostHandleRequest() failed - <Unknown Exception>.
2025-06-13 17:37:03,619 [0x00002d9c] f:\endpointserver\server\endpointserverimp.cpp:164 ERROR EndPointServerThreadCounter - PostHandleRequest() failed - <Unknown Exception>.
2025-06-13 17:37:03,619 [0x00002d10] f:\endpointserver\server\endpointserverimp.cpp:164 ERROR EndPointServerThreadCounter - PostHandleRequest() failed - <Unknown Exception>.
2025-06-13 17:37:03,620 [0x00002d48] f:\endpointserver\server\endpointserverimp.cpp:164 ERROR EndPointServerThreadCounter - PostHandleRequest() failed - <Unknown Exception>.
2025-06-13 17:37:17,614 [0x00002cb8] f:\endpointserver\server\endpointserverimp.cpp:164 ERROR EndPointServerThreadCounter - PostHandleRequest() failed - <Unknown Exception>.
2025-06-13 17:37:17,625 [0x00002d9c] f:\endpointserver\server\endpointserverimp.cpp:164 ERROR EndPointServerThreadCounter - PostHandleRequest() failed - <Unknown Exception>.
2025-06-13 17:37:17,625 [0x00002cb0] f:\endpointserver\server\endpointserverimp.cpp:164 ERROR EndPointServerThreadCounter - PostHandleRequest() failed - <Unknown Exception>.
2025-06-13 17:37:17,628 [0x00002d88] f:\endpointserver\server\endpointserverimp.cpp:164 ERROR EndPointServerThreadCounter - PostHandleRequest() failed - <Unknown Exception>.
2025-06-13 17:37:19,615 [0x00002d88] f:\endpointserver\server\endpointserverimp.cpp:164 ERROR EndPointServerThreadCounter - PostHandleRequest() failed - <Unknown Exception>.
2025-06-13 17:37:19,617 [0x00002cb8] f:\endpointserver\server\endpointserverimp.cpp:164 ERROR EndPointServerThreadCounter - PostHandleRequest() failed - <Unknown Exception>.
2025-06-13 17:37:19,619 [0x00002cb4] f:\endpointserver\server\endpointserverimp.cpp:164 ERROR EndPointServerThreadCounter - PostHandleRequest() failed - <Unknown Exception>.
2025-06-13 17:37:19,619 [0x00002c88] f:\endpointserver\server\endpointserverimp.cpp:164 ERROR EndPointServerThreadCounter - PostHandleRequest() failed - <Unknown Exception>.
2025-06-13 17:37:19,619 [0x00002dcc] f:\endpointserver\server\endpointserverimp.cpp:164 ERROR EndPointServerThreadCounter - PostHandleRequest() failed - <Unknown Exception>.
2025-06-13 17:37:19,619 [0x00002d74] f:\endpointserver\server\endpointserverimp.cpp:164 ERROR EndPointServerThreadCounter - PostHandleRequest() failed - <Unknown Exception>.
2025-06-13 17:37:19,619 [0x00002d9c] f:\endpointserver\server\endpointserverimp.cpp:164 ERROR EndPointServerThreadCounter - PostHandleRequest() failed - <Unknown Exception>.
2025-06-13 17:37:19,622 [0x00002ce0] f:\endpointserver\server\endpointserverimp.cpp:164 ERROR EndPointServerThreadCounter - PostHandleRequest() failed - <Unknown Exception>.
2025-06-13 17:37:19,624 [0x00002d44] f:\endpointserver\server\endpointserverimp.cpp:164 ERROR EndPointServerThreadCounter - PostHandleRequest() failed - <Unknown Exception>.
2025-06-13 17:37:29,611 [0x00002d9c] f:\endpointserver\server\endpointserverimp.cpp:164 ERROR EndPointServerThreadCounter - PostHandleRequest() failed - <Unknown Exception>.
2025-06-13 17:37:29,613 [0x00002d74] f:\endpointserver\server\endpointserverimp.cpp:164 ERROR EndPointServerThreadCounter - PostHandleRequest() failed - <Unknown Exception>.
2025-06-13 17:37:29,614 [0x00002dcc] f:\endpointserver\server\endpointserverimp.cpp:164 ERROR EndPointServerThreadCounter - PostHandleRequest() failed - <Unknown Exception>.
2025-06-13 17:37:29,618 [0x00002cac] f:\endpointserver\server\endpointserverimp.cpp:164 ERROR EndPointServerThreadCounter - PostHandleRequest() failed - <Unknown Exception>.
2025-06-13 17:37:31,607 [0x00002d10] f:\endpointserver\server\endpointserverimp.cpp:164 ERROR EndPointServerThreadCounter - PostHandleRequest() failed - <Unknown Exception>.
2025-06-13 17:37:31,609 [0x00002cb4] f:\endpointserver\server\endpointserverimp.cpp:164 ERROR EndPointServerThreadCounter - PostHandleRequest() failed - <Unknown Exception>.
2025-06-13 17:37:31,612 [0x00002cb0] f:\endpointserver\server\endpointserverimp.cpp:164 ERROR EndPointServerThreadCounter - PostHandleRequest() failed - <Unknown Exception>.
2025-06-13 17:37:31,612 [0x00002d44] f:\endpointserver\server\endpointserverimp.cpp:164 ERROR EndPointServerThreadCounter - PostHandleRequest() failed - <Unknown Exception>.
2025-06-13 17:37:31,614 [0x00002d9c] f:\endpointserver\server\endpointserverimp.cpp:164 ERROR EndPointServerThreadCounter - PostHandleRequest() failed - <Unknown Exception>.
2025-06-13 17:37:31,614 [0x00002dcc] f:\endpointserver\server\endpointserverimp.cpp:164 ERROR EndPointServerThreadCounter - PostHandleRequest() failed - <Unknown Exception>.
2025-06-13 17:37:31,614 [0x00002cdc] f:\endpointserver\server\endpointserverimp.cpp:164 ERROR EndPointServerThreadCounter - PostHandleRequest() failed - <Unknown Exception>.
2025-06-13 17:37:31,615 [0x00002ce8] f:\endpointserver\server\endpointserverimp.cpp:164 ERROR EndPointServerThreadCounter - PostHandleRequest() failed - <Unknown Exception>.
2025-06-13 17:37:45,605 [0x00002dcc] f:\endpointserver\server\endpointserverimp.cpp:164 ERROR EndPointServerThreadCounter - PostHandleRequest() failed - <Unknown Exception>.
2025-06-13 17:37:45,608 [0x00002d3c] f:\endpointserver\server\endpointserverimp.cpp:164 ERROR EndPointServerThreadCounter - PostHandleRequest() failed - <Unknown Exception>.
2025-06-13 17:37:45,608 [0x00002d88] f:\endpointserver\server\endpointserverimp.cpp:164 ERROR EndPointServerThreadCounter - PostHandleRequest() failed - <Unknown Exception>.
2025-06-13 17:37:45,609 [0x00002ce8] f:\endpointserver\server\endpointserverimp.cpp:164 ERROR EndPointServerThreadCounter - PostHandleRequest() failed - <Unknown Exception>.
2025-06-13 17:37:47,608 [0x00002d3c] f:\endpointserver\server\endpointserverimp.cpp:164 ERROR EndPointServerThreadCounter - PostHandleRequest() failed - <Unknown Exception>.
2025-06-13 17:37:47,609 [0x00002d48] f:\endpointserver\server\endpointserverimp.cpp:164 ERROR EndPointServerThreadCounter - PostHandleRequest() failed - <Unknown Exception>.
2025-06-13 17:37:47,610 [0x00002d88] f:\endpointserver\server\endpointserverimp.cpp:164 ERROR EndPointServerThreadCounter - PostHandleRequest() failed - <Unknown Exception>.
2025-06-13 17:37:47,609 [0x00002ce8] f:\endpointserver\server\endpointserverimp.cpp:164 ERROR EndPointServerThreadCounter - PostHandleRequest() failed - <Unknown Exception>.
2025-06-13 17:37:47,609 [0x00002dcc] f:\endpointserver\server\endpointserverimp.cpp:164 ERROR EndPointServerThreadCounter - PostHandleRequest() failed - <Unknown Exception>.
2025-06-13 17:37:47,614 [0x00002d10] f:\endpointserver\server\endpointserverimp.cpp:164 ERROR EndPointServerThreadCounter - PostHandleRequest() failed - <Unknown Exception>.
2025-06-13 17:37:47,617 [0x00002d9c] f:\endpointserver\server\endpointserverimp.cpp:164 ERROR EndPointServerThreadCounter - PostHandleRequest() failed - <Unknown Exception>.
2025-06-13 17:37:47,617 [0x00002d44] f:\endpointserver\server\endpointserverimp.cpp:164 ERROR EndPointServerThreadCounter - PostHandleRequest() failed - <Unknown Exception>.
2025-06-13 17:37:47,618 [0x00002cb4] f:\endpointserver\server\endpointserverimp.cpp:164 ERROR EndPointServerThreadCounter - PostHandleRequest() failed - <Unknown Exception>.
2025-06-13 17:38:00,615 [0x00002d74] f:\endpointserver\server\endpointserverimp.cpp:164 ERROR EndPointServerThreadCounter - PostHandleRequest() failed - <Unknown Exception>.
2025-06-13 17:38:00,615 [0x00002cac] f:\endpointserver\server\endpointserverimp.cpp:164 ERROR EndPointServerThreadCounter - PostHandleRequest() failed - <Unknown Exception>.
2025-06-13 17:38:00,620 [0x00002d9c] f:\endpointserver\server\endpointserverimp.cpp:164 ERROR EndPointServerThreadCounter - PostHandleRequest() failed - <Unknown Exception>.
2025-06-13 17:38:01,613 [0x00002cb0] f:\endpointserver\server\endpointserverimp.cpp:164 ERROR EndPointServerThreadCounter - PostHandleRequest() failed - <Unknown Exception>.
2025-06-13 17:38:02,616 [0x00002d10] f:\endpointserver\server\endpointserverimp.cpp:164 ERROR EndPointServerThreadCounter - PostHandleRequest() failed - <Unknown Exception>.
2025-06-13 17:38:02,617 [0x00002d74] f:\endpointserver\server\endpointserverimp.cpp:164 ERROR EndPointServerThreadCounter - PostHandleRequest() failed - <Unknown Exception>.
2025-06-13 17:38:02,618 [0x00002d44] f:\endpointserver\server\endpointserverimp.cpp:164 ERROR EndPointServerThreadCounter - PostHandleRequest() failed - <Unknown Exception>.
2025-06-13 17:38:02,619 [0x00002c88] f:\endpointserver\server\endpointserverimp.cpp:164 ERROR EndPointServerThreadCounter - PostHandleRequest() failed - <Unknown Exception>.
2025-06-13 17:38:02,624 [0x00002d3c] f:\endpointserver\server\endpointserverimp.cpp:164 ERROR EndPointServerThreadCounter - PostHandleRequest() failed - <Unknown Exception>.
2025-06-13 17:38:02,626 [0x00002d88] f:\endpointserver\server\endpointserverimp.cpp:164 ERROR EndPointServerThreadCounter - PostHandleRequest() failed - <Unknown Exception>.
2025-06-13 17:38:02,626 [0x00002cb8] f:\endpointserver\server\endpointserverimp.cpp:164 ERROR EndPointServerThreadCounter - PostHandleRequest() failed - <Unknown Exception>.
2025-06-13 17:38:02,627 [0x00002d48] f:\endpointserver\server\endpointserverimp.cpp:164 ERROR EndPointServerThreadCounter - PostHandleRequest() failed - <Unknown Exception>.
2025-06-13 17:38:19,605 [0x00002da0] f:\endpointserver\server\endpointserverimp.cpp:164 ERROR EndPointServerThreadCounter - PostHandleRequest() failed - <Unknown Exception>.
2025-06-13 17:38:19,607 [0x00002d44] f:\endpointserver\server\endpointserverimp.cpp:164 ERROR EndPointServerThreadCounter - PostHandleRequest() failed - <Unknown Exception>.
2025-06-13 17:38:20,600 [0x00002cb8] f:\endpointserver\server\endpointserverimp.cpp:164 ERROR EndPointServerThreadCounter - PostHandleRequest() failed - <Unknown Exception>.
2025-06-13 17:38:20,610 [0x00002cac] f:\endpointserver\server\endpointserverimp.cpp:164 ERROR EndPointServerThreadCounter - PostHandleRequest() failed - <Unknown Exception>.
2025-06-13 17:38:20,613 [0x00002d44] f:\endpointserver\server\endpointserverimp.cpp:164 ERROR EndPointServerThreadCounter - PostHandleRequest() failed - <Unknown Exception>.
2025-06-13 17:38:20,613 [0x00002da0] f:\endpointserver\server\endpointserverimp.cpp:164 ERROR EndPointServerThreadCounter - PostHandleRequest() failed - <Unknown Exception>.
2025-06-13 17:38:20,614 [0x00002d48] f:\endpointserver\server\endpointserverimp.cpp:164 ERROR EndPointServerThreadCounter - PostHandleRequest() failed - <Unknown Exception>.
2025-06-13 17:38:21,603 [0x00002da0] f:\endpointserver\server\endpointserverimp.cpp:164 ERROR EndPointServerThreadCounter - PostHandleRequest() failed - <Unknown Exception>.
2025-06-13 17:38:21,603 [0x00002c88] f:\endpointserver\server\endpointserverimp.cpp:164 ERROR EndPointServerThreadCounter - PostHandleRequest() failed - <Unknown Exception>.
2025-06-13 17:38:21,603 [0x00002d44] f:\endpointserver\server\endpointserverimp.cpp:164 ERROR EndPointServerThreadCounter - PostHandleRequest() failed - <Unknown Exception>.
2025-06-13 17:38:21,604 [0x00002d48] f:\endpointserver\server\endpointserverimp.cpp:164 ERROR EndPointServerThreadCounter - PostHandleRequest() failed - <Unknown Exception>.
2025-06-13 17:38:21,605 [0x00002da4] f:\endpointserver\server\endpointserverimp.cpp:164 ERROR EndPointServerThreadCounter - PostHandleRequest() failed - <Unknown Exception>.
2025-06-13 17:38:21,605 [0x00002cb8] f:\endpointserver\server\endpointserverimp.cpp:164 ERROR EndPointServerThreadCounter - PostHandleRequest() failed - <Unknown Exception>.
2025-06-13 17:38:38,605 [0x00002ce0] f:\endpointserver\server\endpointserverimp.cpp:164 ERROR EndPointServerThreadCounter - PostHandleRequest() failed - <Unknown Exception>.
2025-06-13 17:38:38,605 [0x00002cdc] f:\endpointserver\server\endpointserverimp.cpp:164 ERROR EndPointServerThreadCounter - PostHandleRequest() failed - <Unknown Exception>.
2025-06-13 17:38:38,606 [0x00002d18] f:\endpointserver\server\endpointserverimp.cpp:164 ERROR EndPointServerThreadCounter - PostHandleRequest() failed - <Unknown Exception>.
2025-06-13 17:38:38,606 [0x00002d88] f:\endpointserver\server\endpointserverimp.cpp:164 ERROR EndPointServerThreadCounter - PostHandleRequest() failed - <Unknown Exception>.
2025-06-13 17:38:38,607 [0x00002cb0] f:\endpointserver\server\endpointserverimp.cpp:164 ERROR EndPointServerThreadCounter - PostHandleRequest() failed - <Unknown Exception>.
2025-06-13 17:38:38,608 [0x00002cb8] f:\endpointserver\server\endpointserverimp.cpp:164 ERROR EndPointServerThreadCounter - PostHandleRequest() failed - <Unknown Exception>.
2025-06-13 17:38:38,609 [0x00002d70] f:\endpointserver\server\endpointserverimp.cpp:164 ERROR EndPointServerThreadCounter - PostHandleRequest() failed - <Unknown Exception>.
2025-06-13 17:38:38,610 [0x00002d78] f:\endpointserver\server\endpointserverimp.cpp:164 ERROR EndPointServerThreadCounter - PostHandleRequest() failed - <Unknown Exception>.
2025-06-13 17:38:38,611 [0x00002d9c] f:\endpointserver\server\endpointserverimp.cpp:164 ERROR EndPointServerThreadCounter - PostHandleRequest() failed - <Unknown Exception>.
2025-06-13 17:38:38,612 [0x00002cb4] f:\endpointserver\server\endpointserverimp.cpp:164 ERROR EndPointServerThreadCounter - PostHandleRequest() failed - <Unknown Exception>.
2025-06-13 17:38:38,613 [0x00002d10] f:\endpointserver\server\endpointserverimp.cpp:164 ERROR EndPointServerThreadCounter - PostHandleRequest() failed - <Unknown Exception>.
2025-06-13 17:38:38,614 [0x00002d14] f:\endpointserver\server\endpointserverimp.cpp:164 ERROR EndPointServerThreadCounter - PostHandleRequest() failed - <Unknown Exception>.
2025-06-13 17:38:38,615 [0x00002da4] f:\endpointserver\server\endpointserverimp.cpp:164 ERROR EndPointServerThreadCounter - PostHandleRequest() failed - <Unknown Exception>.
2025-06-13 17:38:38,615 [0x00002d44] f:\endpointserver\server\endpointserverimp.cpp:164 ERROR EndPointServerThreadCounter - PostHandleRequest() failed - <Unknown Exception>.
2025-06-13 17:38:38,615 [0x00002cac] f:\endpointserver\server\endpointserverimp.cpp:164 ERROR EndPointServerThreadCounter - PostHandleRequest() failed - <Unknown Exception>.
2025-06-13 17:38:38,616 [0x00002d74] f:\endpointserver\server\endpointserverimp.cpp:164 ERROR EndPointServerThreadCounter - PostHandleRequest() failed - <Unknown Exception>.
2025-06-13 17:38:38,616 [0x00002d6c] f:\endpointserver\server\endpointserverimp.cpp:164 ERROR EndPointServerThreadCounter - PostHandleRequest() failed - <Unknown Exception>.
2025-06-13 17:38:38,617 [0x00002d48] f:\endpointserver\server\endpointserverimp.cpp:164 ERROR EndPointServerThreadCounter - PostHandleRequest() failed - <Unknown Exception>.
2025-06-13 17:38:38,617 [0x00002da0] f:\endpointserver\server\endpointserverimp.cpp:164 ERROR EndPointServerThreadCounter - PostHandleRequest() failed - <Unknown Exception>.
2025-06-13 17:38:38,617 [0x00002c88] f:\endpointserver\server\endpointserverimp.cpp:164 ERROR EndPointServerThreadCounter - PostHandleRequest() failed - <Unknown Exception>.
2025-06-13 17:38:38,622 [0x00002d40] f:\endpointserver\server\endpointserverimp.cpp:164 ERROR EndPointServerThreadCounter - PostHandleRequest() failed - <Unknown Exception>.
2025-06-13 17:38:54,605 [0x00002d48] f:\endpointserver\server\endpointserverimp.cpp:164 ERROR EndPointServerThreadCounter - PostHandleRequest() failed - <Unknown Exception>.
2025-06-13 17:38:54,607 [0x00002c88] f:\endpointserver\server\endpointserverimp.cpp:164 ERROR EndPointServerThreadCounter - PostHandleRequest() failed - <Unknown Exception>.
2025-06-13 17:38:54,609 [0x00002d40] f:\endpointserver\server\endpointserverimp.cpp:164 ERROR EndPointServerThreadCounter - PostHandleRequest() failed - <Unknown Exception>.
2025-06-13 17:38:59,601 [0x00002d6c] f:\endpointserver\server\endpointserverimp.cpp:164 ERROR EndPointServerThreadCounter - PostHandleRequest() failed - <Unknown Exception>.
2025-06-13 17:38:59,605 [0x00002c88] f:\endpointserver\server\endpointserverimp.cpp:164 ERROR EndPointServerThreadCounter - PostHandleRequest() failed - <Unknown Exception>.
2025-06-13 17:38:59,607 [0x00002d40] f:\endpointserver\server\endpointserverimp.cpp:164 ERROR EndPointServerThreadCounter - PostHandleRequest() failed - <Unknown Exception>.
2025-06-13 17:39:00,591 [0x00002d48] f:\endpointserver\server\endpointserverimp.cpp:164 ERROR EndPointServerThreadCounter - PostHandleRequest() failed - <Unknown Exception>.
2025-06-13 17:39:00,592 [0x00002d74] f:\endpointserver\server\endpointserverimp.cpp:164 ERROR EndPointServerThreadCounter - PostHandleRequest() failed - <Unknown Exception>.
2025-06-13 17:39:00,593 [0x00002d0c] f:\endpointserver\server\endpointserverimp.cpp:164 ERROR EndPointServerThreadCounter - PostHandleRequest() failed - <Unknown Exception>.
2025-06-13 17:39:00,592 [0x00002d44] f:\endpointserver\server\endpointserverimp.cpp:164 ERROR EndPointServerThreadCounter - PostHandleRequest() failed - <Unknown Exception>.
2025-06-13 17:39:00,592 [0x00002cac] f:\endpointserver\server\endpointserverimp.cpp:164 ERROR EndPointServerThreadCounter - PostHandleRequest() failed - <Unknown Exception>.
2025-06-13 17:39:00,595 [0x00002cb4] f:\endpointserver\server\endpointserverimp.cpp:164 ERROR EndPointServerThreadCounter - PostHandleRequest() failed - <Unknown Exception>.
2025-06-13 17:39:00,610 [0x00002d70] f:\endpointserver\server\endpointserverimp.cpp:164 ERROR EndPointServerThreadCounter - PostHandleRequest() failed - <Unknown Exception>.
2025-06-13 17:39:14,595 [0x00002d70] f:\endpointserver\server\endpointserverimp.cpp:164 ERROR EndPointServerThreadCounter - PostHandleRequest() failed - <Unknown Exception>.
2025-06-13 17:39:14,597 [0x00002cb4] f:\endpointserver\server\endpointserverimp.cpp:164 ERROR EndPointServerThreadCounter - PostHandleRequest() failed - <Unknown Exception>.
2025-06-13 17:39:14,598 [0x00002d0c] f:\endpointserver\server\endpointserverimp.cpp:164 ERROR EndPointServerThreadCounter - PostHandleRequest() failed - <Unknown Exception>.
2025-06-13 17:39:14,598 [0x00002d9c] f:\endpointserver\server\endpointserverimp.cpp:164 ERROR EndPointServerThreadCounter - PostHandleRequest() failed - <Unknown Exception>.
2025-06-13 17:39:14,598 [0x00002d44] f:\endpointserver\server\endpointserverimp.cpp:164 ERROR EndPointServerThreadCounter - PostHandleRequest() failed - <Unknown Exception>.
2025-06-13 17:39:14,598 [0x00002d74] f:\endpointserver\server\endpointserverimp.cpp:164 ERROR EndPointServerThreadCounter - PostHandleRequest() failed - <Unknown Exception>.
2025-06-13 17:39:14,598 [0x00002d48] f:\endpointserver\server\endpointserverimp.cpp:164 ERROR EndPointServerThreadCounter - PostHandleRequest() failed - <Unknown Exception>.
2025-06-13 17:39:14,598 [0x00002cac] f:\endpointserver\server\endpointserverimp.cpp:164 ERROR EndPointServerThreadCounter - PostHandleRequest() failed - <Unknown Exception>.
2025-06-13 17:39:14,601 [0x00002d14] f:\endpointserver\server\endpointserverimp.cpp:164 ERROR EndPointServerThreadCounter - PostHandleRequest() failed - <Unknown Exception>.
2025-06-13 17:39:14,601 [0x00002d10] f:\endpointserver\server\endpointserverimp.cpp:164 ERROR EndPointServerThreadCounter - PostHandleRequest() failed - <Unknown Exception>.
2025-06-13 17:39:14,602 [0x00002d70] f:\endpointserver\server\endpointserverimp.cpp:164 ERROR EndPointServerThreadCounter - PostHandleRequest() failed - <Unknown Exception>.
2025-06-13 17:39:14,602 [0x00002d6c] f:\endpointserver\server\endpointserverimp.cpp:164 ERROR EndPointServerThreadCounter - PostHandleRequest() failed - <Unknown Exception>.
2025-06-13 17:39:14,605 [0x00002d48] f:\endpointserver\server\endpointserverimp.cpp:164 ERROR EndPointServerThreadCounter - PostHandleRequest() failed - <Unknown Exception>.
2025-06-13 17:39:14,607 [0x00002d14] f:\endpointserver\server\endpointserverimp.cpp:164 ERROR EndPointServerThreadCounter - PostHandleRequest() failed - <Unknown Exception>.
2025-06-13 17:39:14,607 [0x00002d10] f:\endpointserver\server\endpointserverimp.cpp:164 ERROR EndPointServerThreadCounter - PostHandleRequest() failed - <Unknown Exception>.
2025-06-13 17:39:14,607 [0x00002d0c] f:\endpointserver\server\endpointserverimp.cpp:164 ERROR EndPointServerThreadCounter - PostHandleRequest() failed - <Unknown Exception>.
2025-06-13 17:39:14,608 [0x00002cac] f:\endpointserver\server\endpointserverimp.cpp:164 ERROR EndPointServerThreadCounter - PostHandleRequest() failed - <Unknown Exception>.
2025-06-13 17:39:15,593 [0x00002d0c] f:\endpointserver\server\endpointserverimp.cpp:164 ERROR EndPointServerThreadCounter - PostHandleRequest() failed - <Unknown Exception>.
2025-06-13 17:39:44,595 [0x00002d0c] f:\endpointserver\server\endpointserverimp.cpp:164 ERROR EndPointServerThreadCounter - PostHandleRequest() failed - <Unknown Exception>.
2025-06-13 17:39:44,599 [0x00002d74] f:\endpointserver\server\endpointserverimp.cpp:164 ERROR EndPointServerThreadCounter - PostHandleRequest() failed - <Unknown Exception>.
2025-06-13 17:39:44,599 [0x00002d44] f:\endpointserver\server\endpointserverimp.cpp:164 ERROR EndPointServerThreadCounter - PostHandleRequest() failed - <Unknown Exception>.
2025-06-13 17:39:44,599 [0x00002d48] f:\endpointserver\server\endpointserverimp.cpp:164 ERROR EndPointServerThreadCounter - PostHandleRequest() failed - <Unknown Exception>.
2025-06-13 17:39:44,599 [0x00002d10] f:\endpointserver\server\endpointserverimp.cpp:164 ERROR EndPointServerThreadCounter - PostHandleRequest() failed - <Unknown Exception>.
2025-06-13 17:39:44,600 [0x00002d9c] f:\endpointserver\server\endpointserverimp.cpp:164 ERROR EndPointServerThreadCounter - PostHandleRequest() failed - <Unknown Exception>.
2025-06-13 17:39:44,600 [0x00002cac] f:\endpointserver\server\endpointserverimp.cpp:164 ERROR EndPointServerThreadCounter - PostHandleRequest() failed - <Unknown Exception>.
2025-06-13 17:39:44,602 [0x00002c88] f:\endpointserver\server\endpointserverimp.cpp:164 ERROR EndPointServerThreadCounter - PostHandleRequest() failed - <Unknown Exception>.
2025-06-13 17:39:44,603 [0x00002d70] f:\endpointserver\server\endpointserverimp.cpp:164 ERROR EndPointServerThreadCounter - PostHandleRequest() failed - <Unknown Exception>.
2025-06-13 17:39:45,595 [0x00002d14] f:\endpointserver\server\endpointserverimp.cpp:164 ERROR EndPointServerThreadCounter - PostHandleRequest() failed - <Unknown Exception>.
2025-06-13 17:39:45,601 [0x00002d44] f:\endpointserver\server\endpointserverimp.cpp:164 ERROR EndPointServerThreadCounter - PostHandleRequest() failed - <Unknown Exception>.
2025-06-13 17:39:45,604 [0x00002d10] f:\endpointserver\server\endpointserverimp.cpp:164 ERROR EndPointServerThreadCounter - PostHandleRequest() failed - <Unknown Exception>.
2025-06-13 17:40:16,598 [0x00002cb8] f:\endpointserver\server\endpointserverimp.cpp:164 ERROR EndPointServerThreadCounter - PostHandleRequest() failed - <Unknown Exception>.
2025-06-13 17:40:16,598 [0x00002d78] f:\endpointserver\server\endpointserverimp.cpp:164 ERROR EndPointServerThreadCounter - PostHandleRequest() failed - <Unknown Exception>.
2025-06-13 17:40:16,599 [0x00002ce8] f:\endpointserver\server\endpointserverimp.cpp:164 ERROR EndPointServerThreadCounter - PostHandleRequest() failed - <Unknown Exception>.
2025-06-13 17:40:16,599 [0x00002d48] f:\endpointserver\server\endpointserverimp.cpp:164 ERROR EndPointServerThreadCounter - PostHandleRequest() failed - <Unknown Exception>.
2025-06-13 17:40:16,600 [0x00002cb4] f:\endpointserver\server\endpointserverimp.cpp:164 ERROR EndPointServerThreadCounter - PostHandleRequest() failed - <Unknown Exception>.
2025-06-13 17:40:16,600 [0x00002da0] f:\endpointserver\server\endpointserverimp.cpp:164 ERROR EndPointServerThreadCounter - PostHandleRequest() failed - <Unknown Exception>.
2025-06-13 17:40:16,601 [0x00002d6c] f:\endpointserver\server\endpointserverimp.cpp:164 ERROR EndPointServerThreadCounter - PostHandleRequest() failed - <Unknown Exception>.
2025-06-13 17:40:16,602 [0x00002da4] f:\endpointserver\server\endpointserverimp.cpp:164 ERROR EndPointServerThreadCounter - PostHandleRequest() failed - <Unknown Exception>.
2025-06-13 17:40:16,602 [0x00002d40] f:\endpointserver\server\endpointserverimp.cpp:164 ERROR EndPointServerThreadCounter - PostHandleRequest() failed - <Unknown Exception>.
2025-06-13 17:40:16,602 [0x00002c88] f:\endpointserver\server\endpointserverimp.cpp:164 ERROR EndPointServerThreadCounter - PostHandleRequest() failed - <Unknown Exception>.
2025-06-13 17:40:16,602 [0x00002d14] f:\endpointserver\server\endpointserverimp.cpp:164 ERROR EndPointServerThreadCounter - PostHandleRequest() failed - <Unknown Exception>.
2025-06-13 17:40:17,596 [0x00002d40] f:\endpointserver\server\endpointserverimp.cpp:164 ERROR EndPointServerThreadCounter - PostHandleRequest() failed - <Unknown Exception>.
2025-06-13 17:40:17,596 [0x00002da4] f:\endpointserver\server\endpointserverimp.cpp:164 ERROR EndPointServerThreadCounter - PostHandleRequest() failed - <Unknown Exception>.
2025-06-13 17:40:17,596 [0x00002c88] f:\endpointserver\server\endpointserverimp.cpp:164 ERROR EndPointServerThreadCounter - PostHandleRequest() failed - <Unknown Exception>.
2025-06-13 17:40:17,599 [0x00002d14] f:\endpointserver\server\endpointserverimp.cpp:164 ERROR EndPointServerThreadCounter - PostHandleRequest() failed - <Unknown Exception>.
2025-06-13 17:40:17,599 [0x00002cb4] f:\endpointserver\server\endpointserverimp.cpp:164 ERROR EndPointServerThreadCounter - PostHandleRequest() failed - <Unknown Exception>.
2025-06-13 17:40:17,600 [0x00002d10] f:\endpointserver\server\endpointserverimp.cpp:164 ERROR EndPointServerThreadCounter - PostHandleRequest() failed - <Unknown Exception>.
2025-06-13 17:40:17,600 [0x00002d6c] f:\endpointserver\server\endpointserverimp.cpp:164 ERROR EndPointServerThreadCounter - PostHandleRequest() failed - <Unknown Exception>.
2025-06-13 17:40:17,602 [0x00002da4] f:\endpointserver\server\endpointserverimp.cpp:164 ERROR EndPointServerThreadCounter - PostHandleRequest() failed - <Unknown Exception>.
2025-06-13 17:40:17,602 [0x00002d40] f:\endpointserver\server\endpointserverimp.cpp:164 ERROR EndPointServerThreadCounter - PostHandleRequest() failed - <Unknown Exception>.
2025-06-13 17:40:17,603 [0x00002c88] f:\endpointserver\server\endpointserverimp.cpp:164 ERROR EndPointServerThreadCounter - PostHandleRequest() failed - <Unknown Exception>.
2025-06-13 17:40:17,605 [0x00002cb4] f:\endpointserver\server\endpointserverimp.cpp:164 ERROR EndPointServerThreadCounter - PostHandleRequest() failed - <Unknown Exception>.
2025-06-13 17:40:17,610 [0x00002cb4] f:\endpointserver\server\endpointserverimp.cpp:164 ERROR EndPointServerThreadCounter - PostHandleRequest() failed - <Unknown Exception>.
2025-06-13 17:40:47,628 [0x00002cb4] f:\endpointserver\server\endpointserverimp.cpp:164 ERROR EndPointServerThreadCounter - PostHandleRequest() failed - <Unknown Exception>.
2025-06-13 17:40:48,599 [0x00002c88] f:\endpointserver\server\endpointserverimp.cpp:164 ERROR EndPointServerThreadCounter - PostHandleRequest() failed - <Unknown Exception>.
2025-06-13 17:40:48,599 [0x00002cb4] f:\endpointserver\server\endpointserverimp.cpp:164 ERROR EndPointServerThreadCounter - PostHandleRequest() failed - <Unknown Exception>.
2025-06-13 17:40:48,599 [0x00002da4] f:\endpointserver\server\endpointserverimp.cpp:164 ERROR EndPointServerThreadCounter - PostHandleRequest() failed - <Unknown Exception>.
2025-06-13 17:40:48,605 [0x00002d84] f:\endpointserver\server\endpointserverimp.cpp:164 ERROR EndPointServerThreadCounter - PostHandleRequest() failed - <Unknown Exception>.
2025-06-13 17:40:48,605 [0x00002c54] f:\endpointserver\server\endpointserverimp.cpp:164 ERROR EndPointServerThreadCounter - PostHandleRequest() failed - <Unknown Exception>.
2025-06-13 17:40:48,605 [0x00002c84] f:\endpointserver\server\endpointserverimp.cpp:164 ERROR EndPointServerThreadCounter - PostHandleRequest() failed - <Unknown Exception>.
2025-06-13 17:40:48,605 [0x00002c50] f:\endpointserver\server\endpointserverimp.cpp:164 ERROR EndPointServerThreadCounter - PostHandleRequest() failed - <Unknown Exception>.
2025-06-13 17:40:48,605 [0x00002c58] f:\endpointserver\server\endpointserverimp.cpp:164 ERROR EndPointServerThreadCounter - PostHandleRequest() failed - <Unknown Exception>.
2025-06-13 17:40:48,605 [0x00002da8] f:\endpointserver\server\endpointserverimp.cpp:164 ERROR EndPointServerThreadCounter - PostHandleRequest() failed - <Unknown Exception>.
2025-06-13 17:40:48,605 [0x00002ce4] f:\endpointserver\server\endpointserverimp.cpp:164 ERROR EndPointServerThreadCounter - PostHandleRequest() failed - <Unknown Exception>.
2025-06-13 17:40:48,606 [0x00002c80] f:\endpointserver\server\endpointserverimp.cpp:164 ERROR EndPointServerThreadCounter - PostHandleRequest() failed - <Unknown Exception>.
2025-06-13 17:40:48,606 [0x00002c7c] f:\endpointserver\server\endpointserverimp.cpp:164 ERROR EndPointServerThreadCounter - PostHandleRequest() failed - <Unknown Exception>.
2025-06-13 17:40:48,606 [0x00002bf4] f:\endpointserver\server\endpointserverimp.cpp:164 ERROR EndPointServerThreadCounter - PostHandleRequest() failed - <Unknown Exception>.
2025-06-13 17:40:48,608 [0x00002d88] f:\endpointserver\server\endpointserverimp.cpp:164 ERROR EndPointServerThreadCounter - PostHandleRequest() failed - <Unknown Exception>.
2025-06-13 17:40:48,607 [0x00002d18] f:\endpointserver\server\endpointserverimp.cpp:164 ERROR EndPointServerThreadCounter - PostHandleRequest() failed - <Unknown Exception>.
2025-06-13 17:40:48,607 [0x00002cb0] f:\endpointserver\server\endpointserverimp.cpp:164 ERROR EndPointServerThreadCounter - PostHandleRequest() failed - <Unknown Exception>.
2025-06-13 17:40:48,607 [0x00002cdc] f:\endpointserver\server\endpointserverimp.cpp:164 ERROR EndPointServerThreadCounter - PostHandleRequest() failed - <Unknown Exception>.
2025-06-13 17:40:48,607 [0x00002d74] f:\endpointserver\server\endpointserverimp.cpp:164 ERROR EndPointServerThreadCounter - PostHandleRequest() failed - <Unknown Exception>.
2025-06-13 17:40:48,607 [0x00002ce0] f:\endpointserver\server\endpointserverimp.cpp:164 ERROR EndPointServerThreadCounter - PostHandleRequest() failed - <Unknown Exception>.
2025-06-13 17:40:48,608 [0x00002dcc] f:\endpointserver\server\endpointserverimp.cpp:164 ERROR EndPointServerThreadCounter - PostHandleRequest() failed - <Unknown Exception>.
2025-06-13 17:40:48,607 [0x00002d3c] f:\endpointserver\server\endpointserverimp.cpp:164 ERROR EndPointServerThreadCounter - PostHandleRequest() failed - <Unknown Exception>.
2025-06-13 17:40:48,609 [0x00002c20] f:\endpointserver\server\endpointserverimp.cpp:164 ERROR EndPointServerThreadCounter - PostHandleRequest() failed - <Unknown Exception>.
2025-06-13 17:40:48,610 [0x00002d48] f:\endpointserver\server\endpointserverimp.cpp:164 ERROR EndPointServerThreadCounter - PostHandleRequest() failed - <Unknown Exception>.
2025-06-13 17:40:48,610 [0x00002d9c] f:\endpointserver\server\endpointserverimp.cpp:164 ERROR EndPointServerThreadCounter - PostHandleRequest() failed - <Unknown Exception>.
2025-06-13 17:40:48,610 [0x00002ce8] f:\endpointserver\server\endpointserverimp.cpp:164 ERROR EndPointServerThreadCounter - PostHandleRequest() failed - <Unknown Exception>.
2025-06-13 17:40:48,611 [0x00002cac] f:\endpointserver\server\endpointserverimp.cpp:164 ERROR EndPointServerThreadCounter - PostHandleRequest() failed - <Unknown Exception>.
2025-06-13 17:40:48,611 [0x00002d0c] f:\endpointserver\server\endpointserverimp.cpp:164 ERROR EndPointServerThreadCounter - PostHandleRequest() failed - <Unknown Exception>.
2025-06-13 17:40:48,611 [0x00002c28] f:\endpointserver\server\endpointserverimp.cpp:164 ERROR EndPointServerThreadCounter - PostHandleRequest() failed - <Unknown Exception>.
2025-06-13 17:40:48,611 [0x00002c24] f:\endpointserver\server\endpointserverimp.cpp:164 ERROR EndPointServerThreadCounter - PostHandleRequest() failed - <Unknown Exception>.
2025-06-13 17:40:48,611 [0x00002d44] f:\endpointserver\server\endpointserverimp.cpp:164 ERROR EndPointServerThreadCounter - PostHandleRequest() failed - <Unknown Exception>.
2025-06-13 17:40:48,611 [0x00002c1c] f:\endpointserver\server\endpointserverimp.cpp:164 ERROR EndPointServerThreadCounter - PostHandleRequest() failed - <Unknown Exception>.
2025-06-13 17:40:48,611 [0x00002d70] f:\endpointserver\server\endpointserverimp.cpp:164 ERROR EndPointServerThreadCounter - PostHandleRequest() failed - <Unknown Exception>.
2025-06-13 17:40:48,611 [0x00002c4c] f:\endpointserver\server\endpointserverimp.cpp:164 ERROR EndPointServerThreadCounter - PostHandleRequest() failed - <Unknown Exception>.
2025-06-13 17:40:48,612 [0x00002cb8] f:\endpointserver\server\endpointserverimp.cpp:164 ERROR EndPointServerThreadCounter - PostHandleRequest() failed - <Unknown Exception>.
2025-06-13 17:40:48,614 [0x00002d78] f:\endpointserver\server\endpointserverimp.cpp:164 ERROR EndPointServerThreadCounter - PostHandleRequest() failed - <Unknown Exception>.
2025-06-13 17:40:48,614 [0x00002da0] f:\endpointserver\server\endpointserverimp.cpp:164 ERROR EndPointServerThreadCounter - PostHandleRequest() failed - <Unknown Exception>.
2025-06-13 17:40:48,614 [0x00002d6c] f:\endpointserver\server\endpointserverimp.cpp:164 ERROR EndPointServerThreadCounter - PostHandleRequest() failed - <Unknown Exception>.
2025-06-13 17:40:48,614 [0x00002d10] f:\endpointserver\server\endpointserverimp.cpp:164 ERROR EndPointServerThreadCounter - PostHandleRequest() failed - <Unknown Exception>.
2025-06-13 17:40:48,614 [0x00002d14] f:\endpointserver\server\endpointserverimp.cpp:164 ERROR EndPointServerThreadCounter - PostHandleRequest() failed - <Unknown Exception>.
2025-06-13 17:40:48,614 [0x00002d40] f:\endpointserver\server\endpointserverimp.cpp:164 ERROR EndPointServerThreadCounter - PostHandleRequest() failed - <Unknown Exception>.
2025-06-13 17:40:48,614 [0x00002bec] f:\endpointserver\server\endpointserverimp.cpp:164 ERROR EndPointServerThreadCounter - PostHandleRequest() failed - <Unknown Exception>.
2025-06-13 17:40:48,615 [0x00002bf0] f:\endpointserver\server\endpointserverimp.cpp:164 ERROR EndPointServerThreadCounter - PostHandleRequest() failed - <Unknown Exception>.
2025-06-13 17:40:48,617 [0x00002bc4] f:\endpointserver\server\endpointserverimp.cpp:164 ERROR EndPointServerThreadCounter - PostHandleRequest() failed - <Unknown Exception>.
2025-06-13 17:40:48,622 [0x00002da4] f:\endpointserver\server\endpointserverimp.cpp:164 ERROR EndPointServerThreadCounter - PostHandleRequest() failed - <Unknown Exception>.
2025-06-13 17:40:48,622 [0x00002cb4] f:\endpointserver\server\endpointserverimp.cpp:164 ERROR EndPointServerThreadCounter - PostHandleRequest() failed - <Unknown Exception>.
2025-06-13 17:40:48,625 [0x00002bbc] f:\endpointserver\server\endpointserverimp.cpp:164 ERROR EndPointServerThreadCounter - PostHandleRequest() failed - <Unknown Exception>.
2025-06-13 17:40:48,628 [0x00002c88] f:\endpointserver\server\endpointserverimp.cpp:164 ERROR EndPointServerThreadCounter - PostHandleRequest() failed - <Unknown Exception>.
2025-06-13 17:40:48,628 [0x00002bc0] f:\endpointserver\server\endpointserverimp.cpp:164 ERROR EndPointServerThreadCounter - PostHandleRequest() failed - <Unknown Exception>.
2025-06-13 17:40:48,632 [0x00002c80] f:\endpointserver\server\endpointserverimp.cpp:164 ERROR EndPointServerThreadCounter - PostHandleRequest() failed - <Unknown Exception>.
2025-06-13 17:40:55,601 [0x00002c80] f:\endpointserver\server\endpointserverimp.cpp:164 ERROR EndPointServerThreadCounter - PostHandleRequest() failed - <Unknown Exception>.
2025-06-13 17:40:55,601 [0x00002bc0] f:\endpointserver\server\endpointserverimp.cpp:164 ERROR EndPointServerThreadCounter - PostHandleRequest() failed - <Unknown Exception>.
2025-06-13 17:40:55,602 [0x00002c88] f:\endpointserver\server\endpointserverimp.cpp:164 ERROR EndPointServerThreadCounter - PostHandleRequest() failed - <Unknown Exception>.
2025-06-13 17:40:55,605 [0x00002bc0] f:\endpointserver\server\endpointserverimp.cpp:164 ERROR EndPointServerThreadCounter - PostHandleRequest() failed - <Unknown Exception>.
2025-06-13 17:40:56,598 [0x00002cb4] f:\endpointserver\server\endpointserverimp.cpp:164 ERROR EndPointServerThreadCounter - PostHandleRequest() failed - <Unknown Exception>.
2025-06-13 17:40:56,599 [0x00002bbc] f:\endpointserver\server\endpointserverimp.cpp:164 ERROR EndPointServerThreadCounter - PostHandleRequest() failed - <Unknown Exception>.
2025-06-13 17:40:56,599 [0x00002c80] f:\endpointserver\server\endpointserverimp.cpp:164 ERROR EndPointServerThreadCounter - PostHandleRequest() failed - <Unknown Exception>.
2025-06-13 17:41:13,599 [0x00002d74] f:\endpointserver\server\endpointserverimp.cpp:164 ERROR EndPointServerThreadCounter - PostHandleRequest() failed - <Unknown Exception>.
2025-06-13 17:41:27,605 [0x00002bf0] f:\endpointserver\server\endpointserverimp.cpp:164 ERROR EndPointServerThreadCounter - PostHandleRequest() failed - <Unknown Exception>.
2025-06-13 17:41:27,605 [0x00002d74] f:\endpointserver\server\endpointserverimp.cpp:164 ERROR EndPointServerThreadCounter - PostHandleRequest() failed - <Unknown Exception>.
2025-06-13 17:41:27,608 [0x00002bc4] f:\endpointserver\server\endpointserverimp.cpp:164 ERROR EndPointServerThreadCounter - PostHandleRequest() failed - <Unknown Exception>.
2025-06-13 17:41:27,611 [0x00002ce0] f:\endpointserver\server\endpointserverimp.cpp:164 ERROR EndPointServerThreadCounter - PostHandleRequest() failed - <Unknown Exception>.
2025-06-13 17:41:27,611 [0x00002c88] f:\endpointserver\server\endpointserverimp.cpp:164 ERROR EndPointServerThreadCounter - PostHandleRequest() failed - <Unknown Exception>.
2025-06-13 17:41:27,621 [0x00002bc0] f:\endpointserver\server\endpointserverimp.cpp:164 ERROR EndPointServerThreadCounter - PostHandleRequest() failed - <Unknown Exception>.
2025-06-13 17:41:28,600 [0x00002d9c] f:\endpointserver\server\endpointserverimp.cpp:164 ERROR EndPointServerThreadCounter - PostHandleRequest() failed - <Unknown Exception>.
2025-06-13 17:41:28,600 [0x00002d70] f:\endpointserver\server\endpointserverimp.cpp:164 ERROR EndPointServerThreadCounter - PostHandleRequest() failed - <Unknown Exception>.
2025-06-13 17:41:28,600 [0x00002cb8] f:\endpointserver\server\endpointserverimp.cpp:164 ERROR EndPointServerThreadCounter - PostHandleRequest() failed - <Unknown Exception>.
2025-06-13 17:41:28,600 [0x00002d48] f:\endpointserver\server\endpointserverimp.cpp:164 ERROR EndPointServerThreadCounter - PostHandleRequest() failed - <Unknown Exception>.
2025-06-13 17:41:28,603 [0x00002d14] f:\endpointserver\server\endpointserverimp.cpp:164 ERROR EndPointServerThreadCounter - PostHandleRequest() failed - <Unknown Exception>.
2025-06-13 17:41:28,603 [0x00002c4c] f:\endpointserver\server\endpointserverimp.cpp:164 ERROR EndPointServerThreadCounter - PostHandleRequest() failed - <Unknown Exception>.
2025-06-13 17:41:28,603 [0x00002d10] f:\endpointserver\server\endpointserverimp.cpp:164 ERROR EndPointServerThreadCounter - PostHandleRequest() failed - <Unknown Exception>.
2025-06-13 17:41:28,603 [0x00002c28] f:\endpointserver\server\endpointserverimp.cpp:164 ERROR EndPointServerThreadCounter - PostHandleRequest() failed - <Unknown Exception>.
2025-06-13 17:41:28,603 [0x00002da0] f:\endpointserver\server\endpointserverimp.cpp:164 ERROR EndPointServerThreadCounter - PostHandleRequest() failed - <Unknown Exception>.
2025-06-13 17:41:28,607 [0x00002cac] f:\endpointserver\server\endpointserverimp.cpp:164 ERROR EndPointServerThreadCounter - PostHandleRequest() failed - <Unknown Exception>.
2025-06-13 17:41:28,607 [0x00002d6c] f:\endpointserver\server\endpointserverimp.cpp:164 ERROR EndPointServerThreadCounter - PostHandleRequest() failed - <Unknown Exception>.
2025-06-13 17:41:28,610 [0x00002d78] f:\endpointserver\server\endpointserverimp.cpp:164 ERROR EndPointServerThreadCounter - PostHandleRequest() failed - <Unknown Exception>.
2025-06-13 17:41:28,610 [0x00002c20] f:\endpointserver\server\endpointserverimp.cpp:164 ERROR EndPointServerThreadCounter - PostHandleRequest() failed - <Unknown Exception>.
2025-06-13 17:41:28,610 [0x00002dcc] f:\endpointserver\server\endpointserverimp.cpp:164 ERROR EndPointServerThreadCounter - PostHandleRequest() failed - <Unknown Exception>.
2025-06-13 17:41:28,610 [0x00002d0c] f:\endpointserver\server\endpointserverimp.cpp:164 ERROR EndPointServerThreadCounter - PostHandleRequest() failed - <Unknown Exception>.
2025-06-13 17:41:28,610 [0x00002d40] f:\endpointserver\server\endpointserverimp.cpp:164 ERROR EndPointServerThreadCounter - PostHandleRequest() failed - <Unknown Exception>.
2025-06-13 17:41:28,610 [0x00002bf4] f:\endpointserver\server\endpointserverimp.cpp:164 ERROR EndPointServerThreadCounter - PostHandleRequest() failed - <Unknown Exception>.
2025-06-13 17:41:28,613 [0x00002ce8] f:\endpointserver\server\endpointserverimp.cpp:164 ERROR EndPointServerThreadCounter - PostHandleRequest() failed - <Unknown Exception>.
2025-06-13 17:41:28,613 [0x00002d18] f:\endpointserver\server\endpointserverimp.cpp:164 ERROR EndPointServerThreadCounter - PostHandleRequest() failed - <Unknown Exception>.
2025-06-13 17:41:28,613 [0x00002d88] f:\endpointserver\server\endpointserverimp.cpp:164 ERROR EndPointServerThreadCounter - PostHandleRequest() failed - <Unknown Exception>.
2025-06-13 17:41:28,613 [0x00002c1c] f:\endpointserver\server\endpointserverimp.cpp:164 ERROR EndPointServerThreadCounter - PostHandleRequest() failed - <Unknown Exception>.
2025-06-13 17:41:28,613 [0x00002d44] f:\endpointserver\server\endpointserverimp.cpp:164 ERROR EndPointServerThreadCounter - PostHandleRequest() failed - <Unknown Exception>.
2025-06-13 17:41:28,613 [0x00002c7c] f:\endpointserver\server\endpointserverimp.cpp:164 ERROR EndPointServerThreadCounter - PostHandleRequest() failed - <Unknown Exception>.
2025-06-13 17:41:28,617 [0x00002c24] f:\endpointserver\server\endpointserverimp.cpp:164 ERROR EndPointServerThreadCounter - PostHandleRequest() failed - <Unknown Exception>.
2025-06-13 17:41:28,617 [0x00002cb0] f:\endpointserver\server\endpointserverimp.cpp:164 ERROR EndPointServerThreadCounter - PostHandleRequest() failed - <Unknown Exception>.
2025-06-13 17:41:28,617 [0x00002cdc] f:\endpointserver\server\endpointserverimp.cpp:164 ERROR EndPointServerThreadCounter - PostHandleRequest() failed - <Unknown Exception>.
2025-06-13 17:41:28,617 [0x00002d3c] f:\endpointserver\server\endpointserverimp.cpp:164 ERROR EndPointServerThreadCounter - PostHandleRequest() failed - <Unknown Exception>.
2025-06-13 17:41:28,617 [0x00002cb4] f:\endpointserver\server\endpointserverimp.cpp:164 ERROR EndPointServerThreadCounter - PostHandleRequest() failed - <Unknown Exception>.
2025-06-13 17:41:28,620 [0x00002da4] f:\endpointserver\server\endpointserverimp.cpp:164 ERROR EndPointServerThreadCounter - PostHandleRequest() failed - <Unknown Exception>.
2025-06-13 17:41:28,620 [0x00002bc0] f:\endpointserver\server\endpointserverimp.cpp:164 ERROR EndPointServerThreadCounter - PostHandleRequest() failed - <Unknown Exception>.
2025-06-13 17:41:28,620 [0x00002ce0] f:\endpointserver\server\endpointserverimp.cpp:164 ERROR EndPointServerThreadCounter - PostHandleRequest() failed - <Unknown Exception>.
2025-06-13 17:41:28,620 [0x00002bf0] f:\endpointserver\server\endpointserverimp.cpp:164 ERROR EndPointServerThreadCounter - PostHandleRequest() failed - <Unknown Exception>.
2025-06-13 17:41:28,620 [0x00002c80] f:\endpointserver\server\endpointserverimp.cpp:164 ERROR EndPointServerThreadCounter - PostHandleRequest() failed - <Unknown Exception>.
2025-06-13 17:41:28,620 [0x00002bec] f:\endpointserver\server\endpointserverimp.cpp:164 ERROR EndPointServerThreadCounter - PostHandleRequest() failed - <Unknown Exception>.
2025-06-13 17:41:28,623 [0x00002bc4] f:\endpointserver\server\endpointserverimp.cpp:164 ERROR EndPointServerThreadCounter - PostHandleRequest() failed - <Unknown Exception>.
2025-06-13 17:41:28,623 [0x00002c88] f:\endpointserver\server\endpointserverimp.cpp:164 ERROR EndPointServerThreadCounter - PostHandleRequest() failed - <Unknown Exception>.
2025-06-13 17:41:28,623 [0x00002d74] f:\endpointserver\server\endpointserverimp.cpp:164 ERROR EndPointServerThreadCounter - PostHandleRequest() failed - <Unknown Exception>.
2025-06-13 17:41:28,623 [0x00002bbc] f:\endpointserver\server\endpointserverimp.cpp:164 ERROR EndPointServerThreadCounter - PostHandleRequest() failed - <Unknown Exception>.
2025-06-13 17:41:28,626 [0x00002c54] f:\endpointserver\server\endpointserverimp.cpp:164 ERROR EndPointServerThreadCounter - PostHandleRequest() failed - <Unknown Exception>.
2025-06-13 17:41:28,634 [0x00002d10] f:\endpointserver\server\endpointserverimp.cpp:164 ERROR EndPointServerThreadCounter - PostHandleRequest() failed - <Unknown Exception>.
2025-06-13 17:41:28,634 [0x00002d48] f:\endpointserver\server\endpointserverimp.cpp:164 ERROR EndPointServerThreadCounter - PostHandleRequest() failed - <Unknown Exception>.
2025-06-13 17:41:28,637 [0x00002d40] f:\endpointserver\server\endpointserverimp.cpp:164 ERROR EndPointServerThreadCounter - PostHandleRequest() failed - <Unknown Exception>.
2025-06-13 17:41:28,643 [0x00002d3c] f:\endpointserver\server\endpointserverimp.cpp:164 ERROR EndPointServerThreadCounter - PostHandleRequest() failed - <Unknown Exception>.
2025-06-13 17:41:28,644 [0x00002cb4] f:\endpointserver\server\endpointserverimp.cpp:164 ERROR EndPointServerThreadCounter - PostHandleRequest() failed - <Unknown Exception>.
2025-06-13 17:42:05,609 [0x00002d10] f:\endpointserver\server\endpointserverimp.cpp:164 ERROR EndPointServerThreadCounter - PostHandleRequest() failed - <Unknown Exception>.
2025-06-13 17:42:05,609 [0x00002d40] f:\endpointserver\server\endpointserverimp.cpp:164 ERROR EndPointServerThreadCounter - PostHandleRequest() failed - <Unknown Exception>.
2025-06-13 17:42:05,616 [0x00002cb4] f:\endpointserver\server\endpointserverimp.cpp:164 ERROR EndPointServerThreadCounter - PostHandleRequest() failed - <Unknown Exception>.
2025-06-13 17:42:05,619 [0x00002d3c] f:\endpointserver\server\endpointserverimp.cpp:164 ERROR EndPointServerThreadCounter - PostHandleRequest() failed - <Unknown Exception>.
2025-06-13 17:42:05,622 [0x00002d48] f:\endpointserver\server\endpointserverimp.cpp:164 ERROR EndPointServerThreadCounter - PostHandleRequest() failed - <Unknown Exception>.
2025-06-13 17:42:05,643 [0x00002d10] f:\endpointserver\server\endpointserverimp.cpp:164 ERROR EndPointServerThreadCounter - PostHandleRequest() failed - <Unknown Exception>.
2025-06-13 17:42:06,602 [0x00002cb4] f:\endpointserver\server\endpointserverimp.cpp:164 ERROR EndPointServerThreadCounter - PostHandleRequest() failed - <Unknown Exception>.
2025-06-13 17:42:06,603 [0x00002c54] f:\endpointserver\server\endpointserverimp.cpp:164 ERROR EndPointServerThreadCounter - PostHandleRequest() failed - <Unknown Exception>.
2025-06-13 17:42:06,603 [0x00002c80] f:\endpointserver\server\endpointserverimp.cpp:164 ERROR EndPointServerThreadCounter - PostHandleRequest() failed - <Unknown Exception>.
2025-06-13 17:42:06,603 [0x00002d40] f:\endpointserver\server\endpointserverimp.cpp:164 ERROR EndPointServerThreadCounter - PostHandleRequest() failed - <Unknown Exception>.
2025-06-13 17:42:06,604 [0x00002bf0] f:\endpointserver\server\endpointserverimp.cpp:164 ERROR EndPointServerThreadCounter - PostHandleRequest() failed - <Unknown Exception>.
2025-06-13 17:42:06,604 [0x00002d48] f:\endpointserver\server\endpointserverimp.cpp:164 ERROR EndPointServerThreadCounter - PostHandleRequest() failed - <Unknown Exception>.
2025-06-13 17:42:06,606 [0x00002bec] f:\endpointserver\server\endpointserverimp.cpp:164 ERROR EndPointServerThreadCounter - PostHandleRequest() failed - <Unknown Exception>.
2025-06-13 17:42:06,608 [0x00002d3c] f:\endpointserver\server\endpointserverimp.cpp:164 ERROR EndPointServerThreadCounter - PostHandleRequest() failed - <Unknown Exception>.
2025-06-13 17:42:06,608 [0x00002d10] f:\endpointserver\server\endpointserverimp.cpp:164 ERROR EndPointServerThreadCounter - PostHandleRequest() failed - <Unknown Exception>.
2025-06-13 17:42:06,609 [0x00002d74] f:\endpointserver\server\endpointserverimp.cpp:164 ERROR EndPointServerThreadCounter - PostHandleRequest() failed - <Unknown Exception>.
2025-06-13 17:42:06,610 [0x00002da4] f:\endpointserver\server\endpointserverimp.cpp:164 ERROR EndPointServerThreadCounter - PostHandleRequest() failed - <Unknown Exception>.
2025-06-13 17:42:06,611 [0x00002bc4] f:\endpointserver\server\endpointserverimp.cpp:164 ERROR EndPointServerThreadCounter - PostHandleRequest() failed - <Unknown Exception>.
2025-06-13 17:42:06,611 [0x00002bc0] f:\endpointserver\server\endpointserverimp.cpp:164 ERROR EndPointServerThreadCounter - PostHandleRequest() failed - <Unknown Exception>.
2025-06-13 17:42:06,612 [0x00002c88] f:\endpointserver\server\endpointserverimp.cpp:164 ERROR EndPointServerThreadCounter - PostHandleRequest() failed - <Unknown Exception>.
2025-06-13 17:42:06,612 [0x00002bbc] f:\endpointserver\server\endpointserverimp.cpp:164 ERROR EndPointServerThreadCounter - PostHandleRequest() failed - <Unknown Exception>.
2025-06-13 17:42:06,613 [0x00002c1c] f:\endpointserver\server\endpointserverimp.cpp:164 ERROR EndPointServerThreadCounter - PostHandleRequest() failed - <Unknown Exception>.
2025-06-13 17:42:06,615 [0x00002d18] f:\endpointserver\server\endpointserverimp.cpp:164 ERROR EndPointServerThreadCounter - PostHandleRequest() failed - <Unknown Exception>.
2025-06-13 17:42:06,615 [0x00002d88] f:\endpointserver\server\endpointserverimp.cpp:164 ERROR EndPointServerThreadCounter - PostHandleRequest() failed - <Unknown Exception>.
2025-06-13 17:42:06,615 [0x00002c7c] f:\endpointserver\server\endpointserverimp.cpp:164 ERROR EndPointServerThreadCounter - PostHandleRequest() failed - <Unknown Exception>.
2025-06-13 17:42:06,616 [0x00002cdc] f:\endpointserver\server\endpointserverimp.cpp:164 ERROR EndPointServerThreadCounter - PostHandleRequest() failed - <Unknown Exception>.
2025-06-13 17:42:06,617 [0x00002cb0] f:\endpointserver\server\endpointserverimp.cpp:164 ERROR EndPointServerThreadCounter - PostHandleRequest() failed - <Unknown Exception>.
2025-06-13 17:42:06,618 [0x00002ce0] f:\endpointserver\server\endpointserverimp.cpp:164 ERROR EndPointServerThreadCounter - PostHandleRequest() failed - <Unknown Exception>.
2025-06-13 17:42:06,619 [0x00002c24] f:\endpointserver\server\endpointserverimp.cpp:164 ERROR EndPointServerThreadCounter - PostHandleRequest() failed - <Unknown Exception>.
2025-06-13 17:42:06,620 [0x00002d44] f:\endpointserver\server\endpointserverimp.cpp:164 ERROR EndPointServerThreadCounter - PostHandleRequest() failed - <Unknown Exception>.
2025-06-13 17:42:06,621 [0x00002ce8] f:\endpointserver\server\endpointserverimp.cpp:164 ERROR EndPointServerThreadCounter - PostHandleRequest() failed - <Unknown Exception>.
2025-06-13 17:42:06,622 [0x00002d78] f:\endpointserver\server\endpointserverimp.cpp:164 ERROR EndPointServerThreadCounter - PostHandleRequest() failed - <Unknown Exception>.
2025-06-13 17:42:06,622 [0x00002c20] f:\endpointserver\server\endpointserverimp.cpp:164 ERROR EndPointServerThreadCounter - PostHandleRequest() failed - <Unknown Exception>.
2025-06-13 17:42:06,623 [0x00002dcc] f:\endpointserver\server\endpointserverimp.cpp:164 ERROR EndPointServerThreadCounter - PostHandleRequest() failed - <Unknown Exception>.
2025-06-13 17:42:06,623 [0x00002bf4] f:\endpointserver\server\endpointserverimp.cpp:164 ERROR EndPointServerThreadCounter - PostHandleRequest() failed - <Unknown Exception>.
2025-06-13 17:42:06,623 [0x00002d0c] f:\endpointserver\server\endpointserverimp.cpp:164 ERROR EndPointServerThreadCounter - PostHandleRequest() failed - <Unknown Exception>.
2025-06-13 17:42:06,630 [0x00002c54] f:\endpointserver\server\endpointserverimp.cpp:164 ERROR EndPointServerThreadCounter - PostHandleRequest() failed - <Unknown Exception>.
2025-06-13 17:42:06,630 [0x00002d40] f:\endpointserver\server\endpointserverimp.cpp:164 ERROR EndPointServerThreadCounter - PostHandleRequest() failed - <Unknown Exception>.
2025-06-13 17:42:06,630 [0x00002cb4] f:\endpointserver\server\endpointserverimp.cpp:164 ERROR EndPointServerThreadCounter - PostHandleRequest() failed - <Unknown Exception>.
2025-06-13 17:42:06,630 [0x00002c80] f:\endpointserver\server\endpointserverimp.cpp:164 ERROR EndPointServerThreadCounter - PostHandleRequest() failed - <Unknown Exception>.
2025-06-13 17:42:06,633 [0x00002d48] f:\endpointserver\server\endpointserverimp.cpp:164 ERROR EndPointServerThreadCounter - PostHandleRequest() failed - <Unknown Exception>.
2025-06-13 17:42:06,633 [0x00002bec] f:\endpointserver\server\endpointserverimp.cpp:164 ERROR EndPointServerThreadCounter - PostHandleRequest() failed - <Unknown Exception>.
2025-06-13 17:42:06,636 [0x00002da4] f:\endpointserver\server\endpointserverimp.cpp:164 ERROR EndPointServerThreadCounter - PostHandleRequest() failed - <Unknown Exception>.
2025-06-13 17:42:06,636 [0x00002bc4] f:\endpointserver\server\endpointserverimp.cpp:164 ERROR EndPointServerThreadCounter - PostHandleRequest() failed - <Unknown Exception>.
2025-06-13 17:42:06,637 [0x00002bc0] f:\endpointserver\server\endpointserverimp.cpp:164 ERROR EndPointServerThreadCounter - PostHandleRequest() failed - <Unknown Exception>.
2025-06-13 17:42:06,638 [0x00002d3c] f:\endpointserver\server\endpointserverimp.cpp:164 ERROR EndPointServerThreadCounter - PostHandleRequest() failed - <Unknown Exception>.
2025-06-13 17:42:06,639 [0x00002d10] f:\endpointserver\server\endpointserverimp.cpp:164 ERROR EndPointServerThreadCounter - PostHandleRequest() failed - <Unknown Exception>.
2025-06-13 17:42:06,640 [0x00002d74] f:\endpointserver\server\endpointserverimp.cpp:164 ERROR EndPointServerThreadCounter - PostHandleRequest() failed - <Unknown Exception>.
2025-06-13 17:42:07,598 [0x00002d74] f:\endpointserver\server\endpointserverimp.cpp:164 ERROR EndPointServerThreadCounter - PostHandleRequest() failed - <Unknown Exception>.
2025-06-13 17:42:07,608 [0x00002d10] f:\endpointserver\server\endpointserverimp.cpp:164 ERROR EndPointServerThreadCounter - PostHandleRequest() failed - <Unknown Exception>.
2025-06-13 17:42:46,616 [0x00002d10] f:\endpointserver\server\endpointserverimp.cpp:164 ERROR EndPointServerThreadCounter - PostHandleRequest() failed - <Unknown Exception>.
2025-06-13 17:42:46,622 [0x00002d3c] f:\endpointserver\server\endpointserverimp.cpp:164 ERROR EndPointServerThreadCounter - PostHandleRequest() failed - <Unknown Exception>.
2025-06-13 17:42:46,624 [0x00002d74] f:\endpointserver\server\endpointserverimp.cpp:164 ERROR EndPointServerThreadCounter - PostHandleRequest() failed - <Unknown Exception>.
2025-06-13 17:42:47,596 [0x00002d74] f:\endpointserver\server\endpointserverimp.cpp:164 ERROR EndPointServerThreadCounter - PostHandleRequest() failed - <Unknown Exception>.
2025-06-13 17:42:47,596 [0x00002d3c] f:\endpointserver\server\endpointserverimp.cpp:164 ERROR EndPointServerThreadCounter - PostHandleRequest() failed - <Unknown Exception>.
2025-06-13 17:42:47,609 [0x00002d74] f:\endpointserver\server\endpointserverimp.cpp:164 ERROR EndPointServerThreadCounter - PostHandleRequest() failed - <Unknown Exception>.
2025-06-13 17:42:47,609 [0x00002d3c] f:\endpointserver\server\endpointserverimp.cpp:164 ERROR EndPointServerThreadCounter - PostHandleRequest() failed - <Unknown Exception>.
2025-06-13 17:42:47,609 [0x00002d10] f:\endpointserver\server\endpointserverimp.cpp:164 ERROR EndPointServerThreadCounter - PostHandleRequest() failed - <Unknown Exception>.
2025-06-13 17:42:47,610 [0x00002bc0] f:\endpointserver\server\endpointserverimp.cpp:164 ERROR EndPointServerThreadCounter - PostHandleRequest() failed - <Unknown Exception>.
2025-06-13 17:42:47,612 [0x00002bc4] f:\endpointserver\server\endpointserverimp.cpp:164 ERROR EndPointServerThreadCounter - PostHandleRequest() failed - <Unknown Exception>.
2025-06-13 17:42:47,615 [0x00002da4] f:\endpointserver\server\endpointserverimp.cpp:164 ERROR EndPointServerThreadCounter - PostHandleRequest() failed - <Unknown Exception>.
2025-06-13 17:42:47,618 [0x00002bec] f:\endpointserver\server\endpointserverimp.cpp:164 ERROR EndPointServerThreadCounter - PostHandleRequest() failed - <Unknown Exception>.
2025-06-13 17:42:47,619 [0x00002d48] f:\endpointserver\server\endpointserverimp.cpp:164 ERROR EndPointServerThreadCounter - PostHandleRequest() failed - <Unknown Exception>.
2025-06-13 17:42:47,621 [0x00002c80] f:\endpointserver\server\endpointserverimp.cpp:164 ERROR EndPointServerThreadCounter - PostHandleRequest() failed - <Unknown Exception>.
2025-06-13 17:42:47,621 [0x00002c54] f:\endpointserver\server\endpointserverimp.cpp:164 ERROR EndPointServerThreadCounter - PostHandleRequest() failed - <Unknown Exception>.
2025-06-13 17:42:47,625 [0x00002d40] f:\endpointserver\server\endpointserverimp.cpp:164 ERROR EndPointServerThreadCounter - PostHandleRequest() failed - <Unknown Exception>.
2025-06-13 17:42:47,628 [0x00002cb4] f:\endpointserver\server\endpointserverimp.cpp:164 ERROR EndPointServerThreadCounter - PostHandleRequest() failed - <Unknown Exception>.
2025-06-13 17:42:47,628 [0x00002bf4] f:\endpointserver\server\endpointserverimp.cpp:164 ERROR EndPointServerThreadCounter - PostHandleRequest() failed - <Unknown Exception>.
2025-06-13 17:42:47,628 [0x00002d0c] f:\endpointserver\server\endpointserverimp.cpp:164 ERROR EndPointServerThreadCounter - PostHandleRequest() failed - <Unknown Exception>.
2025-06-13 17:42:47,629 [0x00002dcc] f:\endpointserver\server\endpointserverimp.cpp:164 ERROR EndPointServerThreadCounter - PostHandleRequest() failed - <Unknown Exception>.
2025-06-13 17:42:47,630 [0x00002d78] f:\endpointserver\server\endpointserverimp.cpp:164 ERROR EndPointServerThreadCounter - PostHandleRequest() failed - <Unknown Exception>.
2025-06-13 17:42:47,630 [0x00002c20] f:\endpointserver\server\endpointserverimp.cpp:164 ERROR EndPointServerThreadCounter - PostHandleRequest() failed - <Unknown Exception>.
2025-06-13 17:42:47,631 [0x00002d44] f:\endpointserver\server\endpointserverimp.cpp:164 ERROR EndPointServerThreadCounter - PostHandleRequest() failed - <Unknown Exception>.
2025-06-13 17:42:47,632 [0x00002bbc] f:\endpointserver\server\endpointserverimp.cpp:164 ERROR EndPointServerThreadCounter - PostHandleRequest() failed - <Unknown Exception>.
2025-06-13 17:42:47,632 [0x00002c24] f:\endpointserver\server\endpointserverimp.cpp:164 ERROR EndPointServerThreadCounter - PostHandleRequest() failed - <Unknown Exception>.
2025-06-13 17:42:47,632 [0x00002ce8] f:\endpointserver\server\endpointserverimp.cpp:164 ERROR EndPointServerThreadCounter - PostHandleRequest() failed - <Unknown Exception>.
2025-06-13 17:42:47,632 [0x00002c88] f:\endpointserver\server\endpointserverimp.cpp:164 ERROR EndPointServerThreadCounter - PostHandleRequest() failed - <Unknown Exception>.
2025-06-13 17:42:47,634 [0x00002cb0] f:\endpointserver\server\endpointserverimp.cpp:164 ERROR EndPointServerThreadCounter - PostHandleRequest() failed - <Unknown Exception>.
2025-06-13 17:42:47,634 [0x00002d88] f:\endpointserver\server\endpointserverimp.cpp:164 ERROR EndPointServerThreadCounter - PostHandleRequest() failed - <Unknown Exception>.
2025-06-13 17:42:47,635 [0x00002c7c] f:\endpointserver\server\endpointserverimp.cpp:164 ERROR EndPointServerThreadCounter - PostHandleRequest() failed - <Unknown Exception>.
2025-06-13 17:42:47,637 [0x00002ce0] f:\endpointserver\server\endpointserverimp.cpp:164 ERROR EndPointServerThreadCounter - PostHandleRequest() failed - <Unknown Exception>.
2025-06-13 17:42:48,595 [0x00002c7c] f:\endpointserver\server\endpointserverimp.cpp:164 ERROR EndPointServerThreadCounter - PostHandleRequest() failed - <Unknown Exception>.
2025-06-13 17:42:48,606 [0x00002c88] f:\endpointserver\server\endpointserverimp.cpp:164 ERROR EndPointServerThreadCounter - PostHandleRequest() failed - <Unknown Exception>.
2025-06-13 17:42:48,606 [0x00002c80] f:\endpointserver\server\endpointserverimp.cpp:164 ERROR EndPointServerThreadCounter - PostHandleRequest() failed - <Unknown Exception>.
2025-06-13 17:42:48,606 [0x00002c24] f:\endpointserver\server\endpointserverimp.cpp:164 ERROR EndPointServerThreadCounter - PostHandleRequest() failed - <Unknown Exception>.
2025-06-13 17:42:48,606 [0x00002c54] f:\endpointserver\server\endpointserverimp.cpp:164 ERROR EndPointServerThreadCounter - PostHandleRequest() failed - <Unknown Exception>.
2025-06-13 17:42:48,606 [0x00002bbc] f:\endpointserver\server\endpointserverimp.cpp:164 ERROR EndPointServerThreadCounter - PostHandleRequest() failed - <Unknown Exception>.
2025-06-13 17:42:48,609 [0x00002da4] f:\endpointserver\server\endpointserverimp.cpp:164 ERROR EndPointServerThreadCounter - PostHandleRequest() failed - <Unknown Exception>.
2025-06-13 17:42:48,612 [0x00002d44] f:\endpointserver\server\endpointserverimp.cpp:164 ERROR EndPointServerThreadCounter - PostHandleRequest() failed - <Unknown Exception>.
2025-06-13 17:42:48,615 [0x00002ce8] f:\endpointserver\server\endpointserverimp.cpp:164 ERROR EndPointServerThreadCounter - PostHandleRequest() failed - <Unknown Exception>.
2025-06-13 17:42:48,618 [0x00002ce0] f:\endpointserver\server\endpointserverimp.cpp:164 ERROR EndPointServerThreadCounter - PostHandleRequest() failed - <Unknown Exception>.
2025-06-13 17:42:48,618 [0x00002cb4] f:\endpointserver\server\endpointserverimp.cpp:164 ERROR EndPointServerThreadCounter - PostHandleRequest() failed - <Unknown Exception>.
2025-06-13 17:42:48,619 [0x00002d0c] f:\endpointserver\server\endpointserverimp.cpp:164 ERROR EndPointServerThreadCounter - PostHandleRequest() failed - <Unknown Exception>.
2025-06-13 17:42:48,622 [0x00002cb0] f:\endpointserver\server\endpointserverimp.cpp:164 ERROR EndPointServerThreadCounter - PostHandleRequest() failed - <Unknown Exception>.
2025-06-13 17:42:48,625 [0x00002d78] f:\endpointserver\server\endpointserverimp.cpp:164 ERROR EndPointServerThreadCounter - PostHandleRequest() failed - <Unknown Exception>.
2025-06-13 17:42:48,628 [0x00002d88] f:\endpointserver\server\endpointserverimp.cpp:164 ERROR EndPointServerThreadCounter - PostHandleRequest() failed - <Unknown Exception>.
2025-06-13 17:42:48,631 [0x00002bf4] f:\endpointserver\server\endpointserverimp.cpp:164 ERROR EndPointServerThreadCounter - PostHandleRequest() failed - <Unknown Exception>.
2025-06-13 17:42:48,634 [0x00002c20] f:\endpointserver\server\endpointserverimp.cpp:164 ERROR EndPointServerThreadCounter - PostHandleRequest() failed - <Unknown Exception>.
2025-06-13 17:42:48,635 [0x00002dcc] f:\endpointserver\server\endpointserverimp.cpp:164 ERROR EndPointServerThreadCounter - PostHandleRequest() failed - <Unknown Exception>.
2025-06-13 17:42:48,635 [0x00002d40] f:\endpointserver\server\endpointserverimp.cpp:164 ERROR EndPointServerThreadCounter - PostHandleRequest() failed - <Unknown Exception>.
2025-06-13 17:43:27,653 [0x00002d48] f:\endpointserver\server\endpointserverimp.cpp:164 ERROR EndPointServerThreadCounter - PostHandleRequest() failed - <Unknown Exception>.
2025-06-13 17:43:28,595 [0x00002cb0] f:\endpointserver\server\endpointserverimp.cpp:164 ERROR EndPointServerThreadCounter - PostHandleRequest() failed - <Unknown Exception>.
2025-06-13 17:43:28,598 [0x00002d48] f:\endpointserver\server\endpointserverimp.cpp:164 ERROR EndPointServerThreadCounter - PostHandleRequest() failed - <Unknown Exception>.
2025-06-13 17:43:28,613 [0x00002d0c] f:\endpointserver\server\endpointserverimp.cpp:164 ERROR EndPointServerThreadCounter - PostHandleRequest() failed - <Unknown Exception>.
2025-06-13 17:43:28,616 [0x00002da4] f:\endpointserver\server\endpointserverimp.cpp:164 ERROR EndPointServerThreadCounter - PostHandleRequest() failed - <Unknown Exception>.
2025-06-13 17:43:28,617 [0x00002cb0] f:\endpointserver\server\endpointserverimp.cpp:164 ERROR EndPointServerThreadCounter - PostHandleRequest() failed - <Unknown Exception>.
2025-06-13 17:43:28,618 [0x00002c80] f:\endpointserver\server\endpointserverimp.cpp:164 ERROR EndPointServerThreadCounter - PostHandleRequest() failed - <Unknown Exception>.
2025-06-13 17:43:28,618 [0x00002d44] f:\endpointserver\server\endpointserverimp.cpp:164 ERROR EndPointServerThreadCounter - PostHandleRequest() failed - <Unknown Exception>.
2025-06-13 17:43:28,620 [0x00002d48] f:\endpointserver\server\endpointserverimp.cpp:164 ERROR EndPointServerThreadCounter - PostHandleRequest() failed - <Unknown Exception>.
2025-06-13 17:43:29,595 [0x00002d44] f:\endpointserver\server\endpointserverimp.cpp:164 ERROR EndPointServerThreadCounter - PostHandleRequest() failed - <Unknown Exception>.
2025-06-13 17:43:29,595 [0x00002d48] f:\endpointserver\server\endpointserverimp.cpp:164 ERROR EndPointServerThreadCounter - PostHandleRequest() failed - <Unknown Exception>.
2025-06-13 17:43:29,595 [0x00002c80] f:\endpointserver\server\endpointserverimp.cpp:164 ERROR EndPointServerThreadCounter - PostHandleRequest() failed - <Unknown Exception>.
2025-06-13 17:43:29,600 [0x00002cb0] f:\endpointserver\server\endpointserverimp.cpp:164 ERROR EndPointServerThreadCounter - PostHandleRequest() failed - <Unknown Exception>.
2025-06-13 17:43:29,603 [0x00002bc4] f:\endpointserver\server\endpointserverimp.cpp:164 ERROR EndPointServerThreadCounter - PostHandleRequest() failed - <Unknown Exception>.
2025-06-13 17:43:29,603 [0x00002bec] f:\endpointserver\server\endpointserverimp.cpp:164 ERROR EndPointServerThreadCounter - PostHandleRequest() failed - <Unknown Exception>.
2025-06-13 17:43:29,606 [0x00002d74] f:\endpointserver\server\endpointserverimp.cpp:164 ERROR EndPointServerThreadCounter - PostHandleRequest() failed - <Unknown Exception>.
2025-06-13 17:43:29,606 [0x00002ce0] f:\endpointserver\server\endpointserverimp.cpp:164 ERROR EndPointServerThreadCounter - PostHandleRequest() failed - <Unknown Exception>.
2025-06-13 17:43:29,606 [0x00002c54] f:\endpointserver\server\endpointserverimp.cpp:164 ERROR EndPointServerThreadCounter - PostHandleRequest() failed - <Unknown Exception>.
2025-06-13 17:43:29,609 [0x00002d3c] f:\endpointserver\server\endpointserverimp.cpp:164 ERROR EndPointServerThreadCounter - PostHandleRequest() failed - <Unknown Exception>.
2025-06-13 17:43:29,609 [0x00002bbc] f:\endpointserver\server\endpointserverimp.cpp:164 ERROR EndPointServerThreadCounter - PostHandleRequest() failed - <Unknown Exception>.
2025-06-13 17:43:29,612 [0x00002d88] f:\endpointserver\server\endpointserverimp.cpp:164 ERROR EndPointServerThreadCounter - PostHandleRequest() failed - <Unknown Exception>.
2025-06-13 17:43:29,612 [0x00002bf4] f:\endpointserver\server\endpointserverimp.cpp:164 ERROR EndPointServerThreadCounter - PostHandleRequest() failed - <Unknown Exception>.
2025-06-13 17:43:29,612 [0x00002cb4] f:\endpointserver\server\endpointserverimp.cpp:164 ERROR EndPointServerThreadCounter - PostHandleRequest() failed - <Unknown Exception>.
2025-06-13 17:43:29,613 [0x00002d10] f:\endpointserver\server\endpointserverimp.cpp:164 ERROR EndPointServerThreadCounter - PostHandleRequest() failed - <Unknown Exception>.
2025-06-13 17:43:29,613 [0x00002c7c] f:\endpointserver\server\endpointserverimp.cpp:164 ERROR EndPointServerThreadCounter - PostHandleRequest() failed - <Unknown Exception>.
2025-06-13 17:43:29,615 [0x00002d0c] f:\endpointserver\server\endpointserverimp.cpp:164 ERROR EndPointServerThreadCounter - PostHandleRequest() failed - <Unknown Exception>.
2025-06-13 17:43:29,615 [0x00002c88] f:\endpointserver\server\endpointserverimp.cpp:164 ERROR EndPointServerThreadCounter - PostHandleRequest() failed - <Unknown Exception>.
2025-06-13 17:43:29,615 [0x00002d78] f:\endpointserver\server\endpointserverimp.cpp:164 ERROR EndPointServerThreadCounter - PostHandleRequest() failed - <Unknown Exception>.
2025-06-13 17:43:29,618 [0x00002ce8] f:\endpointserver\server\endpointserverimp.cpp:164 ERROR EndPointServerThreadCounter - PostHandleRequest() failed - <Unknown Exception>.
2025-06-13 17:43:29,618 [0x00002da4] f:\endpointserver\server\endpointserverimp.cpp:164 ERROR EndPointServerThreadCounter - PostHandleRequest() failed - <Unknown Exception>.
2025-06-13 17:43:29,618 [0x00002c20] f:\endpointserver\server\endpointserverimp.cpp:164 ERROR EndPointServerThreadCounter - PostHandleRequest() failed - <Unknown Exception>.
2025-06-13 17:43:29,619 [0x00002c24] f:\endpointserver\server\endpointserverimp.cpp:164 ERROR EndPointServerThreadCounter - PostHandleRequest() failed - <Unknown Exception>.
2025-06-13 17:43:29,619 [0x00002d40] f:\endpointserver\server\endpointserverimp.cpp:164 ERROR EndPointServerThreadCounter - PostHandleRequest() failed - <Unknown Exception>.
2025-06-13 17:43:29,621 [0x00002dcc] f:\endpointserver\server\endpointserverimp.cpp:164 ERROR EndPointServerThreadCounter - PostHandleRequest() failed - <Unknown Exception>.
2025-06-13 17:43:29,621 [0x00002d18] f:\endpointserver\server\endpointserverimp.cpp:164 ERROR EndPointServerThreadCounter - PostHandleRequest() failed - <Unknown Exception>.
2025-06-13 17:43:29,621 [0x00002bc0] f:\endpointserver\server\endpointserverimp.cpp:164 ERROR EndPointServerThreadCounter - PostHandleRequest() failed - <Unknown Exception>.
2025-06-13 17:43:29,624 [0x00002d6c] f:\endpointserver\server\endpointserverimp.cpp:164 ERROR EndPointServerThreadCounter - PostHandleRequest() failed - <Unknown Exception>.
2025-06-13 17:43:29,628 [0x00002bf0] f:\endpointserver\server\endpointserverimp.cpp:164 ERROR EndPointServerThreadCounter - PostHandleRequest() failed - <Unknown Exception>.
2025-06-13 17:43:29,633 [0x00002c1c] f:\endpointserver\server\endpointserverimp.cpp:164 ERROR EndPointServerThreadCounter - PostHandleRequest() failed - <Unknown Exception>.
2025-06-13 17:43:29,635 [0x00002cdc] f:\endpointserver\server\endpointserverimp.cpp:164 ERROR EndPointServerThreadCounter - PostHandleRequest() failed - <Unknown Exception>.
2025-06-13 17:43:30,594 [0x00002c1c] f:\endpointserver\server\endpointserverimp.cpp:164 ERROR EndPointServerThreadCounter - PostHandleRequest() failed - <Unknown Exception>.
2025-06-13 17:43:30,597 [0x00002bf0] f:\endpointserver\server\endpointserverimp.cpp:164 ERROR EndPointServerThreadCounter - PostHandleRequest() failed - <Unknown Exception>.
2025-06-13 17:43:30,597 [0x00002cdc] f:\endpointserver\server\endpointserverimp.cpp:164 ERROR EndPointServerThreadCounter - PostHandleRequest() failed - <Unknown Exception>.
2025-06-13 17:43:30,604 [0x00002d6c] f:\endpointserver\server\endpointserverimp.cpp:164 ERROR EndPointServerThreadCounter - PostHandleRequest() failed - <Unknown Exception>.
2025-06-13 17:43:30,607 [0x00002dcc] f:\endpointserver\server\endpointserverimp.cpp:164 ERROR EndPointServerThreadCounter - PostHandleRequest() failed - <Unknown Exception>.
2025-06-13 17:43:30,608 [0x00002c1c] f:\endpointserver\server\endpointserverimp.cpp:164 ERROR EndPointServerThreadCounter - PostHandleRequest() failed - <Unknown Exception>.
2025-06-13 17:43:30,609 [0x00002d18] f:\endpointserver\server\endpointserverimp.cpp:164 ERROR EndPointServerThreadCounter - PostHandleRequest() failed - <Unknown Exception>.
2025-06-13 17:43:30,623 [0x00002ce8] f:\endpointserver\server\endpointserverimp.cpp:164 ERROR EndPointServerThreadCounter - PostHandleRequest() failed - <Unknown Exception>.
2025-06-13 17:43:30,624 [0x00002bc0] f:\endpointserver\server\endpointserverimp.cpp:164 ERROR EndPointServerThreadCounter - PostHandleRequest() failed - <Unknown Exception>.
2025-06-13 17:43:30,630 [0x00002bf0] f:\endpointserver\server\endpointserverimp.cpp:164 ERROR EndPointServerThreadCounter - PostHandleRequest() failed - <Unknown Exception>.
2025-06-13 17:43:46,617 [0x00002d40] f:\endpointserver\server\endpointserverimp.cpp:164 ERROR EndPointServerThreadCounter - PostHandleRequest() failed - <Unknown Exception>.
2025-06-13 17:43:46,617 [0x00002d6c] f:\endpointserver\server\endpointserverimp.cpp:164 ERROR EndPointServerThreadCounter - PostHandleRequest() failed - <Unknown Exception>.
2025-06-13 17:43:46,617 [0x00002cdc] f:\endpointserver\server\endpointserverimp.cpp:164 ERROR EndPointServerThreadCounter - PostHandleRequest() failed - <Unknown Exception>.
2025-06-13 17:43:46,617 [0x00002bc0] f:\endpointserver\server\endpointserverimp.cpp:164 ERROR EndPointServerThreadCounter - PostHandleRequest() failed - <Unknown Exception>.
2025-06-13 17:43:46,617 [0x00002d78] f:\endpointserver\server\endpointserverimp.cpp:164 ERROR EndPointServerThreadCounter - PostHandleRequest() failed - <Unknown Exception>.
2025-06-13 17:43:46,617 [0x00002d18] f:\endpointserver\server\endpointserverimp.cpp:164 ERROR EndPointServerThreadCounter - PostHandleRequest() failed - <Unknown Exception>.
2025-06-13 17:43:46,617 [0x00002c24] f:\endpointserver\server\endpointserverimp.cpp:164 ERROR EndPointServerThreadCounter - PostHandleRequest() failed - <Unknown Exception>.
2025-06-13 17:43:46,618 [0x00002ce8] f:\endpointserver\server\endpointserverimp.cpp:164 ERROR EndPointServerThreadCounter - PostHandleRequest() failed - <Unknown Exception>.
2025-06-13 17:43:46,619 [0x00002bf0] f:\endpointserver\server\endpointserverimp.cpp:164 ERROR EndPointServerThreadCounter - PostHandleRequest() failed - <Unknown Exception>.
2025-06-13 17:43:46,619 [0x00002c1c] f:\endpointserver\server\endpointserverimp.cpp:164 ERROR EndPointServerThreadCounter - PostHandleRequest() failed - <Unknown Exception>.
2025-06-13 17:43:46,619 [0x00002dcc] f:\endpointserver\server\endpointserverimp.cpp:164 ERROR EndPointServerThreadCounter - PostHandleRequest() failed - <Unknown Exception>.
2025-06-13 17:44:06,604 [0x00002dcc] f:\endpointserver\server\endpointserverimp.cpp:164 ERROR EndPointServerThreadCounter - PostHandleRequest() failed - <Unknown Exception>.
2025-06-13 17:44:06,611 [0x00002c1c] f:\endpointserver\server\endpointserverimp.cpp:164 ERROR EndPointServerThreadCounter - PostHandleRequest() failed - <Unknown Exception>.
2025-06-13 17:44:06,628 [0x00002bf0] f:\endpointserver\server\endpointserverimp.cpp:164 ERROR EndPointServerThreadCounter - PostHandleRequest() failed - <Unknown Exception>.
2025-06-13 17:44:06,628 [0x00002cdc] f:\endpointserver\server\endpointserverimp.cpp:164 ERROR EndPointServerThreadCounter - PostHandleRequest() failed - <Unknown Exception>.
2025-06-13 17:44:06,630 [0x00002c24] f:\endpointserver\server\endpointserverimp.cpp:164 ERROR EndPointServerThreadCounter - PostHandleRequest() failed - <Unknown Exception>.
2025-06-13 17:44:06,631 [0x00002d78] f:\endpointserver\server\endpointserverimp.cpp:164 ERROR EndPointServerThreadCounter - PostHandleRequest() failed - <Unknown Exception>.
2025-06-13 17:44:06,631 [0x00002ce8] f:\endpointserver\server\endpointserverimp.cpp:164 ERROR EndPointServerThreadCounter - PostHandleRequest() failed - <Unknown Exception>.
2025-06-13 17:44:06,634 [0x00002dcc] f:\endpointserver\server\endpointserverimp.cpp:164 ERROR EndPointServerThreadCounter - PostHandleRequest() failed - <Unknown Exception>.
2025-06-13 17:44:06,637 [0x00002d18] f:\endpointserver\server\endpointserverimp.cpp:164 ERROR EndPointServerThreadCounter - PostHandleRequest() failed - <Unknown Exception>.
2025-06-13 17:44:07,599 [0x00002dcc] f:\endpointserver\server\endpointserverimp.cpp:164 ERROR EndPointServerThreadCounter - PostHandleRequest() failed - <Unknown Exception>.
2025-06-13 17:44:07,606 [0x00002d78] f:\endpointserver\server\endpointserverimp.cpp:164 ERROR EndPointServerThreadCounter - PostHandleRequest() failed - <Unknown Exception>.
2025-06-13 17:44:07,606 [0x00002bf0] f:\endpointserver\server\endpointserverimp.cpp:164 ERROR EndPointServerThreadCounter - PostHandleRequest() failed - <Unknown Exception>.
2025-06-13 17:44:07,609 [0x00002c24] f:\endpointserver\server\endpointserverimp.cpp:164 ERROR EndPointServerThreadCounter - PostHandleRequest() failed - <Unknown Exception>.
2025-06-13 17:44:07,610 [0x00002ce8] f:\endpointserver\server\endpointserverimp.cpp:164 ERROR EndPointServerThreadCounter - PostHandleRequest() failed - <Unknown Exception>.
2025-06-13 17:44:07,612 [0x00002cdc] f:\endpointserver\server\endpointserverimp.cpp:164 ERROR EndPointServerThreadCounter - PostHandleRequest() failed - <Unknown Exception>.
2025-06-13 17:44:07,612 [0x00002d18] f:\endpointserver\server\endpointserverimp.cpp:164 ERROR EndPointServerThreadCounter - PostHandleRequest() failed - <Unknown Exception>.
2025-06-13 17:44:07,615 [0x00002bc0] f:\endpointserver\server\endpointserverimp.cpp:164 ERROR EndPointServerThreadCounter - PostHandleRequest() failed - <Unknown Exception>.
2025-06-13 17:44:07,617 [0x00002d40] f:\endpointserver\server\endpointserverimp.cpp:164 ERROR EndPointServerThreadCounter - PostHandleRequest() failed - <Unknown Exception>.
2025-06-13 17:44:07,617 [0x00002c1c] f:\endpointserver\server\endpointserverimp.cpp:164 ERROR EndPointServerThreadCounter - PostHandleRequest() failed - <Unknown Exception>.
2025-06-13 17:44:07,618 [0x00002c20] f:\endpointserver\server\endpointserverimp.cpp:164 ERROR EndPointServerThreadCounter - PostHandleRequest() failed - <Unknown Exception>.
2025-06-13 17:44:07,618 [0x00002da4] f:\endpointserver\server\endpointserverimp.cpp:164 ERROR EndPointServerThreadCounter - PostHandleRequest() failed - <Unknown Exception>.
2025-06-13 17:44:07,623 [0x00002d6c] f:\endpointserver\server\endpointserverimp.cpp:164 ERROR EndPointServerThreadCounter - PostHandleRequest() failed - <Unknown Exception>.
2025-06-13 17:44:07,623 [0x00002d0c] f:\endpointserver\server\endpointserverimp.cpp:164 ERROR EndPointServerThreadCounter - PostHandleRequest() failed - <Unknown Exception>.
2025-06-13 17:44:07,623 [0x00002c88] f:\endpointserver\server\endpointserverimp.cpp:164 ERROR EndPointServerThreadCounter - PostHandleRequest() failed - <Unknown Exception>.
2025-06-13 17:44:07,623 [0x00002dcc] f:\endpointserver\server\endpointserverimp.cpp:164 ERROR EndPointServerThreadCounter - PostHandleRequest() failed - <Unknown Exception>.
2025-06-13 17:44:07,623 [0x00002d10] f:\endpointserver\server\endpointserverimp.cpp:164 ERROR EndPointServerThreadCounter - PostHandleRequest() failed - <Unknown Exception>.
2025-06-13 17:44:07,627 [0x00002c7c] f:\endpointserver\server\endpointserverimp.cpp:164 ERROR EndPointServerThreadCounter - PostHandleRequest() failed - <Unknown Exception>.
2025-06-13 17:44:07,627 [0x00002cb4] f:\endpointserver\server\endpointserverimp.cpp:164 ERROR EndPointServerThreadCounter - PostHandleRequest() failed - <Unknown Exception>.
2025-06-13 17:44:07,634 [0x00002c24] f:\endpointserver\server\endpointserverimp.cpp:164 ERROR EndPointServerThreadCounter - PostHandleRequest() failed - <Unknown Exception>.
2025-06-13 17:44:07,635 [0x00002ce8] f:\endpointserver\server\endpointserverimp.cpp:164 ERROR EndPointServerThreadCounter - PostHandleRequest() failed - <Unknown Exception>.
2025-06-13 17:44:07,635 [0x00002bf4] f:\endpointserver\server\endpointserverimp.cpp:164 ERROR EndPointServerThreadCounter - PostHandleRequest() failed - <Unknown Exception>.
2025-06-13 17:44:07,635 [0x00002d88] f:\endpointserver\server\endpointserverimp.cpp:164 ERROR EndPointServerThreadCounter - PostHandleRequest() failed - <Unknown Exception>.
2025-06-13 17:44:07,639 [0x00002d18] f:\endpointserver\server\endpointserverimp.cpp:164 ERROR EndPointServerThreadCounter - PostHandleRequest() failed - <Unknown Exception>.
2025-06-13 17:44:08,595 [0x00002d18] f:\endpointserver\server\endpointserverimp.cpp:164 ERROR EndPointServerThreadCounter - PostHandleRequest() failed - <Unknown Exception>.
2025-06-13 17:44:08,602 [0x00002c88] f:\endpointserver\server\endpointserverimp.cpp:164 ERROR EndPointServerThreadCounter - PostHandleRequest() failed - <Unknown Exception>.
2025-06-13 17:44:08,606 [0x00002d18] f:\endpointserver\server\endpointserverimp.cpp:164 ERROR EndPointServerThreadCounter - PostHandleRequest() failed - <Unknown Exception>.
2025-06-13 17:44:08,607 [0x00002cb4] f:\endpointserver\server\endpointserverimp.cpp:164 ERROR EndPointServerThreadCounter - PostHandleRequest() failed - <Unknown Exception>.
2025-06-13 17:44:08,610 [0x00002c7c] f:\endpointserver\server\endpointserverimp.cpp:164 ERROR EndPointServerThreadCounter - PostHandleRequest() failed - <Unknown Exception>.
2025-06-13 17:44:08,610 [0x00002c24] f:\endpointserver\server\endpointserverimp.cpp:164 ERROR EndPointServerThreadCounter - PostHandleRequest() failed - <Unknown Exception>.
2025-06-13 17:44:08,610 [0x00002d88] f:\endpointserver\server\endpointserverimp.cpp:164 ERROR EndPointServerThreadCounter - PostHandleRequest() failed - <Unknown Exception>.
2025-06-13 17:44:08,612 [0x00002d10] f:\endpointserver\server\endpointserverimp.cpp:164 ERROR EndPointServerThreadCounter - PostHandleRequest() failed - <Unknown Exception>.
2025-06-13 17:44:08,613 [0x00002dcc] f:\endpointserver\server\endpointserverimp.cpp:164 ERROR EndPointServerThreadCounter - PostHandleRequest() failed - <Unknown Exception>.
2025-06-13 17:44:08,615 [0x00002ce8] f:\endpointserver\server\endpointserverimp.cpp:164 ERROR EndPointServerThreadCounter - PostHandleRequest() failed - <Unknown Exception>.
2025-06-13 17:44:08,616 [0x00002bf4] f:\endpointserver\server\endpointserverimp.cpp:164 ERROR EndPointServerThreadCounter - PostHandleRequest() failed - <Unknown Exception>.
2025-06-13 17:44:08,630 [0x00002d10] f:\endpointserver\server\endpointserverimp.cpp:164 ERROR EndPointServerThreadCounter - PostHandleRequest() failed - <Unknown Exception>.
2025-06-13 17:44:08,630 [0x00002ce8] f:\endpointserver\server\endpointserverimp.cpp:164 ERROR EndPointServerThreadCounter - PostHandleRequest() failed - <Unknown Exception>.
2025-06-13 17:44:08,636 [0x00002c7c] f:\endpointserver\server\endpointserverimp.cpp:164 ERROR EndPointServerThreadCounter - PostHandleRequest() failed - <Unknown Exception>.
2025-06-13 17:44:08,638 [0x00002d88] f:\endpointserver\server\endpointserverimp.cpp:164 ERROR EndPointServerThreadCounter - PostHandleRequest() failed - <Unknown Exception>.
2025-06-13 17:44:08,642 [0x00002dcc] f:\endpointserver\server\endpointserverimp.cpp:164 ERROR EndPointServerThreadCounter - PostHandleRequest() failed - <Unknown Exception>.
2025-06-13 17:44:09,623 [0x00002dcc] f:\endpointserver\server\endpointserverimp.cpp:164 ERROR EndPointServerThreadCounter - PostHandleRequest() failed - <Unknown Exception>.
2025-06-13 17:44:44,602 [0x00002c1c] f:\endpointserver\server\endpointserverimp.cpp:164 ERROR EndPointServerThreadCounter - PostHandleRequest() failed - <Unknown Exception>.
2025-06-13 17:44:44,602 [0x00002da4] f:\endpointserver\server\endpointserverimp.cpp:164 ERROR EndPointServerThreadCounter - PostHandleRequest() failed - <Unknown Exception>.
2025-06-13 17:44:44,603 [0x00002d40] f:\endpointserver\server\endpointserverimp.cpp:164 ERROR EndPointServerThreadCounter - PostHandleRequest() failed - <Unknown Exception>.
2025-06-13 17:44:44,604 [0x00002d78] f:\endpointserver\server\endpointserverimp.cpp:164 ERROR EndPointServerThreadCounter - PostHandleRequest() failed - <Unknown Exception>.
2025-06-13 17:44:44,604 [0x00002d6c] f:\endpointserver\server\endpointserverimp.cpp:164 ERROR EndPointServerThreadCounter - PostHandleRequest() failed - <Unknown Exception>.
2025-06-13 17:44:44,604 [0x00002c20] f:\endpointserver\server\endpointserverimp.cpp:164 ERROR EndPointServerThreadCounter - PostHandleRequest() failed - <Unknown Exception>.
2025-06-13 17:44:44,608 [0x00002d0c] f:\endpointserver\server\endpointserverimp.cpp:164 ERROR EndPointServerThreadCounter - PostHandleRequest() failed - <Unknown Exception>.
2025-06-13 17:44:44,609 [0x00002bf0] f:\endpointserver\server\endpointserverimp.cpp:164 ERROR EndPointServerThreadCounter - PostHandleRequest() failed - <Unknown Exception>.
2025-06-13 17:44:44,611 [0x00002d18] f:\endpointserver\server\endpointserverimp.cpp:164 ERROR EndPointServerThreadCounter - PostHandleRequest() failed - <Unknown Exception>.
2025-06-13 17:44:44,612 [0x00002cb4] f:\endpointserver\server\endpointserverimp.cpp:164 ERROR EndPointServerThreadCounter - PostHandleRequest() failed - <Unknown Exception>.
2025-06-13 17:44:44,613 [0x00002c88] f:\endpointserver\server\endpointserverimp.cpp:164 ERROR EndPointServerThreadCounter - PostHandleRequest() failed - <Unknown Exception>.
2025-06-13 17:44:44,615 [0x00002cdc] f:\endpointserver\server\endpointserverimp.cpp:164 ERROR EndPointServerThreadCounter - PostHandleRequest() failed - <Unknown Exception>.
2025-06-13 17:44:44,615 [0x00002c24] f:\endpointserver\server\endpointserverimp.cpp:164 ERROR EndPointServerThreadCounter - PostHandleRequest() failed - <Unknown Exception>.
2025-06-13 17:44:44,616 [0x00002bf4] f:\endpointserver\server\endpointserverimp.cpp:164 ERROR EndPointServerThreadCounter - PostHandleRequest() failed - <Unknown Exception>.
2025-06-13 17:44:44,618 [0x00002d10] f:\endpointserver\server\endpointserverimp.cpp:164 ERROR EndPointServerThreadCounter - PostHandleRequest() failed - <Unknown Exception>.
2025-06-13 17:44:44,618 [0x00002c7c] f:\endpointserver\server\endpointserverimp.cpp:164 ERROR EndPointServerThreadCounter - PostHandleRequest() failed - <Unknown Exception>.
2025-06-13 17:44:44,619 [0x00002bc0] f:\endpointserver\server\endpointserverimp.cpp:164 ERROR EndPointServerThreadCounter - PostHandleRequest() failed - <Unknown Exception>.
2025-06-13 17:44:44,621 [0x00002d88] f:\endpointserver\server\endpointserverimp.cpp:164 ERROR EndPointServerThreadCounter - PostHandleRequest() failed - <Unknown Exception>.
2025-06-13 17:44:44,621 [0x00002ce8] f:\endpointserver\server\endpointserverimp.cpp:164 ERROR EndPointServerThreadCounter - PostHandleRequest() failed - <Unknown Exception>.
2025-06-13 17:44:44,624 [0x00002dcc] f:\endpointserver\server\endpointserverimp.cpp:164 ERROR EndPointServerThreadCounter - PostHandleRequest() failed - <Unknown Exception>.
2025-06-13 17:44:44,629 [0x00002bbc] f:\endpointserver\server\endpointserverimp.cpp:164 ERROR EndPointServerThreadCounter - PostHandleRequest() failed - <Unknown Exception>.
2025-06-13 17:44:44,633 [0x00002c20] f:\endpointserver\server\endpointserverimp.cpp:164 ERROR EndPointServerThreadCounter - PostHandleRequest() failed - <Unknown Exception>.
2025-06-13 17:44:44,633 [0x00002d3c] f:\endpointserver\server\endpointserverimp.cpp:164 ERROR EndPointServerThreadCounter - PostHandleRequest() failed - <Unknown Exception>.
2025-06-13 17:44:44,633 [0x00002d40] f:\endpointserver\server\endpointserverimp.cpp:164 ERROR EndPointServerThreadCounter - PostHandleRequest() failed - <Unknown Exception>.
2025-06-13 17:44:44,634 [0x00002da4] f:\endpointserver\server\endpointserverimp.cpp:164 ERROR EndPointServerThreadCounter - PostHandleRequest() failed - <Unknown Exception>.
2025-06-13 17:44:53,610 [0x00002c7c] f:\endpointserver\server\endpointserverimp.cpp:164 ERROR EndPointServerThreadCounter - PostHandleRequest() failed - <Unknown Exception>.
2025-06-13 17:44:53,611 [0x00002bc0] f:\endpointserver\server\endpointserverimp.cpp:164 ERROR EndPointServerThreadCounter - PostHandleRequest() failed - <Unknown Exception>.
2025-06-13 17:44:53,612 [0x00002cb4] f:\endpointserver\server\endpointserverimp.cpp:164 ERROR EndPointServerThreadCounter - PostHandleRequest() failed - <Unknown Exception>.
2025-06-13 17:44:53,612 [0x00002ce8] f:\endpointserver\server\endpointserverimp.cpp:164 ERROR EndPointServerThreadCounter - PostHandleRequest() failed - <Unknown Exception>.
2025-06-13 17:44:53,612 [0x00002d0c] f:\endpointserver\server\endpointserverimp.cpp:164 ERROR EndPointServerThreadCounter - PostHandleRequest() failed - <Unknown Exception>.
2025-06-13 17:44:53,614 [0x00002d88] f:\endpointserver\server\endpointserverimp.cpp:164 ERROR EndPointServerThreadCounter - PostHandleRequest() failed - <Unknown Exception>.
2025-06-13 17:44:53,615 [0x00002c24] f:\endpointserver\server\endpointserverimp.cpp:164 ERROR EndPointServerThreadCounter - PostHandleRequest() failed - <Unknown Exception>.
2025-06-13 17:44:53,619 [0x00002d40] f:\endpointserver\server\endpointserverimp.cpp:164 ERROR EndPointServerThreadCounter - PostHandleRequest() failed - <Unknown Exception>.
2025-06-13 17:44:53,620 [0x00002da4] f:\endpointserver\server\endpointserverimp.cpp:164 ERROR EndPointServerThreadCounter - PostHandleRequest() failed - <Unknown Exception>.
2025-06-13 17:44:53,624 [0x00002bc0] f:\endpointserver\server\endpointserverimp.cpp:164 ERROR EndPointServerThreadCounter - PostHandleRequest() failed - <Unknown Exception>.
2025-06-13 17:48:44,611 [0x00002d74] f:\endpointserver\server\endpointserverimp.cpp:164 ERROR EndPointServerThreadCounter - PostHandleRequest() failed - <Unknown Exception>.
2025-06-13 17:48:44,612 [0x00002cb4] f:\endpointserver\server\endpointserverimp.cpp:164 ERROR EndPointServerThreadCounter - PostHandleRequest() failed - <Unknown Exception>.
2025-06-13 17:48:44,612 [0x00002c88] f:\endpointserver\server\endpointserverimp.cpp:164 ERROR EndPointServerThreadCounter - PostHandleRequest() failed - <Unknown Exception>.
2025-06-13 17:48:44,612 [0x00002da4] f:\endpointserver\server\endpointserverimp.cpp:164 ERROR EndPointServerThreadCounter - PostHandleRequest() failed - <Unknown Exception>.
2025-06-13 17:48:44,612 [0x00002c20] f:\endpointserver\server\endpointserverimp.cpp:164 ERROR EndPointServerThreadCounter - PostHandleRequest() failed - <Unknown Exception>.
2025-06-13 17:48:44,612 [0x00002d6c] f:\endpointserver\server\endpointserverimp.cpp:164 ERROR EndPointServerThreadCounter - PostHandleRequest() failed - <Unknown Exception>.
2025-06-13 17:48:44,613 [0x00002d40] f:\endpointserver\server\endpointserverimp.cpp:164 ERROR EndPointServerThreadCounter - PostHandleRequest() failed - <Unknown Exception>.
2025-06-13 17:48:44,613 [0x00002d3c] f:\endpointserver\server\endpointserverimp.cpp:164 ERROR EndPointServerThreadCounter - PostHandleRequest() failed - <Unknown Exception>.
2025-06-13 17:48:44,612 [0x00002c1c] f:\endpointserver\server\endpointserverimp.cpp:164 ERROR EndPointServerThreadCounter - PostHandleRequest() failed - <Unknown Exception>.
2025-06-13 17:48:44,613 [0x00002bf0] f:\endpointserver\server\endpointserverimp.cpp:164 ERROR EndPointServerThreadCounter - PostHandleRequest() failed - <Unknown Exception>.
2025-06-13 17:48:44,613 [0x00002d10] f:\endpointserver\server\endpointserverimp.cpp:164 ERROR EndPointServerThreadCounter - PostHandleRequest() failed - <Unknown Exception>.
2025-06-13 17:48:44,613 [0x00002bbc] f:\endpointserver\server\endpointserverimp.cpp:164 ERROR EndPointServerThreadCounter - PostHandleRequest() failed - <Unknown Exception>.
2025-06-13 17:48:44,614 [0x00002cdc] f:\endpointserver\server\endpointserverimp.cpp:164 ERROR EndPointServerThreadCounter - PostHandleRequest() failed - <Unknown Exception>.
2025-06-13 17:48:44,615 [0x00002c54] f:\endpointserver\server\endpointserverimp.cpp:164 ERROR EndPointServerThreadCounter - PostHandleRequest() failed - <Unknown Exception>.
2025-06-13 17:48:44,615 [0x00002c24] f:\endpointserver\server\endpointserverimp.cpp:164 ERROR EndPointServerThreadCounter - PostHandleRequest() failed - <Unknown Exception>.
2025-06-13 17:48:44,615 [0x00002dcc] f:\endpointserver\server\endpointserverimp.cpp:164 ERROR EndPointServerThreadCounter - PostHandleRequest() failed - <Unknown Exception>.
2025-06-13 17:48:44,616 [0x00002d18] f:\endpointserver\server\endpointserverimp.cpp:164 ERROR EndPointServerThreadCounter - PostHandleRequest() failed - <Unknown Exception>.
2025-06-13 17:48:44,616 [0x00002ce0] f:\endpointserver\server\endpointserverimp.cpp:164 ERROR EndPointServerThreadCounter - PostHandleRequest() failed - <Unknown Exception>.
2025-06-13 17:48:44,617 [0x00002c7c] f:\endpointserver\server\endpointserverimp.cpp:164 ERROR EndPointServerThreadCounter - PostHandleRequest() failed - <Unknown Exception>.
2025-06-13 17:48:44,618 [0x00002ce8] f:\endpointserver\server\endpointserverimp.cpp:164 ERROR EndPointServerThreadCounter - PostHandleRequest() failed - <Unknown Exception>.
2025-06-13 17:48:44,620 [0x00002d0c] f:\endpointserver\server\endpointserverimp.cpp:164 ERROR EndPointServerThreadCounter - PostHandleRequest() failed - <Unknown Exception>.
2025-06-13 17:49:15,611 [0x00002d74] f:\endpointserver\server\endpointserverimp.cpp:164 ERROR EndPointServerThreadCounter - PostHandleRequest() failed - <Unknown Exception>.
2025-06-13 17:49:15,613 [0x00002ce0] f:\endpointserver\server\endpointserverimp.cpp:164 ERROR EndPointServerThreadCounter - PostHandleRequest() failed - <Unknown Exception>.
2025-06-13 17:49:15,616 [0x00002d18] f:\endpointserver\server\endpointserverimp.cpp:164 ERROR EndPointServerThreadCounter - PostHandleRequest() failed - <Unknown Exception>.
2025-06-13 17:54:44,625 [0x00002da4] f:\endpointserver\server\endpointserverimp.cpp:164 ERROR EndPointServerThreadCounter - PostHandleRequest() failed - <Unknown Exception>.
2025-06-13 17:56:06,611 [0x00002da4] f:\endpointserver\server\endpointserverimp.cpp:164 ERROR EndPointServerThreadCounter - PostHandleRequest() failed - <Unknown Exception>.
2025-06-13 17:56:06,611 [0x00002d6c] f:\endpointserver\server\endpointserverimp.cpp:164 ERROR EndPointServerThreadCounter - PostHandleRequest() failed - <Unknown Exception>.
2025-06-13 17:56:06,611 [0x00002c88] f:\endpointserver\server\endpointserverimp.cpp:164 ERROR EndPointServerThreadCounter - PostHandleRequest() failed - <Unknown Exception>.
2025-06-13 17:56:06,611 [0x00002bc0] f:\endpointserver\server\endpointserverimp.cpp:164 ERROR EndPointServerThreadCounter - PostHandleRequest() failed - <Unknown Exception>.
2025-06-13 17:56:06,611 [0x00002bf0] f:\endpointserver\server\endpointserverimp.cpp:164 ERROR EndPointServerThreadCounter - PostHandleRequest() failed - <Unknown Exception>.
2025-06-13 17:56:06,611 [0x00002dcc] f:\endpointserver\server\endpointserverimp.cpp:164 ERROR EndPointServerThreadCounter - PostHandleRequest() failed - <Unknown Exception>.
2025-06-13 17:56:06,611 [0x00002bf4] f:\endpointserver\server\endpointserverimp.cpp:164 ERROR EndPointServerThreadCounter - PostHandleRequest() failed - <Unknown Exception>.
2025-06-13 17:56:06,627 [0x00002d3c] f:\endpointserver\server\endpointserverimp.cpp:164 ERROR EndPointServerThreadCounter - PostHandleRequest() failed - <Unknown Exception>.
2025-06-13 17:56:06,627 [0x00002d40] f:\endpointserver\server\endpointserverimp.cpp:164 ERROR EndPointServerThreadCounter - PostHandleRequest() failed - <Unknown Exception>.
2025-06-13 17:56:06,627 [0x00002d18] f:\endpointserver\server\endpointserverimp.cpp:164 ERROR EndPointServerThreadCounter - PostHandleRequest() failed - <Unknown Exception>.
2025-06-13 17:56:06,627 [0x00002cdc] f:\endpointserver\server\endpointserverimp.cpp:164 ERROR EndPointServerThreadCounter - PostHandleRequest() failed - <Unknown Exception>.
2025-06-13 17:56:06,627 [0x00002d10] f:\endpointserver\server\endpointserverimp.cpp:164 ERROR EndPointServerThreadCounter - PostHandleRequest() failed - <Unknown Exception>.
2025-06-13 17:56:06,627 [0x00002d0c] f:\endpointserver\server\endpointserverimp.cpp:164 ERROR EndPointServerThreadCounter - PostHandleRequest() failed - <Unknown Exception>.
2025-06-13 17:56:06,627 [0x00002ce8] f:\endpointserver\server\endpointserverimp.cpp:164 ERROR EndPointServerThreadCounter - PostHandleRequest() failed - <Unknown Exception>.
2025-06-13 17:56:06,627 [0x00002c24] f:\endpointserver\server\endpointserverimp.cpp:164 ERROR EndPointServerThreadCounter - PostHandleRequest() failed - <Unknown Exception>.
2025-06-13 17:56:07,596 [0x00002ce8] f:\endpointserver\server\endpointserverimp.cpp:164 ERROR EndPointServerThreadCounter - PostHandleRequest() failed - <Unknown Exception>.
2025-06-13 17:56:07,596 [0x00002d74] f:\endpointserver\server\endpointserverimp.cpp:164 ERROR EndPointServerThreadCounter - PostHandleRequest() failed - <Unknown Exception>.
2025-06-13 17:56:07,596 [0x00002c24] f:\endpointserver\server\endpointserverimp.cpp:164 ERROR EndPointServerThreadCounter - PostHandleRequest() failed - <Unknown Exception>.
2025-06-13 17:56:21,596 [0x00002ce8] f:\endpointserver\server\endpointserverimp.cpp:164 ERROR EndPointServerThreadCounter - PostHandleRequest() failed - <Unknown Exception>.
2025-06-13 17:56:21,596 [0x00002c24] f:\endpointserver\server\endpointserverimp.cpp:164 ERROR EndPointServerThreadCounter - PostHandleRequest() failed - <Unknown Exception>.
2025-06-13 17:56:21,612 [0x00002ce0] f:\endpointserver\server\endpointserverimp.cpp:164 ERROR EndPointServerThreadCounter - PostHandleRequest() failed - <Unknown Exception>.
2025-06-13 17:56:21,612 [0x00002bf4] f:\endpointserver\server\endpointserverimp.cpp:164 ERROR EndPointServerThreadCounter - PostHandleRequest() failed - <Unknown Exception>.
2025-06-13 17:56:21,612 [0x00002c20] f:\endpointserver\server\endpointserverimp.cpp:164 ERROR EndPointServerThreadCounter - PostHandleRequest() failed - <Unknown Exception>.
2025-06-13 17:56:21,612 [0x00002d3c] f:\endpointserver\server\endpointserverimp.cpp:164 ERROR EndPointServerThreadCounter - PostHandleRequest() failed - <Unknown Exception>.
2025-06-13 17:56:21,612 [0x00002cdc] f:\endpointserver\server\endpointserverimp.cpp:164 ERROR EndPointServerThreadCounter - PostHandleRequest() failed - <Unknown Exception>.
2025-06-13 17:56:22,596 [0x00002d74] f:\endpointserver\server\endpointserverimp.cpp:164 ERROR EndPointServerThreadCounter - PostHandleRequest() failed - <Unknown Exception>.
2025-06-13 17:56:22,612 [0x00002ce8] f:\endpointserver\server\endpointserverimp.cpp:164 ERROR EndPointServerThreadCounter - PostHandleRequest() failed - <Unknown Exception>.
2025-06-13 17:56:22,612 [0x00002d40] f:\endpointserver\server\endpointserverimp.cpp:164 ERROR EndPointServerThreadCounter - PostHandleRequest() failed - <Unknown Exception>.
2025-06-13 17:56:22,612 [0x00002d0c] f:\endpointserver\server\endpointserverimp.cpp:164 ERROR EndPointServerThreadCounter - PostHandleRequest() failed - <Unknown Exception>.
2025-06-13 17:56:23,596 [0x00002d0c] f:\endpointserver\server\endpointserverimp.cpp:164 ERROR EndPointServerThreadCounter - PostHandleRequest() failed - <Unknown Exception>.
2025-06-13 17:56:40,612 [0x00002ce8] f:\endpointserver\server\endpointserverimp.cpp:164 ERROR EndPointServerThreadCounter - PostHandleRequest() failed - <Unknown Exception>.
2025-06-13 17:56:40,612 [0x00002c24] f:\endpointserver\server\endpointserverimp.cpp:164 ERROR EndPointServerThreadCounter - PostHandleRequest() failed - <Unknown Exception>.
2025-06-13 17:56:40,612 [0x00002bf4] f:\endpointserver\server\endpointserverimp.cpp:164 ERROR EndPointServerThreadCounter - PostHandleRequest() failed - <Unknown Exception>.
2025-06-13 17:56:40,612 [0x00002d3c] f:\endpointserver\server\endpointserverimp.cpp:164 ERROR EndPointServerThreadCounter - PostHandleRequest() failed - <Unknown Exception>.
2025-06-13 17:56:40,612 [0x00002cdc] f:\endpointserver\server\endpointserverimp.cpp:164 ERROR EndPointServerThreadCounter - PostHandleRequest() failed - <Unknown Exception>.
2025-06-13 17:56:40,628 [0x00002c7c] f:\endpointserver\server\endpointserverimp.cpp:164 ERROR EndPointServerThreadCounter - PostHandleRequest() failed - <Unknown Exception>.
2025-06-13 17:56:40,628 [0x00002d0c] f:\endpointserver\server\endpointserverimp.cpp:164 ERROR EndPointServerThreadCounter - PostHandleRequest() failed - <Unknown Exception>.
2025-06-13 17:56:40,628 [0x00002d40] f:\endpointserver\server\endpointserverimp.cpp:164 ERROR EndPointServerThreadCounter - PostHandleRequest() failed - <Unknown Exception>.
2025-06-13 17:56:41,612 [0x00002ce0] f:\endpointserver\server\endpointserverimp.cpp:164 ERROR EndPointServerThreadCounter - PostHandleRequest() failed - <Unknown Exception>.
2025-06-13 17:56:41,612 [0x00002c20] f:\endpointserver\server\endpointserverimp.cpp:164 ERROR EndPointServerThreadCounter - PostHandleRequest() failed - <Unknown Exception>.
2025-06-13 17:56:42,596 [0x00002cdc] f:\endpointserver\server\endpointserverimp.cpp:164 ERROR EndPointServerThreadCounter - PostHandleRequest() failed - <Unknown Exception>.
2025-06-13 17:56:42,596 [0x00002d40] f:\endpointserver\server\endpointserverimp.cpp:164 ERROR EndPointServerThreadCounter - PostHandleRequest() failed - <Unknown Exception>.
2025-06-13 17:56:42,596 [0x00002ce8] f:\endpointserver\server\endpointserverimp.cpp:164 ERROR EndPointServerThreadCounter - PostHandleRequest() failed - <Unknown Exception>.
2025-06-13 17:56:42,596 [0x00002c20] f:\endpointserver\server\endpointserverimp.cpp:164 ERROR EndPointServerThreadCounter - PostHandleRequest() failed - <Unknown Exception>.
2025-06-13 17:56:42,596 [0x00002ce0] f:\endpointserver\server\endpointserverimp.cpp:164 ERROR EndPointServerThreadCounter - PostHandleRequest() failed - <Unknown Exception>.
2025-06-13 17:56:42,596 [0x00002c7c] f:\endpointserver\server\endpointserverimp.cpp:164 ERROR EndPointServerThreadCounter - PostHandleRequest() failed - <Unknown Exception>.
2025-06-13 17:56:42,596 [0x00002d0c] f:\endpointserver\server\endpointserverimp.cpp:164 ERROR EndPointServerThreadCounter - PostHandleRequest() failed - <Unknown Exception>.
2025-06-13 17:56:42,596 [0x00002d3c] f:\endpointserver\server\endpointserverimp.cpp:164 ERROR EndPointServerThreadCounter - PostHandleRequest() failed - <Unknown Exception>.
2025-06-13 17:56:42,612 [0x00002bf4] f:\endpointserver\server\endpointserverimp.cpp:164 ERROR EndPointServerThreadCounter - PostHandleRequest() failed - <Unknown Exception>.
2025-06-13 17:56:42,612 [0x00002c24] f:\endpointserver\server\endpointserverimp.cpp:164 ERROR EndPointServerThreadCounter - PostHandleRequest() failed - <Unknown Exception>.
2025-06-13 17:56:43,596 [0x00002c24] f:\endpointserver\server\endpointserverimp.cpp:164 ERROR EndPointServerThreadCounter - PostHandleRequest() failed - <Unknown Exception>.
2025-06-13 17:56:43,596 [0x00002bf4] f:\endpointserver\server\endpointserverimp.cpp:164 ERROR EndPointServerThreadCounter - PostHandleRequest() failed - <Unknown Exception>.
2025-06-13 17:56:43,596 [0x00002d3c] f:\endpointserver\server\endpointserverimp.cpp:164 ERROR EndPointServerThreadCounter - PostHandleRequest() failed - <Unknown Exception>.
2025-06-13 17:57:00,613 [0x00002c24] f:\endpointserver\server\endpointserverimp.cpp:164 ERROR EndPointServerThreadCounter - PostHandleRequest() failed - <Unknown Exception>.
2025-06-13 17:57:00,613 [0x00002bf4] f:\endpointserver\server\endpointserverimp.cpp:164 ERROR EndPointServerThreadCounter - PostHandleRequest() failed - <Unknown Exception>.
2025-06-13 17:57:00,613 [0x00002d0c] f:\endpointserver\server\endpointserverimp.cpp:164 ERROR EndPointServerThreadCounter - PostHandleRequest() failed - <Unknown Exception>.
2025-06-13 17:57:00,613 [0x00002ce0] f:\endpointserver\server\endpointserverimp.cpp:164 ERROR EndPointServerThreadCounter - PostHandleRequest() failed - <Unknown Exception>.
2025-06-13 17:57:00,613 [0x00002c7c] f:\endpointserver\server\endpointserverimp.cpp:164 ERROR EndPointServerThreadCounter - PostHandleRequest() failed - <Unknown Exception>.
2025-06-13 17:57:00,613 [0x00002d3c] f:\endpointserver\server\endpointserverimp.cpp:164 ERROR EndPointServerThreadCounter - PostHandleRequest() failed - <Unknown Exception>.
2025-06-13 17:57:00,613 [0x00002c20] f:\endpointserver\server\endpointserverimp.cpp:164 ERROR EndPointServerThreadCounter - PostHandleRequest() failed - <Unknown Exception>.
2025-06-13 18:00:36,617 [0x00002cdc] f:\endpointserver\server\endpointserverimp.cpp:164 ERROR EndPointServerThreadCounter - PostHandleRequest() failed - <Unknown Exception>.
2025-06-13 18:03:15,608 [0x00002ce8] f:\endpointserver\server\endpointserverimp.cpp:164 ERROR EndPointServerThreadCounter - PostHandleRequest() failed - <Unknown Exception>.
2025-06-13 18:03:55,616 [0x00002ce8] f:\endpointserver\server\endpointserverimp.cpp:164 ERROR EndPointServerThreadCounter - PostHandleRequest() failed - <Unknown Exception>.
2025-06-13 18:03:55,616 [0x00002c20] f:\endpointserver\server\endpointserverimp.cpp:164 ERROR EndPointServerThreadCounter - PostHandleRequest() failed - <Unknown Exception>.
2025-06-13 18:03:55,617 [0x00002d10] f:\endpointserver\server\endpointserverimp.cpp:164 ERROR EndPointServerThreadCounter - PostHandleRequest() failed - <Unknown Exception>.
2025-06-13 18:03:55,617 [0x00002cdc] f:\endpointserver\server\endpointserverimp.cpp:164 ERROR EndPointServerThreadCounter - PostHandleRequest() failed - <Unknown Exception>.
2025-06-13 18:03:55,617 [0x00002bbc] f:\endpointserver\server\endpointserverimp.cpp:164 ERROR EndPointServerThreadCounter - PostHandleRequest() failed - <Unknown Exception>.
2025-06-13 18:03:55,617 [0x00002d74] f:\endpointserver\server\endpointserverimp.cpp:164 ERROR EndPointServerThreadCounter - PostHandleRequest() failed - <Unknown Exception>.
2025-06-13 18:03:55,617 [0x00002d18] f:\endpointserver\server\endpointserverimp.cpp:164 ERROR EndPointServerThreadCounter - PostHandleRequest() failed - <Unknown Exception>.
2025-06-13 18:03:55,620 [0x00002d6c] f:\endpointserver\server\endpointserverimp.cpp:164 ERROR EndPointServerThreadCounter - PostHandleRequest() failed - <Unknown Exception>.
2025-06-13 18:03:55,617 [0x00002d3c] f:\endpointserver\server\endpointserverimp.cpp:164 ERROR EndPointServerThreadCounter - PostHandleRequest() failed - <Unknown Exception>.
2025-06-13 18:03:55,617 [0x00002c24] f:\endpointserver\server\endpointserverimp.cpp:164 ERROR EndPointServerThreadCounter - PostHandleRequest() failed - <Unknown Exception>.
2025-06-13 18:03:55,618 [0x00002bf4] f:\endpointserver\server\endpointserverimp.cpp:164 ERROR EndPointServerThreadCounter - PostHandleRequest() failed - <Unknown Exception>.
2025-06-13 18:03:55,618 [0x00002d0c] f:\endpointserver\server\endpointserverimp.cpp:164 ERROR EndPointServerThreadCounter - PostHandleRequest() failed - <Unknown Exception>.
2025-06-13 18:03:55,618 [0x00002c7c] f:\endpointserver\server\endpointserverimp.cpp:164 ERROR EndPointServerThreadCounter - PostHandleRequest() failed - <Unknown Exception>.
2025-06-13 18:03:55,619 [0x00002bf0] f:\endpointserver\server\endpointserverimp.cpp:164 ERROR EndPointServerThreadCounter - PostHandleRequest() failed - <Unknown Exception>.
2025-06-13 18:03:55,619 [0x00002c1c] f:\endpointserver\server\endpointserverimp.cpp:164 ERROR EndPointServerThreadCounter - PostHandleRequest() failed - <Unknown Exception>.
2025-06-13 18:03:55,617 [0x00002ce0] f:\endpointserver\server\endpointserverimp.cpp:164 ERROR EndPointServerThreadCounter - PostHandleRequest() failed - <Unknown Exception>.
2025-06-13 18:03:55,621 [0x00002d40] f:\endpointserver\server\endpointserverimp.cpp:164 ERROR EndPointServerThreadCounter - PostHandleRequest() failed - <Unknown Exception>.
2025-06-13 18:03:55,621 [0x00002dcc] f:\endpointserver\server\endpointserverimp.cpp:164 ERROR EndPointServerThreadCounter - PostHandleRequest() failed - <Unknown Exception>.
2025-06-13 18:03:55,627 [0x00002c88] f:\endpointserver\server\endpointserverimp.cpp:164 ERROR EndPointServerThreadCounter - PostHandleRequest() failed - <Unknown Exception>.
2025-06-13 18:03:55,624 [0x00002cb0] f:\endpointserver\server\endpointserverimp.cpp:164 ERROR EndPointServerThreadCounter - PostHandleRequest() failed - <Unknown Exception>.
2025-06-13 18:03:55,627 [0x00002bc0] f:\endpointserver\server\endpointserverimp.cpp:164 ERROR EndPointServerThreadCounter - PostHandleRequest() failed - <Unknown Exception>.
2025-06-13 18:03:55,631 [0x00002cb4] f:\endpointserver\server\endpointserverimp.cpp:164 ERROR EndPointServerThreadCounter - PostHandleRequest() failed - <Unknown Exception>.
2025-06-13 18:03:55,627 [0x00002bc4] f:\endpointserver\server\endpointserverimp.cpp:164 ERROR EndPointServerThreadCounter - PostHandleRequest() failed - <Unknown Exception>.
2025-06-13 18:03:55,632 [0x00002d88] f:\endpointserver\server\endpointserverimp.cpp:164 ERROR EndPointServerThreadCounter - PostHandleRequest() failed - <Unknown Exception>.
2025-06-13 18:03:55,633 [0x00002c54] f:\endpointserver\server\endpointserverimp.cpp:164 ERROR EndPointServerThreadCounter - PostHandleRequest() failed - <Unknown Exception>.
2025-06-13 18:03:55,631 [0x00002d78] f:\endpointserver\server\endpointserverimp.cpp:164 ERROR EndPointServerThreadCounter - PostHandleRequest() failed - <Unknown Exception>.
2025-06-13 18:03:55,633 [0x00002d44] f:\endpointserver\server\endpointserverimp.cpp:164 ERROR EndPointServerThreadCounter - PostHandleRequest() failed - <Unknown Exception>.
2025-06-13 18:03:55,634 [0x00002bec] f:\endpointserver\server\endpointserverimp.cpp:164 ERROR EndPointServerThreadCounter - PostHandleRequest() failed - <Unknown Exception>.
2025-06-13 18:03:55,634 [0x00002da4] f:\endpointserver\server\endpointserverimp.cpp:164 ERROR EndPointServerThreadCounter - PostHandleRequest() failed - <Unknown Exception>.
2025-06-13 18:03:55,634 [0x00002d48] f:\endpointserver\server\endpointserverimp.cpp:164 ERROR EndPointServerThreadCounter - PostHandleRequest() failed - <Unknown Exception>.
2025-06-13 18:03:55,636 [0x00002c7c] f:\endpointserver\server\endpointserverimp.cpp:164 ERROR EndPointServerThreadCounter - PostHandleRequest() failed - <Unknown Exception>.
2025-06-13 18:03:55,636 [0x00002c1c] f:\endpointserver\server\endpointserverimp.cpp:164 ERROR EndPointServerThreadCounter - PostHandleRequest() failed - <Unknown Exception>.
2025-06-13 18:03:55,640 [0x00002dcc] f:\endpointserver\server\endpointserverimp.cpp:164 ERROR EndPointServerThreadCounter - PostHandleRequest() failed - <Unknown Exception>.
2025-06-13 18:03:55,642 [0x00002d0c] f:\endpointserver\server\endpointserverimp.cpp:164 ERROR EndPointServerThreadCounter - PostHandleRequest() failed - <Unknown Exception>.
2025-06-13 18:03:55,643 [0x00002ce0] f:\endpointserver\server\endpointserverimp.cpp:164 ERROR EndPointServerThreadCounter - PostHandleRequest() failed - <Unknown Exception>.
2025-06-13 18:03:55,644 [0x00002bf0] f:\endpointserver\server\endpointserverimp.cpp:164 ERROR EndPointServerThreadCounter - PostHandleRequest() failed - <Unknown Exception>.
2025-06-13 18:03:55,647 [0x00002bf4] f:\endpointserver\server\endpointserverimp.cpp:164 ERROR EndPointServerThreadCounter - PostHandleRequest() failed - <Unknown Exception>.
2025-06-13 18:03:55,647 [0x00002c24] f:\endpointserver\server\endpointserverimp.cpp:164 ERROR EndPointServerThreadCounter - PostHandleRequest() failed - <Unknown Exception>.
2025-06-13 18:03:55,648 [0x00002d40] f:\endpointserver\server\endpointserverimp.cpp:164 ERROR EndPointServerThreadCounter - PostHandleRequest() failed - <Unknown Exception>.
2025-06-13 18:03:55,649 [0x00002d88] f:\endpointserver\server\endpointserverimp.cpp:164 ERROR EndPointServerThreadCounter - PostHandleRequest() failed - <Unknown Exception>.
2025-06-13 18:03:56,612 [0x00002bf0] f:\endpointserver\server\endpointserverimp.cpp:164 ERROR EndPointServerThreadCounter - PostHandleRequest() failed - <Unknown Exception>.
2025-06-13 18:03:56,613 [0x00002bf4] f:\endpointserver\server\endpointserverimp.cpp:164 ERROR EndPointServerThreadCounter - PostHandleRequest() failed - <Unknown Exception>.
2025-06-13 18:03:56,614 [0x00002d88] f:\endpointserver\server\endpointserverimp.cpp:164 ERROR EndPointServerThreadCounter - PostHandleRequest() failed - <Unknown Exception>.
2025-06-13 18:03:56,614 [0x00002d40] f:\endpointserver\server\endpointserverimp.cpp:164 ERROR EndPointServerThreadCounter - PostHandleRequest() failed - <Unknown Exception>.
2025-06-13 18:03:56,615 [0x00002c24] f:\endpointserver\server\endpointserverimp.cpp:164 ERROR EndPointServerThreadCounter - PostHandleRequest() failed - <Unknown Exception>.
2025-06-13 18:03:56,615 [0x00002ce0] f:\endpointserver\server\endpointserverimp.cpp:164 ERROR EndPointServerThreadCounter - PostHandleRequest() failed - <Unknown Exception>.
2025-06-13 18:03:56,616 [0x00002c1c] f:\endpointserver\server\endpointserverimp.cpp:164 ERROR EndPointServerThreadCounter - PostHandleRequest() failed - <Unknown Exception>.
2025-06-13 18:03:56,616 [0x00002dcc] f:\endpointserver\server\endpointserverimp.cpp:164 ERROR EndPointServerThreadCounter - PostHandleRequest() failed - <Unknown Exception>.
2025-06-13 18:03:56,617 [0x00002c7c] f:\endpointserver\server\endpointserverimp.cpp:164 ERROR EndPointServerThreadCounter - PostHandleRequest() failed - <Unknown Exception>.
2025-06-13 18:03:56,617 [0x00002d0c] f:\endpointserver\server\endpointserverimp.cpp:164 ERROR EndPointServerThreadCounter - PostHandleRequest() failed - <Unknown Exception>.
2025-06-13 18:04:11,622 [0x00002d88] f:\endpointserver\server\endpointserverimp.cpp:164 ERROR EndPointServerThreadCounter - PostHandleRequest() failed - <Unknown Exception>.
2025-06-13 18:04:11,622 [0x00002c24] f:\endpointserver\server\endpointserverimp.cpp:164 ERROR EndPointServerThreadCounter - PostHandleRequest() failed - <Unknown Exception>.
2025-06-13 18:04:11,622 [0x00002c1c] f:\endpointserver\server\endpointserverimp.cpp:164 ERROR EndPointServerThreadCounter - PostHandleRequest() failed - <Unknown Exception>.
2025-06-13 18:04:11,622 [0x00002c7c] f:\endpointserver\server\endpointserverimp.cpp:164 ERROR EndPointServerThreadCounter - PostHandleRequest() failed - <Unknown Exception>.
2025-06-13 18:04:11,622 [0x00002dcc] f:\endpointserver\server\endpointserverimp.cpp:164 ERROR EndPointServerThreadCounter - PostHandleRequest() failed - <Unknown Exception>.
2025-06-13 18:04:11,622 [0x00002bf0] f:\endpointserver\server\endpointserverimp.cpp:164 ERROR EndPointServerThreadCounter - PostHandleRequest() failed - <Unknown Exception>.
2025-06-13 18:04:11,622 [0x00002ce0] f:\endpointserver\server\endpointserverimp.cpp:164 ERROR EndPointServerThreadCounter - PostHandleRequest() failed - <Unknown Exception>.
2025-06-13 18:04:11,622 [0x00002d0c] f:\endpointserver\server\endpointserverimp.cpp:164 ERROR EndPointServerThreadCounter - PostHandleRequest() failed - <Unknown Exception>.
2025-06-13 18:04:11,622 [0x00002d40] f:\endpointserver\server\endpointserverimp.cpp:164 ERROR EndPointServerThreadCounter - PostHandleRequest() failed - <Unknown Exception>.
2025-06-13 18:04:11,623 [0x00002bf4] f:\endpointserver\server\endpointserverimp.cpp:164 ERROR EndPointServerThreadCounter - PostHandleRequest() failed - <Unknown Exception>.
2025-06-13 18:04:11,623 [0x00002d48] f:\endpointserver\server\endpointserverimp.cpp:164 ERROR EndPointServerThreadCounter - PostHandleRequest() failed - <Unknown Exception>.
2025-06-13 18:04:12,621 [0x00002bf4] f:\endpointserver\server\endpointserverimp.cpp:164 ERROR EndPointServerThreadCounter - PostHandleRequest() failed - <Unknown Exception>.
2025-06-13 18:04:12,622 [0x00002d88] f:\endpointserver\server\endpointserverimp.cpp:164 ERROR EndPointServerThreadCounter - PostHandleRequest() failed - <Unknown Exception>.
2025-06-13 18:04:12,627 [0x00002ce8] f:\endpointserver\server\endpointserverimp.cpp:164 ERROR EndPointServerThreadCounter - PostHandleRequest() failed - <Unknown Exception>.
2025-06-13 18:04:12,627 [0x00002da0] f:\endpointserver\server\endpointserverimp.cpp:164 ERROR EndPointServerThreadCounter - PostHandleRequest() failed - <Unknown Exception>.
2025-06-13 18:04:12,628 [0x00002c4c] f:\endpointserver\server\endpointserverimp.cpp:164 ERROR EndPointServerThreadCounter - PostHandleRequest() failed - <Unknown Exception>.
2025-06-13 18:04:12,627 [0x00002d14] f:\endpointserver\server\endpointserverimp.cpp:164 ERROR EndPointServerThreadCounter - PostHandleRequest() failed - <Unknown Exception>.
2025-06-13 18:04:12,630 [0x00002c20] f:\endpointserver\server\endpointserverimp.cpp:164 ERROR EndPointServerThreadCounter - PostHandleRequest() failed - <Unknown Exception>.
2025-06-13 18:04:12,627 [0x00002d70] f:\endpointserver\server\endpointserverimp.cpp:164 ERROR EndPointServerThreadCounter - PostHandleRequest() failed - <Unknown Exception>.
2025-06-13 18:04:12,629 [0x00002c80] f:\endpointserver\server\endpointserverimp.cpp:164 ERROR EndPointServerThreadCounter - PostHandleRequest() failed - <Unknown Exception>.
2025-06-13 18:04:12,631 [0x00002bf0] f:\endpointserver\server\endpointserverimp.cpp:164 ERROR EndPointServerThreadCounter - PostHandleRequest() failed - <Unknown Exception>.
2025-06-13 18:04:12,632 [0x00002bec] f:\endpointserver\server\endpointserverimp.cpp:164 ERROR EndPointServerThreadCounter - PostHandleRequest() failed - <Unknown Exception>.
2025-06-13 18:04:12,630 [0x00002d9c] f:\endpointserver\server\endpointserverimp.cpp:164 ERROR EndPointServerThreadCounter - PostHandleRequest() failed - <Unknown Exception>.
2025-06-13 18:04:12,631 [0x00002cdc] f:\endpointserver\server\endpointserverimp.cpp:164 ERROR EndPointServerThreadCounter - PostHandleRequest() failed - <Unknown Exception>.
2025-06-13 18:04:12,631 [0x00002c28] f:\endpointserver\server\endpointserverimp.cpp:164 ERROR EndPointServerThreadCounter - PostHandleRequest() failed - <Unknown Exception>.
2025-06-13 18:04:12,631 [0x00002d10] f:\endpointserver\server\endpointserverimp.cpp:164 ERROR EndPointServerThreadCounter - PostHandleRequest() failed - <Unknown Exception>.
2025-06-13 18:04:12,631 [0x00002d74] f:\endpointserver\server\endpointserverimp.cpp:164 ERROR EndPointServerThreadCounter - PostHandleRequest() failed - <Unknown Exception>.
2025-06-13 18:04:12,631 [0x00002bbc] f:\endpointserver\server\endpointserverimp.cpp:164 ERROR EndPointServerThreadCounter - PostHandleRequest() failed - <Unknown Exception>.
2025-06-13 18:04:12,631 [0x00002da4] f:\endpointserver\server\endpointserverimp.cpp:164 ERROR EndPointServerThreadCounter - PostHandleRequest() failed - <Unknown Exception>.
2025-06-13 18:04:12,631 [0x00002d6c] f:\endpointserver\server\endpointserverimp.cpp:164 ERROR EndPointServerThreadCounter - PostHandleRequest() failed - <Unknown Exception>.
2025-06-13 18:04:12,631 [0x00002dcc] f:\endpointserver\server\endpointserverimp.cpp:164 ERROR EndPointServerThreadCounter - PostHandleRequest() failed - <Unknown Exception>.
2025-06-13 18:04:12,631 [0x00002c24] f:\endpointserver\server\endpointserverimp.cpp:164 ERROR EndPointServerThreadCounter - PostHandleRequest() failed - <Unknown Exception>.
2025-06-13 18:04:12,627 [0x00002cb8] f:\endpointserver\server\endpointserverimp.cpp:164 ERROR EndPointServerThreadCounter - PostHandleRequest() failed - <Unknown Exception>.
2025-06-13 18:04:12,631 [0x00002c1c] f:\endpointserver\server\endpointserverimp.cpp:164 ERROR EndPointServerThreadCounter - PostHandleRequest() failed - <Unknown Exception>.
2025-06-13 18:04:12,631 [0x00002cb0] f:\endpointserver\server\endpointserverimp.cpp:164 ERROR EndPointServerThreadCounter - PostHandleRequest() failed - <Unknown Exception>.
2025-06-13 18:04:12,632 [0x00002d78] f:\endpointserver\server\endpointserverimp.cpp:164 ERROR EndPointServerThreadCounter - PostHandleRequest() failed - <Unknown Exception>.
2025-06-13 18:04:12,632 [0x00002d3c] f:\endpointserver\server\endpointserverimp.cpp:164 ERROR EndPointServerThreadCounter - PostHandleRequest() failed - <Unknown Exception>.
2025-06-13 18:04:12,630 [0x00002cac] f:\endpointserver\server\endpointserverimp.cpp:164 ERROR EndPointServerThreadCounter - PostHandleRequest() failed - <Unknown Exception>.
2025-06-13 18:04:12,632 [0x00002d18] f:\endpointserver\server\endpointserverimp.cpp:164 ERROR EndPointServerThreadCounter - PostHandleRequest() failed - <Unknown Exception>.
2025-06-13 18:04:12,632 [0x00002d44] f:\endpointserver\server\endpointserverimp.cpp:164 ERROR EndPointServerThreadCounter - PostHandleRequest() failed - <Unknown Exception>.
2025-06-13 18:04:12,632 [0x00002d40] f:\endpointserver\server\endpointserverimp.cpp:164 ERROR EndPointServerThreadCounter - PostHandleRequest() failed - <Unknown Exception>.
2025-06-13 18:04:12,633 [0x00002ce0] f:\endpointserver\server\endpointserverimp.cpp:164 ERROR EndPointServerThreadCounter - PostHandleRequest() failed - <Unknown Exception>.
2025-06-13 18:04:12,634 [0x00002c88] f:\endpointserver\server\endpointserverimp.cpp:164 ERROR EndPointServerThreadCounter - PostHandleRequest() failed - <Unknown Exception>.
2025-06-13 18:04:12,635 [0x00002bc0] f:\endpointserver\server\endpointserverimp.cpp:164 ERROR EndPointServerThreadCounter - PostHandleRequest() failed - <Unknown Exception>.
2025-06-13 18:04:12,638 [0x00002c54] f:\endpointserver\server\endpointserverimp.cpp:164 ERROR EndPointServerThreadCounter - PostHandleRequest() failed - <Unknown Exception>.
2025-06-13 18:04:12,639 [0x00002bc4] f:\endpointserver\server\endpointserverimp.cpp:164 ERROR EndPointServerThreadCounter - PostHandleRequest() failed - <Unknown Exception>.
2025-06-13 18:04:12,640 [0x00002c7c] f:\endpointserver\server\endpointserverimp.cpp:164 ERROR EndPointServerThreadCounter - PostHandleRequest() failed - <Unknown Exception>.
2025-06-13 18:04:12,641 [0x00002d48] f:\endpointserver\server\endpointserverimp.cpp:164 ERROR EndPointServerThreadCounter - PostHandleRequest() failed - <Unknown Exception>.
2025-06-13 18:04:12,642 [0x00002cb4] f:\endpointserver\server\endpointserverimp.cpp:164 ERROR EndPointServerThreadCounter - PostHandleRequest() failed - <Unknown Exception>.
2025-06-13 18:04:12,649 [0x00002d0c] f:\endpointserver\server\endpointserverimp.cpp:164 ERROR EndPointServerThreadCounter - PostHandleRequest() failed - <Unknown Exception>.
2025-06-13 18:04:14,598 [0x00002d0c] f:\endpointserver\server\endpointserverimp.cpp:164 ERROR EndPointServerThreadCounter - PostHandleRequest() failed - <Unknown Exception>.
2025-06-13 18:04:27,613 [0x00002cb4] f:\endpointserver\server\endpointserverimp.cpp:164 ERROR EndPointServerThreadCounter - PostHandleRequest() failed - <Unknown Exception>.
2025-06-13 18:04:27,613 [0x00002d0c] f:\endpointserver\server\endpointserverimp.cpp:164 ERROR EndPointServerThreadCounter - PostHandleRequest() failed - <Unknown Exception>.
2025-06-13 18:04:27,613 [0x00002d48] f:\endpointserver\server\endpointserverimp.cpp:164 ERROR EndPointServerThreadCounter - PostHandleRequest() failed - <Unknown Exception>.
2025-06-13 18:04:27,616 [0x00002c54] f:\endpointserver\server\endpointserverimp.cpp:164 ERROR EndPointServerThreadCounter - PostHandleRequest() failed - <Unknown Exception>.
2025-06-13 18:04:27,616 [0x00002bc4] f:\endpointserver\server\endpointserverimp.cpp:164 ERROR EndPointServerThreadCounter - PostHandleRequest() failed - <Unknown Exception>.
2025-06-13 18:04:27,617 [0x00002c7c] f:\endpointserver\server\endpointserverimp.cpp:164 ERROR EndPointServerThreadCounter - PostHandleRequest() failed - <Unknown Exception>.
2025-06-13 18:04:27,618 [0x00002bc0] f:\endpointserver\server\endpointserverimp.cpp:164 ERROR EndPointServerThreadCounter - PostHandleRequest() failed - <Unknown Exception>.
2025-06-13 18:04:27,618 [0x00002c88] f:\endpointserver\server\endpointserverimp.cpp:164 ERROR EndPointServerThreadCounter - PostHandleRequest() failed - <Unknown Exception>.
2025-06-13 18:04:27,618 [0x00002ce0] f:\endpointserver\server\endpointserverimp.cpp:164 ERROR EndPointServerThreadCounter - PostHandleRequest() failed - <Unknown Exception>.
2025-06-13 18:04:28,616 [0x00002c88] f:\endpointserver\server\endpointserverimp.cpp:164 ERROR EndPointServerThreadCounter - PostHandleRequest() failed - <Unknown Exception>.
2025-06-13 18:04:28,616 [0x00002ce0] f:\endpointserver\server\endpointserverimp.cpp:164 ERROR EndPointServerThreadCounter - PostHandleRequest() failed - <Unknown Exception>.
2025-06-13 18:04:28,617 [0x00002d44] f:\endpointserver\server\endpointserverimp.cpp:164 ERROR EndPointServerThreadCounter - PostHandleRequest() failed - <Unknown Exception>.
2025-06-13 18:04:28,618 [0x00002cac] f:\endpointserver\server\endpointserverimp.cpp:164 ERROR EndPointServerThreadCounter - PostHandleRequest() failed - <Unknown Exception>.
2025-06-13 18:04:28,619 [0x00002bc4] f:\endpointserver\server\endpointserverimp.cpp:164 ERROR EndPointServerThreadCounter - PostHandleRequest() failed - <Unknown Exception>.
2025-06-13 18:04:28,620 [0x00002bc0] f:\endpointserver\server\endpointserverimp.cpp:164 ERROR EndPointServerThreadCounter - PostHandleRequest() failed - <Unknown Exception>.
2025-06-13 18:04:28,620 [0x00002c54] f:\endpointserver\server\endpointserverimp.cpp:164 ERROR EndPointServerThreadCounter - PostHandleRequest() failed - <Unknown Exception>.
2025-06-13 18:04:28,621 [0x00002c7c] f:\endpointserver\server\endpointserverimp.cpp:164 ERROR EndPointServerThreadCounter - PostHandleRequest() failed - <Unknown Exception>.
2025-06-13 18:04:28,622 [0x00002d0c] f:\endpointserver\server\endpointserverimp.cpp:164 ERROR EndPointServerThreadCounter - PostHandleRequest() failed - <Unknown Exception>.
2025-06-13 18:04:28,623 [0x00002d40] f:\endpointserver\server\endpointserverimp.cpp:164 ERROR EndPointServerThreadCounter - PostHandleRequest() failed - <Unknown Exception>.
2025-06-13 18:04:28,623 [0x00002d18] f:\endpointserver\server\endpointserverimp.cpp:164 ERROR EndPointServerThreadCounter - PostHandleRequest() failed - <Unknown Exception>.
2025-06-13 18:04:28,627 [0x00002d48] f:\endpointserver\server\endpointserverimp.cpp:164 ERROR EndPointServerThreadCounter - PostHandleRequest() failed - <Unknown Exception>.
2025-06-13 18:04:28,627 [0x00002cb4] f:\endpointserver\server\endpointserverimp.cpp:164 ERROR EndPointServerThreadCounter - PostHandleRequest() failed - <Unknown Exception>.
2025-06-13 18:04:29,609 [0x00002cb4] f:\endpointserver\server\endpointserverimp.cpp:164 ERROR EndPointServerThreadCounter - PostHandleRequest() failed - <Unknown Exception>.
2025-06-13 18:04:29,611 [0x00002c88] f:\endpointserver\server\endpointserverimp.cpp:164 ERROR EndPointServerThreadCounter - PostHandleRequest() failed - <Unknown Exception>.
2025-06-13 18:04:29,612 [0x00002d48] f:\endpointserver\server\endpointserverimp.cpp:164 ERROR EndPointServerThreadCounter - PostHandleRequest() failed - <Unknown Exception>.
2025-06-13 18:04:29,613 [0x00002d18] f:\endpointserver\server\endpointserverimp.cpp:164 ERROR EndPointServerThreadCounter - PostHandleRequest() failed - <Unknown Exception>.
2025-06-13 18:04:29,613 [0x00002d3c] f:\endpointserver\server\endpointserverimp.cpp:164 ERROR EndPointServerThreadCounter - PostHandleRequest() failed - <Unknown Exception>.
2025-06-13 18:04:29,611 [0x00002c7c] f:\endpointserver\server\endpointserverimp.cpp:164 ERROR EndPointServerThreadCounter - PostHandleRequest() failed - <Unknown Exception>.
2025-06-13 18:04:29,612 [0x00002d40] f:\endpointserver\server\endpointserverimp.cpp:164 ERROR EndPointServerThreadCounter - PostHandleRequest() failed - <Unknown Exception>.
2025-06-13 18:04:29,612 [0x00002c54] f:\endpointserver\server\endpointserverimp.cpp:164 ERROR EndPointServerThreadCounter - PostHandleRequest() failed - <Unknown Exception>.
2025-06-13 18:04:29,612 [0x00002bc0] f:\endpointserver\server\endpointserverimp.cpp:164 ERROR EndPointServerThreadCounter - PostHandleRequest() failed - <Unknown Exception>.
2025-06-13 18:04:29,612 [0x00002cac] f:\endpointserver\server\endpointserverimp.cpp:164 ERROR EndPointServerThreadCounter - PostHandleRequest() failed - <Unknown Exception>.
2025-06-13 18:04:29,612 [0x00002bc4] f:\endpointserver\server\endpointserverimp.cpp:164 ERROR EndPointServerThreadCounter - PostHandleRequest() failed - <Unknown Exception>.
2025-06-13 18:04:29,613 [0x00002ce0] f:\endpointserver\server\endpointserverimp.cpp:164 ERROR EndPointServerThreadCounter - PostHandleRequest() failed - <Unknown Exception>.
2025-06-13 18:04:29,612 [0x00002d44] f:\endpointserver\server\endpointserverimp.cpp:164 ERROR EndPointServerThreadCounter - PostHandleRequest() failed - <Unknown Exception>.
2025-06-13 18:04:29,614 [0x00002d78] f:\endpointserver\server\endpointserverimp.cpp:164 ERROR EndPointServerThreadCounter - PostHandleRequest() failed - <Unknown Exception>.
2025-06-13 18:04:29,614 [0x00002d6c] f:\endpointserver\server\endpointserverimp.cpp:164 ERROR EndPointServerThreadCounter - PostHandleRequest() failed - <Unknown Exception>.
2025-06-13 18:04:29,614 [0x00002d0c] f:\endpointserver\server\endpointserverimp.cpp:164 ERROR EndPointServerThreadCounter - PostHandleRequest() failed - <Unknown Exception>.
2025-06-13 18:04:29,615 [0x00002c1c] f:\endpointserver\server\endpointserverimp.cpp:164 ERROR EndPointServerThreadCounter - PostHandleRequest() failed - <Unknown Exception>.
2025-06-13 18:04:29,616 [0x00002dcc] f:\endpointserver\server\endpointserverimp.cpp:164 ERROR EndPointServerThreadCounter - PostHandleRequest() failed - <Unknown Exception>.
2025-06-13 18:04:29,618 [0x00002c24] f:\endpointserver\server\endpointserverimp.cpp:164 ERROR EndPointServerThreadCounter - PostHandleRequest() failed - <Unknown Exception>.
2025-06-13 18:04:29,618 [0x00002bbc] f:\endpointserver\server\endpointserverimp.cpp:164 ERROR EndPointServerThreadCounter - PostHandleRequest() failed - <Unknown Exception>.
2025-06-13 18:04:29,618 [0x00002cb0] f:\endpointserver\server\endpointserverimp.cpp:164 ERROR EndPointServerThreadCounter - PostHandleRequest() failed - <Unknown Exception>.
2025-06-13 18:04:29,619 [0x00002d10] f:\endpointserver\server\endpointserverimp.cpp:164 ERROR EndPointServerThreadCounter - PostHandleRequest() failed - <Unknown Exception>.
2025-06-13 18:04:29,619 [0x00002da4] f:\endpointserver\server\endpointserverimp.cpp:164 ERROR EndPointServerThreadCounter - PostHandleRequest() failed - <Unknown Exception>.
2025-06-13 18:04:29,619 [0x00002cb8] f:\endpointserver\server\endpointserverimp.cpp:164 ERROR EndPointServerThreadCounter - PostHandleRequest() failed - <Unknown Exception>.
2025-06-13 18:04:29,626 [0x00002d3c] f:\endpointserver\server\endpointserverimp.cpp:164 ERROR EndPointServerThreadCounter - PostHandleRequest() failed - <Unknown Exception>.
2025-06-13 18:04:29,626 [0x00002c88] f:\endpointserver\server\endpointserverimp.cpp:164 ERROR EndPointServerThreadCounter - PostHandleRequest() failed - <Unknown Exception>.
2025-06-13 18:04:29,627 [0x00002d74] f:\endpointserver\server\endpointserverimp.cpp:164 ERROR EndPointServerThreadCounter - PostHandleRequest() failed - <Unknown Exception>.
2025-06-13 18:04:29,628 [0x00002d48] f:\endpointserver\server\endpointserverimp.cpp:164 ERROR EndPointServerThreadCounter - PostHandleRequest() failed - <Unknown Exception>.
2025-06-13 18:04:42,617 [0x00002cb0] f:\endpointserver\server\endpointserverimp.cpp:164 ERROR EndPointServerThreadCounter - PostHandleRequest() failed - <Unknown Exception>.
2025-06-13 18:04:42,617 [0x00002da4] f:\endpointserver\server\endpointserverimp.cpp:164 ERROR EndPointServerThreadCounter - PostHandleRequest() failed - <Unknown Exception>.
2025-06-13 18:04:42,617 [0x00002c88] f:\endpointserver\server\endpointserverimp.cpp:164 ERROR EndPointServerThreadCounter - PostHandleRequest() failed - <Unknown Exception>.
2025-06-13 18:04:42,617 [0x00002cb8] f:\endpointserver\server\endpointserverimp.cpp:164 ERROR EndPointServerThreadCounter - PostHandleRequest() failed - <Unknown Exception>.
2025-06-13 18:04:42,617 [0x00002d10] f:\endpointserver\server\endpointserverimp.cpp:164 ERROR EndPointServerThreadCounter - PostHandleRequest() failed - <Unknown Exception>.
2025-06-13 18:04:42,617 [0x00002bbc] f:\endpointserver\server\endpointserverimp.cpp:164 ERROR EndPointServerThreadCounter - PostHandleRequest() failed - <Unknown Exception>.
2025-06-13 18:04:42,617 [0x00002d3c] f:\endpointserver\server\endpointserverimp.cpp:164 ERROR EndPointServerThreadCounter - PostHandleRequest() failed - <Unknown Exception>.
2025-06-13 18:04:42,617 [0x00002d48] f:\endpointserver\server\endpointserverimp.cpp:164 ERROR EndPointServerThreadCounter - PostHandleRequest() failed - <Unknown Exception>.
2025-06-13 18:04:43,613 [0x00002d3c] f:\endpointserver\server\endpointserverimp.cpp:164 ERROR EndPointServerThreadCounter - PostHandleRequest() failed - <Unknown Exception>.
2025-06-13 18:04:43,613 [0x00002d48] f:\endpointserver\server\endpointserverimp.cpp:164 ERROR EndPointServerThreadCounter - PostHandleRequest() failed - <Unknown Exception>.
2025-06-13 18:04:43,614 [0x00002bbc] f:\endpointserver\server\endpointserverimp.cpp:164 ERROR EndPointServerThreadCounter - PostHandleRequest() failed - <Unknown Exception>.
2025-06-13 18:04:43,614 [0x00002da4] f:\endpointserver\server\endpointserverimp.cpp:164 ERROR EndPointServerThreadCounter - PostHandleRequest() failed - <Unknown Exception>.
2025-06-13 18:04:43,614 [0x00002c24] f:\endpointserver\server\endpointserverimp.cpp:164 ERROR EndPointServerThreadCounter - PostHandleRequest() failed - <Unknown Exception>.
2025-06-13 18:04:43,614 [0x00002cb0] f:\endpointserver\server\endpointserverimp.cpp:164 ERROR EndPointServerThreadCounter - PostHandleRequest() failed - <Unknown Exception>.
2025-06-13 18:04:43,614 [0x00002d74] f:\endpointserver\server\endpointserverimp.cpp:164 ERROR EndPointServerThreadCounter - PostHandleRequest() failed - <Unknown Exception>.
2025-06-13 18:04:43,614 [0x00002c88] f:\endpointserver\server\endpointserverimp.cpp:164 ERROR EndPointServerThreadCounter - PostHandleRequest() failed - <Unknown Exception>.
2025-06-13 18:04:43,614 [0x00002dcc] f:\endpointserver\server\endpointserverimp.cpp:164 ERROR EndPointServerThreadCounter - PostHandleRequest() failed - <Unknown Exception>.
2025-06-13 18:04:43,615 [0x00002cb8] f:\endpointserver\server\endpointserverimp.cpp:164 ERROR EndPointServerThreadCounter - PostHandleRequest() failed - <Unknown Exception>.
2025-06-13 18:04:43,615 [0x00002d10] f:\endpointserver\server\endpointserverimp.cpp:164 ERROR EndPointServerThreadCounter - PostHandleRequest() failed - <Unknown Exception>.
2025-06-13 18:04:43,617 [0x00002d6c] f:\endpointserver\server\endpointserverimp.cpp:164 ERROR EndPointServerThreadCounter - PostHandleRequest() failed - <Unknown Exception>.
2025-06-13 18:04:43,618 [0x00002d0c] f:\endpointserver\server\endpointserverimp.cpp:164 ERROR EndPointServerThreadCounter - PostHandleRequest() failed - <Unknown Exception>.
2025-06-13 18:04:43,618 [0x00002c1c] f:\endpointserver\server\endpointserverimp.cpp:164 ERROR EndPointServerThreadCounter - PostHandleRequest() failed - <Unknown Exception>.
2025-06-13 18:04:44,607 [0x00002d3c] f:\endpointserver\server\endpointserverimp.cpp:164 ERROR EndPointServerThreadCounter - PostHandleRequest() failed - <Unknown Exception>.
2025-06-13 18:04:44,607 [0x00002d0c] f:\endpointserver\server\endpointserverimp.cpp:164 ERROR EndPointServerThreadCounter - PostHandleRequest() failed - <Unknown Exception>.
2025-06-13 18:04:44,608 [0x00002d6c] f:\endpointserver\server\endpointserverimp.cpp:164 ERROR EndPointServerThreadCounter - PostHandleRequest() failed - <Unknown Exception>.
2025-06-13 18:04:44,608 [0x00002d48] f:\endpointserver\server\endpointserverimp.cpp:164 ERROR EndPointServerThreadCounter - PostHandleRequest() failed - <Unknown Exception>.
2025-06-13 18:04:44,609 [0x00002c1c] f:\endpointserver\server\endpointserverimp.cpp:164 ERROR EndPointServerThreadCounter - PostHandleRequest() failed - <Unknown Exception>.
2025-06-13 18:04:44,610 [0x00002c24] f:\endpointserver\server\endpointserverimp.cpp:164 ERROR EndPointServerThreadCounter - PostHandleRequest() failed - <Unknown Exception>.
2025-06-13 18:04:44,611 [0x00002d74] f:\endpointserver\server\endpointserverimp.cpp:164 ERROR EndPointServerThreadCounter - PostHandleRequest() failed - <Unknown Exception>.
2025-06-13 18:04:44,612 [0x00002da4] f:\endpointserver\server\endpointserverimp.cpp:164 ERROR EndPointServerThreadCounter - PostHandleRequest() failed - <Unknown Exception>.
2025-06-13 18:04:44,612 [0x00002bbc] f:\endpointserver\server\endpointserverimp.cpp:164 ERROR EndPointServerThreadCounter - PostHandleRequest() failed - <Unknown Exception>.
2025-06-13 18:04:44,613 [0x00002d44] f:\endpointserver\server\endpointserverimp.cpp:164 ERROR EndPointServerThreadCounter - PostHandleRequest() failed - <Unknown Exception>.
2025-06-13 18:04:44,612 [0x00002bc4] f:\endpointserver\server\endpointserverimp.cpp:164 ERROR EndPointServerThreadCounter - PostHandleRequest() failed - <Unknown Exception>.
2025-06-13 18:04:44,614 [0x00002c88] f:\endpointserver\server\endpointserverimp.cpp:164 ERROR EndPointServerThreadCounter - PostHandleRequest() failed - <Unknown Exception>.
2025-06-13 18:04:44,613 [0x00002dcc] f:\endpointserver\server\endpointserverimp.cpp:164 ERROR EndPointServerThreadCounter - PostHandleRequest() failed - <Unknown Exception>.
2025-06-13 18:04:44,612 [0x00002cb8] f:\endpointserver\server\endpointserverimp.cpp:164 ERROR EndPointServerThreadCounter - PostHandleRequest() failed - <Unknown Exception>.
2025-06-13 18:04:44,613 [0x00002cb0] f:\endpointserver\server\endpointserverimp.cpp:164 ERROR EndPointServerThreadCounter - PostHandleRequest() failed - <Unknown Exception>.
2025-06-13 18:04:44,614 [0x00002d78] f:\endpointserver\server\endpointserverimp.cpp:164 ERROR EndPointServerThreadCounter - PostHandleRequest() failed - <Unknown Exception>.
2025-06-13 18:04:44,612 [0x00002d10] f:\endpointserver\server\endpointserverimp.cpp:164 ERROR EndPointServerThreadCounter - PostHandleRequest() failed - <Unknown Exception>.
2025-06-13 18:04:44,617 [0x00002ce0] f:\endpointserver\server\endpointserverimp.cpp:164 ERROR EndPointServerThreadCounter - PostHandleRequest() failed - <Unknown Exception>.
2025-06-13 18:04:44,618 [0x00002d40] f:\endpointserver\server\endpointserverimp.cpp:164 ERROR EndPointServerThreadCounter - PostHandleRequest() failed - <Unknown Exception>.
2025-06-13 18:04:44,619 [0x00002d0c] f:\endpointserver\server\endpointserverimp.cpp:164 ERROR EndPointServerThreadCounter - PostHandleRequest() failed - <Unknown Exception>.
2025-06-13 18:04:44,619 [0x00002c54] f:\endpointserver\server\endpointserverimp.cpp:164 ERROR EndPointServerThreadCounter - PostHandleRequest() failed - <Unknown Exception>.
2025-06-13 18:04:44,620 [0x00002d6c] f:\endpointserver\server\endpointserverimp.cpp:164 ERROR EndPointServerThreadCounter - PostHandleRequest() failed - <Unknown Exception>.
2025-06-13 18:04:44,620 [0x00002c7c] f:\endpointserver\server\endpointserverimp.cpp:164 ERROR EndPointServerThreadCounter - PostHandleRequest() failed - <Unknown Exception>.
2025-06-13 18:04:44,620 [0x00002bc0] f:\endpointserver\server\endpointserverimp.cpp:164 ERROR EndPointServerThreadCounter - PostHandleRequest() failed - <Unknown Exception>.
2025-06-13 18:04:44,620 [0x00002d3c] f:\endpointserver\server\endpointserverimp.cpp:164 ERROR EndPointServerThreadCounter - PostHandleRequest() failed - <Unknown Exception>.
2025-06-13 18:04:44,623 [0x00002cac] f:\endpointserver\server\endpointserverimp.cpp:164 ERROR EndPointServerThreadCounter - PostHandleRequest() failed - <Unknown Exception>.
2025-06-13 18:04:44,624 [0x00002da4] f:\endpointserver\server\endpointserverimp.cpp:164 ERROR EndPointServerThreadCounter - PostHandleRequest() failed - <Unknown Exception>.
2025-06-13 18:04:44,626 [0x00002bbc] f:\endpointserver\server\endpointserverimp.cpp:164 ERROR EndPointServerThreadCounter - PostHandleRequest() failed - <Unknown Exception>.
2025-06-13 18:04:54,616 [0x00002bc0] f:\endpointserver\server\endpointserverimp.cpp:164 ERROR EndPointServerThreadCounter - PostHandleRequest() failed - <Unknown Exception>.
2025-06-13 18:04:54,618 [0x00002c54] f:\endpointserver\server\endpointserverimp.cpp:164 ERROR EndPointServerThreadCounter - PostHandleRequest() failed - <Unknown Exception>.
2025-06-13 18:04:54,619 [0x00002d6c] f:\endpointserver\server\endpointserverimp.cpp:164 ERROR EndPointServerThreadCounter - PostHandleRequest() failed - <Unknown Exception>.
2025-06-13 18:04:54,620 [0x00002c7c] f:\endpointserver\server\endpointserverimp.cpp:164 ERROR EndPointServerThreadCounter - PostHandleRequest() failed - <Unknown Exception>.
2025-06-13 18:04:54,621 [0x00002da4] f:\endpointserver\server\endpointserverimp.cpp:164 ERROR EndPointServerThreadCounter - PostHandleRequest() failed - <Unknown Exception>.
2025-06-13 18:04:54,621 [0x00002d3c] f:\endpointserver\server\endpointserverimp.cpp:164 ERROR EndPointServerThreadCounter - PostHandleRequest() failed - <Unknown Exception>.
2025-06-13 18:04:54,623 [0x00002cac] f:\endpointserver\server\endpointserverimp.cpp:164 ERROR EndPointServerThreadCounter - PostHandleRequest() failed - <Unknown Exception>.
2025-06-13 18:04:54,623 [0x00002bbc] f:\endpointserver\server\endpointserverimp.cpp:164 ERROR EndPointServerThreadCounter - PostHandleRequest() failed - <Unknown Exception>.
2025-06-13 18:04:56,614 [0x00002bbc] f:\endpointserver\server\endpointserverimp.cpp:164 ERROR EndPointServerThreadCounter - PostHandleRequest() failed - <Unknown Exception>.
2025-06-13 18:04:56,614 [0x00002cac] f:\endpointserver\server\endpointserverimp.cpp:164 ERROR EndPointServerThreadCounter - PostHandleRequest() failed - <Unknown Exception>.
2025-06-13 18:04:56,615 [0x00002bc0] f:\endpointserver\server\endpointserverimp.cpp:164 ERROR EndPointServerThreadCounter - PostHandleRequest() failed - <Unknown Exception>.
2025-06-13 18:04:56,616 [0x00002d3c] f:\endpointserver\server\endpointserverimp.cpp:164 ERROR EndPointServerThreadCounter - PostHandleRequest() failed - <Unknown Exception>.
2025-06-13 18:04:56,616 [0x00002da4] f:\endpointserver\server\endpointserverimp.cpp:164 ERROR EndPointServerThreadCounter - PostHandleRequest() failed - <Unknown Exception>.
2025-06-13 18:04:56,616 [0x00002d10] f:\endpointserver\server\endpointserverimp.cpp:164 ERROR EndPointServerThreadCounter - PostHandleRequest() failed - <Unknown Exception>.
2025-06-13 18:04:56,616 [0x00002ce0] f:\endpointserver\server\endpointserverimp.cpp:164 ERROR EndPointServerThreadCounter - PostHandleRequest() failed - <Unknown Exception>.
2025-06-13 18:04:56,617 [0x00002d40] f:\endpointserver\server\endpointserverimp.cpp:164 ERROR EndPointServerThreadCounter - PostHandleRequest() failed - <Unknown Exception>.
2025-06-13 18:04:56,617 [0x00002d6c] f:\endpointserver\server\endpointserverimp.cpp:164 ERROR EndPointServerThreadCounter - PostHandleRequest() failed - <Unknown Exception>.
2025-06-13 18:04:56,618 [0x00002c7c] f:\endpointserver\server\endpointserverimp.cpp:164 ERROR EndPointServerThreadCounter - PostHandleRequest() failed - <Unknown Exception>.
2025-06-13 18:04:56,619 [0x00002c54] f:\endpointserver\server\endpointserverimp.cpp:164 ERROR EndPointServerThreadCounter - PostHandleRequest() failed - <Unknown Exception>.
2025-06-13 18:04:56,620 [0x00002d0c] f:\endpointserver\server\endpointserverimp.cpp:164 ERROR EndPointServerThreadCounter - PostHandleRequest() failed - <Unknown Exception>.
2025-06-13 18:04:56,620 [0x00002cb0] f:\endpointserver\server\endpointserverimp.cpp:164 ERROR EndPointServerThreadCounter - PostHandleRequest() failed - <Unknown Exception>.
2025-06-13 18:04:56,623 [0x00002d78] f:\endpointserver\server\endpointserverimp.cpp:164 ERROR EndPointServerThreadCounter - PostHandleRequest() failed - <Unknown Exception>.
2025-06-13 18:04:58,605 [0x00002d78] f:\endpointserver\server\endpointserverimp.cpp:164 ERROR EndPointServerThreadCounter - PostHandleRequest() failed - <Unknown Exception>.
2025-06-13 18:04:58,605 [0x00002c7c] f:\endpointserver\server\endpointserverimp.cpp:164 ERROR EndPointServerThreadCounter - PostHandleRequest() failed - <Unknown Exception>.
2025-06-13 18:04:58,606 [0x00002d3c] f:\endpointserver\server\endpointserverimp.cpp:164 ERROR EndPointServerThreadCounter - PostHandleRequest() failed - <Unknown Exception>.
2025-06-13 18:04:58,606 [0x00002d10] f:\endpointserver\server\endpointserverimp.cpp:164 ERROR EndPointServerThreadCounter - PostHandleRequest() failed - <Unknown Exception>.
2025-06-13 18:04:58,608 [0x00002d0c] f:\endpointserver\server\endpointserverimp.cpp:164 ERROR EndPointServerThreadCounter - PostHandleRequest() failed - <Unknown Exception>.
2025-06-13 18:04:58,608 [0x00002d40] f:\endpointserver\server\endpointserverimp.cpp:164 ERROR EndPointServerThreadCounter - PostHandleRequest() failed - <Unknown Exception>.
2025-06-13 18:04:58,609 [0x00002c54] f:\endpointserver\server\endpointserverimp.cpp:164 ERROR EndPointServerThreadCounter - PostHandleRequest() failed - <Unknown Exception>.
2025-06-13 18:04:58,609 [0x00002ce0] f:\endpointserver\server\endpointserverimp.cpp:164 ERROR EndPointServerThreadCounter - PostHandleRequest() failed - <Unknown Exception>.
2025-06-13 18:04:58,609 [0x00002d6c] f:\endpointserver\server\endpointserverimp.cpp:164 ERROR EndPointServerThreadCounter - PostHandleRequest() failed - <Unknown Exception>.
2025-06-13 18:04:58,611 [0x00002da4] f:\endpointserver\server\endpointserverimp.cpp:164 ERROR EndPointServerThreadCounter - PostHandleRequest() failed - <Unknown Exception>.
2025-06-13 18:04:58,611 [0x00002bbc] f:\endpointserver\server\endpointserverimp.cpp:164 ERROR EndPointServerThreadCounter - PostHandleRequest() failed - <Unknown Exception>.
2025-06-13 18:04:58,611 [0x00002bc0] f:\endpointserver\server\endpointserverimp.cpp:164 ERROR EndPointServerThreadCounter - PostHandleRequest() failed - <Unknown Exception>.
2025-06-13 18:04:58,611 [0x00002cb0] f:\endpointserver\server\endpointserverimp.cpp:164 ERROR EndPointServerThreadCounter - PostHandleRequest() failed - <Unknown Exception>.
2025-06-13 18:04:58,613 [0x00002cac] f:\endpointserver\server\endpointserverimp.cpp:164 ERROR EndPointServerThreadCounter - PostHandleRequest() failed - <Unknown Exception>.
2025-06-13 18:04:58,614 [0x00002dcc] f:\endpointserver\server\endpointserverimp.cpp:164 ERROR EndPointServerThreadCounter - PostHandleRequest() failed - <Unknown Exception>.
2025-06-13 18:04:58,614 [0x00002cb8] f:\endpointserver\server\endpointserverimp.cpp:164 ERROR EndPointServerThreadCounter - PostHandleRequest() failed - <Unknown Exception>.
2025-06-13 18:04:58,618 [0x00002bc4] f:\endpointserver\server\endpointserverimp.cpp:164 ERROR EndPointServerThreadCounter - PostHandleRequest() failed - <Unknown Exception>.
2025-06-13 18:04:58,619 [0x00002c88] f:\endpointserver\server\endpointserverimp.cpp:164 ERROR EndPointServerThreadCounter - PostHandleRequest() failed - <Unknown Exception>.
2025-06-13 18:04:58,619 [0x00002d3c] f:\endpointserver\server\endpointserverimp.cpp:164 ERROR EndPointServerThreadCounter - PostHandleRequest() failed - <Unknown Exception>.
2025-06-13 18:04:58,620 [0x00002d0c] f:\endpointserver\server\endpointserverimp.cpp:164 ERROR EndPointServerThreadCounter - PostHandleRequest() failed - <Unknown Exception>.
2025-06-13 18:04:58,620 [0x00002d40] f:\endpointserver\server\endpointserverimp.cpp:164 ERROR EndPointServerThreadCounter - PostHandleRequest() failed - <Unknown Exception>.
2025-06-13 18:04:58,620 [0x00002d78] f:\endpointserver\server\endpointserverimp.cpp:164 ERROR EndPointServerThreadCounter - PostHandleRequest() failed - <Unknown Exception>.
2025-06-13 18:04:58,621 [0x00002c7c] f:\endpointserver\server\endpointserverimp.cpp:164 ERROR EndPointServerThreadCounter - PostHandleRequest() failed - <Unknown Exception>.
2025-06-13 18:04:58,623 [0x00002d10] f:\endpointserver\server\endpointserverimp.cpp:164 ERROR EndPointServerThreadCounter - PostHandleRequest() failed - <Unknown Exception>.
2025-06-13 18:04:58,623 [0x00002d6c] f:\endpointserver\server\endpointserverimp.cpp:164 ERROR EndPointServerThreadCounter - PostHandleRequest() failed - <Unknown Exception>.
2025-06-13 18:04:58,624 [0x00002d74] f:\endpointserver\server\endpointserverimp.cpp:164 ERROR EndPointServerThreadCounter - PostHandleRequest() failed - <Unknown Exception>.
2025-06-13 18:04:58,624 [0x00002d44] f:\endpointserver\server\endpointserverimp.cpp:164 ERROR EndPointServerThreadCounter - PostHandleRequest() failed - <Unknown Exception>.
2025-06-13 18:04:58,628 [0x00002ce0] f:\endpointserver\server\endpointserverimp.cpp:164 ERROR EndPointServerThreadCounter - PostHandleRequest() failed - <Unknown Exception>.
2025-06-13 18:05:10,616 [0x00002d78] f:\endpointserver\server\endpointserverimp.cpp:164 ERROR EndPointServerThreadCounter - PostHandleRequest() failed - <Unknown Exception>.
2025-06-13 18:05:10,616 [0x00002d6c] f:\endpointserver\server\endpointserverimp.cpp:164 ERROR EndPointServerThreadCounter - PostHandleRequest() failed - <Unknown Exception>.
2025-06-13 18:05:10,617 [0x00002ce0] f:\endpointserver\server\endpointserverimp.cpp:164 ERROR EndPointServerThreadCounter - PostHandleRequest() failed - <Unknown Exception>.
2025-06-13 18:05:10,617 [0x00002d74] f:\endpointserver\server\endpointserverimp.cpp:164 ERROR EndPointServerThreadCounter - PostHandleRequest() failed - <Unknown Exception>.
2025-06-13 18:05:10,618 [0x00002d10] f:\endpointserver\server\endpointserverimp.cpp:164 ERROR EndPointServerThreadCounter - PostHandleRequest() failed - <Unknown Exception>.
2025-06-13 18:05:10,619 [0x00002c7c] f:\endpointserver\server\endpointserverimp.cpp:164 ERROR EndPointServerThreadCounter - PostHandleRequest() failed - <Unknown Exception>.
2025-06-13 18:05:10,621 [0x00002d44] f:\endpointserver\server\endpointserverimp.cpp:164 ERROR EndPointServerThreadCounter - PostHandleRequest() failed - <Unknown Exception>.
2025-06-13 18:05:10,621 [0x00002d40] f:\endpointserver\server\endpointserverimp.cpp:164 ERROR EndPointServerThreadCounter - PostHandleRequest() failed - <Unknown Exception>.
2025-06-13 18:05:12,604 [0x00002c7c] f:\endpointserver\server\endpointserverimp.cpp:164 ERROR EndPointServerThreadCounter - PostHandleRequest() failed - <Unknown Exception>.
2025-06-13 18:05:12,605 [0x00002c88] f:\endpointserver\server\endpointserverimp.cpp:164 ERROR EndPointServerThreadCounter - PostHandleRequest() failed - <Unknown Exception>.
2025-06-13 18:05:12,606 [0x00002d44] f:\endpointserver\server\endpointserverimp.cpp:164 ERROR EndPointServerThreadCounter - PostHandleRequest() failed - <Unknown Exception>.
2025-06-13 18:05:12,605 [0x00002d3c] f:\endpointserver\server\endpointserverimp.cpp:164 ERROR EndPointServerThreadCounter - PostHandleRequest() failed - <Unknown Exception>.
2025-06-13 18:05:12,606 [0x00002d40] f:\endpointserver\server\endpointserverimp.cpp:164 ERROR EndPointServerThreadCounter - PostHandleRequest() failed - <Unknown Exception>.
2025-06-13 18:05:12,606 [0x00002d6c] f:\endpointserver\server\endpointserverimp.cpp:164 ERROR EndPointServerThreadCounter - PostHandleRequest() failed - <Unknown Exception>.
2025-06-13 18:05:12,607 [0x00002d74] f:\endpointserver\server\endpointserverimp.cpp:164 ERROR EndPointServerThreadCounter - PostHandleRequest() failed - <Unknown Exception>.
2025-06-13 18:05:12,607 [0x00002d10] f:\endpointserver\server\endpointserverimp.cpp:164 ERROR EndPointServerThreadCounter - PostHandleRequest() failed - <Unknown Exception>.
2025-06-13 18:05:12,608 [0x00002d78] f:\endpointserver\server\endpointserverimp.cpp:164 ERROR EndPointServerThreadCounter - PostHandleRequest() failed - <Unknown Exception>.
2025-06-13 18:05:12,609 [0x00002d0c] f:\endpointserver\server\endpointserverimp.cpp:164 ERROR EndPointServerThreadCounter - PostHandleRequest() failed - <Unknown Exception>.
2025-06-13 18:05:12,610 [0x00002bc4] f:\endpointserver\server\endpointserverimp.cpp:164 ERROR EndPointServerThreadCounter - PostHandleRequest() failed - <Unknown Exception>.
2025-06-13 18:05:12,610 [0x00002dcc] f:\endpointserver\server\endpointserverimp.cpp:164 ERROR EndPointServerThreadCounter - PostHandleRequest() failed - <Unknown Exception>.
2025-06-13 18:05:12,611 [0x00002ce0] f:\endpointserver\server\endpointserverimp.cpp:164 ERROR EndPointServerThreadCounter - PostHandleRequest() failed - <Unknown Exception>.
2025-06-13 18:05:12,612 [0x00002cb8] f:\endpointserver\server\endpointserverimp.cpp:164 ERROR EndPointServerThreadCounter - PostHandleRequest() failed - <Unknown Exception>.
2025-06-13 18:05:14,615 [0x00002cb8] f:\endpointserver\server\endpointserverimp.cpp:164 ERROR EndPointServerThreadCounter - PostHandleRequest() failed - <Unknown Exception>.
2025-06-13 18:05:14,615 [0x00002ce0] f:\endpointserver\server\endpointserverimp.cpp:164 ERROR EndPointServerThreadCounter - PostHandleRequest() failed - <Unknown Exception>.
2025-06-13 18:05:14,617 [0x00002d74] f:\endpointserver\server\endpointserverimp.cpp:164 ERROR EndPointServerThreadCounter - PostHandleRequest() failed - <Unknown Exception>.
2025-06-13 18:05:14,616 [0x00002d40] f:\endpointserver\server\endpointserverimp.cpp:164 ERROR EndPointServerThreadCounter - PostHandleRequest() failed - <Unknown Exception>.
2025-06-13 18:05:14,618 [0x00002bc0] f:\endpointserver\server\endpointserverimp.cpp:164 ERROR EndPointServerThreadCounter - PostHandleRequest() failed - <Unknown Exception>.
2025-06-13 18:05:14,616 [0x00002c88] f:\endpointserver\server\endpointserverimp.cpp:164 ERROR EndPointServerThreadCounter - PostHandleRequest() failed - <Unknown Exception>.
2025-06-13 18:05:14,620 [0x00002d0c] f:\endpointserver\server\endpointserverimp.cpp:164 ERROR EndPointServerThreadCounter - PostHandleRequest() failed - <Unknown Exception>.
2025-06-13 18:05:14,617 [0x00002bbc] f:\endpointserver\server\endpointserverimp.cpp:164 ERROR EndPointServerThreadCounter - PostHandleRequest() failed - <Unknown Exception>.
2025-06-13 18:05:14,618 [0x00002c54] f:\endpointserver\server\endpointserverimp.cpp:164 ERROR EndPointServerThreadCounter - PostHandleRequest() failed - <Unknown Exception>.
2025-06-13 18:05:14,616 [0x00002d48] f:\endpointserver\server\endpointserverimp.cpp:164 ERROR EndPointServerThreadCounter - PostHandleRequest() failed - <Unknown Exception>.
2025-06-13 18:05:14,618 [0x00002c28] f:\endpointserver\server\endpointserverimp.cpp:164 ERROR EndPointServerThreadCounter - PostHandleRequest() failed - <Unknown Exception>.
2025-06-13 18:05:14,618 [0x00002cb0] f:\endpointserver\server\endpointserverimp.cpp:164 ERROR EndPointServerThreadCounter - PostHandleRequest() failed - <Unknown Exception>.
2025-06-13 18:05:14,618 [0x00002c1c] f:\endpointserver\server\endpointserverimp.cpp:164 ERROR EndPointServerThreadCounter - PostHandleRequest() failed - <Unknown Exception>.
2025-06-13 18:05:14,618 [0x00002c24] f:\endpointserver\server\endpointserverimp.cpp:164 ERROR EndPointServerThreadCounter - PostHandleRequest() failed - <Unknown Exception>.
2025-06-13 18:05:14,618 [0x00002d10] f:\endpointserver\server\endpointserverimp.cpp:164 ERROR EndPointServerThreadCounter - PostHandleRequest() failed - <Unknown Exception>.
2025-06-13 18:05:14,618 [0x00002d78] f:\endpointserver\server\endpointserverimp.cpp:164 ERROR EndPointServerThreadCounter - PostHandleRequest() failed - <Unknown Exception>.
2025-06-13 18:05:14,625 [0x00002d6c] f:\endpointserver\server\endpointserverimp.cpp:164 ERROR EndPointServerThreadCounter - PostHandleRequest() failed - <Unknown Exception>.
2025-06-13 18:05:14,618 [0x00002d18] f:\endpointserver\server\endpointserverimp.cpp:164 ERROR EndPointServerThreadCounter - PostHandleRequest() failed - <Unknown Exception>.
2025-06-13 18:05:14,617 [0x00002c7c] f:\endpointserver\server\endpointserverimp.cpp:164 ERROR EndPointServerThreadCounter - PostHandleRequest() failed - <Unknown Exception>.
2025-06-13 18:05:14,622 [0x00002bec] f:\endpointserver\server\endpointserverimp.cpp:164 ERROR EndPointServerThreadCounter - PostHandleRequest() failed - <Unknown Exception>.
2025-06-13 18:05:14,622 [0x00002cac] f:\endpointserver\server\endpointserverimp.cpp:164 ERROR EndPointServerThreadCounter - PostHandleRequest() failed - <Unknown Exception>.
2025-06-13 18:05:14,622 [0x00002bc4] f:\endpointserver\server\endpointserverimp.cpp:164 ERROR EndPointServerThreadCounter - PostHandleRequest() failed - <Unknown Exception>.
2025-06-13 18:05:14,623 [0x00002d44] f:\endpointserver\server\endpointserverimp.cpp:164 ERROR EndPointServerThreadCounter - PostHandleRequest() failed - <Unknown Exception>.
2025-06-13 18:05:14,625 [0x00002dcc] f:\endpointserver\server\endpointserverimp.cpp:164 ERROR EndPointServerThreadCounter - PostHandleRequest() failed - <Unknown Exception>.
2025-06-13 18:05:14,618 [0x00002da4] f:\endpointserver\server\endpointserverimp.cpp:164 ERROR EndPointServerThreadCounter - PostHandleRequest() failed - <Unknown Exception>.
2025-06-13 18:05:14,627 [0x00002cdc] f:\endpointserver\server\endpointserverimp.cpp:164 ERROR EndPointServerThreadCounter - PostHandleRequest() failed - <Unknown Exception>.
2025-06-13 18:05:14,627 [0x00002d40] f:\endpointserver\server\endpointserverimp.cpp:164 ERROR EndPointServerThreadCounter - PostHandleRequest() failed - <Unknown Exception>.
2025-06-13 18:05:14,629 [0x00002d3c] f:\endpointserver\server\endpointserverimp.cpp:164 ERROR EndPointServerThreadCounter - PostHandleRequest() failed - <Unknown Exception>.
2025-06-13 18:05:25,610 [0x00002dcc] f:\endpointserver\server\endpointserverimp.cpp:164 ERROR EndPointServerThreadCounter - PostHandleRequest() failed - <Unknown Exception>.
2025-06-13 18:05:25,610 [0x00002cdc] f:\endpointserver\server\endpointserverimp.cpp:164 ERROR EndPointServerThreadCounter - PostHandleRequest() failed - <Unknown Exception>.
2025-06-13 18:05:25,614 [0x00002da4] f:\endpointserver\server\endpointserverimp.cpp:164 ERROR EndPointServerThreadCounter - PostHandleRequest() failed - <Unknown Exception>.
2025-06-13 18:05:25,616 [0x00002d3c] f:\endpointserver\server\endpointserverimp.cpp:164 ERROR EndPointServerThreadCounter - PostHandleRequest() failed - <Unknown Exception>.
2025-06-13 18:05:25,618 [0x00002d40] f:\endpointserver\server\endpointserverimp.cpp:164 ERROR EndPointServerThreadCounter - PostHandleRequest() failed - <Unknown Exception>.
2025-06-13 18:05:26,611 [0x00002d40] f:\endpointserver\server\endpointserverimp.cpp:164 ERROR EndPointServerThreadCounter - PostHandleRequest() failed - <Unknown Exception>.
2025-06-13 18:05:26,618 [0x00002dcc] f:\endpointserver\server\endpointserverimp.cpp:164 ERROR EndPointServerThreadCounter - PostHandleRequest() failed - <Unknown Exception>.
2025-06-13 18:05:26,620 [0x00002cdc] f:\endpointserver\server\endpointserverimp.cpp:164 ERROR EndPointServerThreadCounter - PostHandleRequest() failed - <Unknown Exception>.
2025-06-13 18:05:28,611 [0x00002bc4] f:\endpointserver\server\endpointserverimp.cpp:164 ERROR EndPointServerThreadCounter - PostHandleRequest() failed - <Unknown Exception>.
2025-06-13 18:05:28,611 [0x00002dcc] f:\endpointserver\server\endpointserverimp.cpp:164 ERROR EndPointServerThreadCounter - PostHandleRequest() failed - <Unknown Exception>.
2025-06-13 18:05:28,613 [0x00002cb4] f:\endpointserver\server\endpointserverimp.cpp:164 ERROR EndPointServerThreadCounter - PostHandleRequest() failed - <Unknown Exception>.
2025-06-13 18:05:28,614 [0x00002da4] f:\endpointserver\server\endpointserverimp.cpp:164 ERROR EndPointServerThreadCounter - PostHandleRequest() failed - <Unknown Exception>.
2025-06-13 18:05:28,613 [0x00002d3c] f:\endpointserver\server\endpointserverimp.cpp:164 ERROR EndPointServerThreadCounter - PostHandleRequest() failed - <Unknown Exception>.
2025-06-13 18:05:28,614 [0x00002d44] f:\endpointserver\server\endpointserverimp.cpp:164 ERROR EndPointServerThreadCounter - PostHandleRequest() failed - <Unknown Exception>.
2025-06-13 18:05:28,614 [0x00002cac] f:\endpointserver\server\endpointserverimp.cpp:164 ERROR EndPointServerThreadCounter - PostHandleRequest() failed - <Unknown Exception>.
2025-06-13 18:05:28,615 [0x00002d40] f:\endpointserver\server\endpointserverimp.cpp:164 ERROR EndPointServerThreadCounter - PostHandleRequest() failed - <Unknown Exception>.
2025-06-13 18:05:28,615 [0x00002cdc] f:\endpointserver\server\endpointserverimp.cpp:164 ERROR EndPointServerThreadCounter - PostHandleRequest() failed - <Unknown Exception>.
2025-06-13 18:05:28,616 [0x00002bec] f:\endpointserver\server\endpointserverimp.cpp:164 ERROR EndPointServerThreadCounter - PostHandleRequest() failed - <Unknown Exception>.
2025-06-13 18:05:28,617 [0x00002c7c] f:\endpointserver\server\endpointserverimp.cpp:164 ERROR EndPointServerThreadCounter - PostHandleRequest() failed - <Unknown Exception>.
2025-06-13 18:05:28,618 [0x00002d6c] f:\endpointserver\server\endpointserverimp.cpp:164 ERROR EndPointServerThreadCounter - PostHandleRequest() failed - <Unknown Exception>.
2025-06-13 18:05:28,619 [0x00002d18] f:\endpointserver\server\endpointserverimp.cpp:164 ERROR EndPointServerThreadCounter - PostHandleRequest() failed - <Unknown Exception>.
2025-06-13 18:05:28,619 [0x00002d78] f:\endpointserver\server\endpointserverimp.cpp:164 ERROR EndPointServerThreadCounter - PostHandleRequest() failed - <Unknown Exception>.
2025-06-13 18:05:30,611 [0x00002d78] f:\endpointserver\server\endpointserverimp.cpp:164 ERROR EndPointServerThreadCounter - PostHandleRequest() failed - <Unknown Exception>.
2025-06-13 18:05:30,611 [0x00002d18] f:\endpointserver\server\endpointserverimp.cpp:164 ERROR EndPointServerThreadCounter - PostHandleRequest() failed - <Unknown Exception>.
2025-06-13 18:05:30,611 [0x00002d6c] f:\endpointserver\server\endpointserverimp.cpp:164 ERROR EndPointServerThreadCounter - PostHandleRequest() failed - <Unknown Exception>.
2025-06-13 18:08:32,618 [0x00002d6c] f:\endpointserver\server\endpointserverimp.cpp:164 ERROR EndPointServerThreadCounter - PostHandleRequest() failed - <Unknown Exception>.
2025-06-13 18:08:46,612 [0x00002d78] f:\endpointserver\server\endpointserverimp.cpp:164 ERROR EndPointServerThreadCounter - PostHandleRequest() failed - <Unknown Exception>.
2025-06-13 18:10:36,629 [0x00002d18] f:\endpointserver\server\endpointserverimp.cpp:164 ERROR EndPointServerThreadCounter - PostHandleRequest() failed - <Unknown Exception>.
2025-06-13 18:12:39,630 [0x00002d6c] f:\endpointserver\server\endpointserverimp.cpp:164 ERROR EndPointServerThreadCounter - PostHandleRequest() failed - <Unknown Exception>.
2025-06-13 18:13:27,602 [0x00002d78] f:\endpointserver\server\endpointserverimp.cpp:164 ERROR EndPointServerThreadCounter - PostHandleRequest() failed - <Unknown Exception>.
2025-06-13 18:13:35,606 [0x00002d78] f:\endpointserver\server\endpointserverimp.cpp:164 ERROR EndPointServerThreadCounter - PostHandleRequest() failed - <Unknown Exception>.
2025-06-13 18:13:51,614 [0x00002d6c] f:\endpointserver\server\endpointserverimp.cpp:164 ERROR EndPointServerThreadCounter - PostHandleRequest() failed - <Unknown Exception>.
2025-06-13 18:16:18,710 [0x00002d40] f:\endpointserver\server\endpointserverimp.cpp:164 ERROR EndPointServerThreadCounter - PostHandleRequest() failed - <Unknown Exception>.
2025-06-13 18:16:43,611 [0x00002d40] f:\endpointserver\server\endpointserverimp.cpp:164 ERROR EndPointServerThreadCounter - PostHandleRequest() failed - <Unknown Exception>.
2025-06-13 18:16:51,608 [0x00002d40] f:\endpointserver\server\endpointserverimp.cpp:164 ERROR EndPointServerThreadCounter - PostHandleRequest() failed - <Unknown Exception>.
2025-06-13 18:21:54,700 [0x00002cac] f:\endpointserver\server\endpointserverimp.cpp:164 ERROR EndPointServerThreadCounter - PostHandleRequest() failed - <Unknown Exception>.
2025-06-13 18:39:48,610 [0x00002da4] f:\endpointserver\server\endpointserverimp.cpp:164 ERROR EndPointServerThreadCounter - PostHandleRequest() failed - <Unknown Exception>.
2025-06-13 18:40:55,612 [0x00002da4] f:\endpointserver\server\endpointserverimp.cpp:164 ERROR EndPointServerThreadCounter - PostHandleRequest() failed - <Unknown Exception>.
2025-06-13 18:41:47,598 [0x00002c1c] f:\endpointserver\server\endpointserverimp.cpp:164 ERROR EndPointServerThreadCounter - PostHandleRequest() failed - <Unknown Exception>.
2025-06-13 18:42:01,605 [0x00002c1c] f:\endpointserver\server\endpointserverimp.cpp:164 ERROR EndPointServerThreadCounter - PostHandleRequest() failed - <Unknown Exception>.
2025-06-13 18:43:11,607 [0x00002c28] f:\endpointserver\server\endpointserverimp.cpp:164 ERROR EndPointServerThreadCounter - PostHandleRequest() failed - <Unknown Exception>.
2025-06-13 18:43:16,604 [0x00002d0c] f:\endpointserver\server\endpointserverimp.cpp:164 ERROR EndPointServerThreadCounter - PostHandleRequest() failed - <Unknown Exception>.
2025-06-13 18:43:50,623 [0x00002c1c] f:\endpointserver\server\endpointserverimp.cpp:164 ERROR EndPointServerThreadCounter - PostHandleRequest() failed - <Unknown Exception>.
2025-06-13 18:45:00,673 [0x00002c24] f:\endpointserver\server\endpointserverimp.cpp:164 ERROR EndPointServerThreadCounter - PostHandleRequest() failed - <Unknown Exception>.
2025-06-13 18:45:01,606 [0x00002d0c] f:\endpointserver\server\endpointserverimp.cpp:164 ERROR EndPointServerThreadCounter - PostHandleRequest() failed - <Unknown Exception>.
2025-06-13 18:46:10,612 [0x00002c1c] f:\endpointserver\server\endpointserverimp.cpp:164 ERROR EndPointServerThreadCounter - PostHandleRequest() failed - <Unknown Exception>.
2025-06-13 18:46:14,609 [0x00002bc0] f:\endpointserver\server\endpointserverimp.cpp:164 ERROR EndPointServerThreadCounter - PostHandleRequest() failed - <Unknown Exception>.
2025-06-13 18:46:28,612 [0x00002cb0] f:\endpointserver\server\endpointserverimp.cpp:164 ERROR EndPointServerThreadCounter - PostHandleRequest() failed - <Unknown Exception>.
2025-06-13 18:47:36,659 [0x00002d3c] f:\endpointserver\server\endpointserverimp.cpp:164 ERROR EndPointServerThreadCounter - PostHandleRequest() failed - <Unknown Exception>.
2025-06-13 18:47:44,615 [0x00002d6c] f:\endpointserver\server\endpointserverimp.cpp:164 ERROR EndPointServerThreadCounter - PostHandleRequest() failed - <Unknown Exception>.
2025-06-13 18:49:40,605 [0x00002da4] f:\endpointserver\server\endpointserverimp.cpp:164 ERROR EndPointServerThreadCounter - PostHandleRequest() failed - <Unknown Exception>.
2025-06-13 18:50:47,613 [0x00002c54] f:\endpointserver\server\endpointserverimp.cpp:164 ERROR EndPointServerThreadCounter - PostHandleRequest() failed - <Unknown Exception>.
2025-06-13 18:51:33,599 [0x00002da4] f:\endpointserver\server\endpointserverimp.cpp:164 ERROR EndPointServerThreadCounter - PostHandleRequest() failed - <Unknown Exception>.
2025-06-13 18:52:45,606 [0x00002da4] f:\endpointserver\server\endpointserverimp.cpp:164 ERROR EndPointServerThreadCounter - PostHandleRequest() failed - <Unknown Exception>.
2025-06-13 18:52:53,599 [0x00002da4] f:\endpointserver\server\endpointserverimp.cpp:164 ERROR EndPointServerThreadCounter - PostHandleRequest() failed - <Unknown Exception>.
2025-06-13 18:53:04,617 [0x00002da4] f:\endpointserver\server\endpointserverimp.cpp:164 ERROR EndPointServerThreadCounter - PostHandleRequest() failed - <Unknown Exception>.
2025-06-13 18:55:43,621 [0x00002da4] f:\endpointserver\server\endpointserverimp.cpp:164 ERROR EndPointServerThreadCounter - PostHandleRequest() failed - <Unknown Exception>.
2025-06-13 18:55:51,615 [0x00002cb0] f:\endpointserver\server\endpointserverimp.cpp:164 ERROR EndPointServerThreadCounter - PostHandleRequest() failed - <Unknown Exception>.
2025-06-13 18:57:40,614 [0x00002cb0] f:\endpointserver\server\endpointserverimp.cpp:164 ERROR EndPointServerThreadCounter - PostHandleRequest() failed - <Unknown Exception>.
2025-06-13 18:57:48,597 [0x00002da4] f:\endpointserver\server\endpointserverimp.cpp:164 ERROR EndPointServerThreadCounter - PostHandleRequest() failed - <Unknown Exception>.
2025-06-13 18:57:55,606 [0x00002cb0] f:\endpointserver\server\endpointserverimp.cpp:164 ERROR EndPointServerThreadCounter - PostHandleRequest() failed - <Unknown Exception>.
2025-06-13 18:58:03,599 [0x00002cb0] f:\endpointserver\server\endpointserverimp.cpp:164 ERROR EndPointServerThreadCounter - PostHandleRequest() failed - <Unknown Exception>.
2025-06-13 18:58:10,612 [0x00002da4] f:\pais\util\filesystem\utils.cpp:429 ERROR Exception - PAIS::FileExists(F:/Program Files (x86)/Websense/Data Security/apache/htdocs/?Set-Cookie:crlfinjection=crlfinjection) apr_stat failed: The filename, directory name, or volume label syntax is incorrect.  
2025-06-13 18:58:10,612 [0x00002da4] f:\endpointserver\server\endpointserverimp.cpp:160 ERROR EndPointServerThreadCounter - PostHandleRequest() failed  - <PAIS::FileExists(F:/Program Files (x86)/Websense/Data Security/apache/htdocs/?Set-Cookie:crlfinjection=crlfinjection) apr_stat failed: The filename, directory name, or volume label syntax is incorrect.  >
2025-06-13 19:02:31,613 [0x00002da4] f:\endpointserver\server\endpointserverimp.cpp:164 ERROR EndPointServerThreadCounter - PostHandleRequest() failed - <Unknown Exception>.
2025-06-13 19:03:16,612 [0x00002d78] f:\endpointserver\server\endpointserverimp.cpp:164 ERROR EndPointServerThreadCounter - PostHandleRequest() failed - <Unknown Exception>.
2025-06-13 19:03:23,607 [0x00002d10] f:\endpointserver\server\endpointserverimp.cpp:164 ERROR EndPointServerThreadCounter - PostHandleRequest() failed - <Unknown Exception>.
2025-06-13 19:03:35,603 [0x00002cb0] f:\endpointserver\server\endpointserverimp.cpp:164 ERROR EndPointServerThreadCounter - PostHandleRequest() failed - <Unknown Exception>.
2025-06-13 19:03:41,626 [0x00002d10] f:\endpointserver\server\endpointserverimp.cpp:164 ERROR EndPointServerThreadCounter - PostHandleRequest() failed - <Unknown Exception>.
2025-06-13 19:05:08,610 [0x00002cb0] f:\endpointserver\server\endpointserverimp.cpp:164 ERROR EndPointServerThreadCounter - PostHandleRequest() failed - <Unknown Exception>.
2025-06-13 19:05:09,612 [0x00002cb0] f:\endpointserver\server\endpointserverimp.cpp:164 ERROR EndPointServerThreadCounter - PostHandleRequest() failed - <Unknown Exception>.
2025-06-13 19:05:34,642 [0x00002d10] f:\endpointserver\server\endpointserverimp.cpp:164 ERROR EndPointServerThreadCounter - PostHandleRequest() failed - <Unknown Exception>.
2025-06-13 19:05:41,615 [0x00002cb0] f:\endpointserver\server\endpointserverimp.cpp:164 ERROR EndPointServerThreadCounter - PostHandleRequest() failed - <Unknown Exception>.
2025-06-13 19:06:22,615 [0x00002d10] f:\endpointserver\server\endpointserverimp.cpp:164 ERROR EndPointServerThreadCounter - PostHandleRequest() failed - <Unknown Exception>.
2025-06-13 19:06:39,618 [0x00002d10] f:\endpointserver\server\endpointserverimp.cpp:164 ERROR EndPointServerThreadCounter - PostHandleRequest() failed - <Unknown Exception>.
2025-06-13 19:07:14,609 [0x00002cb0] f:\endpointserver\server\endpointserverimp.cpp:164 ERROR EndPointServerThreadCounter - PostHandleRequest() failed - <Unknown Exception>.
2025-06-13 19:07:22,621 [0x00002cb0] f:\endpointserver\server\endpointserverimp.cpp:164 ERROR EndPointServerThreadCounter - PostHandleRequest() failed - <Unknown Exception>.
2025-06-13 19:07:29,620 [0x00002cb0] f:\endpointserver\server\endpointserverimp.cpp:164 ERROR EndPointServerThreadCounter - PostHandleRequest() failed - <Unknown Exception>.
2025-06-13 19:07:30,636 [0x00002cb0] f:\endpointserver\server\endpointserverimp.cpp:164 ERROR EndPointServerThreadCounter - PostHandleRequest() failed - <Unknown Exception>.
2025-06-13 19:07:36,627 [0x00002d10] f:\endpointserver\server\endpointserverimp.cpp:164 ERROR EndPointServerThreadCounter - PostHandleRequest() failed - <Unknown Exception>.
2025-06-13 19:07:39,593 [0x00002d10] f:\endpointserver\server\endpointserverimp.cpp:164 ERROR EndPointServerThreadCounter - PostHandleRequest() failed - <Unknown Exception>.
2025-06-13 19:07:43,614 [0x00002cb0] f:\pais\util\filesystem\utils.cpp:429 ERROR Exception - PAIS::FileExists(F:/Program Files (x86)/Websense/Data Security/apache/htdocs/?Set-Cookie:crlfinjection=crlfinjection) apr_stat failed: The filename, directory name, or volume label syntax is incorrect.  
2025-06-13 19:07:43,614 [0x00002cb0] f:\endpointserver\server\endpointserverimp.cpp:160 ERROR EndPointServerThreadCounter - PostHandleRequest() failed  - <PAIS::FileExists(F:/Program Files (x86)/Websense/Data Security/apache/htdocs/?Set-Cookie:crlfinjection=crlfinjection) apr_stat failed: The filename, directory name, or volume label syntax is incorrect.  >
2025-06-13 19:08:06,606 [0x00002cb0] f:\endpointserver\server\endpointserverimp.cpp:164 ERROR EndPointServerThreadCounter - PostHandleRequest() failed - <Unknown Exception>.
2025-06-13 19:08:12,600 [0x00002d10] f:\endpointserver\server\endpointserverimp.cpp:164 ERROR EndPointServerThreadCounter - PostHandleRequest() failed - <Unknown Exception>.
2025-06-13 19:08:28,614 [0x00002d10] f:\endpointserver\server\endpointserverimp.cpp:164 ERROR EndPointServerThreadCounter - PostHandleRequest() failed - <Unknown Exception>.
2025-06-13 19:08:41,603 [0x00002d78] f:\endpointserver\server\endpointserverimp.cpp:164 ERROR EndPointServerThreadCounter - PostHandleRequest() failed - <Unknown Exception>.
2025-06-13 19:08:58,596 [0x00002d78] f:\endpointserver\server\endpointserverimp.cpp:164 ERROR EndPointServerThreadCounter - PostHandleRequest() failed - <Unknown Exception>.
2025-06-13 19:09:20,613 [0x00002d78] f:\endpointserver\server\endpointserverimp.cpp:164 ERROR EndPointServerThreadCounter - PostHandleRequest() failed - <Unknown Exception>.
2025-06-13 19:09:24,613 [0x00002cb0] f:\endpointserver\server\endpointserverimp.cpp:164 ERROR EndPointServerThreadCounter - PostHandleRequest() failed - <Unknown Exception>.
2025-06-13 19:09:32,614 [0x00002cb0] f:\endpointserver\server\endpointserverimp.cpp:164 ERROR EndPointServerThreadCounter - PostHandleRequest() failed - <Unknown Exception>.
2025-06-13 19:09:40,619 [0x00002cb0] f:\endpointserver\server\endpointserverimp.cpp:164 ERROR EndPointServerThreadCounter - PostHandleRequest() failed - <Unknown Exception>.
2025-06-13 19:10:21,610 [0x00002d78] f:\endpointserver\server\endpointserverimp.cpp:164 ERROR EndPointServerThreadCounter - PostHandleRequest() failed - <Unknown Exception>.
2025-06-13 19:10:23,624 [0x00002d78] f:\endpointserver\server\endpointserverimp.cpp:164 ERROR EndPointServerThreadCounter - PostHandleRequest() failed - <Unknown Exception>.
2025-06-13 19:10:35,600 [0x00002da4] f:\endpointserver\server\endpointserverimp.cpp:164 ERROR EndPointServerThreadCounter - PostHandleRequest() failed - <Unknown Exception>.
2025-06-13 19:11:21,612 [0x00002d78] f:\endpointserver\server\endpointserverimp.cpp:164 ERROR EndPointServerThreadCounter - PostHandleRequest() failed - <Unknown Exception>.
2025-06-13 19:11:33,622 [0x00002cb0] f:\endpointserver\server\endpointserverimp.cpp:164 ERROR EndPointServerThreadCounter - PostHandleRequest() failed - <Unknown Exception>.
2025-06-13 19:11:37,616 [0x00002d78] f:\endpointserver\server\endpointserverimp.cpp:164 ERROR EndPointServerThreadCounter - PostHandleRequest() failed - <Unknown Exception>.
2025-06-13 19:11:44,613 [0x00002d78] f:\endpointserver\server\endpointserverimp.cpp:164 ERROR EndPointServerThreadCounter - PostHandleRequest() failed - <Unknown Exception>.
2025-06-13 19:12:09,614 [0x00002cb0] f:\endpointserver\server\endpointserverimp.cpp:164 ERROR EndPointServerThreadCounter - PostHandleRequest() failed - <Unknown Exception>.
2025-06-13 19:12:17,623 [0x00002d78] f:\endpointserver\server\endpointserverimp.cpp:164 ERROR EndPointServerThreadCounter - PostHandleRequest() failed - <Unknown Exception>.
2025-06-13 19:12:40,606 [0x00002d78] f:\endpointserver\server\endpointserverimp.cpp:164 ERROR EndPointServerThreadCounter - PostHandleRequest() failed - <Unknown Exception>.
2025-06-13 19:12:42,638 [0x00002da4] f:\endpointserver\server\endpointserverimp.cpp:164 ERROR EndPointServerThreadCounter - PostHandleRequest() failed - <Unknown Exception>.
2025-06-13 19:13:12,612 [0x00002da4] f:\endpointserver\server\endpointserverimp.cpp:164 ERROR EndPointServerThreadCounter - PostHandleRequest() failed - <Unknown Exception>.
2025-06-13 19:13:54,605 [0x00002d10] f:\endpointserver\server\endpointserverimp.cpp:164 ERROR EndPointServerThreadCounter - PostHandleRequest() failed - <Unknown Exception>.
2025-06-13 19:14:04,619 [0x00002da4] f:\endpointserver\server\endpointserverimp.cpp:164 ERROR EndPointServerThreadCounter - PostHandleRequest() failed - <Unknown Exception>.
2025-06-13 19:14:14,603 [0x00002da4] f:\endpointserver\server\endpointserverimp.cpp:164 ERROR EndPointServerThreadCounter - PostHandleRequest() failed - <Unknown Exception>.
2025-06-13 19:14:27,627 [0x00002d10] f:\endpointserver\server\endpointserverimp.cpp:164 ERROR EndPointServerThreadCounter - PostHandleRequest() failed - <Unknown Exception>.
2025-06-13 19:14:38,621 [0x00002d10] f:\endpointserver\server\endpointserverimp.cpp:164 ERROR EndPointServerThreadCounter - PostHandleRequest() failed - <Unknown Exception>.
2025-06-13 19:14:56,616 [0x00002d10] f:\endpointserver\server\endpointserverimp.cpp:164 ERROR EndPointServerThreadCounter - PostHandleRequest() failed - <Unknown Exception>.
2025-06-13 19:16:08,599 [0x00002d78] f:\endpointserver\server\endpointserverimp.cpp:164 ERROR EndPointServerThreadCounter - PostHandleRequest() failed - <Unknown Exception>.
2025-06-13 19:17:06,624 [0x00002d78] f:\endpointserver\server\endpointserverimp.cpp:164 ERROR EndPointServerThreadCounter - PostHandleRequest() failed - <Unknown Exception>.
2025-06-13 19:18:03,612 [0x00002d78] f:\endpointserver\server\endpointserverimp.cpp:164 ERROR EndPointServerThreadCounter - PostHandleRequest() failed - <Unknown Exception>.
2025-06-13 19:18:10,612 [0x00002d10] f:\endpointserver\server\endpointserverimp.cpp:164 ERROR EndPointServerThreadCounter - PostHandleRequest() failed - <Unknown Exception>.
2025-06-13 19:18:18,616 [0x00002d10] f:\endpointserver\server\endpointserverimp.cpp:164 ERROR EndPointServerThreadCounter - PostHandleRequest() failed - <Unknown Exception>.
2025-06-13 19:18:36,611 [0x00002cb0] f:\endpointserver\server\endpointserverimp.cpp:164 ERROR EndPointServerThreadCounter - PostHandleRequest() failed - <Unknown Exception>.
2025-06-13 19:18:45,619 [0x00002cb0] f:\endpointserver\server\endpointserverimp.cpp:164 ERROR EndPointServerThreadCounter - PostHandleRequest() failed - <Unknown Exception>.
2025-06-13 19:18:53,618 [0x00002cb0] f:\endpointserver\server\endpointserverimp.cpp:164 ERROR EndPointServerThreadCounter - PostHandleRequest() failed - <Unknown Exception>.
2025-06-13 19:19:13,608 [0x00002cb0] f:\endpointserver\server\endpointserverimp.cpp:164 ERROR EndPointServerThreadCounter - PostHandleRequest() failed - <Unknown Exception>.
2025-06-13 19:19:42,606 [0x00002d10] f:\endpointserver\server\endpointserverimp.cpp:164 ERROR EndPointServerThreadCounter - PostHandleRequest() failed - <Unknown Exception>.
2025-06-13 19:19:48,617 [0x00002cb0] f:\endpointserver\server\endpointserverimp.cpp:164 ERROR EndPointServerThreadCounter - PostHandleRequest() failed - <Unknown Exception>.
2025-06-13 19:20:16,626 [0x00002da4] f:\endpointserver\server\endpointserverimp.cpp:164 ERROR EndPointServerThreadCounter - PostHandleRequest() failed - <Unknown Exception>.
2025-06-13 19:20:20,620 [0x00002da4] f:\endpointserver\server\endpointserverimp.cpp:164 ERROR EndPointServerThreadCounter - PostHandleRequest() failed - <Unknown Exception>.
2025-06-13 19:21:08,606 [0x00002d10] f:\endpointserver\server\endpointserverimp.cpp:164 ERROR EndPointServerThreadCounter - PostHandleRequest() failed - <Unknown Exception>.
2025-06-13 19:21:11,606 [0x00002cb0] f:\endpointserver\server\endpointserverimp.cpp:164 ERROR EndPointServerThreadCounter - PostHandleRequest() failed - <Unknown Exception>.
2025-06-13 19:21:15,596 [0x00002d10] f:\endpointserver\server\endpointserverimp.cpp:164 ERROR EndPointServerThreadCounter - PostHandleRequest() failed - <Unknown Exception>.
2025-06-13 19:21:17,631 [0x00002d10] f:\endpointserver\server\endpointserverimp.cpp:164 ERROR EndPointServerThreadCounter - PostHandleRequest() failed - <Unknown Exception>.
2025-06-13 19:21:18,600 [0x00002d10] f:\endpointserver\server\endpointserverimp.cpp:164 ERROR EndPointServerThreadCounter - PostHandleRequest() failed - <Unknown Exception>.
2025-06-13 19:21:38,599 [0x00002cb0] f:\endpointserver\server\endpointserverimp.cpp:164 ERROR EndPointServerThreadCounter - PostHandleRequest() failed - <Unknown Exception>.
2025-06-13 19:21:55,612 [0x00002cb0] f:\endpointserver\server\endpointserverimp.cpp:164 ERROR EndPointServerThreadCounter - PostHandleRequest() failed - <Unknown Exception>.
2025-06-13 19:21:59,605 [0x00002d10] f:\endpointserver\server\endpointserverimp.cpp:164 ERROR EndPointServerThreadCounter - PostHandleRequest() failed - <Unknown Exception>.
2025-06-13 19:22:11,619 [0x00002da4] f:\endpointserver\server\endpointserverimp.cpp:164 ERROR EndPointServerThreadCounter - PostHandleRequest() failed - <Unknown Exception>.
2025-06-13 19:22:52,601 [0x00002c54] f:\endpointserver\server\endpointserverimp.cpp:164 ERROR EndPointServerThreadCounter - PostHandleRequest() failed - <Unknown Exception>.
2025-06-13 19:23:17,613 [0x00002d78] f:\endpointserver\server\endpointserverimp.cpp:164 ERROR EndPointServerThreadCounter - PostHandleRequest() failed - <Unknown Exception>.
2025-06-13 19:23:24,630 [0x00002c54] f:\endpointserver\server\endpointserverimp.cpp:164 ERROR EndPointServerThreadCounter - PostHandleRequest() failed - <Unknown Exception>.
2025-06-13 19:23:39,598 [0x00002d48] f:\endpointserver\server\endpointserverimp.cpp:164 ERROR EndPointServerThreadCounter - PostHandleRequest() failed - <Unknown Exception>.
2025-06-13 19:23:50,627 [0x00002d48] f:\endpointserver\server\endpointserverimp.cpp:164 ERROR EndPointServerThreadCounter - PostHandleRequest() failed - <Unknown Exception>.
2025-06-13 19:23:51,649 [0x00002d48] f:\endpointserver\server\endpointserverimp.cpp:164 ERROR EndPointServerThreadCounter - PostHandleRequest() failed - <Unknown Exception>.
2025-06-13 19:23:54,622 [0x00002d78] f:\endpointserver\server\endpointserverimp.cpp:164 ERROR EndPointServerThreadCounter - PostHandleRequest() failed - <Unknown Exception>.
2025-06-13 19:23:59,603 [0x00002d78] f:\endpointserver\server\endpointserverimp.cpp:164 ERROR EndPointServerThreadCounter - PostHandleRequest() failed - <Unknown Exception>.
2025-06-13 19:24:13,612 [0x00002c54] f:\endpointserver\server\endpointserverimp.cpp:164 ERROR EndPointServerThreadCounter - PostHandleRequest() failed - <Unknown Exception>.
2025-06-13 19:24:33,624 [0x00002c54] f:\endpointserver\server\endpointserverimp.cpp:164 ERROR EndPointServerThreadCounter - PostHandleRequest() failed - <Unknown Exception>.
2025-06-13 19:24:42,610 [0x00002c54] f:\endpointserver\server\endpointserverimp.cpp:164 ERROR EndPointServerThreadCounter - PostHandleRequest() failed - <Unknown Exception>.
2025-06-13 19:25:28,613 [0x00002c54] f:\endpointserver\server\endpointserverimp.cpp:164 ERROR EndPointServerThreadCounter - PostHandleRequest() failed - <Unknown Exception>.
2025-06-13 19:25:32,617 [0x00002d48] f:\endpointserver\server\endpointserverimp.cpp:164 ERROR EndPointServerThreadCounter - PostHandleRequest() failed - <Unknown Exception>.
2025-06-13 19:25:35,602 [0x00002c54] f:\endpointserver\server\endpointserverimp.cpp:164 ERROR EndPointServerThreadCounter - PostHandleRequest() failed - <Unknown Exception>.
2025-06-13 19:25:36,613 [0x00002c54] f:\endpointserver\server\endpointserverimp.cpp:164 ERROR EndPointServerThreadCounter - PostHandleRequest() failed - <Unknown Exception>.
2025-06-13 19:25:40,620 [0x00002c54] f:\endpointserver\server\endpointserverimp.cpp:164 ERROR EndPointServerThreadCounter - PostHandleRequest() failed - <Unknown Exception>.
2025-06-13 19:25:41,613 [0x00002c54] f:\endpointserver\server\endpointserverimp.cpp:164 ERROR EndPointServerThreadCounter - PostHandleRequest() failed - <Unknown Exception>.
2025-06-13 19:26:30,610 [0x00002d48] f:\endpointserver\server\endpointserverimp.cpp:164 ERROR EndPointServerThreadCounter - PostHandleRequest() failed - <Unknown Exception>.
2025-06-13 19:26:32,613 [0x00002d48] f:\endpointserver\server\endpointserverimp.cpp:164 ERROR EndPointServerThreadCounter - PostHandleRequest() failed - <Unknown Exception>.
2025-06-13 19:26:58,600 [0x00002cb0] f:\endpointserver\server\endpointserverimp.cpp:164 ERROR EndPointServerThreadCounter - PostHandleRequest() failed - <Unknown Exception>.
2025-06-13 19:27:28,627 [0x00002c54] f:\endpointserver\server\endpointserverimp.cpp:164 ERROR EndPointServerThreadCounter - PostHandleRequest() failed - <Unknown Exception>.
2025-06-13 19:27:31,626 [0x00002d78] f:\endpointserver\server\endpointserverimp.cpp:164 ERROR EndPointServerThreadCounter - PostHandleRequest() failed - <Unknown Exception>.
2025-06-13 19:28:33,610 [0x00002c54] f:\endpointserver\server\endpointserverimp.cpp:164 ERROR EndPointServerThreadCounter - PostHandleRequest() failed - <Unknown Exception>.
2025-06-13 19:29:08,621 [0x00002d10] f:\endpointserver\server\endpointserverimp.cpp:164 ERROR EndPointServerThreadCounter - PostHandleRequest() failed - <Unknown Exception>.
2025-06-13 19:29:13,601 [0x00002d10] f:\endpointserver\server\endpointserverimp.cpp:164 ERROR EndPointServerThreadCounter - PostHandleRequest() failed - <Unknown Exception>.
2025-06-13 19:29:17,605 [0x00002d78] f:\endpointserver\server\endpointserverimp.cpp:164 ERROR EndPointServerThreadCounter - PostHandleRequest() failed - <Unknown Exception>.
2025-06-13 19:30:22,620 [0x00002d10] f:\endpointserver\server\endpointserverimp.cpp:164 ERROR EndPointServerThreadCounter - PostHandleRequest() failed - <Unknown Exception>.
2025-06-13 19:30:26,624 [0x00002d78] f:\endpointserver\server\endpointserverimp.cpp:164 ERROR EndPointServerThreadCounter - PostHandleRequest() failed - <Unknown Exception>.
2025-06-13 19:30:34,604 [0x00002d10] f:\endpointserver\server\endpointserverimp.cpp:164 ERROR EndPointServerThreadCounter - PostHandleRequest() failed - <Unknown Exception>.
2025-06-13 19:31:08,612 [0x00002d78] f:\endpointserver\server\endpointserverimp.cpp:164 ERROR EndPointServerThreadCounter - PostHandleRequest() failed - <Unknown Exception>.
2025-06-13 19:31:58,623 [0x00002cb0] f:\endpointserver\server\endpointserverimp.cpp:164 ERROR EndPointServerThreadCounter - PostHandleRequest() failed - <Unknown Exception>.
2025-06-13 19:32:23,606 [0x00002cb0] f:\endpointserver\server\endpointserverimp.cpp:164 ERROR EndPointServerThreadCounter - PostHandleRequest() failed - <Unknown Exception>.
2025-06-13 19:32:27,622 [0x00002d10] f:\endpointserver\server\endpointserverimp.cpp:164 ERROR EndPointServerThreadCounter - PostHandleRequest() failed - <Unknown Exception>.
2025-06-13 19:32:31,600 [0x00002cb0] f:\endpointserver\server\endpointserverimp.cpp:164 ERROR EndPointServerThreadCounter - PostHandleRequest() failed - <Unknown Exception>.
2025-06-13 19:32:32,614 [0x00002cb0] f:\endpointserver\server\endpointserverimp.cpp:164 ERROR EndPointServerThreadCounter - PostHandleRequest() failed - <Unknown Exception>.
2025-06-13 19:33:23,617 [0x00002d10] f:\endpointserver\server\endpointserverimp.cpp:164 ERROR EndPointServerThreadCounter - PostHandleRequest() failed - <Unknown Exception>.
2025-06-13 19:33:58,612 [0x00002c54] f:\endpointserver\server\endpointserverimp.cpp:164 ERROR EndPointServerThreadCounter - PostHandleRequest() failed - <Unknown Exception>.
2025-06-13 19:33:58,618 [0x00002cb0] f:\endpointserver\server\endpointserverimp.cpp:164 ERROR EndPointServerThreadCounter - PostHandleRequest() failed - <Unknown Exception>.
2025-06-13 19:34:07,611 [0x00002c54] f:\endpointserver\server\endpointserverimp.cpp:164 ERROR EndPointServerThreadCounter - PostHandleRequest() failed - <Unknown Exception>.
2025-06-13 19:34:11,614 [0x00002d10] f:\endpointserver\server\endpointserverimp.cpp:164 ERROR EndPointServerThreadCounter - PostHandleRequest() failed - <Unknown Exception>.
2025-06-13 19:34:15,619 [0x00002cb0] f:\endpointserver\server\endpointserverimp.cpp:164 ERROR EndPointServerThreadCounter - PostHandleRequest() failed - <Unknown Exception>.
2025-06-13 19:34:31,632 [0x00002cb0] f:\endpointserver\server\endpointserverimp.cpp:164 ERROR EndPointServerThreadCounter - PostHandleRequest() failed - <Unknown Exception>.
2025-06-13 19:35:04,607 [0x00002c54] f:\endpointserver\server\endpointserverimp.cpp:164 ERROR EndPointServerThreadCounter - PostHandleRequest() failed - <Unknown Exception>.
2025-06-13 19:35:52,628 [0x00002c54] f:\endpointserver\server\endpointserverimp.cpp:164 ERROR EndPointServerThreadCounter - PostHandleRequest() failed - <Unknown Exception>.
2025-06-13 19:36:02,626 [0x00002d78] f:\endpointserver\server\endpointserverimp.cpp:164 ERROR EndPointServerThreadCounter - PostHandleRequest() failed - <Unknown Exception>.
2025-06-13 19:36:03,616 [0x00002d78] f:\endpointserver\server\endpointserverimp.cpp:164 ERROR EndPointServerThreadCounter - PostHandleRequest() failed - <Unknown Exception>.
2025-06-13 19:36:25,620 [0x00002d78] f:\endpointserver\server\endpointserverimp.cpp:164 ERROR EndPointServerThreadCounter - PostHandleRequest() failed - <Unknown Exception>.
2025-06-13 19:36:34,618 [0x00002c54] f:\endpointserver\server\endpointserverimp.cpp:164 ERROR EndPointServerThreadCounter - PostHandleRequest() failed - <Unknown Exception>.
2025-06-13 19:37:27,601 [0x00002c54] f:\endpointserver\server\endpointserverimp.cpp:164 ERROR EndPointServerThreadCounter - PostHandleRequest() failed - <Unknown Exception>.
2025-06-13 19:38:00,625 [0x00002d78] f:\endpointserver\server\endpointserverimp.cpp:164 ERROR EndPointServerThreadCounter - PostHandleRequest() failed - <Unknown Exception>.
2025-06-13 19:38:06,605 [0x00002cb0] f:\endpointserver\server\endpointserverimp.cpp:164 ERROR EndPointServerThreadCounter - PostHandleRequest() failed - <Unknown Exception>.
2025-06-13 19:38:09,616 [0x00002d78] f:\endpointserver\server\endpointserverimp.cpp:164 ERROR EndPointServerThreadCounter - PostHandleRequest() failed - <Unknown Exception>.
2025-06-13 19:38:13,602 [0x00002d78] f:\endpointserver\server\endpointserverimp.cpp:164 ERROR EndPointServerThreadCounter - PostHandleRequest() failed - <Unknown Exception>.
2025-06-13 19:38:17,608 [0x00002c54] f:\endpointserver\server\endpointserverimp.cpp:164 ERROR EndPointServerThreadCounter - PostHandleRequest() failed - <Unknown Exception>.
2025-06-13 19:38:20,643 [0x00002d78] f:\endpointserver\server\endpointserverimp.cpp:164 ERROR EndPointServerThreadCounter - PostHandleRequest() failed - <Unknown Exception>.
2025-06-13 19:38:22,614 [0x00002d78] f:\endpointserver\server\endpointserverimp.cpp:164 ERROR EndPointServerThreadCounter - PostHandleRequest() failed - <Unknown Exception>.
2025-06-13 19:38:55,610 [0x00002cb0] f:\endpointserver\server\endpointserverimp.cpp:164 ERROR EndPointServerThreadCounter - PostHandleRequest() failed - <Unknown Exception>.
2025-06-13 19:38:55,621 [0x00002c54] f:\endpointserver\server\endpointserverimp.cpp:164 ERROR EndPointServerThreadCounter - PostHandleRequest() failed - <Unknown Exception>.
2025-06-13 19:39:05,619 [0x00002cb0] f:\endpointserver\server\endpointserverimp.cpp:164 ERROR EndPointServerThreadCounter - PostHandleRequest() failed - <Unknown Exception>.
2025-06-13 19:39:30,619 [0x00002d78] f:\endpointserver\server\endpointserverimp.cpp:164 ERROR EndPointServerThreadCounter - PostHandleRequest() failed - <Unknown Exception>.
2025-06-13 19:39:32,611 [0x00002c54] f:\endpointserver\server\endpointserverimp.cpp:164 ERROR EndPointServerThreadCounter - PostHandleRequest() failed - <Unknown Exception>.
2025-06-13 19:40:07,618 [0x00002d78] f:\endpointserver\server\endpointserverimp.cpp:164 ERROR EndPointServerThreadCounter - PostHandleRequest() failed - <Unknown Exception>.
2025-06-13 19:40:13,618 [0x00002d78] f:\endpointserver\server\endpointserverimp.cpp:164 ERROR EndPointServerThreadCounter - PostHandleRequest() failed - <Unknown Exception>.
2025-06-13 19:40:14,614 [0x00002d78] f:\endpointserver\server\endpointserverimp.cpp:164 ERROR EndPointServerThreadCounter - PostHandleRequest() failed - <Unknown Exception>.
2025-06-13 19:40:18,622 [0x00002d78] f:\endpointserver\server\endpointserverimp.cpp:164 ERROR EndPointServerThreadCounter - PostHandleRequest() failed - <Unknown Exception>.
2025-06-13 19:40:22,614 [0x00002cb0] f:\endpointserver\server\endpointserverimp.cpp:164 ERROR EndPointServerThreadCounter - PostHandleRequest() failed - <Unknown Exception>.
2025-06-13 19:40:26,608 [0x00002d78] f:\endpointserver\server\endpointserverimp.cpp:164 ERROR EndPointServerThreadCounter - PostHandleRequest() failed - <Unknown Exception>.
2025-06-13 19:40:29,630 [0x00002cb0] f:\endpointserver\server\endpointserverimp.cpp:164 ERROR EndPointServerThreadCounter - PostHandleRequest() failed - <Unknown Exception>.
2025-06-13 19:40:33,599 [0x00002d78] f:\endpointserver\server\endpointserverimp.cpp:164 ERROR EndPointServerThreadCounter - PostHandleRequest() failed - <Unknown Exception>.
2025-06-13 19:40:36,605 [0x00002cb0] f:\endpointserver\server\endpointserverimp.cpp:164 ERROR EndPointServerThreadCounter - PostHandleRequest() failed - <Unknown Exception>.
2025-06-13 19:40:39,597 [0x00002cb0] f:\endpointserver\server\endpointserverimp.cpp:164 ERROR EndPointServerThreadCounter - PostHandleRequest() failed - <Unknown Exception>.
2025-06-13 19:40:40,605 [0x00002cb0] f:\endpointserver\server\endpointserverimp.cpp:164 ERROR EndPointServerThreadCounter - PostHandleRequest() failed - <Unknown Exception>.
2025-06-13 19:40:46,640 [0x00002cb0] f:\endpointserver\server\endpointserverimp.cpp:164 ERROR EndPointServerThreadCounter - PostHandleRequest() failed - <Unknown Exception>.
2025-06-13 19:41:10,622 [0x00002cb0] f:\endpointserver\server\endpointserverimp.cpp:164 ERROR EndPointServerThreadCounter - PostHandleRequest() failed - <Unknown Exception>.
2025-06-13 19:41:14,633 [0x00002cb0] f:\endpointserver\server\endpointserverimp.cpp:164 ERROR EndPointServerThreadCounter - PostHandleRequest() failed - <Unknown Exception>.
2025-06-13 19:41:17,622 [0x00002c54] f:\endpointserver\server\endpointserverimp.cpp:164 ERROR EndPointServerThreadCounter - PostHandleRequest() failed - <Unknown Exception>.
2025-06-13 19:41:21,626 [0x00002c54] f:\endpointserver\server\endpointserverimp.cpp:164 ERROR EndPointServerThreadCounter - PostHandleRequest() failed - <Unknown Exception>.
2025-06-13 19:41:35,605 [0x00002c54] f:\endpointserver\server\endpointserverimp.cpp:164 ERROR EndPointServerThreadCounter - PostHandleRequest() failed - <Unknown Exception>.
2025-06-13 19:42:07,623 [0x00002cb0] f:\endpointserver\server\endpointserverimp.cpp:164 ERROR EndPointServerThreadCounter - PostHandleRequest() failed - <Unknown Exception>.
2025-06-13 19:42:32,616 [0x00002cb0] f:\endpointserver\server\endpointserverimp.cpp:164 ERROR EndPointServerThreadCounter - PostHandleRequest() failed - <Unknown Exception>.
2025-06-13 19:42:38,613 [0x00002cb0] f:\endpointserver\server\endpointserverimp.cpp:164 ERROR EndPointServerThreadCounter - PostHandleRequest() failed - <Unknown Exception>.
2025-06-13 19:43:11,624 [0x00002d78] f:\endpointserver\server\endpointserverimp.cpp:164 ERROR EndPointServerThreadCounter - PostHandleRequest() failed - <Unknown Exception>.
2025-06-13 19:43:38,614 [0x00002d78] f:\endpointserver\server\endpointserverimp.cpp:164 ERROR EndPointServerThreadCounter - PostHandleRequest() failed - <Unknown Exception>.
2025-06-13 19:44:13,612 [0x00002cb0] f:\endpointserver\server\endpointserverimp.cpp:164 ERROR EndPointServerThreadCounter - PostHandleRequest() failed - <Unknown Exception>.
2025-06-13 19:46:40,612 [0x00002d10] f:\endpointserver\server\endpointserverimp.cpp:164 ERROR EndPointServerThreadCounter - PostHandleRequest() failed - <Unknown Exception>.
2025-06-13 19:46:54,600 [0x00002cb0] f:\endpointserver\server\endpointserverimp.cpp:164 ERROR EndPointServerThreadCounter - PostHandleRequest() failed - <Unknown Exception>.
2025-06-13 19:46:58,616 [0x00002cb0] f:\endpointserver\server\endpointserverimp.cpp:164 ERROR EndPointServerThreadCounter - PostHandleRequest() failed - <Unknown Exception>.
2025-06-13 19:47:35,616 [0x00002d10] f:\endpointserver\server\endpointserverimp.cpp:164 ERROR EndPointServerThreadCounter - PostHandleRequest() failed - <Unknown Exception>.
2025-06-13 19:47:39,600 [0x00002cb0] f:\endpointserver\server\endpointserverimp.cpp:164 ERROR EndPointServerThreadCounter - PostHandleRequest() failed - <Unknown Exception>.
2025-06-13 19:47:39,639 [0x00002cb0] f:\endpointserver\server\endpointserverimp.cpp:164 ERROR EndPointServerThreadCounter - PostHandleRequest() failed - <Unknown Exception>.
2025-06-13 19:47:46,632 [0x00002d10] f:\endpointserver\server\endpointserverimp.cpp:164 ERROR EndPointServerThreadCounter - PostHandleRequest() failed - <Unknown Exception>.
2025-06-13 19:48:02,623 [0x00002cb0] f:\endpointserver\server\endpointserverimp.cpp:164 ERROR EndPointServerThreadCounter - PostHandleRequest() failed - <Unknown Exception>.
2025-06-13 19:48:06,616 [0x00002d78] f:\endpointserver\server\endpointserverimp.cpp:164 ERROR EndPointServerThreadCounter - PostHandleRequest() failed - <Unknown Exception>.
2025-06-13 19:48:08,622 [0x00002d10] f:\endpointserver\server\endpointserverimp.cpp:164 ERROR EndPointServerThreadCounter - PostHandleRequest() failed - <Unknown Exception>.
2025-06-13 19:48:10,650 [0x00002d10] f:\endpointserver\server\endpointserverimp.cpp:164 ERROR EndPointServerThreadCounter - PostHandleRequest() failed - <Unknown Exception>.
2025-06-13 19:48:12,621 [0x00002d10] f:\endpointserver\server\endpointserverimp.cpp:164 ERROR EndPointServerThreadCounter - PostHandleRequest() failed - <Unknown Exception>.
2025-06-13 19:48:14,620 [0x00002d10] f:\endpointserver\server\endpointserverimp.cpp:164 ERROR EndPointServerThreadCounter - PostHandleRequest() failed - <Unknown Exception>.
2025-06-13 19:48:18,617 [0x00002d10] f:\endpointserver\server\endpointserverimp.cpp:164 ERROR EndPointServerThreadCounter - PostHandleRequest() failed - <Unknown Exception>.
2025-06-13 19:48:22,615 [0x00002cb0] f:\endpointserver\server\endpointserverimp.cpp:164 ERROR EndPointServerThreadCounter - PostHandleRequest() failed - <Unknown Exception>.
2025-06-13 19:48:26,616 [0x00002d78] f:\endpointserver\server\endpointserverimp.cpp:164 ERROR EndPointServerThreadCounter - PostHandleRequest() failed - <Unknown Exception>.
2025-06-13 19:48:30,610 [0x00002d78] f:\endpointserver\server\endpointserverimp.cpp:164 ERROR EndPointServerThreadCounter - PostHandleRequest() failed - <Unknown Exception>.
2025-06-13 19:48:44,651 [0x00002cb0] f:\endpointserver\server\endpointserverimp.cpp:164 ERROR EndPointServerThreadCounter - PostHandleRequest() failed - <Unknown Exception>.
2025-06-13 19:49:31,616 [0x00002cb0] f:\endpointserver\server\endpointserverimp.cpp:164 ERROR EndPointServerThreadCounter - PostHandleRequest() failed - <Unknown Exception>.
2025-06-13 19:49:35,609 [0x00002cb0] f:\endpointserver\server\endpointserverimp.cpp:164 ERROR EndPointServerThreadCounter - PostHandleRequest() failed - <Unknown Exception>.
2025-06-13 19:49:35,627 [0x00002c54] f:\endpointserver\server\endpointserverimp.cpp:164 ERROR EndPointServerThreadCounter - PostHandleRequest() failed - <Unknown Exception>.
2025-06-13 19:49:40,607 [0x00002c54] f:\endpointserver\server\endpointserverimp.cpp:164 ERROR EndPointServerThreadCounter - PostHandleRequest() failed - <Unknown Exception>.
2025-06-13 19:49:44,597 [0x00002cb0] f:\endpointserver\server\endpointserverimp.cpp:164 ERROR EndPointServerThreadCounter - PostHandleRequest() failed - <Unknown Exception>.
2025-06-13 19:50:08,619 [0x00002d78] f:\endpointserver\server\endpointserverimp.cpp:164 ERROR EndPointServerThreadCounter - PostHandleRequest() failed - <Unknown Exception>.
2025-06-13 19:50:27,638 [0x00002cb0] f:\endpointserver\server\endpointserverimp.cpp:164 ERROR EndPointServerThreadCounter - PostHandleRequest() failed - <Unknown Exception>.
2025-06-13 19:51:00,617 [0x00002d78] f:\endpointserver\server\endpointserverimp.cpp:164 ERROR EndPointServerThreadCounter - PostHandleRequest() failed - <Unknown Exception>.
2025-06-13 19:51:34,599 [0x00002d78] f:\endpointserver\server\endpointserverimp.cpp:164 ERROR EndPointServerThreadCounter - PostHandleRequest() failed - <Unknown Exception>.
2025-06-13 19:51:37,610 [0x00002cb0] f:\endpointserver\server\endpointserverimp.cpp:164 ERROR EndPointServerThreadCounter - PostHandleRequest() failed - <Unknown Exception>.
2025-06-13 19:51:41,613 [0x00002cb0] f:\endpointserver\server\endpointserverimp.cpp:164 ERROR EndPointServerThreadCounter - PostHandleRequest() failed - <Unknown Exception>.
2025-06-13 19:51:50,606 [0x00002c54] f:\endpointserver\server\endpointserverimp.cpp:164 ERROR EndPointServerThreadCounter - PostHandleRequest() failed - <Unknown Exception>.
2025-06-13 19:51:57,602 [0x00002cb0] f:\endpointserver\server\endpointserverimp.cpp:164 ERROR EndPointServerThreadCounter - PostHandleRequest() failed - <Unknown Exception>.
2025-06-13 19:52:07,625 [0x00002d78] f:\endpointserver\server\endpointserverimp.cpp:164 ERROR EndPointServerThreadCounter - PostHandleRequest() failed - <Unknown Exception>.
2025-06-13 19:52:21,641 [0x00002d78] f:\endpointserver\server\endpointserverimp.cpp:164 ERROR EndPointServerThreadCounter - PostHandleRequest() failed - <Unknown Exception>.
2025-06-13 19:52:35,598 [0x00002d78] f:\endpointserver\server\endpointserverimp.cpp:164 ERROR EndPointServerThreadCounter - PostHandleRequest() failed - <Unknown Exception>.
2025-06-13 19:52:39,601 [0x00002d78] f:\endpointserver\server\endpointserverimp.cpp:164 ERROR EndPointServerThreadCounter - PostHandleRequest() failed - <Unknown Exception>.
2025-06-13 19:52:51,617 [0x00002c54] f:\endpointserver\server\endpointserverimp.cpp:164 ERROR EndPointServerThreadCounter - PostHandleRequest() failed - <Unknown Exception>.
2025-06-13 19:52:56,607 [0x00002d78] f:\endpointserver\server\endpointserverimp.cpp:164 ERROR EndPointServerThreadCounter - PostHandleRequest() failed - <Unknown Exception>.
2025-06-13 19:52:56,622 [0x00002c54] f:\endpointserver\server\endpointserverimp.cpp:164 ERROR EndPointServerThreadCounter - PostHandleRequest() failed - <Unknown Exception>.
2025-06-13 19:53:24,613 [0x00002d78] f:\endpointserver\server\endpointserverimp.cpp:164 ERROR EndPointServerThreadCounter - PostHandleRequest() failed - <Unknown Exception>.
2025-06-13 19:53:43,611 [0x00002d10] f:\endpointserver\server\endpointserverimp.cpp:164 ERROR EndPointServerThreadCounter - PostHandleRequest() failed - <Unknown Exception>.
2025-06-13 19:53:43,620 [0x00002d48] f:\endpointserver\server\endpointserverimp.cpp:164 ERROR EndPointServerThreadCounter - PostHandleRequest() failed - <Unknown Exception>.
2025-06-13 19:53:47,623 [0x00002d48] f:\endpointserver\server\endpointserverimp.cpp:164 ERROR EndPointServerThreadCounter - PostHandleRequest() failed - <Unknown Exception>.
2025-06-13 19:53:47,625 [0x00002cb0] f:\endpointserver\server\endpointserverimp.cpp:164 ERROR EndPointServerThreadCounter - PostHandleRequest() failed - <Unknown Exception>.
2025-06-13 19:53:55,625 [0x00002d78] f:\endpointserver\server\endpointserverimp.cpp:164 ERROR EndPointServerThreadCounter - PostHandleRequest() failed - <Unknown Exception>.
2025-06-13 19:54:29,614 [0x00002cb0] f:\endpointserver\server\endpointserverimp.cpp:164 ERROR EndPointServerThreadCounter - PostHandleRequest() failed - <Unknown Exception>.
2025-06-13 19:54:37,614 [0x00002d78] f:\endpointserver\server\endpointserverimp.cpp:164 ERROR EndPointServerThreadCounter - PostHandleRequest() failed - <Unknown Exception>.
2025-06-13 19:54:59,599 [0x00002d78] f:\endpointserver\server\endpointserverimp.cpp:164 ERROR EndPointServerThreadCounter - PostHandleRequest() failed - <Unknown Exception>.
2025-06-13 19:55:04,624 [0x00002d78] f:\endpointserver\server\endpointserverimp.cpp:164 ERROR EndPointServerThreadCounter - PostHandleRequest() failed - <Unknown Exception>.
2025-06-13 19:55:32,607 [0x00002cb0] f:\endpointserver\server\endpointserverimp.cpp:164 ERROR EndPointServerThreadCounter - PostHandleRequest() failed - <Unknown Exception>.
2025-06-13 19:55:35,606 [0x00002cb0] f:\endpointserver\server\endpointserverimp.cpp:164 ERROR EndPointServerThreadCounter - PostHandleRequest() failed - <Unknown Exception>.
2025-06-13 19:55:36,657 [0x00002cb0] f:\endpointserver\server\endpointserverimp.cpp:164 ERROR EndPointServerThreadCounter - PostHandleRequest() failed - <Unknown Exception>.
2025-06-13 19:55:39,606 [0x00002cb0] f:\endpointserver\server\endpointserverimp.cpp:164 ERROR EndPointServerThreadCounter - PostHandleRequest() failed - <Unknown Exception>.
2025-06-13 19:55:43,618 [0x00002d48] f:\endpointserver\server\endpointserverimp.cpp:164 ERROR EndPointServerThreadCounter - PostHandleRequest() failed - <Unknown Exception>.
2025-06-13 19:55:46,618 [0x00002d10] f:\endpointserver\server\endpointserverimp.cpp:164 ERROR EndPointServerThreadCounter - PostHandleRequest() failed - <Unknown Exception>.
2025-06-13 19:55:50,616 [0x00002d10] f:\endpointserver\server\endpointserverimp.cpp:164 ERROR EndPointServerThreadCounter - PostHandleRequest() failed - <Unknown Exception>.
2025-06-13 19:55:57,617 [0x00002d48] f:\endpointserver\server\endpointserverimp.cpp:164 ERROR EndPointServerThreadCounter - PostHandleRequest() failed - <Unknown Exception>.
2025-06-13 19:56:17,620 [0x00002d48] f:\endpointserver\server\endpointserverimp.cpp:164 ERROR EndPointServerThreadCounter - PostHandleRequest() failed - <Unknown Exception>.
2025-06-13 19:57:12,644 [0x00002d78] f:\endpointserver\server\endpointserverimp.cpp:164 ERROR EndPointServerThreadCounter - PostHandleRequest() failed - <Unknown Exception>.
2025-06-13 19:57:16,624 [0x00002d78] f:\endpointserver\server\endpointserverimp.cpp:164 ERROR EndPointServerThreadCounter - PostHandleRequest() failed - <Unknown Exception>.
2025-06-13 19:57:20,645 [0x00002d48] f:\endpointserver\server\endpointserverimp.cpp:164 ERROR EndPointServerThreadCounter - PostHandleRequest() failed - <Unknown Exception>.
2025-06-13 19:57:39,608 [0x00002d48] f:\endpointserver\server\endpointserverimp.cpp:164 ERROR EndPointServerThreadCounter - PostHandleRequest() failed - <Unknown Exception>.
2025-06-13 19:57:41,610 [0x00002d48] f:\endpointserver\server\endpointserverimp.cpp:164 ERROR EndPointServerThreadCounter - PostHandleRequest() failed - <Unknown Exception>.
2025-06-13 19:58:12,635 [0x00002d10] f:\endpointserver\server\endpointserverimp.cpp:164 ERROR EndPointServerThreadCounter - PostHandleRequest() failed - <Unknown Exception>.
2025-06-13 19:58:13,623 [0x00002d10] f:\endpointserver\server\endpointserverimp.cpp:164 ERROR EndPointServerThreadCounter - PostHandleRequest() failed - <Unknown Exception>.
2025-06-13 20:00:53,606 [0x00002d48] f:\endpointserver\server\endpointserverimp.cpp:164 ERROR EndPointServerThreadCounter - PostHandleRequest() failed - <Unknown Exception>.
2025-06-13 20:01:12,607 [0x00002d48] f:\endpointserver\server\endpointserverimp.cpp:164 ERROR EndPointServerThreadCounter - PostHandleRequest() failed - <Unknown Exception>.
2025-06-13 20:01:25,616 [0x00002d48] f:\endpointserver\server\endpointserverimp.cpp:164 ERROR EndPointServerThreadCounter - PostHandleRequest() failed - <Unknown Exception>.
2025-06-13 20:01:31,608 [0x00002cb0] f:\endpointserver\server\endpointserverimp.cpp:164 ERROR EndPointServerThreadCounter - PostHandleRequest() failed - <Unknown Exception>.
2025-06-13 20:01:45,612 [0x00002d48] f:\endpointserver\server\endpointserverimp.cpp:164 ERROR EndPointServerThreadCounter - PostHandleRequest() failed - <Unknown Exception>.
2025-06-13 20:02:28,642 [0x00002d78] f:\endpointserver\server\endpointserverimp.cpp:164 ERROR EndPointServerThreadCounter - PostHandleRequest() failed - <Unknown Exception>.
2025-06-13 20:03:24,607 [0x00002cb0] f:\endpointserver\server\endpointserverimp.cpp:164 ERROR EndPointServerThreadCounter - PostHandleRequest() failed - <Unknown Exception>.
2025-06-13 20:04:37,602 [0x00002d78] f:\endpointserver\server\endpointserverimp.cpp:164 ERROR EndPointServerThreadCounter - PostHandleRequest() failed - <Unknown Exception>.
2025-06-13 20:05:03,642 [0x00002cb0] f:\endpointserver\server\endpointserverimp.cpp:164 ERROR EndPointServerThreadCounter - PostHandleRequest() failed - <Unknown Exception>.
2025-06-13 20:05:34,597 [0x00002cb0] f:\endpointserver\server\endpointserverimp.cpp:164 ERROR EndPointServerThreadCounter - PostHandleRequest() failed - <Unknown Exception>.
2025-06-13 20:05:35,618 [0x00002d10] f:\endpointserver\server\endpointserverimp.cpp:164 ERROR EndPointServerThreadCounter - PostHandleRequest() failed - <Unknown Exception>.
2025-06-13 20:05:51,614 [0x00002d10] f:\endpointserver\server\endpointserverimp.cpp:164 ERROR EndPointServerThreadCounter - PostHandleRequest() failed - <Unknown Exception>.
2025-06-13 20:06:32,612 [0x00002cb0] f:\endpointserver\server\endpointserverimp.cpp:164 ERROR EndPointServerThreadCounter - PostHandleRequest() failed - <Unknown Exception>.
2025-06-13 20:06:48,625 [0x00002d78] f:\endpointserver\server\endpointserverimp.cpp:164 ERROR EndPointServerThreadCounter - PostHandleRequest() failed - <Unknown Exception>.
2025-06-13 20:07:35,626 [0x00002d78] f:\endpointserver\server\endpointserverimp.cpp:164 ERROR EndPointServerThreadCounter - PostHandleRequest() failed - <Unknown Exception>.
2025-06-13 20:07:44,603 [0x00002d78] f:\endpointserver\server\endpointserverimp.cpp:164 ERROR EndPointServerThreadCounter - PostHandleRequest() failed - <Unknown Exception>.
2025-06-13 20:08:10,613 [0x00002d10] f:\endpointserver\server\endpointserverimp.cpp:164 ERROR EndPointServerThreadCounter - PostHandleRequest() failed - <Unknown Exception>.
2025-06-13 20:08:10,616 [0x00002d78] f:\endpointserver\server\endpointserverimp.cpp:164 ERROR EndPointServerThreadCounter - PostHandleRequest() failed - <Unknown Exception>.
2025-06-13 20:08:17,611 [0x00002d78] f:\endpointserver\server\endpointserverimp.cpp:164 ERROR EndPointServerThreadCounter - PostHandleRequest() failed - <Unknown Exception>.
2025-06-13 20:09:08,622 [0x00002d78] f:\endpointserver\server\endpointserverimp.cpp:164 ERROR EndPointServerThreadCounter - PostHandleRequest() failed - <Unknown Exception>.
2025-06-13 20:09:36,611 [0x00002d48] f:\endpointserver\server\endpointserverimp.cpp:164 ERROR EndPointServerThreadCounter - PostHandleRequest() failed - <Unknown Exception>.
2025-06-13 20:09:37,607 [0x00002d78] f:\endpointserver\server\endpointserverimp.cpp:164 ERROR EndPointServerThreadCounter - PostHandleRequest() failed - <Unknown Exception>.
2025-06-13 20:10:10,621 [0x00002d10] f:\endpointserver\server\endpointserverimp.cpp:164 ERROR EndPointServerThreadCounter - PostHandleRequest() failed - <Unknown Exception>.
2025-06-13 20:10:22,610 [0x00002d10] f:\endpointserver\server\endpointserverimp.cpp:164 ERROR EndPointServerThreadCounter - PostHandleRequest() failed - <Unknown Exception>.
2025-06-13 20:10:35,621 [0x00002cb0] f:\endpointserver\server\endpointserverimp.cpp:164 ERROR EndPointServerThreadCounter - PostHandleRequest() failed - <Unknown Exception>.
2025-06-13 20:10:42,604 [0x00002cb0] f:\endpointserver\server\endpointserverimp.cpp:164 ERROR EndPointServerThreadCounter - PostHandleRequest() failed - <Unknown Exception>.
2025-06-13 20:10:47,612 [0x00002c54] f:\endpointserver\server\endpointserverimp.cpp:164 ERROR EndPointServerThreadCounter - PostHandleRequest() failed - <Unknown Exception>.
2025-06-13 20:10:50,608 [0x00002cb0] f:\endpointserver\server\endpointserverimp.cpp:164 ERROR EndPointServerThreadCounter - PostHandleRequest() failed - <Unknown Exception>.
2025-06-13 20:11:18,627 [0x00002c54] f:\endpointserver\server\endpointserverimp.cpp:164 ERROR EndPointServerThreadCounter - PostHandleRequest() failed - <Unknown Exception>.
2025-06-13 20:11:20,623 [0x00002cb0] f:\endpointserver\server\endpointserverimp.cpp:164 ERROR EndPointServerThreadCounter - PostHandleRequest() failed - <Unknown Exception>.
2025-06-13 20:11:21,644 [0x00002c54] f:\endpointserver\server\endpointserverimp.cpp:164 ERROR EndPointServerThreadCounter - PostHandleRequest() failed - <Unknown Exception>.
2025-06-13 20:11:45,615 [0x00002c54] f:\endpointserver\server\endpointserverimp.cpp:164 ERROR EndPointServerThreadCounter - PostHandleRequest() failed - <Unknown Exception>.
2025-06-13 20:11:49,599 [0x00002c54] f:\endpointserver\server\endpointserverimp.cpp:164 ERROR EndPointServerThreadCounter - PostHandleRequest() failed - <Unknown Exception>.
2025-06-13 20:11:58,621 [0x00002c54] f:\endpointserver\server\endpointserverimp.cpp:164 ERROR EndPointServerThreadCounter - PostHandleRequest() failed - <Unknown Exception>.
2025-06-13 20:12:10,603 [0x00002c54] f:\endpointserver\server\endpointserverimp.cpp:164 ERROR EndPointServerThreadCounter - PostHandleRequest() failed - <Unknown Exception>.
2025-06-13 20:12:27,618 [0x00002cb0] f:\endpointserver\server\endpointserverimp.cpp:164 ERROR EndPointServerThreadCounter - PostHandleRequest() failed - <Unknown Exception>.
2025-06-13 20:12:29,620 [0x00002c54] f:\endpointserver\server\endpointserverimp.cpp:164 ERROR EndPointServerThreadCounter - PostHandleRequest() failed - <Unknown Exception>.
2025-06-13 20:12:41,620 [0x00002c54] f:\endpointserver\server\endpointserverimp.cpp:164 ERROR EndPointServerThreadCounter - PostHandleRequest() failed - <Unknown Exception>.
2025-06-13 20:12:47,613 [0x00002d78] f:\endpointserver\server\endpointserverimp.cpp:164 ERROR EndPointServerThreadCounter - PostHandleRequest() failed - <Unknown Exception>.
2025-06-13 20:12:49,600 [0x00002d48] f:\endpointserver\server\endpointserverimp.cpp:164 ERROR EndPointServerThreadCounter - PostHandleRequest() failed - <Unknown Exception>.
2025-06-13 20:12:55,614 [0x00002d48] f:\endpointserver\server\endpointserverimp.cpp:164 ERROR EndPointServerThreadCounter - PostHandleRequest() failed - <Unknown Exception>.
2025-06-13 20:12:59,610 [0x00002d48] f:\endpointserver\server\endpointserverimp.cpp:164 ERROR EndPointServerThreadCounter - PostHandleRequest() failed - <Unknown Exception>.
2025-06-13 20:12:59,627 [0x00002d78] f:\endpointserver\server\endpointserverimp.cpp:164 ERROR EndPointServerThreadCounter - PostHandleRequest() failed - <Unknown Exception>.
2025-06-13 20:13:03,607 [0x00002d48] f:\endpointserver\server\endpointserverimp.cpp:164 ERROR EndPointServerThreadCounter - PostHandleRequest() failed - <Unknown Exception>.
2025-06-13 20:13:28,620 [0x00002d48] f:\endpointserver\server\endpointserverimp.cpp:164 ERROR EndPointServerThreadCounter - PostHandleRequest() failed - <Unknown Exception>.
2025-06-13 20:13:55,614 [0x00002d78] f:\endpointserver\server\endpointserverimp.cpp:164 ERROR EndPointServerThreadCounter - PostHandleRequest() failed - <Unknown Exception>.
2025-06-13 20:13:56,605 [0x00002c54] f:\endpointserver\server\endpointserverimp.cpp:164 ERROR EndPointServerThreadCounter - PostHandleRequest() failed - <Unknown Exception>.
2025-06-13 20:14:26,606 [0x00002c54] f:\endpointserver\server\endpointserverimp.cpp:164 ERROR EndPointServerThreadCounter - PostHandleRequest() failed - <Unknown Exception>.
2025-06-13 20:14:29,614 [0x00002c54] f:\endpointserver\server\endpointserverimp.cpp:164 ERROR EndPointServerThreadCounter - PostHandleRequest() failed - <Unknown Exception>.
2025-06-13 20:14:43,604 [0x00002d48] f:\endpointserver\server\endpointserverimp.cpp:164 ERROR EndPointServerThreadCounter - PostHandleRequest() failed - <Unknown Exception>.
2025-06-13 20:14:44,621 [0x00002c54] f:\endpointserver\server\endpointserverimp.cpp:164 ERROR EndPointServerThreadCounter - PostHandleRequest() failed - <Unknown Exception>.
2025-06-13 20:14:55,616 [0x00002c54] f:\endpointserver\server\endpointserverimp.cpp:164 ERROR EndPointServerThreadCounter - PostHandleRequest() failed - <Unknown Exception>.
2025-06-13 20:14:59,616 [0x00002d48] f:\endpointserver\server\endpointserverimp.cpp:164 ERROR EndPointServerThreadCounter - PostHandleRequest() failed - <Unknown Exception>.
2025-06-13 20:14:59,619 [0x00002d78] f:\endpointserver\server\endpointserverimp.cpp:164 ERROR EndPointServerThreadCounter - PostHandleRequest() failed - <Unknown Exception>.
2025-06-13 20:15:16,630 [0x00002d78] f:\endpointserver\server\endpointserverimp.cpp:164 ERROR EndPointServerThreadCounter - PostHandleRequest() failed - <Unknown Exception>.
2025-06-13 20:15:17,635 [0x00002d78] f:\endpointserver\server\endpointserverimp.cpp:164 ERROR EndPointServerThreadCounter - PostHandleRequest() failed - <Unknown Exception>.
2025-06-13 20:16:20,603 [0x00002c54] f:\endpointserver\server\endpointserverimp.cpp:164 ERROR EndPointServerThreadCounter - PostHandleRequest() failed - <Unknown Exception>.
2025-06-13 20:16:32,601 [0x00002c54] f:\endpointserver\server\endpointserverimp.cpp:164 ERROR EndPointServerThreadCounter - PostHandleRequest() failed - <Unknown Exception>.
2025-06-13 20:16:51,617 [0x00002c54] f:\endpointserver\server\endpointserverimp.cpp:164 ERROR EndPointServerThreadCounter - PostHandleRequest() failed - <Unknown Exception>.
2025-06-13 20:17:28,630 [0x00002d78] f:\endpointserver\server\endpointserverimp.cpp:164 ERROR EndPointServerThreadCounter - PostHandleRequest() failed - <Unknown Exception>.
2025-06-13 20:19:26,602 [0x00002c54] f:\endpointserver\server\endpointserverimp.cpp:164 ERROR EndPointServerThreadCounter - PostHandleRequest() failed - <Unknown Exception>.
2025-06-13 20:20:00,621 [0x00002cb0] f:\endpointserver\server\endpointserverimp.cpp:164 ERROR EndPointServerThreadCounter - PostHandleRequest() failed - <Unknown Exception>.
2025-06-13 20:20:48,755 [0x00002d48] f:\endpointserver\server\endpointserverimp.cpp:164 ERROR EndPointServerThreadCounter - PostHandleRequest() failed - <Unknown Exception>.
2025-06-13 20:21:20,157 [0x00002d48] f:\endpointserver\server\endpointserverimp.cpp:164 ERROR EndPointServerThreadCounter - PostHandleRequest() failed - <Unknown Exception>.
2025-06-13 20:22:34,002 [0x00002c54] f:\endpointserver\server\endpointserverimp.cpp:164 ERROR EndPointServerThreadCounter - PostHandleRequest() failed - <Unknown Exception>.
2025-06-13 20:22:39,842 [0x00002c54] f:\endpointserver\server\endpointserverimp.cpp:164 ERROR EndPointServerThreadCounter - PostHandleRequest() failed - <Unknown Exception>.
2025-06-13 20:23:02,933 [0x00002d48] f:\endpointserver\server\endpointserverimp.cpp:164 ERROR EndPointServerThreadCounter - PostHandleRequest() failed - <Unknown Exception>.
2025-06-13 20:23:16,735 [0x00002d48] f:\endpointserver\server\endpointserverimp.cpp:164 ERROR EndPointServerThreadCounter - PostHandleRequest() failed - <Unknown Exception>.
2025-06-13 20:23:18,731 [0x00002d48] f:\endpointserver\server\endpointserverimp.cpp:164 ERROR EndPointServerThreadCounter - PostHandleRequest() failed - <Unknown Exception>.
2025-06-13 20:23:39,612 [0x00002cb0] f:\endpointserver\server\endpointserverimp.cpp:164 ERROR EndPointServerThreadCounter - PostHandleRequest() failed - <Unknown Exception>.
2025-06-13 20:23:51,619 [0x00002cb0] f:\endpointserver\server\endpointserverimp.cpp:164 ERROR EndPointServerThreadCounter - PostHandleRequest() failed - <Unknown Exception>.
2025-06-13 20:23:53,628 [0x00002cb0] f:\endpointserver\server\endpointserverimp.cpp:164 ERROR EndPointServerThreadCounter - PostHandleRequest() failed - <Unknown Exception>.
2025-06-13 20:24:06,631 [0x00002c54] f:\endpointserver\server\endpointserverimp.cpp:164 ERROR EndPointServerThreadCounter - PostHandleRequest() failed - <Unknown Exception>.
2025-06-13 20:24:41,608 [0x00002c54] f:\endpointserver\server\endpointserverimp.cpp:164 ERROR EndPointServerThreadCounter - PostHandleRequest() failed - <Unknown Exception>.
2025-06-13 20:24:56,606 [0x00002cb0] f:\endpointserver\server\endpointserverimp.cpp:164 ERROR EndPointServerThreadCounter - PostHandleRequest() failed - <Unknown Exception>.
2025-06-13 20:25:17,626 [0x00002cb0] f:\endpointserver\server\endpointserverimp.cpp:164 ERROR EndPointServerThreadCounter - PostHandleRequest() failed - <Unknown Exception>.
2025-06-13 20:25:51,612 [0x00002c54] f:\endpointserver\server\endpointserverimp.cpp:164 ERROR EndPointServerThreadCounter - PostHandleRequest() failed - <Unknown Exception>.
2025-06-13 20:26:28,612 [0x00002d48] f:\endpointserver\server\endpointserverimp.cpp:164 ERROR EndPointServerThreadCounter - PostHandleRequest() failed - <Unknown Exception>.
2025-06-17 17:49:35,783 [0x00002d10] f:\endpointserver\server\endpointserverimp.cpp:164 ERROR EndPointServerThreadCounter - PostHandleRequest() failed - <Unknown Exception>.
2025-06-18 18:30:02,718 [0x00002c54] f:\endpointserver\server\endpointserverimp.cpp:164 ERROR EndPointServerThreadCounter - PostHandleRequest() failed - <Unknown Exception>.
2025-06-18 20:29:45,017 [0x00002c54] f:\endpointserver\server\endpointserverimp.cpp:164 ERROR EndPointServerThreadCounter - PostHandleRequest() failed - <Unknown Exception>.
2025-06-18 21:53:25,268 [0x00002cb0] f:\endpointserver\server\endpointserverimp.cpp:164 ERROR EndPointServerThreadCounter - PostHandleRequest() failed - <Unknown Exception>.
2025-06-19 00:20:10,566 [0x00002c54] f:\endpointserver\server\endpointserverimp.cpp:164 ERROR EndPointServerThreadCounter - PostHandleRequest() failed - <Unknown Exception>.
2025-06-24 17:28:20,941 [0x00002d48] f:\endpointserver\server\endpointserverimp.cpp:164 ERROR EndPointServerThreadCounter - PostHandleRequest() failed - <Unknown Exception>.
2025-06-28 14:07:59,195 [0x00002d10] f:\endpointserver\server\endpointserverimp.cpp:164 ERROR EndPointServerThreadCounter - PostHandleRequest() failed - <Unknown Exception>.
2025-07-01 12:16:10,800 [0x00002cac] f:\endpointserver\server\endpointserverimp.cpp:164 ERROR EndPointServerThreadCounter - PostHandleRequest() failed - <Unknown Exception>.
2025-07-04 16:27:49,354 [0x00002cac] f:\endpointserver\server\endpointserverimp.cpp:164 ERROR EndPointServerThreadCounter - PostHandleRequest() failed - <Unknown Exception>.
2025-07-08 08:49:59,672 [0x00002c7c] f:\endpointserver\server\endpointserverimp.cpp:164 ERROR EndPointServerThreadCounter - PostHandleRequest() failed - <Unknown Exception>.
2025-07-08 16:22:00,902 [0x00002d10] f:\endpointserver\server\endpointserverimp.cpp:164 ERROR EndPointServerThreadCounter - PostHandleRequest() failed - <Unknown Exception>.
2025-07-08 16:24:47,653 [0x00002d10] f:\endpointserver\server\endpointserverimp.cpp:164 ERROR EndPointServerThreadCounter - PostHandleRequest() failed - <Unknown Exception>.
2025-07-08 16:25:59,002 [0x00002d10] f:\endpointserver\server\endpointserverimp.cpp:164 ERROR EndPointServerThreadCounter - PostHandleRequest() failed - <Unknown Exception>.
2025-07-08 16:26:25,344 [0x00002d0c] f:\endpointserver\server\endpointserverimp.cpp:164 ERROR EndPointServerThreadCounter - PostHandleRequest() failed - <Unknown Exception>.
2025-07-08 16:27:04,152 [0x00002d10] f:\endpointserver\server\endpointserverimp.cpp:164 ERROR EndPointServerThreadCounter - PostHandleRequest() failed - <Unknown Exception>.
2025-07-09 13:18:43,776 [0x00002c1c] f:\endpointserver\server\endpointserverimp.cpp:164 ERROR EndPointServerThreadCounter - PostHandleRequest() failed - <Unknown Exception>.
2025-07-14 14:11:19,396 [0x00002d0c] f:\endpointserver\server\endpointserverimp.cpp:164 ERROR EndPointServerThreadCounter - PostHandleRequest() failed - <Unknown Exception>.
2025-07-14 14:15:37,258 [0x00002cac] f:\endpointserver\server\endpointserverimp.cpp:164 ERROR EndPointServerThreadCounter - PostHandleRequest() failed - <Unknown Exception>.
2025-07-18 11:53:34,998 [0x00002d10] f:\endpointserver\server\endpointserverimp.cpp:164 ERROR EndPointServerThreadCounter - PostHandleRequest() failed - <Unknown Exception>.
2025-07-23 05:34:19,136 [0x00002c7c] f:\endpointserver\server\endpointserverimp.cpp:164 ERROR EndPointServerThreadCounter - PostHandleRequest() failed - <Unknown Exception>.
2025-07-24 15:25:57,675 [0x000022d8] f:\endpointserver\server\endpointserverimp.cpp:171 INFO ProcessInfo - Endpoint server process is stopping
2025-07-24 15:27:01,044 [0x00002724] f:\endpointserver\server\endpointserverimp.cpp:1197 INFO ProcessInfo - Endpoint server process is starting
2025-07-24 15:27:02,082 [0x00002724] f:\pais\util\filesystem\utils.cpp:429 ERROR Exception - apr_socket_connect, error code 730060: A connection attempt failed because the connected party did not properly respond after a period of time, or established connection failed because connected host has failed to respond.  
2025-07-24 15:27:03,084 [0x00002724] f:\pais\util\filesystem\utils.cpp:429 ERROR Exception - apr_socket_connect, error code 730060: A connection attempt failed because the connected party did not properly respond after a period of time, or established connection failed because connected host has failed to respond.  
2025-07-24 15:27:03,087 [0x00002724] f:\endpointserver\server\endpointserverimp.cpp:1268 INFO ProcessInfo - Endpoint server process is initialized
2025-07-24 15:27:24,902 [0x000019dc] f:\pais\util\filesystem\utils.cpp:429 ERROR Exception - Need to reestablish connection with policy engine
2025-07-24 15:27:24,903 [0x000019dc] f:\endpointserver\core\endpointconfiguration.cpp:1739 ERROR ConfigurationHandler - Failed send object to Resolver. Try to connect to policyEngine exception=<Need to reestablish connection with policy engine>
2025-07-24 15:29:08,544 [0x00002724] f:\endpointserver\server\endpointserverimp.cpp:171 INFO ProcessInfo - Endpoint server process is stopping
2025-07-24 15:29:46,141 [0x0000229c] f:\endpointserver\server\endpointserverimp.cpp:1197 INFO ProcessInfo - Endpoint server process is starting
2025-07-24 15:29:46,860 [0x0000229c] f:\endpointserver\server\endpointserverimp.cpp:1268 INFO ProcessInfo - Endpoint server process is initialized
2025-07-24 15:34:19,870 [0x00002ea0] f:\endpointserver\core\endpointmngmntclient.cpp:215 ERROR ManagementClient - ManagementClient::SendStatus() Failed. Error - SOAP 1.1; Error 500; Fault: SOAP-ENV:Client Error 28; Fault: detected Timeout; Detail: SSL_connect() failed in tcp_connect(); Connection IP <0.0.0.0:17443>; Connection IP <0.0.0.0:8891>
2025-07-31 12:41:04,926 [0x00002c5c] f:\endpointserver\server\endpointserverimp.cpp:164 ERROR EndPointServerThreadCounter - PostHandleRequest() failed - <Unknown Exception>.
2025-08-04 08:46:46,893 [0x00002c64] f:\endpointserver\server\endpointserverimp.cpp:164 ERROR EndPointServerThreadCounter - PostHandleRequest() failed - <Unknown Exception>.
2025-08-07 17:30:45,553 [0x00002c5c] f:\endpointserver\server\endpointserverimp.cpp:164 ERROR EndPointServerThreadCounter - PostHandleRequest() failed - <Unknown Exception>.
2025-08-18 07:26:42,811 [0x00002c5c] f:\endpointserver\server\endpointserverimp.cpp:164 ERROR EndPointServerThreadCounter - PostHandleRequest() failed - <Unknown Exception>.
2025-08-21 12:42:00,074 [0x00002ea4] f:\endpointserver\core\endpointmngmntclient.cpp:215 ERROR ManagementClient - ManagementClient::SendStatus() Failed. Error - SOAP 1.1; Error 12; Fault: SOAP-ENV:Server.userException java.util.ConcurrentModificationException; Detail: <ns1:hostname xmlns:ns1="http://xml.apache.org/axis/">HQVODLPMGMT01</ns1:hostname>; Connection IP <0.0.0.0:8891>
2025-09-04 09:03:36,474 [0x00002c60] f:\endpointserver\server\endpointserverimp.cpp:164 ERROR EndPointServerThreadCounter - PostHandleRequest() failed - <Unknown Exception>.
2025-09-09 12:18:03,329 [0x00002c08] f:\endpointserver\server\endpointserverimp.cpp:164 ERROR EndPointServerThreadCounter - PostHandleRequest() failed - <Unknown Exception>.
2025-09-10 09:56:01,681 [0x00002c08] f:\endpointserver\server\endpointserverimp.cpp:164 ERROR EndPointServerThreadCounter - PostHandleRequest() failed - <Unknown Exception>.
2025-09-16 14:29:49,150 [0x00002c2c] f:\endpointserver\server\endpointserverimp.cpp:164 ERROR EndPointServerThreadCounter - PostHandleRequest() failed - <Unknown Exception>.
2025-09-30 09:35:02,163 [0x00002c08] f:\endpointserver\server\endpointserverimp.cpp:164 ERROR EndPointServerThreadCounter - PostHandleRequest() failed - <Unknown Exception>.
2025-09-30 12:38:35,175 [0x00002c2c] f:\endpointserver\server\endpointserverimp.cpp:164 ERROR EndPointServerThreadCounter - PostHandleRequest() failed - <Unknown Exception>.
2025-10-01 09:31:03,887 [0x00002c2c] f:\endpointserver\server\endpointserverimp.cpp:164 ERROR EndPointServerThreadCounter - PostHandleRequest() failed - <Unknown Exception>.
2025-10-01 17:31:19,076 [0x00002c08] f:\endpointserver\server\endpointserverimp.cpp:164 ERROR EndPointServerThreadCounter - PostHandleRequest() failed - <Unknown Exception>.
2025-10-01 18:01:18,357 [0x00002c08] f:\endpointserver\server\endpointserverimp.cpp:164 ERROR EndPointServerThreadCounter - PostHandleRequest() failed - <Unknown Exception>.
2025-10-03 09:32:55,848 [0x00002c68] f:\endpointserver\server\endpointserverimp.cpp:164 ERROR EndPointServerThreadCounter - PostHandleRequest() failed - <Unknown Exception>.
2025-10-06 16:27:45,318 [0x00002c68] f:\endpointserver\server\endpointserverimp.cpp:164 ERROR EndPointServerThreadCounter - PostHandleRequest() failed - <Unknown Exception>.
2025-10-07 11:58:11,179 [0x00002c5c] f:\endpointserver\server\endpointserverimp.cpp:164 ERROR EndPointServerThreadCounter - PostHandleRequest() failed - <Unknown Exception>.
2025-10-07 19:33:40,695 [0x00002c60] f:\endpointserver\server\endpointserverimp.cpp:164 ERROR EndPointServerThreadCounter - PostHandleRequest() failed - <Unknown Exception>.
2025-10-08 09:59:50,094 [0x00002c68] f:\endpointserver\server\endpointserverimp.cpp:164 ERROR EndPointServerThreadCounter - PostHandleRequest() failed - <Unknown Exception>.
2025-10-09 16:07:06,835 [0x00002c60] f:\endpointserver\server\endpointserverimp.cpp:164 ERROR EndPointServerThreadCounter - PostHandleRequest() failed - <Unknown Exception>.
2025-10-10 10:24:00,938 [0x00002c68] f:\endpointserver\server\endpointserverimp.cpp:164 ERROR EndPointServerThreadCounter - PostHandleRequest() failed - <Unknown Exception>.
2025-10-10 10:24:27,391 [0x00002c5c] f:\endpointserver\server\endpointserverimp.cpp:164 ERROR EndPointServerThreadCounter - PostHandleRequest() failed - <Unknown Exception>.
2025-10-14 16:44:30,456 [0x00002484] f:\commprotocol\core\objectcomm.cpp:299 ERROR Communication - AsyncCommClient: CommException with <0> error code thrown from IO thread
2025-10-14 16:44:30,456 [0x00002488] f:\commprotocol\core\objectcomm.cpp:299 ERROR Communication - AsyncCommClient: CommException with <0> error code thrown from IO thread
2025-10-14 16:44:30,459 [0x00002484] f:\commprotocol\core\objectcomm.cpp:347 FATAL Communication - AsyncCommClient: CommException thrown in IO Thread <Broken Pipe, recieveBuffer has failed, connection was closed by the other side>
2025-10-14 16:44:30,459 [0x00002488] f:\commprotocol\core\objectcomm.cpp:347 FATAL Communication - AsyncCommClient: CommException thrown in IO Thread <Broken Pipe, recieveBuffer has failed, connection was closed by the other side>
2025-10-14 16:44:45,832 [0x0000229c] f:\endpointserver\server\endpointserverimp.cpp:171 INFO ProcessInfo - Endpoint server process is stopping
2025-10-14 16:44:59,459 [0x00001828] f:\endpointserver\server\endpointserverimp.cpp:1197 INFO ProcessInfo - Endpoint server process is starting
2025-10-14 16:44:59,500 [0x00001828] f:\endpointserver\server\endpointserverimp.cpp:1268 INFO ProcessInfo - Endpoint server process is initialized
2025-10-15 17:07:14,946 [0x0000530c] f:\endpointserver\server\endpointserverimp.cpp:164 ERROR EndPointServerThreadCounter - PostHandleRequest() failed - <Unknown Exception>.
2025-10-16 12:11:59,508 [0x00005464] f:\endpointserver\server\endpointserverimp.cpp:164 ERROR EndPointServerThreadCounter - PostHandleRequest() failed - <Unknown Exception>.
2025-10-16 12:56:03,577 [0x00005464] f:\endpointserver\server\endpointserverimp.cpp:164 ERROR EndPointServerThreadCounter - PostHandleRequest() failed - <Unknown Exception>.
2025-10-16 13:21:22,785 [0x0000530c] f:\endpointserver\server\endpointserverimp.cpp:164 ERROR EndPointServerThreadCounter - PostHandleRequest() failed - <Unknown Exception>.
2025-10-20 14:56:26,971 [0x00004574] f:\endpointserver\server\endpointserverimp.cpp:164 ERROR EndPointServerThreadCounter - PostHandleRequest() failed - <Unknown Exception>.
2025-10-21 14:01:04,136 [0x00004f0c] f:\endpointserver\server\endpointserverimp.cpp:164 ERROR EndPointServerThreadCounter - PostHandleRequest() failed - <Unknown Exception>.
2025-10-23 13:09:26,003 [0x00004f0c] f:\endpointserver\server\endpointserverimp.cpp:164 ERROR EndPointServerThreadCounter - PostHandleRequest() failed - <Unknown Exception>.
2025-10-24 11:57:09,775 [0x00004574] f:\endpointserver\server\endpointserverimp.cpp:164 ERROR EndPointServerThreadCounter - PostHandleRequest() failed - <Unknown Exception>.
2025-10-27 14:19:49,414 [0x00004574] f:\endpointserver\server\endpointserverimp.cpp:164 ERROR EndPointServerThreadCounter - PostHandleRequest() failed - <Unknown Exception>.
2025-10-27 18:12:35,335 [0x00005464] f:\endpointserver\server\endpointserverimp.cpp:164 ERROR EndPointServerThreadCounter - PostHandleRequest() failed - <Unknown Exception>.
2025-10-30 08:27:57,067 [0x00005464] f:\endpointserver\server\endpointserverimp.cpp:164 ERROR EndPointServerThreadCounter - PostHandleRequest() failed - <Unknown Exception>.
2025-11-06 12:59:18,349 [0x00004574] f:\endpointserver\server\endpointserverimp.cpp:164 ERROR EndPointServerThreadCounter - PostHandleRequest() failed - <Unknown Exception>.
2025-11-07 13:36:36,263 [0x00004f0c] f:\endpointserver\server\endpointserverimp.cpp:164 ERROR EndPointServerThreadCounter - PostHandleRequest() failed - <Unknown Exception>.
2025-11-11 10:37:50,024 [0x00005464] f:\endpointserver\server\endpointserverimp.cpp:164 ERROR EndPointServerThreadCounter - PostHandleRequest() failed - <Unknown Exception>.
2025-11-14 18:14:34,710 [0x00004f0c] f:\endpointserver\server\endpointserverimp.cpp:164 ERROR EndPointServerThreadCounter - PostHandleRequest() failed - <Unknown Exception>.
2025-11-17 09:46:57,878 [0x00004f0c] f:\endpointserver\server\endpointserverimp.cpp:164 ERROR EndPointServerThreadCounter - PostHandleRequest() failed - <Unknown Exception>.
2025-11-17 17:08:34,847 [0x00004f0c] f:\endpointserver\server\endpointserverimp.cpp:164 ERROR EndPointServerThreadCounter - PostHandleRequest() failed - <Unknown Exception>.
2025-11-20 15:45:57,584 [0x00004574] f:\endpointserver\server\endpointserverimp.cpp:164 ERROR EndPointServerThreadCounter - PostHandleRequest() failed - <Unknown Exception>.
2025-11-27 09:28:57,228 [0x00004574] f:\endpointserver\server\endpointserverimp.cpp:164 ERROR EndPointServerThreadCounter - PostHandleRequest() failed - <Unknown Exception>.
2025-11-27 11:26:09,177 [0x00004574] f:\endpointserver\server\endpointserverimp.cpp:164 ERROR EndPointServerThreadCounter - PostHandleRequest() failed - <Unknown Exception>.
2025-12-01 09:18:42,709 [0x00005464] f:\endpointserver\server\endpointserverimp.cpp:164 ERROR EndPointServerThreadCounter - PostHandleRequest() failed - <Unknown Exception>.
2025-12-01 10:15:11,930 [0x00004f0c] f:\endpointserver\server\endpointserverimp.cpp:164 ERROR EndPointServerThreadCounter - PostHandleRequest() failed - <Unknown Exception>.
2025-12-02 10:04:03,219 [0x0000530c] f:\endpointserver\server\endpointserverimp.cpp:164 ERROR EndPointServerThreadCounter - PostHandleRequest() failed - <Unknown Exception>.
2025-12-02 10:29:12,397 [0x0000530c] f:\endpointserver\server\endpointserverimp.cpp:164 ERROR EndPointServerThreadCounter - PostHandleRequest() failed - <Unknown Exception>.
2025-12-02 15:35:05,289 [0x00004f0c] f:\endpointserver\server\endpointserverimp.cpp:164 ERROR EndPointServerThreadCounter - PostHandleRequest() failed - <Unknown Exception>.
2025-12-02 15:51:54,405 [0x00001828] f:\endpointserver\server\endpointserverimp.cpp:171 INFO ProcessInfo - Endpoint server process is stopping
2025-12-02 15:52:34,773 [0x00001f24] f:\endpointserver\server\endpointserverimp.cpp:1197 INFO ProcessInfo - Endpoint server process is starting
2025-12-02 15:52:35,836 [0x00001f24] f:\pais\util\filesystem\utils.cpp:429 ERROR Exception - apr_socket_connect, error code 730060: A connection attempt failed because the connected party did not properly respond after a period of time, or established connection failed because connected host has failed to respond.  
2025-12-02 15:52:35,836 [0x00001f24] f:\endpointserver\server\endpointserverimp.cpp:1268 INFO ProcessInfo - Endpoint server process is initialized
2025-12-02 15:54:54,483 [0x00002f28] f:\pais\util\filesystem\utils.cpp:429 ERROR Exception - Need to reestablish connection with policy engine
2025-12-02 15:54:54,485 [0x00002f28] f:\endpointserver\core\endpointconfiguration.cpp:1739 ERROR ConfigurationHandler - Failed send object to Resolver. Try to connect to policyEngine exception=<Need to reestablish connection with policy engine>
2025-12-02 15:57:25,237 [0x000030e0] f:\endpointserver\core\endpointmngmntclient.cpp:215 ERROR ManagementClient - ManagementClient::SendStatus() Failed. Error - SOAP 1.1; Error 500; Fault: SOAP-ENV:Client Error 28; Fault: detected Timeout; Detail: SSL_connect() failed in tcp_connect(); Connection IP <0.0.0.0:17443>; Connection IP <0.0.0.0:8891>
2025-12-03 15:23:19,674 [0x00002ce0] f:\endpointserver\server\endpointserverimp.cpp:164 ERROR EndPointServerThreadCounter - PostHandleRequest() failed - <Unknown Exception>.
2025-12-11 11:46:32,965 [0x00002ce0] f:\endpointserver\server\endpointserverimp.cpp:164 ERROR EndPointServerThreadCounter - PostHandleRequest() failed - <Unknown Exception>.
2025-12-11 23:17:35,015 [0x00002d0c] f:\endpointserver\server\endpointserverimp.cpp:164 ERROR EndPointServerThreadCounter - PostHandleRequest() failed - <Unknown Exception>.
2025-12-12 09:42:10,312 [0x00002cdc] f:\endpointserver\server\endpointserverimp.cpp:164 ERROR EndPointServerThreadCounter - PostHandleRequest() failed - <Unknown Exception>.
2025-12-18 09:44:17,177 [0x00002d98] f:\endpointserver\server\endpointserverimp.cpp:164 ERROR EndPointServerThreadCounter - PostHandleRequest() failed - <Unknown Exception>.
2025-12-18 16:54:13,643 [0x00002ce0] f:\endpointserver\server\endpointserverimp.cpp:164 ERROR EndPointServerThreadCounter - PostHandleRequest() failed - <Unknown Exception>.
2025-12-18 16:59:07,027 [0x00002ce0] f:\endpointserver\server\endpointserverimp.cpp:164 ERROR EndPointServerThreadCounter - PostHandleRequest() failed - <Unknown Exception>.
2025-12-19 18:09:39,679 [0x00002d0c] f:\endpointserver\server\endpointserverimp.cpp:164 ERROR EndPointServerThreadCounter - PostHandleRequest() failed - <Unknown Exception>.
2025-12-20 19:14:46,228 [0x00002d0c] f:\endpointserver\server\endpointserverimp.cpp:164 ERROR EndPointServerThreadCounter - PostHandleRequest() failed - <Unknown Exception>.
2025-12-20 20:39:32,137 [0x00002d0c] f:\endpointserver\server\endpointserverimp.cpp:164 ERROR EndPointServerThreadCounter - PostHandleRequest() failed - <Unknown Exception>.
2025-12-22 13:33:37,446 [0x00002ce0] f:\endpointserver\server\endpointserverimp.cpp:164 ERROR EndPointServerThreadCounter - PostHandleRequest() failed - <Unknown Exception>.
2025-12-22 14:55:21,543 [0x00002d0c] f:\endpointserver\server\endpointserverimp.cpp:164 ERROR EndPointServerThreadCounter - PostHandleRequest() failed - <Unknown Exception>.
2025-12-22 15:02:04,959 [0x00002d0c] f:\endpointserver\server\endpointserverimp.cpp:164 ERROR EndPointServerThreadCounter - PostHandleRequest() failed - <Unknown Exception>.
2025-12-23 12:23:23,555 [0x00002d0c] f:\endpointserver\server\endpointserverimp.cpp:164 ERROR EndPointServerThreadCounter - PostHandleRequest() failed - <Unknown Exception>.
2025-12-24 10:48:47,733 [0x00002d0c] f:\endpointserver\server\endpointserverimp.cpp:164 ERROR EndPointServerThreadCounter - PostHandleRequest() failed - <Unknown Exception>.
2025-12-25 10:56:10,327 [0x00002d98] f:\endpointserver\server\endpointserverimp.cpp:164 ERROR EndPointServerThreadCounter - PostHandleRequest() failed - <Unknown Exception>.
2025-12-26 08:52:34,871 [0x00002d98] f:\endpointserver\server\endpointserverimp.cpp:164 ERROR EndPointServerThreadCounter - PostHandleRequest() failed - <Unknown Exception>.
2025-12-26 09:12:37,958 [0x00002d98] f:\endpointserver\server\endpointserverimp.cpp:164 ERROR EndPointServerThreadCounter - PostHandleRequest() failed - <Unknown Exception>.
2025-12-26 09:13:38,519 [0x00002cdc] f:\endpointserver\server\endpointserverimp.cpp:164 ERROR EndPointServerThreadCounter - PostHandleRequest() failed - <Unknown Exception>.
2025-12-27 08:28:49,916 [0x00002ce0] f:\endpointserver\server\endpointserverimp.cpp:164 ERROR EndPointServerThreadCounter - PostHandleRequest() failed - <Unknown Exception>.
2026-01-03 16:21:03,674 [0x00002ce0] f:\endpointserver\server\endpointserverimp.cpp:164 ERROR EndPointServerThreadCounter - PostHandleRequest() failed - <Unknown Exception>.
2026-01-03 16:41:03,665 [0x00002ce0] f:\endpointserver\server\endpointserverimp.cpp:164 ERROR EndPointServerThreadCounter - PostHandleRequest() failed - <Unknown Exception>.
2026-01-03 17:11:03,730 [0x00002ce0] f:\endpointserver\server\endpointserverimp.cpp:164 ERROR EndPointServerThreadCounter - PostHandleRequest() failed - <Unknown Exception>.
2026-01-05 13:05:54,806 [0x00002d74] f:\endpointserver\server\endpointserverimp.cpp:164 ERROR EndPointServerThreadCounter - PostHandleRequest() failed - <Unknown Exception>.
2026-01-08 16:19:08,777 [0x00002ce0] f:\endpointserver\server\endpointserverimp.cpp:164 ERROR EndPointServerThreadCounter - PostHandleRequest() failed - <Unknown Exception>.
2026-01-08 16:20:13,267 [0x00002ce0] f:\endpointserver\server\endpointserverimp.cpp:164 ERROR EndPointServerThreadCounter - PostHandleRequest() failed - <Unknown Exception>.
2026-01-13 16:49:27,661 [0x00002d74] f:\endpointserver\server\endpointserverimp.cpp:164 ERROR EndPointServerThreadCounter - PostHandleRequest() failed - <Unknown Exception>.
2026-01-18 19:15:57,178 [0x00002ce0] f:\endpointserver\server\endpointserverimp.cpp:164 ERROR EndPointServerThreadCounter - PostHandleRequest() failed - <Unknown Exception>.
2026-01-19 01:43:41,892 [0x00002ce0] f:\endpointserver\server\endpointserverimp.cpp:164 ERROR EndPointServerThreadCounter - PostHandleRequest() failed - <Unknown Exception>.
2026-01-19 14:31:55,169 [0x00002d98] f:\endpointserver\server\endpointserverimp.cpp:164 ERROR EndPointServerThreadCounter - PostHandleRequest() failed - <Unknown Exception>.
2026-01-19 17:08:45,387 [0x00002da0] f:\endpointserver\server\endpointserverimp.cpp:164 ERROR EndPointServerThreadCounter - PostHandleRequest() failed - <Unknown Exception>.
2026-01-19 17:18:44,930 [0x00002da0] f:\endpointserver\server\endpointserverimp.cpp:164 ERROR EndPointServerThreadCounter - PostHandleRequest() failed - <Unknown Exception>.
2026-01-19 21:28:45,188 [0x00002da0] f:\endpointserver\server\endpointserverimp.cpp:164 ERROR EndPointServerThreadCounter - PostHandleRequest() failed - <Unknown Exception>.
2026-01-21 13:07:01,924 [0x00002d74] f:\endpointserver\server\endpointserverimp.cpp:164 ERROR EndPointServerThreadCounter - PostHandleRequest() failed - <Unknown Exception>.
2026-01-21 14:43:31,110 [0x00002d74] f:\endpointserver\server\endpointserverimp.cpp:164 ERROR EndPointServerThreadCounter - PostHandleRequest() failed - <Unknown Exception>.
2026-01-21 14:51:53,030 [0x00002ce0] f:\endpointserver\server\endpointserverimp.cpp:164 ERROR EndPointServerThreadCounter - PostHandleRequest() failed - <Unknown Exception>.
2026-01-21 15:01:48,783 [0x00002ce0] f:\endpointserver\server\endpointserverimp.cpp:164 ERROR EndPointServerThreadCounter - PostHandleRequest() failed - <Unknown Exception>.
2026-01-21 15:15:07,447 [0x00002ce0] f:\endpointserver\server\endpointserverimp.cpp:164 ERROR EndPointServerThreadCounter - PostHandleRequest() failed - <Unknown Exception>.
2026-01-21 15:22:18,942 [0x00002ce0] f:\endpointserver\server\endpointserverimp.cpp:164 ERROR EndPointServerThreadCounter - PostHandleRequest() failed - <Unknown Exception>.
2026-01-21 15:31:34,399 [0x00002ce0] f:\endpointserver\server\endpointserverimp.cpp:164 ERROR EndPointServerThreadCounter - PostHandleRequest() failed - <Unknown Exception>.
2026-01-21 15:36:53,427 [0x00002ce0] f:\endpointserver\server\endpointserverimp.cpp:164 ERROR EndPointServerThreadCounter - PostHandleRequest() failed - <Unknown Exception>.
2026-01-23 10:28:32,686 [0x00002d74] f:\endpointserver\server\endpointserverimp.cpp:164 ERROR EndPointServerThreadCounter - PostHandleRequest() failed - <Unknown Exception>.
2026-01-28 08:17:00,920 [0x00002da0] f:\endpointserver\server\endpointserverimp.cpp:164 ERROR EndPointServerThreadCounter - PostHandleRequest() failed - <Unknown Exception>.
2026-01-28 11:11:03,506 [0x00002d98] f:\endpointserver\server\endpointserverimp.cpp:164 ERROR EndPointServerThreadCounter - PostHandleRequest() failed - <Unknown Exception>.
2026-01-28 11:52:59,493 [0x00002d98] f:\endpointserver\server\endpointserverimp.cpp:164 ERROR EndPointServerThreadCounter - PostHandleRequest() failed - <Unknown Exception>.
2026-01-29 21:36:42,119 [0x00002da0] f:\endpointserver\server\endpointserverimp.cpp:164 ERROR EndPointServerThreadCounter - PostHandleRequest() failed - <Unknown Exception>.
2026-01-31 18:00:13,390 [0x00002ce0] f:\endpointserver\server\endpointserverimp.cpp:164 ERROR EndPointServerThreadCounter - PostHandleRequest() failed - <Unknown Exception>.
2026-01-31 18:10:13,365 [0x00002ce0] f:\endpointserver\server\endpointserverimp.cpp:164 ERROR EndPointServerThreadCounter - PostHandleRequest() failed - <Unknown Exception>.
2026-01-31 22:34:23,826 [0x00002ce0] f:\endpointserver\server\endpointserverimp.cpp:164 ERROR EndPointServerThreadCounter - PostHandleRequest() failed - <Unknown Exception>.
2026-01-31 22:34:42,914 [0x00002d98] f:\endpointserver\server\endpointserverimp.cpp:164 ERROR EndPointServerThreadCounter - PostHandleRequest() failed - <Unknown Exception>.
2026-01-31 23:54:52,764 [0x00002da0] f:\endpointserver\server\endpointserverimp.cpp:164 ERROR EndPointServerThreadCounter - PostHandleRequest() failed - <Unknown Exception>.
2026-02-01 01:04:52,838 [0x00002da0] f:\endpointserver\server\endpointserverimp.cpp:164 ERROR EndPointServerThreadCounter - PostHandleRequest() failed - <Unknown Exception>.
2026-02-01 22:08:54,677 [0x00002da0] f:\endpointserver\server\endpointserverimp.cpp:164 ERROR EndPointServerThreadCounter - PostHandleRequest() failed - <Unknown Exception>.
2026-02-04 11:28:39,914 [0x00002ce0] f:\endpointserver\server\endpointserverimp.cpp:164 ERROR EndPointServerThreadCounter - PostHandleRequest() failed - <Unknown Exception>.
2026-02-05 14:59:34,387 [0x00002ce0] f:\endpointserver\server\endpointserverimp.cpp:164 ERROR EndPointServerThreadCounter - PostHandleRequest() failed - <Unknown Exception>.
2026-02-06 11:20:31,575 [0x00002ce0] f:\endpointserver\server\endpointserverimp.cpp:164 ERROR EndPointServerThreadCounter - PostHandleRequest() failed - <Unknown Exception>.
2026-02-06 11:20:50,788 [0x00002d74] f:\endpointserver\server\endpointserverimp.cpp:164 ERROR EndPointServerThreadCounter - PostHandleRequest() failed - <Unknown Exception>.
2026-02-09 09:05:13,073 [0x00002d98] f:\endpointserver\server\endpointserverimp.cpp:164 ERROR EndPointServerThreadCounter - PostHandleRequest() failed - <Unknown Exception>.
2026-02-11 09:48:30,430 [0x00002ce0] f:\endpointserver\server\endpointserverimp.cpp:164 ERROR EndPointServerThreadCounter - PostHandleRequest() failed - <Unknown Exception>.
2026-02-11 10:10:59,198 [0x00002da0] f:\endpointserver\server\endpointserverimp.cpp:164 ERROR EndPointServerThreadCounter - PostHandleRequest() failed - <Unknown Exception>.
2026-02-11 10:50:59,346 [0x00002d74] f:\endpointserver\server\endpointserverimp.cpp:164 ERROR EndPointServerThreadCounter - PostHandleRequest() failed - <Unknown Exception>.
2026-02-11 11:00:59,120 [0x00002d74] f:\endpointserver\server\endpointserverimp.cpp:164 ERROR EndPointServerThreadCounter - PostHandleRequest() failed - <Unknown Exception>.
2026-02-11 11:11:10,136 [0x00002d74] f:\endpointserver\server\endpointserverimp.cpp:164 ERROR EndPointServerThreadCounter - PostHandleRequest() failed - <Unknown Exception>.
2026-02-11 11:11:40,456 [0x00002d98] f:\endpointserver\server\endpointserverimp.cpp:164 ERROR EndPointServerThreadCounter - PostHandleRequest() failed - <Unknown Exception>.
2026-02-11 17:06:58,766 [0x00002d98] f:\endpointserver\server\endpointserverimp.cpp:164 ERROR EndPointServerThreadCounter - PostHandleRequest() failed - <Unknown Exception>.
2026-02-12 02:08:10,867 [0x00002da0] f:\endpointserver\server\endpointserverimp.cpp:164 ERROR EndPointServerThreadCounter - PostHandleRequest() failed - <Unknown Exception>.
2026-02-13 13:25:11,675 [0x00002d74] f:\endpointserver\server\endpointserverimp.cpp:164 ERROR EndPointServerThreadCounter - PostHandleRequest() failed - <Unknown Exception>.
2026-02-16 06:41:16,450 [0x00002d74] f:\endpointserver\server\endpointserverimp.cpp:164 ERROR EndPointServerThreadCounter - PostHandleRequest() failed - <Unknown Exception>.
2026-02-18 12:29:49,818 [0x00002d98] f:\endpointserver\server\endpointserverimp.cpp:164 ERROR EndPointServerThreadCounter - PostHandleRequest() failed - <Unknown Exception>.
2026-02-24 19:49:14,842 [0x00002d74] f:\endpointserver\server\endpointserverimp.cpp:164 ERROR EndPointServerThreadCounter - PostHandleRequest() failed - <Unknown Exception>.
2026-02-25 11:14:17,723 [0x00002d74] f:\endpointserver\server\endpointserverimp.cpp:164 ERROR EndPointServerThreadCounter - PostHandleRequest() failed - <Unknown Exception>.
2026-02-25 12:21:43,964 [0x00002d74] f:\endpointserver\server\endpointserverimp.cpp:164 ERROR EndPointServerThreadCounter - PostHandleRequest() failed - <Unknown Exception>.
2026-02-25 16:22:09,200 [0x00002d98] f:\endpointserver\server\endpointserverimp.cpp:164 ERROR EndPointServerThreadCounter - PostHandleRequest() failed - <Unknown Exception>.
2026-02-28 01:44:14,940 [0x00002d0c] f:\endpointserver\server\endpointserverimp.cpp:164 ERROR EndPointServerThreadCounter - PostHandleRequest() failed - <Unknown Exception>.
2026-02-28 01:54:03,939 [0x00002d0c] f:\endpointserver\server\endpointserverimp.cpp:164 ERROR EndPointServerThreadCounter - PostHandleRequest() failed - <Unknown Exception>.
2026-02-28 02:04:03,920 [0x00002d0c] f:\endpointserver\server\endpointserverimp.cpp:164 ERROR EndPointServerThreadCounter - PostHandleRequest() failed - <Unknown Exception>.
2026-03-01 16:04:34,063 [0x00002cdc] f:\endpointserver\server\endpointserverimp.cpp:164 ERROR EndPointServerThreadCounter - PostHandleRequest() failed - <Unknown Exception>.
2026-03-02 10:09:55,810 [0x00002da0] f:\endpointserver\server\endpointserverimp.cpp:164 ERROR EndPointServerThreadCounter - PostHandleRequest() failed - <Unknown Exception>.
2026-03-04 13:02:03,642 [0x00002d74] f:\endpointserver\server\endpointserverimp.cpp:164 ERROR EndPointServerThreadCounter - PostHandleRequest() failed - <Unknown Exception>.
2026-03-04 13:02:46,172 [0x00002d74] f:\endpointserver\server\endpointserverimp.cpp:164 ERROR EndPointServerThreadCounter - PostHandleRequest() failed - <Unknown Exception>.
2026-03-05 22:50:38,714 [0x00002da0] f:\endpointserver\server\endpointserverimp.cpp:164 ERROR EndPointServerThreadCounter - PostHandleRequest() failed - <Unknown Exception>.
2026-03-08 23:05:21,390 [0x00002ce0] f:\endpointserver\server\endpointserverimp.cpp:164 ERROR EndPointServerThreadCounter - PostHandleRequest() failed - <Unknown Exception>.
2026-03-13 09:05:23,962 [0x00002d0c] f:\endpointserver\server\endpointserverimp.cpp:164 ERROR EndPointServerThreadCounter - PostHandleRequest() failed - <Unknown Exception>.
2026-03-13 11:59:14,620 [0x00002ce0] f:\endpointserver\server\endpointserverimp.cpp:164 ERROR EndPointServerThreadCounter - PostHandleRequest() failed - <Unknown Exception>.
2026-03-13 14:10:44,866 [0x00002ce0] f:\endpointserver\server\endpointserverimp.cpp:164 ERROR EndPointServerThreadCounter - PostHandleRequest() failed - <Unknown Exception>.
2026-03-14 13:31:05,953 [0x00002cdc] f:\endpointserver\server\endpointserverimp.cpp:164 ERROR EndPointServerThreadCounter - PostHandleRequest() failed - <Unknown Exception>.
2026-03-15 00:04:05,773 [0x00002ce0] f:\endpointserver\server\endpointserverimp.cpp:164 ERROR EndPointServerThreadCounter - PostHandleRequest() failed - <Unknown Exception>.
2026-03-16 09:17:56,986 [0x00002d0c] f:\endpointserver\server\endpointserverimp.cpp:164 ERROR EndPointServerThreadCounter - PostHandleRequest() failed - <Unknown Exception>.
2026-03-16 11:01:31,353 [0x00002d0c] f:\endpointserver\server\endpointserverimp.cpp:164 ERROR EndPointServerThreadCounter - PostHandleRequest() failed - <Unknown Exception>.
2026-03-16 20:19:48,916 [0x00002d74] f:\endpointserver\server\endpointserverimp.cpp:164 ERROR EndPointServerThreadCounter - PostHandleRequest() failed - <Unknown Exception>.
2026-03-18 12:20:05,883 [0x00002cdc] f:\endpointserver\server\endpointserverimp.cpp:164 ERROR EndPointServerThreadCounter - PostHandleRequest() failed - <Unknown Exception>.
2026-03-18 18:00:09,360 [0x00002d74] f:\endpointserver\server\endpointserverimp.cpp:164 ERROR EndPointServerThreadCounter - PostHandleRequest() failed - <Unknown Exception>.
2026-03-23 06:58:48,841 [0x00002cdc] f:\endpointserver\server\endpointserverimp.cpp:164 ERROR EndPointServerThreadCounter - PostHandleRequest() failed - <Unknown Exception>.
2026-03-23 19:07:09,620 [0x00002ce0] f:\endpointserver\server\endpointserverimp.cpp:164 ERROR EndPointServerThreadCounter - PostHandleRequest() failed - <Unknown Exception>.
2026-03-25 17:44:25,548 [0x00002d74] f:\endpointserver\server\endpointserverimp.cpp:164 ERROR EndPointServerThreadCounter - PostHandleRequest() failed - <Unknown Exception>.
2026-03-27 02:15:30,425 [0x00002d0c] f:\endpointserver\server\endpointserverimp.cpp:164 ERROR EndPointServerThreadCounter - PostHandleRequest() failed - <Unknown Exception>.
2026-03-29 02:08:34,275 [0x00002d0c] f:\endpointserver\server\endpointserverimp.cpp:164 ERROR EndPointServerThreadCounter - PostHandleRequest() failed - <Unknown Exception>.
2026-03-30 00:11:48,935 [0x00002ce0] f:\endpointserver\server\endpointserverimp.cpp:164 ERROR EndPointServerThreadCounter - PostHandleRequest() failed - <Unknown Exception>.
2026-03-30 00:41:48,792 [0x00002ce0] f:\endpointserver\server\endpointserverimp.cpp:164 ERROR EndPointServerThreadCounter - PostHandleRequest() failed - <Unknown Exception>.
2026-03-30 15:43:56,911 [0x00002d74] f:\endpointserver\server\endpointserverimp.cpp:164 ERROR EndPointServerThreadCounter - PostHandleRequest() failed - <Unknown Exception>.
2026-03-30 22:24:49,056 [0x00002d74] f:\endpointserver\server\endpointserverimp.cpp:164 ERROR EndPointServerThreadCounter - PostHandleRequest() failed - <Unknown Exception>.
2026-03-31 09:01:15,672 [0x00002d0c] f:\endpointserver\server\endpointserverimp.cpp:164 ERROR EndPointServerThreadCounter - PostHandleRequest() failed - <Unknown Exception>.
2026-03-31 16:57:34,593 [0x00001f24] f:\endpointserver\server\endpointserverimp.cpp:171 INFO ProcessInfo - Endpoint server process is stopping
2026-03-31 16:57:46,704 [0x00004784] f:\endpointserver\server\endpointserverimp.cpp:1197 INFO ProcessInfo - Endpoint server process is starting
2026-03-31 16:57:46,738 [0x00004784] f:\endpointserver\server\endpointserverimp.cpp:1268 INFO ProcessInfo - Endpoint server process is initialized
2026-03-31 17:56:27,861 [0x00002a3c] f:\endpointserver\server\endpointserverimp.cpp:164 ERROR EndPointServerThreadCounter - PostHandleRequest() failed - <Unknown Exception>.
2026-04-01 09:51:27,400 [0x0000298c] f:\commprotocol\core\objectcomm.cpp:299 ERROR Communication - AsyncCommClient: CommException with <0> error code thrown from IO thread
2026-04-01 09:51:27,400 [0x00002a00] f:\commprotocol\core\objectcomm.cpp:299 ERROR Communication - AsyncCommClient: CommException with <0> error code thrown from IO thread
2026-04-01 09:51:27,403 [0x0000298c] f:\commprotocol\core\objectcomm.cpp:347 FATAL Communication - AsyncCommClient: CommException thrown in IO Thread <Broken Pipe, recieveBuffer has failed, connection was closed by the other side>
2026-04-01 09:51:27,404 [0x00002a00] f:\commprotocol\core\objectcomm.cpp:347 FATAL Communication - AsyncCommClient: CommException thrown in IO Thread <Broken Pipe, recieveBuffer has failed, connection was closed by the other side>
2026-04-01 09:53:29,167 [0x00004784] f:\endpointserver\server\endpointserverimp.cpp:171 INFO ProcessInfo - Endpoint server process is stopping
2026-04-01 09:53:37,500 [0x000034a4] f:\endpointserver\server\endpointserverimp.cpp:1197 INFO ProcessInfo - Endpoint server process is starting
2026-04-01 09:53:37,541 [0x000034a4] f:\endpointserver\server\endpointserverimp.cpp:1268 INFO ProcessInfo - Endpoint server process is initialized
2026-04-01 09:54:34,619 [0x000034a4] f:\endpointserver\server\endpointserverimp.cpp:171 INFO ProcessInfo - Endpoint server process is stopping
2026-04-01 09:55:11,167 [0x000023e4] f:\endpointserver\server\endpointserverimp.cpp:1197 INFO ProcessInfo - Endpoint server process is starting
2026-04-01 09:55:12,214 [0x000023e4] f:\pais\util\filesystem\utils.cpp:429 ERROR Exception - apr_socket_connect, error code 730060: A connection attempt failed because the connected party did not properly respond after a period of time, or established connection failed because connected host has failed to respond.  
2026-04-01 09:55:12,214 [0x000023e4] f:\endpointserver\server\endpointserverimp.cpp:1268 INFO ProcessInfo - Endpoint server process is initialized
2026-04-01 10:13:26,964 [0x00002ff4] f:\pais\util\filesystem\utils.cpp:429 ERROR Exception - Need to reestablish connection with policy engine
2026-04-01 10:13:26,965 [0x00002ff4] f:\endpointserver\core\endpointconfiguration.cpp:1739 ERROR ConfigurationHandler - Failed send object to Resolver. Try to connect to policyEngine exception=<Need to reestablish connection with policy engine>
2026-04-01 16:44:13,327 [0x00002820] f:\endpointserver\server\endpointserverimp.cpp:164 ERROR EndPointServerThreadCounter - PostHandleRequest() failed - <Unknown Exception>.
2026-04-02 14:10:59,764 [0x00002850] f:\endpointserver\server\endpointserverimp.cpp:164 ERROR EndPointServerThreadCounter - PostHandleRequest() failed - <Unknown Exception>.
2026-04-03 01:10:00,452 [0x00002850] f:\endpointserver\server\endpointserverimp.cpp:164 ERROR EndPointServerThreadCounter - PostHandleRequest() failed - <Unknown Exception>.
2026-04-03 14:47:51,227 [0x00002850] f:\endpointserver\server\endpointserverimp.cpp:164 ERROR EndPointServerThreadCounter - PostHandleRequest() failed - <Unknown Exception>.
2026-04-04 16:05:49,499 [0x00002820] f:\endpointserver\server\endpointserverimp.cpp:164 ERROR EndPointServerThreadCounter - PostHandleRequest() failed - <Unknown Exception>.
2026-04-04 23:22:01,661 [0x00002850] f:\endpointserver\server\endpointserverimp.cpp:164 ERROR EndPointServerThreadCounter - PostHandleRequest() failed - <Unknown Exception>.
2026-04-06 15:11:44,306 [0x00002d40] f:\endpointserver\server\endpointserverimp.cpp:164 ERROR EndPointServerThreadCounter - PostHandleRequest() failed - <Unknown Exception>.
2026-04-06 15:21:45,796 [0x000023e4] f:\endpointserver\server\endpointserverimp.cpp:171 INFO ProcessInfo - Endpoint server process is stopping
2026-04-06 15:22:43,066 [0x00001fb8] f:\endpointserver\server\endpointserverimp.cpp:1197 INFO ProcessInfo - Endpoint server process is starting
2026-04-06 15:22:43,723 [0x00001fb8] f:\endpointserver\server\endpointserverimp.cpp:1268 INFO ProcessInfo - Endpoint server process is initialized
2026-04-06 15:27:17,405 [0x00002f44] f:\endpointserver\core\endpointmngmntclient.cpp:215 ERROR ManagementClient - ManagementClient::SendStatus() Failed. Error - SOAP 1.1; Error 500; Fault: SOAP-ENV:Client Error 28; Fault: detected Timeout; Detail: SSL_connect() failed in tcp_connect(); Connection IP <0.0.0.0:17443>; Connection IP <0.0.0.0:8891>
2026-04-08 10:55:11,551 [0x00002e5c] f:\endpointserver\server\endpointserverimp.cpp:164 ERROR EndPointServerThreadCounter - PostHandleRequest() failed - <Unknown Exception>.
2026-04-14 11:36:02,919 [0x00002dc4] f:\endpointserver\server\endpointserverimp.cpp:164 ERROR EndPointServerThreadCounter - PostHandleRequest() failed - <Unknown Exception>.
2026-04-14 19:31:42,819 [0x00002df8] f:\endpointserver\server\endpointserverimp.cpp:164 ERROR EndPointServerThreadCounter - PostHandleRequest() failed - <Unknown Exception>.
2026-04-15 00:34:57,583 [0x00002e24] f:\endpointserver\server\endpointserverimp.cpp:164 ERROR EndPointServerThreadCounter - PostHandleRequest() failed - <Unknown Exception>.
2026-04-15 00:44:57,582 [0x00002e24] f:\endpointserver\server\endpointserverimp.cpp:164 ERROR EndPointServerThreadCounter - PostHandleRequest() failed - <Unknown Exception>.
2026-04-15 17:26:38,871 [0x00002dc4] f:\endpointserver\server\endpointserverimp.cpp:164 ERROR EndPointServerThreadCounter - PostHandleRequest() failed - <Unknown Exception>.
2026-04-20 01:37:28,614 [0x00002dc4] f:\endpointserver\server\endpointserverimp.cpp:164 ERROR EndPointServerThreadCounter - PostHandleRequest() failed - <Unknown Exception>.
2026-04-20 10:15:37,640 [0x00002df8] f:\endpointserver\server\endpointserverimp.cpp:164 ERROR EndPointServerThreadCounter - PostHandleRequest() failed - <Unknown Exception>.
2026-04-20 16:33:43,381 [0x00002e50] f:\endpointserver\server\endpointserverimp.cpp:164 ERROR EndPointServerThreadCounter - PostHandleRequest() failed - <Unknown Exception>.
2026-04-22 15:09:29,710 [0x00002df8] f:\endpointserver\server\endpointserverimp.cpp:164 ERROR EndPointServerThreadCounter - PostHandleRequest() failed - <Unknown Exception>.
2026-04-23 12:48:11,996 [0x00002e24] f:\endpointserver\server\endpointserverimp.cpp:164 ERROR EndPointServerThreadCounter - PostHandleRequest() failed - <Unknown Exception>.
2026-04-24 18:55:24,817 [0x00002e50] f:\endpointserver\server\endpointserverimp.cpp:164 ERROR EndPointServerThreadCounter - PostHandleRequest() failed - <Unknown Exception>.
2026-04-27 13:30:55,282 [0x00002e24] f:\endpointserver\server\endpointserverimp.cpp:164 ERROR EndPointServerThreadCounter - PostHandleRequest() failed - <Unknown Exception>.
2026-04-28 12:40:05,223 [0x00002e24] f:\endpointserver\server\endpointserverimp.cpp:164 ERROR EndPointServerThreadCounter - PostHandleRequest() failed - <Unknown Exception>.
2026-04-29 03:03:01,776 [0x00002e28] f:\endpointserver\server\endpointserverimp.cpp:164 ERROR EndPointServerThreadCounter - PostHandleRequest() failed - <Unknown Exception>.
2026-05-01 02:26:18,327 [0x00002e2c] f:\endpointserver\server\endpointserverimp.cpp:164 ERROR EndPointServerThreadCounter - PostHandleRequest() failed - <Unknown Exception>.
2026-05-01 15:11:12,690 [0x00002e50] f:\endpointserver\server\endpointserverimp.cpp:164 ERROR EndPointServerThreadCounter - PostHandleRequest() failed - <Unknown Exception>.
2026-05-01 18:06:21,940 [0x00002df4] f:\endpointserver\server\endpointserverimp.cpp:164 ERROR EndPointServerThreadCounter - PostHandleRequest() failed - <Unknown Exception>.
2026-05-04 16:53:21,803 [0x00002df4] f:\endpointserver\server\endpointserverimp.cpp:164 ERROR EndPointServerThreadCounter - PostHandleRequest() failed - <Unknown Exception>.
2026-05-04 17:45:45,582 [0x00002e2c] f:\endpointserver\server\endpointserverimp.cpp:164 ERROR EndPointServerThreadCounter - PostHandleRequest() failed - <Unknown Exception>.
2026-05-05 12:40:45,415 [0x00002e28] f:\endpointserver\server\endpointserverimp.cpp:164 ERROR EndPointServerThreadCounter - PostHandleRequest() failed - <Unknown Exception>.
2026-05-05 16:19:04,728 [0x00002e50] f:\endpointserver\server\endpointserverimp.cpp:164 ERROR EndPointServerThreadCounter - PostHandleRequest() failed - <Unknown Exception>.
2026-05-05 16:32:59,523 [0x00002e50] f:\endpointserver\server\endpointserverimp.cpp:164 ERROR EndPointServerThreadCounter - PostHandleRequest() failed - <Unknown Exception>.
2026-05-05 18:29:35,065 [0x00002e28] f:\endpointserver\server\endpointserverimp.cpp:164 ERROR EndPointServerThreadCounter - PostHandleRequest() failed - <Unknown Exception>.
2026-05-05 22:48:48,438 [0x00002e2c] f:\endpointserver\server\endpointserverimp.cpp:164 ERROR EndPointServerThreadCounter - PostHandleRequest() failed - <Unknown Exception>.
2026-05-06 09:20:24,941 [0x00002df4] f:\endpointserver\server\endpointserverimp.cpp:164 ERROR EndPointServerThreadCounter - PostHandleRequest() failed - <Unknown Exception>.
2026-05-06 10:19:05,063 [0x00002e50] f:\endpointserver\server\endpointserverimp.cpp:164 ERROR EndPointServerThreadCounter - PostHandleRequest() failed - <Unknown Exception>.
2026-05-06 10:30:39,166 [0x00002e28] f:\endpointserver\server\endpointserverimp.cpp:164 ERROR EndPointServerThreadCounter - PostHandleRequest() failed - <Unknown Exception>.
2026-05-06 11:35:21,516 [0x00002e28] f:\endpointserver\server\endpointserverimp.cpp:164 ERROR EndPointServerThreadCounter - PostHandleRequest() failed - <Unknown Exception>.
2026-05-08 18:54:56,055 [0x00002e28] f:\endpointserver\server\endpointserverimp.cpp:164 ERROR EndPointServerThreadCounter - PostHandleRequest() failed - <Unknown Exception>.
2026-05-08 19:04:56,081 [0x00002e28] f:\endpointserver\server\endpointserverimp.cpp:164 ERROR EndPointServerThreadCounter - PostHandleRequest() failed - <Unknown Exception>.
2026-05-12 08:42:51,880 [0x00002e2c] f:\endpointserver\server\endpointserverimp.cpp:164 ERROR EndPointServerThreadCounter - PostHandleRequest() failed - <Unknown Exception>.
2026-05-12 12:26:42,556 [0x00002e28] f:\endpointserver\server\endpointserverimp.cpp:164 ERROR EndPointServerThreadCounter - PostHandleRequest() failed - <Unknown Exception>.
2026-05-12 16:38:07,867 [0x00002d60] f:\endpointserver\server\endpointserverimp.cpp:164 ERROR EndPointServerThreadCounter - PostHandleRequest() failed - <Unknown Exception>.
2026-05-13 05:34:09,614 [0x00002df4] f:\endpointserver\server\endpointserverimp.cpp:164 ERROR EndPointServerThreadCounter - PostHandleRequest() failed - <Unknown Exception>.
2026-05-13 21:05:40,601 [0x00002df4] f:\endpointserver\server\endpointserverimp.cpp:164 ERROR EndPointServerThreadCounter - PostHandleRequest() failed - <Unknown Exception>.
2026-05-14 09:56:24,756 [0x00002d60] f:\endpointserver\server\endpointserverimp.cpp:164 ERROR EndPointServerThreadCounter - PostHandleRequest() failed - <Unknown Exception>.
2026-05-14 10:53:04,302 [0x00002d60] f:\endpointserver\server\endpointserverimp.cpp:164 ERROR EndPointServerThreadCounter - PostHandleRequest() failed - <Unknown Exception>.
2026-05-14 19:22:33,672 [0x00002e28] f:\endpointserver\server\endpointserverimp.cpp:164 ERROR EndPointServerThreadCounter - PostHandleRequest() failed - <Unknown Exception>.
2026-05-14 21:50:01,044 [0x00002e2c] f:\endpointserver\server\endpointserverimp.cpp:164 ERROR EndPointServerThreadCounter - PostHandleRequest() failed - <Unknown Exception>.
2026-05-15 13:28:30,479 [0x00002e28] f:\endpointserver\server\endpointserverimp.cpp:164 ERROR EndPointServerThreadCounter - PostHandleRequest() failed - <Unknown Exception>.
2026-05-18 00:23:48,813 [0x00002e28] f:\endpointserver\server\endpointserverimp.cpp:164 ERROR EndPointServerThreadCounter - PostHandleRequest() failed - <Unknown Exception>.
2026-05-19 08:30:32,842 [0x00002e50] f:\endpointserver\server\endpointserverimp.cpp:164 ERROR EndPointServerThreadCounter - PostHandleRequest() failed - <Unknown Exception>.
2026-05-19 09:20:49,138 [0x00002df4] f:\endpointserver\server\endpointserverimp.cpp:164 ERROR EndPointServerThreadCounter - PostHandleRequest() failed - <Unknown Exception>.
2026-05-19 10:31:03,299 [0x00001fb8] f:\endpointserver\server\endpointserverimp.cpp:171 INFO ProcessInfo - Endpoint server process is stopping
2026-05-19 10:31:40,835 [0x00002480] f:\endpointserver\server\endpointserverimp.cpp:1197 INFO ProcessInfo - Endpoint server process is starting
2026-05-19 10:31:41,882 [0x00002480] f:\pais\util\filesystem\utils.cpp:429 ERROR Exception - apr_socket_connect, error code 730060: A connection attempt failed because the connected party did not properly respond after a period of time, or established connection failed because connected host has failed to respond.  
2026-05-19 10:31:42,897 [0x00002480] f:\pais\util\filesystem\utils.cpp:429 ERROR Exception - apr_socket_connect, error code 730060: A connection attempt failed because the connected party did not properly respond after a period of time, or established connection failed because connected host has failed to respond.  
2026-05-19 10:31:42,897 [0x00002480] f:\endpointserver\server\endpointserverimp.cpp:1268 INFO ProcessInfo - Endpoint server process is initialized
2026-05-19 10:35:24,673 [0x000032d0] f:\pais\util\filesystem\utils.cpp:429 ERROR Exception - Need to reestablish connection with policy engine
2026-05-19 10:35:24,673 [0x000032d0] f:\endpointserver\core\endpointconfiguration.cpp:1739 ERROR ConfigurationHandler - Failed send object to Resolver. Try to connect to policyEngine exception=<Need to reestablish connection with policy engine>
2026-05-19 11:22:10,614 [0x000036e0] f:\endpointserver\server\endpointserverimp.cpp:164 ERROR EndPointServerThreadCounter - PostHandleRequest() failed - <Unknown Exception>.
2026-05-19 11:45:05,593 [0x00002480] f:\endpointserver\server\endpointserverimp.cpp:171 INFO ProcessInfo - Endpoint server process is stopping
2026-05-19 11:45:37,847 [0x00002370] f:\endpointserver\server\endpointserverimp.cpp:1197 INFO ProcessInfo - Endpoint server process is starting
2026-05-19 11:45:38,894 [0x00002370] f:\pais\util\filesystem\utils.cpp:429 ERROR Exception - apr_socket_connect, error code 730060: A connection attempt failed because the connected party did not properly respond after a period of time, or established connection failed because connected host has failed to respond.  
2026-05-19 11:45:39,441 [0x00002370] f:\endpointserver\server\endpointserverimp.cpp:1268 INFO ProcessInfo - Endpoint server process is initialized
2026-05-19 11:56:25,523 [0x000030a0] f:\pais\util\filesystem\utils.cpp:429 ERROR Exception - Need to reestablish connection with policy engine
2026-05-19 11:56:25,525 [0x000030a0] f:\endpointserver\core\endpointconfiguration.cpp:1739 ERROR ConfigurationHandler - Failed send object to Resolver. Try to connect to policyEngine exception=<Need to reestablish connection with policy engine>
2026-05-19 12:40:35,565 [0x00002194] f:\endpointserver\server\endpointserverimp.cpp:1197 INFO ProcessInfo - Endpoint server process is starting
2026-05-19 12:40:36,658 [0x00002194] f:\pais\util\filesystem\utils.cpp:429 ERROR Exception - apr_socket_connect, error code 730060: A connection attempt failed because the connected party did not properly respond after a period of time, or established connection failed because connected host has failed to respond.  
2026-05-19 12:40:37,658 [0x00002194] f:\pais\util\filesystem\utils.cpp:429 ERROR Exception - apr_socket_connect, error code 730060: A connection attempt failed because the connected party did not properly respond after a period of time, or established connection failed because connected host has failed to respond.  
2026-05-19 12:40:37,658 [0x00002194] f:\endpointserver\server\endpointserverimp.cpp:1268 INFO ProcessInfo - Endpoint server process is initialized
2026-05-19 12:40:48,172 [0x00003594] f:\pais\util\filesystem\utils.cpp:429 ERROR Exception - Need to reestablish connection with policy engine
2026-05-19 12:40:48,172 [0x00003594] f:\endpointserver\core\endpointconfiguration.cpp:1739 ERROR ConfigurationHandler - Failed send object to Resolver. Try to connect to policyEngine exception=<Need to reestablish connection with policy engine>
2026-05-19 12:43:12,888 [0x000031b8] f:\endpointserver\core\endpointmngmntclient.cpp:215 ERROR ManagementClient - ManagementClient::SendStatus() Failed. Error - SOAP 1.1; Error 500; Fault: SOAP-ENV:Client Error 28; Fault: detected Timeout; Detail: SSL_connect() failed in tcp_connect(); Connection IP <0.0.0.0:17443>; Connection IP <0.0.0.0:8891>
2026-05-19 12:44:56,931 [0x00003184] f:\endpointserver\core\endpointmngmntclient.cpp:215 ERROR ManagementClient - ManagementClient::SendStatus() Failed. Error - SOAP 1.1; Error 500; Fault: SOAP-ENV:Client Error 28; Fault: detected Timeout; Detail: SSL_connect() failed in tcp_connect(); Connection IP <0.0.0.0:17443>; Connection IP <0.0.0.0:8891>
2026-05-19 12:45:55,953 [0x00003568] f:\pais\util\filesystem\utils.cpp:429 ERROR Exception - Need to reestablish connection with policy engine
2026-05-19 13:05:05,742 [0x000025e8] f:\endpointserver\server\endpointserverimp.cpp:1197 INFO ProcessInfo - Endpoint server process is starting
2026-05-19 13:05:06,805 [0x000025e8] f:\pais\util\filesystem\utils.cpp:429 ERROR Exception - apr_socket_connect, error code 730060: A connection attempt failed because the connected party did not properly respond after a period of time, or established connection failed because connected host has failed to respond.  
2026-05-19 13:05:07,414 [0x000025e8] f:\endpointserver\server\endpointserverimp.cpp:1268 INFO ProcessInfo - Endpoint server process is initialized
2026-05-19 13:05:18,122 [0x00002ef0] f:\pais\util\filesystem\utils.cpp:429 ERROR Exception - Need to reestablish connection with policy engine
2026-05-19 13:05:18,122 [0x00002ef0] f:\endpointserver\core\endpointconfiguration.cpp:1739 ERROR ConfigurationHandler - Failed send object to Resolver. Try to connect to policyEngine exception=<Need to reestablish connection with policy engine>
2026-05-19 13:09:26,418 [0x00003300] f:\endpointserver\core\endpointmngmntclient.cpp:215 ERROR ManagementClient - ManagementClient::SendStatus() Failed. Error - SOAP 1.1; Error 500; Fault: SOAP-ENV:Client Error 28; Fault: detected Timeout; Detail: SSL_connect() failed in tcp_connect(); Connection IP <0.0.0.0:17443>; Connection IP <0.0.0.0:8891>
2026-05-19 13:09:36,994 [0x00003304] f:\endpointserver\core\endpointmngmntclient.cpp:215 ERROR ManagementClient - ManagementClient::SendStatus() Failed. Error - SOAP 1.1; Error 500; Fault: SOAP-ENV:Client Error 28; Fault: detected Timeout; Detail: SSL_connect() failed in tcp_connect(); Connection IP <0.0.0.0:17443>; Connection IP <0.0.0.0:8891>
2026-05-19 14:02:53,162 [0x00002224] f:\endpointserver\server\endpointserverimp.cpp:1197 INFO ProcessInfo - Endpoint server process is starting
2026-05-19 14:02:54,209 [0x00002224] f:\pais\util\filesystem\utils.cpp:429 ERROR Exception - apr_socket_connect, error code 730060: A connection attempt failed because the connected party did not properly respond after a period of time, or established connection failed because connected host has failed to respond.  
2026-05-19 14:02:55,225 [0x00002224] f:\pais\util\filesystem\utils.cpp:429 ERROR Exception - apr_socket_connect, error code 730060: A connection attempt failed because the connected party did not properly respond after a period of time, or established connection failed because connected host has failed to respond.  
2026-05-19 14:02:55,225 [0x00002224] f:\endpointserver\server\endpointserverimp.cpp:1268 INFO ProcessInfo - Endpoint server process is initialized
2026-05-19 14:03:09,774 [0x0000244c] f:\pais\util\filesystem\utils.cpp:429 ERROR Exception - Need to reestablish connection with policy engine
2026-05-19 14:03:09,774 [0x0000244c] f:\endpointserver\core\endpointconfiguration.cpp:1739 ERROR ConfigurationHandler - Failed send object to Resolver. Try to connect to policyEngine exception=<Need to reestablish connection with policy engine>
2026-05-19 14:07:13,356 [0x00003110] f:\endpointserver\core\endpointmngmntclient.cpp:215 ERROR ManagementClient - ManagementClient::SendStatus() Failed. Error - SOAP 1.1; Error 500; Fault: SOAP-ENV:Client Error 28; Fault: detected Timeout; Detail: SSL_connect() failed in tcp_connect(); Connection IP <0.0.0.0:17443>; Connection IP <0.0.0.0:8891>
2026-05-19 14:07:29,811 [0x00003118] f:\endpointserver\core\endpointmngmntclient.cpp:215 ERROR ManagementClient - ManagementClient::SendStatus() Failed. Error - SOAP 1.1; Error 500; Fault: SOAP-ENV:Client Error 28; Fault: detected Timeout; Detail: SSL_connect() failed in tcp_connect(); Connection IP <0.0.0.0:17443>; Connection IP <0.0.0.0:8891>
2026-05-19 14:09:01,479 [0x00003110] f:\endpointserver\core\endpointmngmntclient.cpp:215 ERROR ManagementClient - ManagementClient::SendStatus() Failed. Error - SOAP 1.1; Error 500; Fault: SOAP-ENV:Client Error 28; Fault: detected Timeout; Detail: connect failed in tcp_connect(); Connection IP <0.0.0.0:17443>; Connection IP <0.0.0.0:8891>
2026-05-19 14:09:14,781 [0x00003118] f:\endpointserver\core\endpointmngmntclient.cpp:215 ERROR ManagementClient - ManagementClient::SendStatus() Failed. Error - SOAP 1.1; Error 500; Fault: SOAP-ENV:Client Error 28; Fault: detected Timeout; Detail: connect failed in tcp_connect(); Connection IP <0.0.0.0:17443>; Connection IP <0.0.0.0:8891>
2026-05-19 14:10:38,727 [0x00003110] f:\endpointserver\core\endpointmngmntclient.cpp:215 ERROR ManagementClient - ManagementClient::SendStatus() Failed. Error - SOAP 1.1; Error 500; Fault: SOAP-ENV:Client Error 28; Fault: detected Timeout; Detail: connect failed in tcp_connect(); Connection IP <0.0.0.0:17443>; Connection IP <0.0.0.0:8891>
2026-05-19 14:15:23,171 [0x00003118] f:\endpointserver\core\endpointmngmntclient.cpp:215 ERROR ManagementClient - ManagementClient::SendStatus() Failed. Error - SOAP 1.1; Error 500; Fault: SOAP-ENV:Client Error 28; Fault: detected Timeout; Detail: SSL_connect() failed in tcp_connect(); Connection IP <0.0.0.0:17443>; Connection IP <0.0.0.0:8891>
2026-05-19 14:16:16,933 [0x00003110] f:\endpointserver\core\endpointmngmntclient.cpp:215 ERROR ManagementClient - ManagementClient::SendStatus() Failed. Error - SOAP 1.1; Error 500; Fault: SOAP-ENV:Client Error 28; Fault: detected Timeout; Detail: SSL_connect() failed in tcp_connect(); Connection IP <0.0.0.0:17443>; Connection IP <0.0.0.0:8891>
2026-05-19 14:29:39,415 [0x00002224] f:\endpointserver\server\endpointserverimp.cpp:171 INFO ProcessInfo - Endpoint server process is stopping
2026-05-19 14:29:45,789 [0x00003118] f:\endpointserver\core\endpointmngmntclient.cpp:215 ERROR ManagementClient - ManagementClient::SendStatus() Failed. Error - SOAP 1.1; Error 500; Fault: SOAP-ENV:Client Error 28; Fault: detected Timeout; Detail: connect failed in tcp_connect(); Connection IP <0.0.0.0:17443>; Connection IP <0.0.0.0:8891>
2026-05-19 14:29:56,115 [0x000048bc] f:\endpointserver\server\endpointserverimp.cpp:1197 INFO ProcessInfo - Endpoint server process is starting
2026-05-19 14:29:56,152 [0x000048bc] f:\endpointserver\server\endpointserverimp.cpp:1268 INFO ProcessInfo - Endpoint server process is initialized
2026-05-19 14:30:55,811 [0x00002fbc] f:\endpointserver\core\endpointmngmntclient.cpp:215 ERROR ManagementClient - ManagementClient::SendStatus() Failed. Error - SOAP 1.1; Error 500; Fault: SOAP-ENV:Client Error 28; Fault: detected Timeout; Detail: connect failed in tcp_connect(); Connection IP <0.0.0.0:17443>; Connection IP <0.0.0.0:8891>
2026-05-19 14:33:47,328 [0x00002824] f:\endpointserver\core\endpointmngmntclient.cpp:215 ERROR ManagementClient - ManagementClient::SendStatus() Failed. Error - SOAP 1.1; Error 500; Fault: SOAP-ENV:Client Error 28; Fault: detected Timeout; Detail: SSL_connect() failed in tcp_connect(); Connection IP <0.0.0.0:17443>; Connection IP <0.0.0.0:8891>
2026-05-19 14:35:58,787 [0x00002fbc] f:\endpointserver\core\endpointmngmntclient.cpp:215 ERROR ManagementClient - ManagementClient::SendStatus() Failed. Error - SOAP 1.1; Error 500; Fault: SOAP-ENV:Client Error 28; Fault: detected Timeout; Detail: SSL_connect() failed in tcp_connect(); Connection IP <0.0.0.0:17443>; Connection IP <0.0.0.0:8891>
2026-05-19 14:36:07,706 [0x00002824] f:\endpointserver\core\endpointmngmntclient.cpp:215 ERROR ManagementClient - ManagementClient::SendStatus() Failed. Error - Error 404; Fault: detected HTTP Error; Detail: <!doctype html><html lang="en"><head><title>HTTP Status 404 – Not Found</title><style type="text/css">body {font-family:Tahoma,Arial,sans-serif;} h1, h2, h3, b {color:white;background-color:#525D76;} h1 {font-size:22px;} h2 {font-size:16px;} h3 {font-size:14px;} p {font-size:12px;} a {color:black;} .line {height:1px;background-color:#525D76;border:none;}</style></head><body><h1>HTTP Status 404 – Not Found</h1></body></html>; Connection IP <0.0.0.0:8891>
2026-05-19 14:37:03,878 [0x0000480c] f:\commprotocol\core\objectcomm.cpp:299 ERROR Communication - AsyncCommClient: CommException with <0> error code thrown from IO thread
2026-05-19 14:37:03,878 [0x00004cec] f:\commprotocol\core\objectcomm.cpp:299 ERROR Communication - AsyncCommClient: CommException with <0> error code thrown from IO thread
2026-05-19 14:37:03,879 [0x0000480c] f:\commprotocol\core\objectcomm.cpp:347 FATAL Communication - AsyncCommClient: CommException thrown in IO Thread <Broken Pipe, recieveBuffer has failed, connection was closed by the other side>
2026-05-19 14:37:03,880 [0x00004cec] f:\commprotocol\core\objectcomm.cpp:347 FATAL Communication - AsyncCommClient: CommException thrown in IO Thread <Broken Pipe, recieveBuffer has failed, connection was closed by the other side>
2026-05-19 14:37:55,603 [0x000048bc] f:\endpointserver\server\endpointserverimp.cpp:171 INFO ProcessInfo - Endpoint server process is stopping
2026-05-19 14:38:04,264 [0x00000c78] f:\endpointserver\server\endpointserverimp.cpp:1197 INFO ProcessInfo - Endpoint server process is starting
2026-05-19 14:38:04,302 [0x00000c78] f:\endpointserver\server\endpointserverimp.cpp:1268 INFO ProcessInfo - Endpoint server process is initialized
2026-05-19 14:42:09,622 [0x000031b8] f:\endpointserver\core\endpointmngmntclient.cpp:215 ERROR ManagementClient - ManagementClient::SendStatus() Failed. Error - Error 404; Fault: detected HTTP Error; Detail: <!doctype html><html lang="en"><head><title>HTTP Status 404 – Not Found</title><style type="text/css">body {font-family:Tahoma,Arial,sans-serif;} h1, h2, h3, b {color:white;background-color:#525D76;} h1 {font-size:22px;} h2 {font-size:16px;} h3 {font-size:14px;} p {font-size:12px;} a {color:black;} .line {height:1px;background-color:#525D76;border:none;}</style></head><body><h1>HTTP Status 404 – Not Found</h1></body></html>; Connection IP <0.0.0.0:8891>
2026-05-19 14:46:25,224 [0x00002874] f:\endpointserver\core\endpointmngmntclient.cpp:215 ERROR ManagementClient - ManagementClient::SendStatus() Failed. Error - SOAP 1.1; Error 500; Fault: SOAP-ENV:Client Error 28; Fault: detected Timeout; Detail: SSL_connect() failed in tcp_connect(); Connection IP <0.0.0.0:17443>; Connection IP <0.0.0.0:8891>
2026-05-19 14:47:42,722 [0x000031b8] f:\endpointserver\core\endpointmngmntclient.cpp:215 ERROR ManagementClient - ManagementClient::SendStatus() Failed. Error - SOAP 1.1; Error 500; Fault: SOAP-ENV:Client Error 28; Fault: detected Timeout; Detail: SSL_connect() failed in tcp_connect(); Connection IP <0.0.0.0:17443>; Connection IP <0.0.0.0:8891>
2026-05-19 14:49:07,992 [0x00002874] f:\endpointserver\core\endpointmngmntclient.cpp:215 ERROR ManagementClient - ManagementClient::SendStatus() Failed. Error - Error 404; Fault: detected HTTP Error; Detail: <!doctype html><html lang="en"><head><title>HTTP Status 404 – Not Found</title><style type="text/css">body {font-family:Tahoma,Arial,sans-serif;} h1, h2, h3, b {color:white;background-color:#525D76;} h1 {font-size:22px;} h2 {font-size:16px;} h3 {font-size:14px;} p {font-size:12px;} a {color:black;} .line {height:1px;background-color:#525D76;border:none;}</style></head><body><h1>HTTP Status 404 – Not Found</h1></body></html>; Connection IP <0.0.0.0:8891>
2026-05-19 14:50:10,656 [0x000031b8] f:\endpointserver\core\endpointmngmntclient.cpp:215 ERROR ManagementClient - ManagementClient::SendStatus() Failed. Error - SOAP 1.1; Error 500; Fault: SOAP-ENV:Client Error 28; Fault: detected Timeout; Detail: connect failed in tcp_connect(); Connection IP <0.0.0.0:17443>; Connection IP <0.0.0.0:8891>
2026-05-19 14:50:34,754 [0x00002874] f:\endpointserver\core\endpointmngmntclient.cpp:215 ERROR ManagementClient - ManagementClient::SendStatus() Failed. Error - SOAP 1.1; Error 500; Fault: SOAP-ENV:Client Error 28; Fault: detected Timeout; Detail: connect failed in tcp_connect(); Connection IP <0.0.0.0:17443>; Connection IP <0.0.0.0:8891>
2026-05-19 14:55:09,639 [0x000031b8] f:\endpointserver\core\endpointmngmntclient.cpp:215 ERROR ManagementClient - ManagementClient::SendStatus() Failed. Error - SOAP 1.1; Error 500; Fault: SOAP-ENV:Client Error 28; Fault: detected Timeout; Detail: SSL_connect() failed in tcp_connect(); Connection IP <0.0.0.0:17443>; Connection IP <0.0.0.0:8891>
2026-05-19 14:56:14,914 [0x00002874] f:\endpointserver\core\endpointmngmntclient.cpp:215 ERROR ManagementClient - ManagementClient::SendStatus() Failed. Error - SOAP 1.1; Error 500; Fault: SOAP-ENV:Client Error 28; Fault: detected Timeout; Detail: SSL_connect() failed in tcp_connect(); Connection IP <0.0.0.0:17443>; Connection IP <0.0.0.0:8891>
2026-05-19 14:58:30,919 [0x000031b8] f:\endpointserver\core\endpointmngmntclient.cpp:215 ERROR ManagementClient - ManagementClient::SendStatus() Failed. Error - Error 404; Fault: detected HTTP Error; Detail: <!doctype html><html lang="en"><head><title>HTTP Status 404 – Not Found</title><style type="text/css">body {font-family:Tahoma,Arial,sans-serif;} h1, h2, h3, b {color:white;background-color:#525D76;} h1 {font-size:22px;} h2 {font-size:16px;} h3 {font-size:14px;} p {font-size:12px;} a {color:black;} .line {height:1px;background-color:#525D76;border:none;}</style></head><body><h1>HTTP Status 404 – Not Found</h1></body></html>; Connection IP <0.0.0.0:8891>
2026-05-19 14:59:56,597 [0x00002874] f:\endpointserver\core\endpointmngmntclient.cpp:215 ERROR ManagementClient - ManagementClient::SendStatus() Failed. Error - Error 404; Fault: detected HTTP Error; Detail: <!doctype html><html lang="en"><head><title>HTTP Status 404 – Not Found</title><style type="text/css">body {font-family:Tahoma,Arial,sans-serif;} h1, h2, h3, b {color:white;background-color:#525D76;} h1 {font-size:22px;} h2 {font-size:16px;} h3 {font-size:14px;} p {font-size:12px;} a {color:black;} .line {height:1px;background-color:#525D76;border:none;}</style></head><body><h1>HTTP Status 404 – Not Found</h1></body></html>; Connection IP <0.0.0.0:8891>
2026-05-19 15:13:09,806 [0x000031b8] f:\endpointserver\core\endpointmngmntclient.cpp:215 ERROR ManagementClient - ManagementClient::SendStatus() Failed. Error - Error 404; Fault: detected HTTP Error; Detail: <!doctype html><html lang="en"><head><title>HTTP Status 404 – Not Found</title><style type="text/css">body {font-family:Tahoma,Arial,sans-serif;} h1, h2, h3, b {color:white;background-color:#525D76;} h1 {font-size:22px;} h2 {font-size:16px;} h3 {font-size:14px;} p {font-size:12px;} a {color:black;} .line {height:1px;background-color:#525D76;border:none;}</style></head><body><h1>HTTP Status 404 – Not Found</h1></body></html>; Connection IP <0.0.0.0:8891>
2026-05-19 15:13:37,872 [0x00002874] f:\endpointserver\core\endpointmngmntclient.cpp:215 ERROR ManagementClient - ManagementClient::SendStatus() Failed. Error - Error 404; Fault: detected HTTP Error; Detail: <!doctype html><html lang="en"><head><title>HTTP Status 404 – Not Found</title><style type="text/css">body {font-family:Tahoma,Arial,sans-serif;} h1, h2, h3, b {color:white;background-color:#525D76;} h1 {font-size:22px;} h2 {font-size:16px;} h3 {font-size:14px;} p {font-size:12px;} a {color:black;} .line {height:1px;background-color:#525D76;border:none;}</style></head><body><h1>HTTP Status 404 – Not Found</h1></body></html>; Connection IP <0.0.0.0:8891>
2026-05-19 15:21:33,227 [0x00002874] f:\endpointserver\core\endpointmngmntclient.cpp:215 ERROR ManagementClient - ManagementClient::SendStatus() Failed. Error - Error 404; Fault: detected HTTP Error; Detail: <!doctype html><html lang="en"><head><title>HTTP Status 404 – Not Found</title><style type="text/css">body {font-family:Tahoma,Arial,sans-serif;} h1, h2, h3, b {color:white;background-color:#525D76;} h1 {font-size:22px;} h2 {font-size:16px;} h3 {font-size:14px;} p {font-size:12px;} a {color:black;} .line {height:1px;background-color:#525D76;border:none;}</style></head><body><h1>HTTP Status 404 – Not Found</h1></body></html>; Connection IP <0.0.0.0:8891>
2026-05-19 15:21:33,227 [0x000031b8] f:\endpointserver\core\endpointmngmntclient.cpp:215 ERROR ManagementClient - ManagementClient::SendStatus() Failed. Error - Error 404; Fault: detected HTTP Error; Detail: <!doctype html><html lang="en"><head><title>HTTP Status 404 – Not Found</title><style type="text/css">body {font-family:Tahoma,Arial,sans-serif;} h1, h2, h3, b {color:white;background-color:#525D76;} h1 {font-size:22px;} h2 {font-size:16px;} h3 {font-size:14px;} p {font-size:12px;} a {color:black;} .line {height:1px;background-color:#525D76;border:none;}</style></head><body><h1>HTTP Status 404 – Not Found</h1></body></html>; Connection IP <0.0.0.0:8891>
2026-05-19 15:22:03,320 [0x00002874] f:\endpointserver\core\endpointmngmntclient.cpp:215 ERROR ManagementClient - ManagementClient::SendStatus() Failed. Error - Error 404; Fault: detected HTTP Error; Detail: <!doctype html><html lang="en"><head><title>HTTP Status 404 – Not Found</title><style type="text/css">body {font-family:Tahoma,Arial,sans-serif;} h1, h2, h3, b {color:white;background-color:#525D76;} h1 {font-size:22px;} h2 {font-size:16px;} h3 {font-size:14px;} p {font-size:12px;} a {color:black;} .line {height:1px;background-color:#525D76;border:none;}</style></head><body><h1>HTTP Status 404 – Not Found</h1></body></html>; Connection IP <0.0.0.0:8891>
2026-05-19 15:23:09,628 [0x000031b8] f:\endpointserver\core\endpointmngmntclient.cpp:215 ERROR ManagementClient - ManagementClient::SendStatus() Failed. Error - Error 404; Fault: detected HTTP Error; Detail: <!doctype html><html lang="en"><head><title>HTTP Status 404 – Not Found</title><style type="text/css">body {font-family:Tahoma,Arial,sans-serif;} h1, h2, h3, b {color:white;background-color:#525D76;} h1 {font-size:22px;} h2 {font-size:16px;} h3 {font-size:14px;} p {font-size:12px;} a {color:black;} .line {height:1px;background-color:#525D76;border:none;}</style></head><body><h1>HTTP Status 404 – Not Found</h1></body></html>; Connection IP <0.0.0.0:8891>
2026-05-19 15:23:22,571 [0x00002874] f:\endpointserver\core\endpointmngmntclient.cpp:215 ERROR ManagementClient - ManagementClient::SendStatus() Failed. Error - Error 404; Fault: detected HTTP Error; Detail: <!doctype html><html lang="en"><head><title>HTTP Status 404 – Not Found</title><style type="text/css">body {font-family:Tahoma,Arial,sans-serif;} h1, h2, h3, b {color:white;background-color:#525D76;} h1 {font-size:22px;} h2 {font-size:16px;} h3 {font-size:14px;} p {font-size:12px;} a {color:black;} .line {height:1px;background-color:#525D76;border:none;}</style></head><body><h1>HTTP Status 404 – Not Found</h1></body></html>; Connection IP <0.0.0.0:8891>
2026-05-19 15:30:49,579 [0x000031b8] f:\endpointserver\core\endpointmngmntclient.cpp:215 ERROR ManagementClient - ManagementClient::SendStatus() Failed. Error - Error 404; Fault: detected HTTP Error; Detail: <!doctype html><html lang="en"><head><title>HTTP Status 404 – Not Found</title><style type="text/css">body {font-family:Tahoma,Arial,sans-serif;} h1, h2, h3, b {color:white;background-color:#525D76;} h1 {font-size:22px;} h2 {font-size:16px;} h3 {font-size:14px;} p {font-size:12px;} a {color:black;} .line {height:1px;background-color:#525D76;border:none;}</style></head><body><h1>HTTP Status 404 – Not Found</h1></body></html>; Connection IP <0.0.0.0:8891>
2026-05-19 15:36:48,951 [0x00002874] f:\endpointserver\core\endpointmngmntclient.cpp:215 ERROR ManagementClient - ManagementClient::SendStatus() Failed. Error - Error 404; Fault: detected HTTP Error; Detail: <!doctype html><html lang="en"><head><title>HTTP Status 404 – Not Found</title><style type="text/css">body {font-family:Tahoma,Arial,sans-serif;} h1, h2, h3, b {color:white;background-color:#525D76;} h1 {font-size:22px;} h2 {font-size:16px;} h3 {font-size:14px;} p {font-size:12px;} a {color:black;} .line {height:1px;background-color:#525D76;border:none;}</style></head><body><h1>HTTP Status 404 – Not Found</h1></body></html>; Connection IP <0.0.0.0:8891>
2026-05-19 15:37:04,080 [0x000031b8] f:\endpointserver\core\endpointmngmntclient.cpp:215 ERROR ManagementClient - ManagementClient::SendStatus() Failed. Error - Error 404; Fault: detected HTTP Error; Detail: <!doctype html><html lang="en"><head><title>HTTP Status 404 – Not Found</title><style type="text/css">body {font-family:Tahoma,Arial,sans-serif;} h1, h2, h3, b {color:white;background-color:#525D76;} h1 {font-size:22px;} h2 {font-size:16px;} h3 {font-size:14px;} p {font-size:12px;} a {color:black;} .line {height:1px;background-color:#525D76;border:none;}</style></head><body><h1>HTTP Status 404 – Not Found</h1></body></html>; Connection IP <0.0.0.0:8891>
2026-05-19 15:40:03,634 [0x00002874] f:\endpointserver\core\endpointmngmntclient.cpp:215 ERROR ManagementClient - ManagementClient::SendStatus() Failed. Error - Error 404; Fault: detected HTTP Error; Detail: <!doctype html><html lang="en"><head><title>HTTP Status 404 – Not Found</title><style type="text/css">body {font-family:Tahoma,Arial,sans-serif;} h1, h2, h3, b {color:white;background-color:#525D76;} h1 {font-size:22px;} h2 {font-size:16px;} h3 {font-size:14px;} p {font-size:12px;} a {color:black;} .line {height:1px;background-color:#525D76;border:none;}</style></head><body><h1>HTTP Status 404 – Not Found</h1></body></html>; Connection IP <0.0.0.0:8891>
2026-05-19 15:56:59,294 [0x000031b8] f:\endpointserver\core\endpointmngmntclient.cpp:215 ERROR ManagementClient - ManagementClient::SendStatus() Failed. Error - Error 404; Fault: detected HTTP Error; Detail: <!doctype html><html lang="en"><head><title>HTTP Status 404 – Not Found</title><style type="text/css">body {font-family:Tahoma,Arial,sans-serif;} h1, h2, h3, b {color:white;background-color:#525D76;} h1 {font-size:22px;} h2 {font-size:16px;} h3 {font-size:14px;} p {font-size:12px;} a {color:black;} .line {height:1px;background-color:#525D76;border:none;}</style></head><body><h1>HTTP Status 404 – Not Found</h1></body></html>; Connection IP <0.0.0.0:8891>
2026-05-19 15:58:32,879 [0x00002874] f:\endpointserver\core\endpointmngmntclient.cpp:215 ERROR ManagementClient - ManagementClient::SendStatus() Failed. Error - Error 404; Fault: detected HTTP Error; Detail: <!doctype html><html lang="en"><head><title>HTTP Status 404 – Not Found</title><style type="text/css">body {font-family:Tahoma,Arial,sans-serif;} h1, h2, h3, b {color:white;background-color:#525D76;} h1 {font-size:22px;} h2 {font-size:16px;} h3 {font-size:14px;} p {font-size:12px;} a {color:black;} .line {height:1px;background-color:#525D76;border:none;}</style></head><body><h1>HTTP Status 404 – Not Found</h1></body></html>; Connection IP <0.0.0.0:8891>
2026-05-19 16:01:58,328 [0x000031b8] f:\endpointserver\core\endpointmngmntclient.cpp:215 ERROR ManagementClient - ManagementClient::SendStatus() Failed. Error - Error 404; Fault: detected HTTP Error; Detail: <!doctype html><html lang="en"><head><title>HTTP Status 404 – Not Found</title><style type="text/css">body {font-family:Tahoma,Arial,sans-serif;} h1, h2, h3, b {color:white;background-color:#525D76;} h1 {font-size:22px;} h2 {font-size:16px;} h3 {font-size:14px;} p {font-size:12px;} a {color:black;} .line {height:1px;background-color:#525D76;border:none;}</style></head><body><h1>HTTP Status 404 – Not Found</h1></body></html>; Connection IP <0.0.0.0:8891>
2026-05-19 16:03:09,958 [0x00002874] f:\endpointserver\core\endpointmngmntclient.cpp:215 ERROR ManagementClient - ManagementClient::SendStatus() Failed. Error - Error 404; Fault: detected HTTP Error; Detail: <!doctype html><html lang="en"><head><title>HTTP Status 404 – Not Found</title><style type="text/css">body {font-family:Tahoma,Arial,sans-serif;} h1, h2, h3, b {color:white;background-color:#525D76;} h1 {font-size:22px;} h2 {font-size:16px;} h3 {font-size:14px;} p {font-size:12px;} a {color:black;} .line {height:1px;background-color:#525D76;border:none;}</style></head><body><h1>HTTP Status 404 – Not Found</h1></body></html>; Connection IP <0.0.0.0:8891>
2026-05-19 16:06:42,595 [0x000031b8] f:\endpointserver\core\endpointmngmntclient.cpp:215 ERROR ManagementClient - ManagementClient::SendStatus() Failed. Error - SOAP 1.1; Error 500; Fault: SOAP-ENV:Client Error 28; Fault: detected Timeout; Detail: connect failed in tcp_connect(); Connection IP <0.0.0.0:17443>; Connection IP <0.0.0.0:8891>
2026-05-19 16:06:48,012 [0x00002874] f:\endpointserver\core\endpointmngmntclient.cpp:215 ERROR ManagementClient - ManagementClient::SendStatus() Failed. Error - SOAP 1.1; Error 500; Fault: SOAP-ENV:Client Error 28; Fault: detected Timeout; Detail: connect failed in tcp_connect(); Connection IP <0.0.0.0:17443>; Connection IP <0.0.0.0:8891>
2026-05-19 16:11:44,948 [0x000031b8] f:\endpointserver\core\endpointmngmntclient.cpp:215 ERROR ManagementClient - ManagementClient::SendStatus() Failed. Error - Error 404; Fault: detected HTTP Error; Detail: <!doctype html><html lang="en"><head><title>HTTP Status 404 – Not Found</title><style type="text/css">body {font-family:Tahoma,Arial,sans-serif;} h1, h2, h3, b {color:white;background-color:#525D76;} h1 {font-size:22px;} h2 {font-size:16px;} h3 {font-size:14px;} p {font-size:12px;} a {color:black;} .line {height:1px;background-color:#525D76;border:none;}</style></head><body><h1>HTTP Status 404 – Not Found</h1></body></html>; Connection IP <0.0.0.0:8891>
2026-05-19 16:11:44,948 [0x00002874] f:\endpointserver\core\endpointmngmntclient.cpp:215 ERROR ManagementClient - ManagementClient::SendStatus() Failed. Error - Error 404; Fault: detected HTTP Error; Detail: <!doctype html><html lang="en"><head><title>HTTP Status 404 – Not Found</title><style type="text/css">body {font-family:Tahoma,Arial,sans-serif;} h1, h2, h3, b {color:white;background-color:#525D76;} h1 {font-size:22px;} h2 {font-size:16px;} h3 {font-size:14px;} p {font-size:12px;} a {color:black;} .line {height:1px;background-color:#525D76;border:none;}</style></head><body><h1>HTTP Status 404 – Not Found</h1></body></html>; Connection IP <0.0.0.0:8891>
2026-05-19 16:12:37,377 [0x000031b8] f:\endpointserver\core\endpointmngmntclient.cpp:215 ERROR ManagementClient - ManagementClient::SendStatus() Failed. Error - Error 404; Fault: detected HTTP Error; Detail: <!doctype html><html lang="en"><head><title>HTTP Status 404 – Not Found</title><style type="text/css">body {font-family:Tahoma,Arial,sans-serif;} h1, h2, h3, b {color:white;background-color:#525D76;} h1 {font-size:22px;} h2 {font-size:16px;} h3 {font-size:14px;} p {font-size:12px;} a {color:black;} .line {height:1px;background-color:#525D76;border:none;}</style></head><body><h1>HTTP Status 404 – Not Found</h1></body></html>; Connection IP <0.0.0.0:8891>
2026-05-19 16:13:05,049 [0x00002874] f:\endpointserver\core\endpointmngmntclient.cpp:215 ERROR ManagementClient - ManagementClient::SendStatus() Failed. Error - Error 404; Fault: detected HTTP Error; Detail: <!doctype html><html lang="en"><head><title>HTTP Status 404 – Not Found</title><style type="text/css">body {font-family:Tahoma,Arial,sans-serif;} h1, h2, h3, b {color:white;background-color:#525D76;} h1 {font-size:22px;} h2 {font-size:16px;} h3 {font-size:14px;} p {font-size:12px;} a {color:black;} .line {height:1px;background-color:#525D76;border:none;}</style></head><body><h1>HTTP Status 404 – Not Found</h1></body></html>; Connection IP <0.0.0.0:8891>
2026-05-19 16:14:24,862 [0x000031b8] f:\endpointserver\core\endpointmngmntclient.cpp:215 ERROR ManagementClient - ManagementClient::SendStatus() Failed. Error - Error 404; Fault: detected HTTP Error; Detail: <!doctype html><html lang="en"><head><title>HTTP Status 404 – Not Found</title><style type="text/css">body {font-family:Tahoma,Arial,sans-serif;} h1, h2, h3, b {color:white;background-color:#525D76;} h1 {font-size:22px;} h2 {font-size:16px;} h3 {font-size:14px;} p {font-size:12px;} a {color:black;} .line {height:1px;background-color:#525D76;border:none;}</style></head><body><h1>HTTP Status 404 – Not Found</h1></body></html>; Connection IP <0.0.0.0:8891>
2026-05-19 16:29:09,820 [0x00002874] f:\endpointserver\core\endpointmngmntclient.cpp:215 ERROR ManagementClient - ManagementClient::SendStatus() Failed. Error - Error 404; Fault: detected HTTP Error; Detail: <!doctype html><html lang="en"><head><title>HTTP Status 404 – Not Found</title><style type="text/css">body {font-family:Tahoma,Arial,sans-serif;} h1, h2, h3, b {color:white;background-color:#525D76;} h1 {font-size:22px;} h2 {font-size:16px;} h3 {font-size:14px;} p {font-size:12px;} a {color:black;} .line {height:1px;background-color:#525D76;border:none;}</style></head><body><h1>HTTP Status 404 – Not Found</h1></body></html>; Connection IP <0.0.0.0:8891>
2026-05-19 16:48:32,660 [0x000031b8] f:\endpointserver\core\endpointmngmntclient.cpp:215 ERROR ManagementClient - ManagementClient::SendStatus() Failed. Error - Error 404; Fault: detected HTTP Error; Detail: <!doctype html><html lang="en"><head><title>HTTP Status 404 – Not Found</title><style type="text/css">body {font-family:Tahoma,Arial,sans-serif;} h1, h2, h3, b {color:white;background-color:#525D76;} h1 {font-size:22px;} h2 {font-size:16px;} h3 {font-size:14px;} p {font-size:12px;} a {color:black;} .line {height:1px;background-color:#525D76;border:none;}</style></head><body><h1>HTTP Status 404 – Not Found</h1></body></html>; Connection IP <0.0.0.0:8891>
2026-05-19 17:01:25,607 [0x00002874] f:\endpointserver\core\endpointmngmntclient.cpp:215 ERROR ManagementClient - ManagementClient::SendStatus() Failed. Error - Error 404; Fault: detected HTTP Error; Detail: <!doctype html><html lang="en"><head><title>HTTP Status 404 – Not Found</title><style type="text/css">body {font-family:Tahoma,Arial,sans-serif;} h1, h2, h3, b {color:white;background-color:#525D76;} h1 {font-size:22px;} h2 {font-size:16px;} h3 {font-size:14px;} p {font-size:12px;} a {color:black;} .line {height:1px;background-color:#525D76;border:none;}</style></head><body><h1>HTTP Status 404 – Not Found</h1></body></html>; Connection IP <0.0.0.0:8891>
2026-05-19 17:06:01,606 [0x000031b8] f:\endpointserver\core\endpointmngmntclient.cpp:215 ERROR ManagementClient - ManagementClient::SendStatus() Failed. Error - Error 404; Fault: detected HTTP Error; Detail: <!doctype html><html lang="en"><head><title>HTTP Status 404 – Not Found</title><style type="text/css">body {font-family:Tahoma,Arial,sans-serif;} h1, h2, h3, b {color:white;background-color:#525D76;} h1 {font-size:22px;} h2 {font-size:16px;} h3 {font-size:14px;} p {font-size:12px;} a {color:black;} .line {height:1px;background-color:#525D76;border:none;}</style></head><body><h1>HTTP Status 404 – Not Found</h1></body></html>; Connection IP <0.0.0.0:8891>
2026-05-19 17:11:05,875 [0x00002874] f:\endpointserver\core\endpointmngmntclient.cpp:215 ERROR ManagementClient - ManagementClient::SendStatus() Failed. Error - Error 404; Fault: detected HTTP Error; Detail: <!doctype html><html lang="en"><head><title>HTTP Status 404 – Not Found</title><style type="text/css">body {font-family:Tahoma,Arial,sans-serif;} h1, h2, h3, b {color:white;background-color:#525D76;} h1 {font-size:22px;} h2 {font-size:16px;} h3 {font-size:14px;} p {font-size:12px;} a {color:black;} .line {height:1px;background-color:#525D76;border:none;}</style></head><body><h1>HTTP Status 404 – Not Found</h1></body></html>; Connection IP <0.0.0.0:8891>
2026-05-19 17:16:42,937 [0x000031b8] f:\endpointserver\core\endpointmngmntclient.cpp:215 ERROR ManagementClient - ManagementClient::SendStatus() Failed. Error - Error 404; Fault: detected HTTP Error; Detail: <!doctype html><html lang="en"><head><title>HTTP Status 404 – Not Found</title><style type="text/css">body {font-family:Tahoma,Arial,sans-serif;} h1, h2, h3, b {color:white;background-color:#525D76;} h1 {font-size:22px;} h2 {font-size:16px;} h3 {font-size:14px;} p {font-size:12px;} a {color:black;} .line {height:1px;background-color:#525D76;border:none;}</style></head><body><h1>HTTP Status 404 – Not Found</h1></body></html>; Connection IP <0.0.0.0:8891>
2026-05-19 17:20:00,121 [0x00002874] f:\endpointserver\core\endpointmngmntclient.cpp:215 ERROR ManagementClient - ManagementClient::SendStatus() Failed. Error - SOAP 1.1; Error 500; Fault: SOAP-ENV:Client Error 28; Fault: detected Timeout; Detail: connect failed in tcp_connect(); Connection IP <0.0.0.0:17443>; Connection IP <0.0.0.0:8891>
2026-05-19 17:24:40,710 [0x00000c78] f:\endpointserver\server\endpointserverimp.cpp:171 INFO ProcessInfo - Endpoint server process is stopping
2026-05-19 17:25:12,989 [0x000022a8] f:\endpointserver\server\endpointserverimp.cpp:1197 INFO ProcessInfo - Endpoint server process is starting
2026-05-19 17:25:14,020 [0x000022a8] f:\pais\util\filesystem\utils.cpp:429 ERROR Exception - apr_socket_connect, error code 730060: A connection attempt failed because the connected party did not properly respond after a period of time, or established connection failed because connected host has failed to respond.  
2026-05-19 17:25:15,036 [0x000022a8] f:\pais\util\filesystem\utils.cpp:429 ERROR Exception - apr_socket_connect, error code 730060: A connection attempt failed because the connected party did not properly respond after a period of time, or established connection failed because connected host has failed to respond.  
2026-05-19 17:25:15,036 [0x000022a8] f:\endpointserver\server\endpointserverimp.cpp:1268 INFO ProcessInfo - Endpoint server process is initialized
2026-05-19 17:30:29,666 [0x00003070] f:\pais\util\filesystem\utils.cpp:429 ERROR Exception - Need to reestablish connection with policy engine
2026-05-19 17:30:29,667 [0x00003070] f:\endpointserver\core\endpointconfiguration.cpp:1739 ERROR ConfigurationHandler - Failed send object to Resolver. Try to connect to policyEngine exception=<Need to reestablish connection with policy engine>
2026-05-20 10:46:43,004 [0x00002e74] f:\endpointserver\server\endpointserverimp.cpp:164 ERROR EndPointServerThreadCounter - PostHandleRequest() failed - <Unknown Exception>.
2026-05-20 11:57:18,097 [0x00003190] f:\pais\util\filesystem\utils.cpp:429 ERROR Exception - Need to reestablish connection with policy engine
2026-05-20 13:29:37,365 [0x00002f44] f:\endpointserver\server\endpointserverimp.cpp:164 ERROR EndPointServerThreadCounter - PostHandleRequest() failed - <Unknown Exception>.
2026-05-20 14:27:27,408 [0x00004cac] f:\commprotocol\core\objectcomm.cpp:299 ERROR Communication - AsyncCommClient: CommException with <0> error code thrown from IO thread
2026-05-20 14:27:27,408 [0x000040dc] f:\commprotocol\core\objectcomm.cpp:299 ERROR Communication - AsyncCommClient: CommException with <0> error code thrown from IO thread
2026-05-20 14:27:27,409 [0x00004cac] f:\commprotocol\core\objectcomm.cpp:347 FATAL Communication - AsyncCommClient: CommException thrown in IO Thread <Broken Pipe, recieveBuffer has failed, connection was closed by the other side>
2026-05-20 14:27:27,410 [0x000040dc] f:\commprotocol\core\objectcomm.cpp:347 FATAL Communication - AsyncCommClient: CommException thrown in IO Thread <Broken Pipe, recieveBuffer has failed, connection was closed by the other side>
2026-05-20 14:35:49,076 [0x00003080] f:\pais\util\filesystem\utils.cpp:429 ERROR Exception - Not connected, state 0
2026-05-20 14:35:49,079 [0x00003080] f:\endpointserver\core\endpointconfiguration.cpp:1739 ERROR ConfigurationHandler - Failed send object to Resolver. Try to connect to policyEngine exception=<Not connected, state 0>
2026-05-20 15:03:50,569 [0x0000319c] f:\pais\util\filesystem\utils.cpp:429 ERROR Exception - Not connected, state 0
2026-05-21 11:16:20,464 [0x00002b10] f:\endpointserver\server\endpointserverimp.cpp:164 ERROR EndPointServerThreadCounter - PostHandleRequest() failed - <Unknown Exception>.
2026-05-22 11:22:15,243 [0x00002f38] f:\endpointserver\server\endpointserverimp.cpp:164 ERROR EndPointServerThreadCounter - PostHandleRequest() failed - <Unknown Exception>.
