2025-11-01 01:24:11,809 HealthCheck                      Error    FPRRunDummyDetection failed but counter is  [1<=4] so no action was taken
2025-11-01 01:29:12,219 HealthCheck                      Error    FPR Test FPRRunDummyDetection Failed
2025-11-01 01:29:12,222 HealthCheck                      Error    FPRRunDummyDetection failed but counter is  [1<=4] so no action was taken
2025-11-01 01:34:11,522 HealthCheck                      Error    FPR Test FPRRunDummyDetection Failed
2025-11-01 01:34:11,525 HealthCheck                      Error    FPRRunDummyDetection failed but counter is  [1<=4] so no action was taken
2025-11-01 01:39:12,013 HealthCheck                      Error    FPR Test FPRRunDummyDetection Failed
2025-11-01 01:39:12,017 HealthCheck                      Error    FPRRunDummyDetection failed but counter is  [1<=4] so no action was taken
2025-11-01 01:44:12,386 HealthCheck                      Error    FPR Test FPRRunDummyDetection Failed
2025-11-01 01:44:12,389 HealthCheck                      Error    FPRRunDummyDetection failed but counter is  [1<=4] so no action was taken
2025-11-01 01:49:11,903 HealthCheck                      Error    FPR Test FPRRunDummyDetection Failed
2025-11-01 01:49:11,906 HealthCheck                      Error    FPRRunDummyDetection failed but counter is  [1<=4] so no action was taken
2025-11-01 01:54:12,005 HealthCheck                      Error    FPR Test FPRRunDummyDetection Failed
2025-11-01 01:54:12,009 HealthCheck                      Error    FPRRunDummyDetection failed but counter is  [1<=4] so no action was taken
2025-11-01 01:59:14,691 HealthCheck                      Error    FPR Test FPRRunDummyDetection Failed
2025-11-01 01:59:14,694 HealthCheck                      Error    FPRRunDummyDetection failed but counter is  [1<=4] so no action was taken
2025-11-01 02:04:12,220 HealthCheck                      Error    FPR Test FPRRunDummyDetection Failed
2025-11-01 02:04:12,223 HealthCheck                      Error    FPRRunDummyDetection failed but counter is  [1<=4] so no action was taken
2025-11-01 02:05:13,413 HealthCheck                      Error    Failed sending DummyDetection Request
2025-11-01 02:05:13,415 HealthCheck                      Error    FPR Test FPRRunDummyDetection Failed
2025-11-01 02:05:13,416 HealthCheck                      Error    FPRRunDummyDetection failed but counter is  [1<=4] so no action was taken
2025-11-01 02:10:13,497 HealthCheck                      Error    Failed sending DummyDetection Request
2025-11-01 02:10:13,500 HealthCheck                      Error    FPR Test FPRRunDummyDetection Failed
2025-11-01 02:10:13,502 HealthCheck                      Error    FPRRunDummyDetection failed but counter is  [2<=4] so no action was taken
2025-11-01 02:15:13,019 HealthCheck                      Error    Failed sending DummyDetection Request
2025-11-01 02:15:13,022 HealthCheck                      Error    FPR Test FPRRunDummyDetection Failed
2025-11-01 02:15:13,024 HealthCheck                      Error    FPRRunDummyDetection failed but counter is  [3<=4] so no action was taken
2025-11-01 02:20:13,427 HealthCheck                      Error    Failed sending DummyDetection Request
2025-11-01 02:20:13,430 HealthCheck                      Error    FPR Test FPRRunDummyDetection Failed
2025-11-01 02:20:13,433 HealthCheck                      Error    FPRRunDummyDetection failed but counter is  [4<=4] so no action was taken
2025-11-01 02:25:13,415 HealthCheck                      Error    Failed sending DummyDetection Request
2025-11-01 02:25:13,418 HealthCheck                      Error    FPR Test FPRRunDummyDetection Failed
2025-11-01 02:25:13,422 HealthCheck                      Error    Stopping process: PAFPREP
2025-11-01 02:25:16,369 Utils.SystemLogging              Error    [Th:Thread-3 (CheckDetection)] Posting error to system Log
2025-11-01 02:25:16,371 Utils.SystemLogging              Error    [Th:Thread-3 (CheckDetection)] Posted error to system Log
2025-11-01 02:25:28,838 HealthCheck                      Error    There are processes holding port 17505 that will be killed: [19120]
2025-11-01 02:25:29,286 HealthCheck                      Error    killing process  with ID 19120
2025-11-01 02:25:37,335 HealthCheck                      Error    There are processes holding port 17505 that will be killed: [19120]
2025-11-01 02:25:37,816 HealthCheck                      Error    killing process  with ID 19120
2025-11-01 02:25:44,458 Utils.SystemLogging              Error    [Th:Thread-3 (CheckDetection)] Posting error to system Log
2025-11-01 02:25:44,461 Utils.SystemLogging              Error    [Th:Thread-3 (CheckDetection)] Posted error to system Log
2025-11-01 02:25:45,888 HealthCheck                      Error    There are processes holding port 17505 that will be killed: [19120]
2025-11-01 02:25:46,332 HealthCheck                      Error    killing process  with ID 19120
2025-11-01 02:25:54,395 HealthCheck                      Error    There are processes holding port 17505 that will be killed: [19120]
2025-11-01 02:25:54,825 HealthCheck                      Error    killing process  with ID 19120
2025-11-01 02:26:02,951 HealthCheck                      Error    There are processes holding port 17505 that will be killed: [19120]
2025-11-01 02:26:03,382 HealthCheck                      Error    killing process  with ID 19120
2025-11-01 02:26:11,346 HealthCheck                      Error    There are processes holding port 17505 that will be killed: [19120]
2025-11-01 02:26:11,799 HealthCheck                      Error    killing process  with ID 19120
2025-11-01 02:26:19,864 HealthCheck                      Error    There are processes holding port 17505 that will be killed: [19120]
2025-11-01 02:26:20,309 HealthCheck                      Error    killing process  with ID 19120
2025-11-01 02:26:28,444 HealthCheck                      Error    There are processes holding port 17505 that will be killed: [19120]
2025-11-01 02:26:28,897 HealthCheck                      Error    killing process  with ID 19120
2025-11-01 02:26:36,849 HealthCheck                      Error    There are processes holding port 17505 that will be killed: [19120]
2025-11-01 02:26:37,290 HealthCheck                      Error    killing process  with ID 19120
2025-11-01 02:26:45,200 HealthCheck                      Error    There are processes holding port 17505 that will be killed: [19120]
2025-11-01 02:26:45,655 HealthCheck                      Error    killing process  with ID 19120
2025-11-01 23:10:25,642 HealthCheck                      Error    File in use F:\Program Files (x86)\Websense\Data Security\/./Logs\Scripts_PE.log and will not be deleted
2025-11-01 23:10:25,648 HealthCheck                      Error    File in use F:\Program Files (x86)\Websense\Data Security\/./EPS_CAMEL/data/service_logs\epsconnector-stderr.2025-07-24.log and will not be deleted
2025-11-01 23:10:25,651 HealthCheck                      Error    File in use F:\Program Files (x86)\Websense\Data Security\/./EPS_CAMEL/data/service_logs\epsconnector-stdout.2025-07-24.log and will not be deleted
2025-11-01 23:10:25,654 HealthCheck                      Error    File in use F:\Program Files (x86)\Websense\Data Security\/./EPS_CAMEL/data/service_logs\EPSConnector.2025-07-24.log and will not be deleted
2025-11-01 23:10:25,657 HealthCheck                      Error    File in use F:\Program Files (x86)\Websense\Data Security\/./tomcat/logs/dlp\dlp-login.log and will not be deleted
2025-11-01 23:10:25,659 HealthCheck                      Error    File in use F:\Program Files (x86)\Websense\Data Security\/./tomcat/logs/dlp\dlp-policies-import-export.log and will not be deleted
2025-11-01 23:10:25,661 HealthCheck                      Error    File in use F:\Program Files (x86)\Websense\Data Security\/./tomcat/logs/dlp\dlp-tomcat.log and will not be deleted
2025-11-01 23:10:25,663 HealthCheck                      Error    File in use F:\Program Files (x86)\Websense\Data Security\/./tomcat/logs/dlp\policy_update.log and will not be deleted
2025-11-01 23:10:25,666 HealthCheck                      Error    File in use F:\Program Files (x86)\Websense\Data Security\/./tomcat/logs/forensics\forensics-spring.log and will not be deleted
2025-11-01 23:10:25,667 HealthCheck                      Error    File in use F:\Program Files (x86)\Websense\Data Security\/./tomcat/logs/forensics\forensics-tomcat.log and will not be deleted
2025-11-01 23:10:25,669 HealthCheck                      Error    File in use F:\Program Files (x86)\Websense\Data Security\/./tomcat/logs/tomcat\all.log and will not be deleted
2025-11-01 23:10:25,673 HealthCheck                      Error    File in use F:\Program Files (x86)\Websense\Data Security\/./Data-Batch-Server/service-container/container/logs/dbs\ae.log and will not be deleted
2025-11-01 23:10:25,674 HealthCheck                      Error    File in use F:\Program Files (x86)\Websense\Data Security\/./Data-Batch-Server/service-container/container/logs/dbs\endpoint.log and will not be deleted
2025-11-01 23:10:25,675 HealthCheck                      Error    File in use F:\Program Files (x86)\Websense\Data Security\/./Data-Batch-Server/service-container/container/logs/dbs\events.log and will not be deleted
2025-11-01 23:10:25,677 HealthCheck                      Error    File in use F:\Program Files (x86)\Websense\Data Security\/./Data-Batch-Server/service-container/container/logs/dbs\ldap.log and will not be deleted
2025-11-01 23:10:25,679 HealthCheck                      Error    File in use F:\Program Files (x86)\Websense\Data Security\/./Data-Batch-Server/service-container/container/logs/dbs\rap.log and will not be deleted
2025-11-01 23:10:25,680 HealthCheck                      Error    File in use F:\Program Files (x86)\Websense\Data Security\/./Data-Batch-Server/service-container/container/logs/dbs\spring.log and will not be deleted
2025-11-01 23:10:25,681 HealthCheck                      Error    File in use F:\Program Files (x86)\Websense\Data Security\/./Data-Batch-Server/service-container/container/logs/dbs\telemetry.log and will not be deleted
2025-11-02 23:10:25,173 HealthCheck                      Error    File in use F:\Program Files (x86)\Websense\Data Security\/./Logs\Scripts_PE.log and will not be deleted
2025-11-02 23:10:25,177 HealthCheck                      Error    File in use F:\Program Files (x86)\Websense\Data Security\/./EPS_CAMEL/data/service_logs\epsconnector-stderr.2025-07-24.log and will not be deleted
2025-11-02 23:10:25,178 HealthCheck                      Error    File in use F:\Program Files (x86)\Websense\Data Security\/./EPS_CAMEL/data/service_logs\epsconnector-stdout.2025-07-24.log and will not be deleted
2025-11-02 23:10:25,179 HealthCheck                      Error    File in use F:\Program Files (x86)\Websense\Data Security\/./EPS_CAMEL/data/service_logs\EPSConnector.2025-07-24.log and will not be deleted
2025-11-02 23:10:25,182 HealthCheck                      Error    File in use F:\Program Files (x86)\Websense\Data Security\/./tomcat/logs/dlp\dlp-login.log and will not be deleted
2025-11-02 23:10:25,184 HealthCheck                      Error    File in use F:\Program Files (x86)\Websense\Data Security\/./tomcat/logs/dlp\dlp-policies-import-export.log and will not be deleted
2025-11-02 23:10:25,185 HealthCheck                      Error    File in use F:\Program Files (x86)\Websense\Data Security\/./tomcat/logs/dlp\dlp-tomcat.log and will not be deleted
2025-11-02 23:10:25,186 HealthCheck                      Error    File in use F:\Program Files (x86)\Websense\Data Security\/./tomcat/logs/dlp\policy_update.log and will not be deleted
2025-11-02 23:10:25,188 HealthCheck                      Error    File in use F:\Program Files (x86)\Websense\Data Security\/./tomcat/logs/forensics\forensics-spring.log and will not be deleted
2025-11-02 23:10:25,189 HealthCheck                      Error    File in use F:\Program Files (x86)\Websense\Data Security\/./tomcat/logs/forensics\forensics-tomcat.log and will not be deleted
2025-11-02 23:10:25,191 HealthCheck                      Error    File in use F:\Program Files (x86)\Websense\Data Security\/./tomcat/logs/tomcat\all.log and will not be deleted
2025-11-02 23:10:25,196 HealthCheck                      Error    File in use F:\Program Files (x86)\Websense\Data Security\/./Data-Batch-Server/service-container/container/logs/dbs\ae.log and will not be deleted
2025-11-02 23:10:25,197 HealthCheck                      Error    File in use F:\Program Files (x86)\Websense\Data Security\/./Data-Batch-Server/service-container/container/logs/dbs\endpoint.log and will not be deleted
2025-11-02 23:10:25,198 HealthCheck                      Error    File in use F:\Program Files (x86)\Websense\Data Security\/./Data-Batch-Server/service-container/container/logs/dbs\events.log and will not be deleted
2025-11-02 23:10:25,199 HealthCheck                      Error    File in use F:\Program Files (x86)\Websense\Data Security\/./Data-Batch-Server/service-container/container/logs/dbs\ldap.log and will not be deleted
2025-11-02 23:10:25,201 HealthCheck                      Error    File in use F:\Program Files (x86)\Websense\Data Security\/./Data-Batch-Server/service-container/container/logs/dbs\rap.log and will not be deleted
2025-11-02 23:10:25,202 HealthCheck                      Error    File in use F:\Program Files (x86)\Websense\Data Security\/./Data-Batch-Server/service-container/container/logs/dbs\spring.log and will not be deleted
2025-11-02 23:10:25,203 HealthCheck                      Error    File in use F:\Program Files (x86)\Websense\Data Security\/./Data-Batch-Server/service-container/container/logs/dbs\telemetry.log and will not be deleted
2025-11-03 23:10:25,543 HealthCheck                      Error    File in use F:\Program Files (x86)\Websense\Data Security\/./Logs\Scripts_PE.log and will not be deleted
2025-11-03 23:10:25,547 HealthCheck                      Error    File in use F:\Program Files (x86)\Websense\Data Security\/./EPS_CAMEL/data/service_logs\epsconnector-stderr.2025-07-24.log and will not be deleted
2025-11-03 23:10:25,548 HealthCheck                      Error    File in use F:\Program Files (x86)\Websense\Data Security\/./EPS_CAMEL/data/service_logs\epsconnector-stdout.2025-07-24.log and will not be deleted
2025-11-03 23:10:25,550 HealthCheck                      Error    File in use F:\Program Files (x86)\Websense\Data Security\/./EPS_CAMEL/data/service_logs\EPSConnector.2025-07-24.log and will not be deleted
2025-11-03 23:10:25,553 HealthCheck                      Error    File in use F:\Program Files (x86)\Websense\Data Security\/./tomcat/logs/dlp\dlp-login.log and will not be deleted
2025-11-03 23:10:25,555 HealthCheck                      Error    File in use F:\Program Files (x86)\Websense\Data Security\/./tomcat/logs/dlp\dlp-policies-import-export.log and will not be deleted
2025-11-03 23:10:25,557 HealthCheck                      Error    File in use F:\Program Files (x86)\Websense\Data Security\/./tomcat/logs/dlp\dlp-tomcat.log and will not be deleted
2025-11-03 23:10:25,558 HealthCheck                      Error    File in use F:\Program Files (x86)\Websense\Data Security\/./tomcat/logs/dlp\policy_update.log and will not be deleted
2025-11-03 23:10:25,560 HealthCheck                      Error    File in use F:\Program Files (x86)\Websense\Data Security\/./tomcat/logs/forensics\forensics-spring.log and will not be deleted
2025-11-03 23:10:25,561 HealthCheck                      Error    File in use F:\Program Files (x86)\Websense\Data Security\/./tomcat/logs/forensics\forensics-tomcat.log and will not be deleted
2025-11-03 23:10:25,563 HealthCheck                      Error    File in use F:\Program Files (x86)\Websense\Data Security\/./tomcat/logs/tomcat\all.log and will not be deleted
2025-11-03 23:10:25,566 HealthCheck                      Error    File in use F:\Program Files (x86)\Websense\Data Security\/./Data-Batch-Server/service-container/container/logs/dbs\ae.log and will not be deleted
2025-11-03 23:10:25,568 HealthCheck                      Error    File in use F:\Program Files (x86)\Websense\Data Security\/./Data-Batch-Server/service-container/container/logs/dbs\endpoint.log and will not be deleted
2025-11-03 23:10:25,569 HealthCheck                      Error    File in use F:\Program Files (x86)\Websense\Data Security\/./Data-Batch-Server/service-container/container/logs/dbs\events.log and will not be deleted
2025-11-03 23:10:25,571 HealthCheck                      Error    File in use F:\Program Files (x86)\Websense\Data Security\/./Data-Batch-Server/service-container/container/logs/dbs\ldap.log and will not be deleted
2025-11-03 23:10:25,572 HealthCheck                      Error    File in use F:\Program Files (x86)\Websense\Data Security\/./Data-Batch-Server/service-container/container/logs/dbs\rap.log and will not be deleted
2025-11-03 23:10:25,573 HealthCheck                      Error    File in use F:\Program Files (x86)\Websense\Data Security\/./Data-Batch-Server/service-container/container/logs/dbs\spring.log and will not be deleted
2025-11-03 23:10:25,574 HealthCheck                      Error    File in use F:\Program Files (x86)\Websense\Data Security\/./Data-Batch-Server/service-container/container/logs/dbs\telemetry.log and will not be deleted
2025-11-04 23:10:25,735 HealthCheck                      Error    File in use F:\Program Files (x86)\Websense\Data Security\/./Logs\Scripts_PE.log and will not be deleted
2025-11-04 23:10:25,741 HealthCheck                      Error    File in use F:\Program Files (x86)\Websense\Data Security\/./EPS_CAMEL/data/service_logs\epsconnector-stderr.2025-07-24.log and will not be deleted
2025-11-04 23:10:25,743 HealthCheck                      Error    File in use F:\Program Files (x86)\Websense\Data Security\/./EPS_CAMEL/data/service_logs\epsconnector-stdout.2025-07-24.log and will not be deleted
2025-11-04 23:10:25,745 HealthCheck                      Error    File in use F:\Program Files (x86)\Websense\Data Security\/./EPS_CAMEL/data/service_logs\EPSConnector.2025-07-24.log and will not be deleted
2025-11-04 23:10:25,750 HealthCheck                      Error    File in use F:\Program Files (x86)\Websense\Data Security\/./tomcat/logs/dlp\dlp-login.log and will not be deleted
2025-11-04 23:10:25,752 HealthCheck                      Error    File in use F:\Program Files (x86)\Websense\Data Security\/./tomcat/logs/dlp\dlp-policies-import-export.log and will not be deleted
2025-11-04 23:10:25,754 HealthCheck                      Error    File in use F:\Program Files (x86)\Websense\Data Security\/./tomcat/logs/dlp\dlp-tomcat.log and will not be deleted
2025-11-04 23:10:25,755 HealthCheck                      Error    File in use F:\Program Files (x86)\Websense\Data Security\/./tomcat/logs/dlp\policy_update.log and will not be deleted
2025-11-04 23:10:25,757 HealthCheck                      Error    File in use F:\Program Files (x86)\Websense\Data Security\/./tomcat/logs/forensics\forensics-spring.log and will not be deleted
2025-11-04 23:10:25,759 HealthCheck                      Error    File in use F:\Program Files (x86)\Websense\Data Security\/./tomcat/logs/forensics\forensics-tomcat.log and will not be deleted
2025-11-04 23:10:25,761 HealthCheck                      Error    File in use F:\Program Files (x86)\Websense\Data Security\/./tomcat/logs/tomcat\all.log and will not be deleted
2025-11-04 23:10:25,764 HealthCheck                      Error    File in use F:\Program Files (x86)\Websense\Data Security\/./Data-Batch-Server/service-container/container/logs/dbs\ae.log and will not be deleted
2025-11-04 23:10:25,767 HealthCheck                      Error    File in use F:\Program Files (x86)\Websense\Data Security\/./Data-Batch-Server/service-container/container/logs/dbs\endpoint.log and will not be deleted
2025-11-04 23:10:25,768 HealthCheck                      Error    File in use F:\Program Files (x86)\Websense\Data Security\/./Data-Batch-Server/service-container/container/logs/dbs\events.log and will not be deleted
2025-11-04 23:10:25,770 HealthCheck                      Error    File in use F:\Program Files (x86)\Websense\Data Security\/./Data-Batch-Server/service-container/container/logs/dbs\ldap.log and will not be deleted
2025-11-04 23:10:25,772 HealthCheck                      Error    File in use F:\Program Files (x86)\Websense\Data Security\/./Data-Batch-Server/service-container/container/logs/dbs\rap.log and will not be deleted
2025-11-04 23:10:25,773 HealthCheck                      Error    File in use F:\Program Files (x86)\Websense\Data Security\/./Data-Batch-Server/service-container/container/logs/dbs\spring.log and will not be deleted
2025-11-04 23:10:25,775 HealthCheck                      Error    File in use F:\Program Files (x86)\Websense\Data Security\/./Data-Batch-Server/service-container/container/logs/dbs\telemetry.log and will not be deleted
2025-11-05 23:10:25,665 HealthCheck                      Error    File in use F:\Program Files (x86)\Websense\Data Security\/./Logs\Scripts_PE.log and will not be deleted
2025-11-05 23:10:25,668 HealthCheck                      Error    File in use F:\Program Files (x86)\Websense\Data Security\/./EPS_CAMEL/data/service_logs\epsconnector-stderr.2025-07-24.log and will not be deleted
2025-11-05 23:10:25,670 HealthCheck                      Error    File in use F:\Program Files (x86)\Websense\Data Security\/./EPS_CAMEL/data/service_logs\epsconnector-stdout.2025-07-24.log and will not be deleted
2025-11-05 23:10:25,671 HealthCheck                      Error    File in use F:\Program Files (x86)\Websense\Data Security\/./EPS_CAMEL/data/service_logs\EPSConnector.2025-07-24.log and will not be deleted
2025-11-05 23:10:25,674 HealthCheck                      Error    File in use F:\Program Files (x86)\Websense\Data Security\/./tomcat/logs/dlp\dlp-login.log and will not be deleted
2025-11-05 23:10:25,676 HealthCheck                      Error    File in use F:\Program Files (x86)\Websense\Data Security\/./tomcat/logs/dlp\dlp-policies-import-export.log and will not be deleted
2025-11-05 23:10:25,677 HealthCheck                      Error    File in use F:\Program Files (x86)\Websense\Data Security\/./tomcat/logs/dlp\dlp-tomcat.log and will not be deleted
2025-11-05 23:10:25,679 HealthCheck                      Error    File in use F:\Program Files (x86)\Websense\Data Security\/./tomcat/logs/dlp\policy_update.log and will not be deleted
2025-11-05 23:10:25,683 HealthCheck                      Error    File in use F:\Program Files (x86)\Websense\Data Security\/./tomcat/logs/forensics\forensics-spring.log and will not be deleted
2025-11-05 23:10:25,685 HealthCheck                      Error    File in use F:\Program Files (x86)\Websense\Data Security\/./tomcat/logs/forensics\forensics-tomcat.log and will not be deleted
2025-11-05 23:10:25,687 HealthCheck                      Error    File in use F:\Program Files (x86)\Websense\Data Security\/./tomcat/logs/tomcat\all.log and will not be deleted
2025-11-05 23:10:25,691 HealthCheck                      Error    File in use F:\Program Files (x86)\Websense\Data Security\/./Data-Batch-Server/service-container/container/logs/dbs\ae.log and will not be deleted
2025-11-05 23:10:25,693 HealthCheck                      Error    File in use F:\Program Files (x86)\Websense\Data Security\/./Data-Batch-Server/service-container/container/logs/dbs\endpoint.log and will not be deleted
2025-11-05 23:10:25,695 HealthCheck                      Error    File in use F:\Program Files (x86)\Websense\Data Security\/./Data-Batch-Server/service-container/container/logs/dbs\events.log and will not be deleted
2025-11-05 23:10:25,696 HealthCheck                      Error    File in use F:\Program Files (x86)\Websense\Data Security\/./Data-Batch-Server/service-container/container/logs/dbs\ldap.log and will not be deleted
2025-11-05 23:10:25,698 HealthCheck                      Error    File in use F:\Program Files (x86)\Websense\Data Security\/./Data-Batch-Server/service-container/container/logs/dbs\rap.log and will not be deleted
2025-11-05 23:10:25,699 HealthCheck                      Error    File in use F:\Program Files (x86)\Websense\Data Security\/./Data-Batch-Server/service-container/container/logs/dbs\spring.log and will not be deleted
2025-11-05 23:10:25,700 HealthCheck                      Error    File in use F:\Program Files (x86)\Websense\Data Security\/./Data-Batch-Server/service-container/container/logs/dbs\telemetry.log and will not be deleted
2025-11-06 23:10:25,446 HealthCheck                      Error    File in use F:\Program Files (x86)\Websense\Data Security\/./Logs\Scripts_PE.log and will not be deleted
2025-11-06 23:10:25,453 HealthCheck                      Error    File in use F:\Program Files (x86)\Websense\Data Security\/./EPS_CAMEL/data/service_logs\epsconnector-stderr.2025-07-24.log and will not be deleted
2025-11-06 23:10:25,456 HealthCheck                      Error    File in use F:\Program Files (x86)\Websense\Data Security\/./EPS_CAMEL/data/service_logs\epsconnector-stdout.2025-07-24.log and will not be deleted
2025-11-06 23:10:25,457 HealthCheck                      Error    File in use F:\Program Files (x86)\Websense\Data Security\/./EPS_CAMEL/data/service_logs\EPSConnector.2025-07-24.log and will not be deleted
2025-11-06 23:10:25,461 HealthCheck                      Error    File in use F:\Program Files (x86)\Websense\Data Security\/./tomcat/logs/dlp\dlp-login.log and will not be deleted
2025-11-06 23:10:25,463 HealthCheck                      Error    File in use F:\Program Files (x86)\Websense\Data Security\/./tomcat/logs/dlp\dlp-policies-import-export.log and will not be deleted
2025-11-06 23:10:25,466 HealthCheck                      Error    File in use F:\Program Files (x86)\Websense\Data Security\/./tomcat/logs/dlp\dlp-tomcat.log and will not be deleted
2025-11-06 23:10:25,468 HealthCheck                      Error    File in use F:\Program Files (x86)\Websense\Data Security\/./tomcat/logs/dlp\policy_update.log and will not be deleted
2025-11-06 23:10:25,470 HealthCheck                      Error    File in use F:\Program Files (x86)\Websense\Data Security\/./tomcat/logs/forensics\forensics-spring.log and will not be deleted
2025-11-06 23:10:25,473 HealthCheck                      Error    File in use F:\Program Files (x86)\Websense\Data Security\/./tomcat/logs/forensics\forensics-tomcat.log and will not be deleted
2025-11-06 23:10:25,475 HealthCheck                      Error    File in use F:\Program Files (x86)\Websense\Data Security\/./tomcat/logs/tomcat\all.log and will not be deleted
2025-11-06 23:10:25,479 HealthCheck                      Error    File in use F:\Program Files (x86)\Websense\Data Security\/./Data-Batch-Server/service-container/container/logs/dbs\ae.log and will not be deleted
2025-11-06 23:10:25,482 HealthCheck                      Error    File in use F:\Program Files (x86)\Websense\Data Security\/./Data-Batch-Server/service-container/container/logs/dbs\endpoint.log and will not be deleted
2025-11-06 23:10:25,484 HealthCheck                      Error    File in use F:\Program Files (x86)\Websense\Data Security\/./Data-Batch-Server/service-container/container/logs/dbs\events.log and will not be deleted
2025-11-06 23:10:25,486 HealthCheck                      Error    File in use F:\Program Files (x86)\Websense\Data Security\/./Data-Batch-Server/service-container/container/logs/dbs\ldap.log and will not be deleted
2025-11-06 23:10:25,487 HealthCheck                      Error    File in use F:\Program Files (x86)\Websense\Data Security\/./Data-Batch-Server/service-container/container/logs/dbs\rap.log and will not be deleted
2025-11-06 23:10:25,488 HealthCheck                      Error    File in use F:\Program Files (x86)\Websense\Data Security\/./Data-Batch-Server/service-container/container/logs/dbs\spring.log and will not be deleted
2025-11-06 23:10:25,489 HealthCheck                      Error    File in use F:\Program Files (x86)\Websense\Data Security\/./Data-Batch-Server/service-container/container/logs/dbs\telemetry.log and will not be deleted
2025-11-07 23:10:26,614 HealthCheck                      Error    File in use F:\Program Files (x86)\Websense\Data Security\/./Logs\Scripts_PE.log and will not be deleted
2025-11-07 23:10:26,621 HealthCheck                      Error    File in use F:\Program Files (x86)\Websense\Data Security\/./EPS_CAMEL/data/service_logs\epsconnector-stderr.2025-07-24.log and will not be deleted
2025-11-07 23:10:26,623 HealthCheck                      Error    File in use F:\Program Files (x86)\Websense\Data Security\/./EPS_CAMEL/data/service_logs\epsconnector-stdout.2025-07-24.log and will not be deleted
2025-11-07 23:10:26,625 HealthCheck                      Error    File in use F:\Program Files (x86)\Websense\Data Security\/./EPS_CAMEL/data/service_logs\EPSConnector.2025-07-24.log and will not be deleted
2025-11-07 23:10:26,630 HealthCheck                      Error    File in use F:\Program Files (x86)\Websense\Data Security\/./tomcat/logs/dlp\dlp-login.log and will not be deleted
2025-11-07 23:10:26,633 HealthCheck                      Error    File in use F:\Program Files (x86)\Websense\Data Security\/./tomcat/logs/dlp\dlp-policies-import-export.log and will not be deleted
2025-11-07 23:10:26,636 HealthCheck                      Error    File in use F:\Program Files (x86)\Websense\Data Security\/./tomcat/logs/dlp\dlp-tomcat.log and will not be deleted
2025-11-07 23:10:26,638 HealthCheck                      Error    File in use F:\Program Files (x86)\Websense\Data Security\/./tomcat/logs/dlp\policy_update.log and will not be deleted
2025-11-07 23:10:26,642 HealthCheck                      Error    File in use F:\Program Files (x86)\Websense\Data Security\/./tomcat/logs/forensics\forensics-spring.log and will not be deleted
2025-11-07 23:10:26,644 HealthCheck                      Error    File in use F:\Program Files (x86)\Websense\Data Security\/./tomcat/logs/forensics\forensics-tomcat.log and will not be deleted
2025-11-07 23:10:26,646 HealthCheck                      Error    File in use F:\Program Files (x86)\Websense\Data Security\/./tomcat/logs/tomcat\all.log and will not be deleted
2025-11-07 23:10:26,650 HealthCheck                      Error    File in use F:\Program Files (x86)\Websense\Data Security\/./Data-Batch-Server/service-container/container/logs/dbs\ae.log and will not be deleted
2025-11-07 23:10:26,653 HealthCheck                      Error    File in use F:\Program Files (x86)\Websense\Data Security\/./Data-Batch-Server/service-container/container/logs/dbs\endpoint.log and will not be deleted
2025-11-07 23:10:26,655 HealthCheck                      Error    File in use F:\Program Files (x86)\Websense\Data Security\/./Data-Batch-Server/service-container/container/logs/dbs\events.log and will not be deleted
2025-11-07 23:10:26,656 HealthCheck                      Error    File in use F:\Program Files (x86)\Websense\Data Security\/./Data-Batch-Server/service-container/container/logs/dbs\ldap.log and will not be deleted
2025-11-07 23:10:26,657 HealthCheck                      Error    File in use F:\Program Files (x86)\Websense\Data Security\/./Data-Batch-Server/service-container/container/logs/dbs\rap.log and will not be deleted
2025-11-07 23:10:26,659 HealthCheck                      Error    File in use F:\Program Files (x86)\Websense\Data Security\/./Data-Batch-Server/service-container/container/logs/dbs\spring.log and will not be deleted
2025-11-07 23:10:26,660 HealthCheck                      Error    File in use F:\Program Files (x86)\Websense\Data Security\/./Data-Batch-Server/service-container/container/logs/dbs\telemetry.log and will not be deleted
2025-11-08 23:10:24,947 HealthCheck                      Error    File in use F:\Program Files (x86)\Websense\Data Security\/./Logs\Scripts_PE.log and will not be deleted
2025-11-08 23:10:24,952 HealthCheck                      Error    File in use F:\Program Files (x86)\Websense\Data Security\/./EPS_CAMEL/data/service_logs\epsconnector-stderr.2025-07-24.log and will not be deleted
2025-11-08 23:10:24,955 HealthCheck                      Error    File in use F:\Program Files (x86)\Websense\Data Security\/./EPS_CAMEL/data/service_logs\epsconnector-stdout.2025-07-24.log and will not be deleted
2025-11-08 23:10:24,956 HealthCheck                      Error    File in use F:\Program Files (x86)\Websense\Data Security\/./EPS_CAMEL/data/service_logs\EPSConnector.2025-07-24.log and will not be deleted
2025-11-08 23:10:24,960 HealthCheck                      Error    File in use F:\Program Files (x86)\Websense\Data Security\/./tomcat/logs/dlp\dlp-login.log and will not be deleted
2025-11-08 23:10:24,962 HealthCheck                      Error    File in use F:\Program Files (x86)\Websense\Data Security\/./tomcat/logs/dlp\dlp-policies-import-export.log and will not be deleted
2025-11-08 23:10:24,964 HealthCheck                      Error    File in use F:\Program Files (x86)\Websense\Data Security\/./tomcat/logs/dlp\dlp-tomcat.log and will not be deleted
2025-11-08 23:10:24,965 HealthCheck                      Error    File in use F:\Program Files (x86)\Websense\Data Security\/./tomcat/logs/dlp\policy_update.log and will not be deleted
2025-11-08 23:10:24,967 HealthCheck                      Error    File in use F:\Program Files (x86)\Websense\Data Security\/./tomcat/logs/forensics\forensics-spring.log and will not be deleted
2025-11-08 23:10:24,968 HealthCheck                      Error    File in use F:\Program Files (x86)\Websense\Data Security\/./tomcat/logs/forensics\forensics-tomcat.log and will not be deleted
2025-11-08 23:10:24,970 HealthCheck                      Error    File in use F:\Program Files (x86)\Websense\Data Security\/./tomcat/logs/tomcat\all.log and will not be deleted
2025-11-08 23:10:24,973 HealthCheck                      Error    File in use F:\Program Files (x86)\Websense\Data Security\/./Data-Batch-Server/service-container/container/logs/dbs\ae.log and will not be deleted
2025-11-08 23:10:24,976 HealthCheck                      Error    File in use F:\Program Files (x86)\Websense\Data Security\/./Data-Batch-Server/service-container/container/logs/dbs\endpoint.log and will not be deleted
2025-11-08 23:10:24,977 HealthCheck                      Error    File in use F:\Program Files (x86)\Websense\Data Security\/./Data-Batch-Server/service-container/container/logs/dbs\events.log and will not be deleted
2025-11-08 23:10:24,978 HealthCheck                      Error    File in use F:\Program Files (x86)\Websense\Data Security\/./Data-Batch-Server/service-container/container/logs/dbs\ldap.log and will not be deleted
2025-11-08 23:10:24,980 HealthCheck                      Error    File in use F:\Program Files (x86)\Websense\Data Security\/./Data-Batch-Server/service-container/container/logs/dbs\rap.log and will not be deleted
2025-11-08 23:10:24,981 HealthCheck                      Error    File in use F:\Program Files (x86)\Websense\Data Security\/./Data-Batch-Server/service-container/container/logs/dbs\spring.log and will not be deleted
2025-11-08 23:10:24,982 HealthCheck                      Error    File in use F:\Program Files (x86)\Websense\Data Security\/./Data-Batch-Server/service-container/container/logs/dbs\telemetry.log and will not be deleted
2025-11-09 23:10:25,597 HealthCheck                      Error    File in use F:\Program Files (x86)\Websense\Data Security\/./Logs\Scripts_PE.log and will not be deleted
2025-11-09 23:10:25,604 HealthCheck                      Error    File in use F:\Program Files (x86)\Websense\Data Security\/./EPS_CAMEL/data/service_logs\epsconnector-stderr.2025-07-24.log and will not be deleted
2025-11-09 23:10:25,605 HealthCheck                      Error    File in use F:\Program Files (x86)\Websense\Data Security\/./EPS_CAMEL/data/service_logs\epsconnector-stdout.2025-07-24.log and will not be deleted
2025-11-09 23:10:25,607 HealthCheck                      Error    File in use F:\Program Files (x86)\Websense\Data Security\/./EPS_CAMEL/data/service_logs\EPSConnector.2025-07-24.log and will not be deleted
2025-11-09 23:10:25,611 HealthCheck                      Error    File in use F:\Program Files (x86)\Websense\Data Security\/./tomcat/logs/dlp\dlp-login.log and will not be deleted
2025-11-09 23:10:25,613 HealthCheck                      Error    File in use F:\Program Files (x86)\Websense\Data Security\/./tomcat/logs/dlp\dlp-policies-import-export.log and will not be deleted
2025-11-09 23:10:25,615 HealthCheck                      Error    File in use F:\Program Files (x86)\Websense\Data Security\/./tomcat/logs/dlp\dlp-tomcat.log and will not be deleted
2025-11-09 23:10:25,617 HealthCheck                      Error    File in use F:\Program Files (x86)\Websense\Data Security\/./tomcat/logs/dlp\policy_update.log and will not be deleted
2025-11-09 23:10:25,620 HealthCheck                      Error    File in use F:\Program Files (x86)\Websense\Data Security\/./tomcat/logs/forensics\forensics-spring.log and will not be deleted
2025-11-09 23:10:25,623 HealthCheck                      Error    File in use F:\Program Files (x86)\Websense\Data Security\/./tomcat/logs/forensics\forensics-tomcat.log and will not be deleted
2025-11-09 23:10:25,624 HealthCheck                      Error    File in use F:\Program Files (x86)\Websense\Data Security\/./tomcat/logs/tomcat\all.log and will not be deleted
2025-11-09 23:10:25,628 HealthCheck                      Error    File in use F:\Program Files (x86)\Websense\Data Security\/./Data-Batch-Server/service-container/container/logs/dbs\ae.log and will not be deleted
2025-11-09 23:10:25,631 HealthCheck                      Error    File in use F:\Program Files (x86)\Websense\Data Security\/./Data-Batch-Server/service-container/container/logs/dbs\endpoint.log and will not be deleted
2025-11-09 23:10:25,633 HealthCheck                      Error    File in use F:\Program Files (x86)\Websense\Data Security\/./Data-Batch-Server/service-container/container/logs/dbs\events.log and will not be deleted
2025-11-09 23:10:25,635 HealthCheck                      Error    File in use F:\Program Files (x86)\Websense\Data Security\/./Data-Batch-Server/service-container/container/logs/dbs\ldap.log and will not be deleted
2025-11-09 23:10:25,637 HealthCheck                      Error    File in use F:\Program Files (x86)\Websense\Data Security\/./Data-Batch-Server/service-container/container/logs/dbs\rap.log and will not be deleted
2025-11-09 23:10:25,638 HealthCheck                      Error    File in use F:\Program Files (x86)\Websense\Data Security\/./Data-Batch-Server/service-container/container/logs/dbs\spring.log and will not be deleted
2025-11-09 23:10:25,639 HealthCheck                      Error    File in use F:\Program Files (x86)\Websense\Data Security\/./Data-Batch-Server/service-container/container/logs/dbs\telemetry.log and will not be deleted
2025-11-10 23:10:25,010 HealthCheck                      Error    File in use F:\Program Files (x86)\Websense\Data Security\/./Logs\Scripts_PE.log and will not be deleted
2025-11-10 23:10:25,014 HealthCheck                      Error    File in use F:\Program Files (x86)\Websense\Data Security\/./EPS_CAMEL/data/service_logs\epsconnector-stderr.2025-07-24.log and will not be deleted
2025-11-10 23:10:25,016 HealthCheck                      Error    File in use F:\Program Files (x86)\Websense\Data Security\/./EPS_CAMEL/data/service_logs\epsconnector-stdout.2025-07-24.log and will not be deleted
2025-11-10 23:10:25,017 HealthCheck                      Error    File in use F:\Program Files (x86)\Websense\Data Security\/./EPS_CAMEL/data/service_logs\EPSConnector.2025-07-24.log and will not be deleted
2025-11-10 23:10:25,020 HealthCheck                      Error    File in use F:\Program Files (x86)\Websense\Data Security\/./tomcat/logs/dlp\dlp-login.log and will not be deleted
2025-11-10 23:10:25,023 HealthCheck                      Error    File in use F:\Program Files (x86)\Websense\Data Security\/./tomcat/logs/dlp\dlp-policies-import-export.log and will not be deleted
2025-11-10 23:10:25,025 HealthCheck                      Error    File in use F:\Program Files (x86)\Websense\Data Security\/./tomcat/logs/dlp\dlp-tomcat.log and will not be deleted
2025-11-10 23:10:25,026 HealthCheck                      Error    File in use F:\Program Files (x86)\Websense\Data Security\/./tomcat/logs/dlp\policy_update.log and will not be deleted
2025-11-10 23:10:25,028 HealthCheck                      Error    File in use F:\Program Files (x86)\Websense\Data Security\/./tomcat/logs/forensics\forensics-spring.log and will not be deleted
2025-11-10 23:10:25,030 HealthCheck                      Error    File in use F:\Program Files (x86)\Websense\Data Security\/./tomcat/logs/forensics\forensics-tomcat.log and will not be deleted
2025-11-10 23:10:25,031 HealthCheck                      Error    File in use F:\Program Files (x86)\Websense\Data Security\/./tomcat/logs/tomcat\all.log and will not be deleted
2025-11-10 23:10:25,033 HealthCheck                      Error    File in use F:\Program Files (x86)\Websense\Data Security\/./Data-Batch-Server/service-container/container/logs/dbs\ae.log and will not be deleted
2025-11-10 23:10:25,036 HealthCheck                      Error    File in use F:\Program Files (x86)\Websense\Data Security\/./Data-Batch-Server/service-container/container/logs/dbs\endpoint.log and will not be deleted
2025-11-10 23:10:25,038 HealthCheck                      Error    File in use F:\Program Files (x86)\Websense\Data Security\/./Data-Batch-Server/service-container/container/logs/dbs\events.log and will not be deleted
2025-11-10 23:10:25,039 HealthCheck                      Error    File in use F:\Program Files (x86)\Websense\Data Security\/./Data-Batch-Server/service-container/container/logs/dbs\ldap.log and will not be deleted
2025-11-10 23:10:25,041 HealthCheck                      Error    File in use F:\Program Files (x86)\Websense\Data Security\/./Data-Batch-Server/service-container/container/logs/dbs\rap.log and will not be deleted
2025-11-10 23:10:25,042 HealthCheck                      Error    File in use F:\Program Files (x86)\Websense\Data Security\/./Data-Batch-Server/service-container/container/logs/dbs\spring.log and will not be deleted
2025-11-10 23:10:25,043 HealthCheck                      Error    File in use F:\Program Files (x86)\Websense\Data Security\/./Data-Batch-Server/service-container/container/logs/dbs\telemetry.log and will not be deleted
2025-11-11 23:10:25,284 HealthCheck                      Error    File in use F:\Program Files (x86)\Websense\Data Security\/./Logs\Scripts_PE.log and will not be deleted
2025-11-11 23:10:25,287 HealthCheck                      Error    File in use F:\Program Files (x86)\Websense\Data Security\/./EPS_CAMEL/data/service_logs\epsconnector-stderr.2025-07-24.log and will not be deleted
2025-11-11 23:10:25,289 HealthCheck                      Error    File in use F:\Program Files (x86)\Websense\Data Security\/./EPS_CAMEL/data/service_logs\epsconnector-stdout.2025-07-24.log and will not be deleted
2025-11-11 23:10:25,290 HealthCheck                      Error    File in use F:\Program Files (x86)\Websense\Data Security\/./EPS_CAMEL/data/service_logs\EPSConnector.2025-07-24.log and will not be deleted
2025-11-11 23:10:25,292 HealthCheck                      Error    File in use F:\Program Files (x86)\Websense\Data Security\/./tomcat/logs/dlp\dlp-login.log and will not be deleted
2025-11-11 23:10:25,293 HealthCheck                      Error    File in use F:\Program Files (x86)\Websense\Data Security\/./tomcat/logs/dlp\dlp-policies-import-export.log and will not be deleted
2025-11-11 23:10:25,294 HealthCheck                      Error    File in use F:\Program Files (x86)\Websense\Data Security\/./tomcat/logs/dlp\dlp-tomcat.log and will not be deleted
2025-11-11 23:10:25,295 HealthCheck                      Error    File in use F:\Program Files (x86)\Websense\Data Security\/./tomcat/logs/dlp\policy_update.log and will not be deleted
2025-11-11 23:10:25,297 HealthCheck                      Error    File in use F:\Program Files (x86)\Websense\Data Security\/./tomcat/logs/forensics\forensics-spring.log and will not be deleted
2025-11-11 23:10:25,300 HealthCheck                      Error    File in use F:\Program Files (x86)\Websense\Data Security\/./tomcat/logs/forensics\forensics-tomcat.log and will not be deleted
2025-11-11 23:10:25,302 HealthCheck                      Error    File in use F:\Program Files (x86)\Websense\Data Security\/./tomcat/logs/tomcat\all.log and will not be deleted
2025-11-11 23:10:25,306 HealthCheck                      Error    File in use F:\Program Files (x86)\Websense\Data Security\/./Data-Batch-Server/service-container/container/logs/dbs\ae.log and will not be deleted
2025-11-11 23:10:25,307 HealthCheck                      Error    File in use F:\Program Files (x86)\Websense\Data Security\/./Data-Batch-Server/service-container/container/logs/dbs\endpoint.log and will not be deleted
2025-11-11 23:10:25,309 HealthCheck                      Error    File in use F:\Program Files (x86)\Websense\Data Security\/./Data-Batch-Server/service-container/container/logs/dbs\events.log and will not be deleted
2025-11-11 23:10:25,310 HealthCheck                      Error    File in use F:\Program Files (x86)\Websense\Data Security\/./Data-Batch-Server/service-container/container/logs/dbs\ldap.log and will not be deleted
2025-11-11 23:10:25,311 HealthCheck                      Error    File in use F:\Program Files (x86)\Websense\Data Security\/./Data-Batch-Server/service-container/container/logs/dbs\rap.log and will not be deleted
2025-11-11 23:10:25,313 HealthCheck                      Error    File in use F:\Program Files (x86)\Websense\Data Security\/./Data-Batch-Server/service-container/container/logs/dbs\spring.log and will not be deleted
2025-11-11 23:10:25,314 HealthCheck                      Error    File in use F:\Program Files (x86)\Websense\Data Security\/./Data-Batch-Server/service-container/container/logs/dbs\telemetry.log and will not be deleted
2025-11-12 23:10:25,375 HealthCheck                      Error    File in use F:\Program Files (x86)\Websense\Data Security\/./Logs\Scripts_PE.log and will not be deleted
2025-11-12 23:10:25,377 HealthCheck                      Error    File in use F:\Program Files (x86)\Websense\Data Security\/./EPS_CAMEL/data/service_logs\epsconnector-stderr.2025-07-24.log and will not be deleted
2025-11-12 23:10:25,379 HealthCheck                      Error    File in use F:\Program Files (x86)\Websense\Data Security\/./EPS_CAMEL/data/service_logs\epsconnector-stdout.2025-07-24.log and will not be deleted
2025-11-12 23:10:25,380 HealthCheck                      Error    File in use F:\Program Files (x86)\Websense\Data Security\/./EPS_CAMEL/data/service_logs\EPSConnector.2025-07-24.log and will not be deleted
2025-11-12 23:10:25,387 HealthCheck                      Error    File in use F:\Program Files (x86)\Websense\Data Security\/./tomcat/logs/dlp\dlp-login.log and will not be deleted
2025-11-12 23:10:25,389 HealthCheck                      Error    File in use F:\Program Files (x86)\Websense\Data Security\/./tomcat/logs/dlp\dlp-policies-import-export.log and will not be deleted
2025-11-12 23:10:25,391 HealthCheck                      Error    File in use F:\Program Files (x86)\Websense\Data Security\/./tomcat/logs/dlp\dlp-tomcat.log and will not be deleted
2025-11-12 23:10:25,392 HealthCheck                      Error    File in use F:\Program Files (x86)\Websense\Data Security\/./tomcat/logs/dlp\policy_update.log and will not be deleted
2025-11-12 23:10:25,394 HealthCheck                      Error    File in use F:\Program Files (x86)\Websense\Data Security\/./tomcat/logs/forensics\forensics-spring.log and will not be deleted
2025-11-12 23:10:25,397 HealthCheck                      Error    File in use F:\Program Files (x86)\Websense\Data Security\/./tomcat/logs/forensics\forensics-tomcat.log and will not be deleted
2025-11-12 23:10:25,399 HealthCheck                      Error    File in use F:\Program Files (x86)\Websense\Data Security\/./tomcat/logs/tomcat\all.log and will not be deleted
2025-11-12 23:10:25,404 HealthCheck                      Error    File in use F:\Program Files (x86)\Websense\Data Security\/./Data-Batch-Server/service-container/container/logs/dbs\ae.log and will not be deleted
2025-11-12 23:10:25,407 HealthCheck                      Error    File in use F:\Program Files (x86)\Websense\Data Security\/./Data-Batch-Server/service-container/container/logs/dbs\endpoint.log and will not be deleted
2025-11-12 23:10:25,410 HealthCheck                      Error    File in use F:\Program Files (x86)\Websense\Data Security\/./Data-Batch-Server/service-container/container/logs/dbs\events.log and will not be deleted
2025-11-12 23:10:25,413 HealthCheck                      Error    File in use F:\Program Files (x86)\Websense\Data Security\/./Data-Batch-Server/service-container/container/logs/dbs\ldap.log and will not be deleted
2025-11-12 23:10:25,414 HealthCheck                      Error    File in use F:\Program Files (x86)\Websense\Data Security\/./Data-Batch-Server/service-container/container/logs/dbs\rap.log and will not be deleted
2025-11-12 23:10:25,417 HealthCheck                      Error    File in use F:\Program Files (x86)\Websense\Data Security\/./Data-Batch-Server/service-container/container/logs/dbs\spring.log and will not be deleted
2025-11-12 23:10:25,418 HealthCheck                      Error    File in use F:\Program Files (x86)\Websense\Data Security\/./Data-Batch-Server/service-container/container/logs/dbs\telemetry.log and will not be deleted
2025-11-13 23:10:25,080 HealthCheck                      Error    File in use F:\Program Files (x86)\Websense\Data Security\/./Logs\Scripts_PE.log and will not be deleted
2025-11-13 23:10:25,083 HealthCheck                      Error    File in use F:\Program Files (x86)\Websense\Data Security\/./EPS_CAMEL/data/service_logs\epsconnector-stderr.2025-07-24.log and will not be deleted
2025-11-13 23:10:25,084 HealthCheck                      Error    File in use F:\Program Files (x86)\Websense\Data Security\/./EPS_CAMEL/data/service_logs\epsconnector-stdout.2025-07-24.log and will not be deleted
2025-11-13 23:10:25,085 HealthCheck                      Error    File in use F:\Program Files (x86)\Websense\Data Security\/./EPS_CAMEL/data/service_logs\EPSConnector.2025-07-24.log and will not be deleted
2025-11-13 23:10:25,087 HealthCheck                      Error    File in use F:\Program Files (x86)\Websense\Data Security\/./tomcat/logs/dlp\dlp-login.log and will not be deleted
2025-11-13 23:10:25,088 HealthCheck                      Error    File in use F:\Program Files (x86)\Websense\Data Security\/./tomcat/logs/dlp\dlp-policies-import-export.log and will not be deleted
2025-11-13 23:10:25,092 HealthCheck                      Error    File in use F:\Program Files (x86)\Websense\Data Security\/./tomcat/logs/dlp\dlp-tomcat.log and will not be deleted
2025-11-13 23:10:25,095 HealthCheck                      Error    File in use F:\Program Files (x86)\Websense\Data Security\/./tomcat/logs/dlp\policy_update.log and will not be deleted
2025-11-13 23:10:25,099 HealthCheck                      Error    File in use F:\Program Files (x86)\Websense\Data Security\/./tomcat/logs/forensics\forensics-spring.log and will not be deleted
2025-11-13 23:10:25,101 HealthCheck                      Error    File in use F:\Program Files (x86)\Websense\Data Security\/./tomcat/logs/forensics\forensics-tomcat.log and will not be deleted
2025-11-13 23:10:25,103 HealthCheck                      Error    File in use F:\Program Files (x86)\Websense\Data Security\/./tomcat/logs/tomcat\all.log and will not be deleted
2025-11-13 23:10:25,108 HealthCheck                      Error    File in use F:\Program Files (x86)\Websense\Data Security\/./Data-Batch-Server/service-container/container/logs/dbs\ae.log and will not be deleted
2025-11-13 23:10:25,111 HealthCheck                      Error    File in use F:\Program Files (x86)\Websense\Data Security\/./Data-Batch-Server/service-container/container/logs/dbs\endpoint.log and will not be deleted
2025-11-13 23:10:25,113 HealthCheck                      Error    File in use F:\Program Files (x86)\Websense\Data Security\/./Data-Batch-Server/service-container/container/logs/dbs\events.log and will not be deleted
2025-11-13 23:10:25,114 HealthCheck                      Error    File in use F:\Program Files (x86)\Websense\Data Security\/./Data-Batch-Server/service-container/container/logs/dbs\ldap.log and will not be deleted
2025-11-13 23:10:25,116 HealthCheck                      Error    File in use F:\Program Files (x86)\Websense\Data Security\/./Data-Batch-Server/service-container/container/logs/dbs\rap.log and will not be deleted
2025-11-13 23:10:25,119 HealthCheck                      Error    File in use F:\Program Files (x86)\Websense\Data Security\/./Data-Batch-Server/service-container/container/logs/dbs\spring.log and will not be deleted
2025-11-13 23:10:25,121 HealthCheck                      Error    File in use F:\Program Files (x86)\Websense\Data Security\/./Data-Batch-Server/service-container/container/logs/dbs\telemetry.log and will not be deleted
2025-11-14 23:10:27,652 HealthCheck                      Error    File in use F:\Program Files (x86)\Websense\Data Security\/./Logs\Scripts_PE.log and will not be deleted
2025-11-14 23:10:27,659 HealthCheck                      Error    File in use F:\Program Files (x86)\Websense\Data Security\/./EPS_CAMEL/data/service_logs\epsconnector-stderr.2025-07-24.log and will not be deleted
2025-11-14 23:10:27,660 HealthCheck                      Error    File in use F:\Program Files (x86)\Websense\Data Security\/./EPS_CAMEL/data/service_logs\epsconnector-stdout.2025-07-24.log and will not be deleted
2025-11-14 23:10:27,662 HealthCheck                      Error    File in use F:\Program Files (x86)\Websense\Data Security\/./EPS_CAMEL/data/service_logs\EPSConnector.2025-07-24.log and will not be deleted
2025-11-14 23:10:27,664 HealthCheck                      Error    File in use F:\Program Files (x86)\Websense\Data Security\/./tomcat/logs/dlp\dlp-login.log and will not be deleted
2025-11-14 23:10:27,666 HealthCheck                      Error    File in use F:\Program Files (x86)\Websense\Data Security\/./tomcat/logs/dlp\dlp-policies-import-export.log and will not be deleted
2025-11-14 23:10:27,668 HealthCheck                      Error    File in use F:\Program Files (x86)\Websense\Data Security\/./tomcat/logs/dlp\dlp-tomcat.log and will not be deleted
2025-11-14 23:10:27,669 HealthCheck                      Error    File in use F:\Program Files (x86)\Websense\Data Security\/./tomcat/logs/dlp\policy_update.log and will not be deleted
2025-11-14 23:10:27,674 HealthCheck                      Error    File in use F:\Program Files (x86)\Websense\Data Security\/./tomcat/logs/forensics\forensics-spring.log and will not be deleted
2025-11-14 23:10:27,675 HealthCheck                      Error    File in use F:\Program Files (x86)\Websense\Data Security\/./tomcat/logs/forensics\forensics-tomcat.log and will not be deleted
2025-11-14 23:10:27,676 HealthCheck                      Error    File in use F:\Program Files (x86)\Websense\Data Security\/./tomcat/logs/tomcat\all.log and will not be deleted
2025-11-14 23:10:27,680 HealthCheck                      Error    File in use F:\Program Files (x86)\Websense\Data Security\/./Data-Batch-Server/service-container/container/logs/dbs\ae.log and will not be deleted
2025-11-14 23:10:27,683 HealthCheck                      Error    File in use F:\Program Files (x86)\Websense\Data Security\/./Data-Batch-Server/service-container/container/logs/dbs\endpoint.log and will not be deleted
2025-11-14 23:10:27,686 HealthCheck                      Error    File in use F:\Program Files (x86)\Websense\Data Security\/./Data-Batch-Server/service-container/container/logs/dbs\events.log and will not be deleted
2025-11-14 23:10:27,688 HealthCheck                      Error    File in use F:\Program Files (x86)\Websense\Data Security\/./Data-Batch-Server/service-container/container/logs/dbs\ldap.log and will not be deleted
2025-11-14 23:10:27,689 HealthCheck                      Error    File in use F:\Program Files (x86)\Websense\Data Security\/./Data-Batch-Server/service-container/container/logs/dbs\rap.log and will not be deleted
2025-11-14 23:10:27,692 HealthCheck                      Error    File in use F:\Program Files (x86)\Websense\Data Security\/./Data-Batch-Server/service-container/container/logs/dbs\spring.log and will not be deleted
2025-11-14 23:10:27,694 HealthCheck                      Error    File in use F:\Program Files (x86)\Websense\Data Security\/./Data-Batch-Server/service-container/container/logs/dbs\telemetry.log and will not be deleted
2025-11-15 23:10:24,586 HealthCheck                      Error    File in use F:\Program Files (x86)\Websense\Data Security\/./Logs\Office365.log and will not be deleted
2025-11-15 23:10:24,591 HealthCheck                      Error    File in use F:\Program Files (x86)\Websense\Data Security\/./Logs\Scripts_PE.log and will not be deleted
2025-11-15 23:10:24,594 HealthCheck                      Error    File in use F:\Program Files (x86)\Websense\Data Security\/./EPS_CAMEL/data/service_logs\epsconnector-stderr.2025-07-24.log and will not be deleted
2025-11-15 23:10:24,595 HealthCheck                      Error    File in use F:\Program Files (x86)\Websense\Data Security\/./EPS_CAMEL/data/service_logs\epsconnector-stdout.2025-07-24.log and will not be deleted
2025-11-15 23:10:24,596 HealthCheck                      Error    File in use F:\Program Files (x86)\Websense\Data Security\/./EPS_CAMEL/data/service_logs\EPSConnector.2025-07-24.log and will not be deleted
2025-11-15 23:10:24,598 HealthCheck                      Error    File in use F:\Program Files (x86)\Websense\Data Security\/./tomcat/logs/dlp\dlp-login.log and will not be deleted
2025-11-15 23:10:24,600 HealthCheck                      Error    File in use F:\Program Files (x86)\Websense\Data Security\/./tomcat/logs/dlp\dlp-policies-import-export.log and will not be deleted
2025-11-15 23:10:24,601 HealthCheck                      Error    File in use F:\Program Files (x86)\Websense\Data Security\/./tomcat/logs/dlp\dlp-tomcat.log and will not be deleted
2025-11-15 23:10:24,602 HealthCheck                      Error    File in use F:\Program Files (x86)\Websense\Data Security\/./tomcat/logs/dlp\policy_update.log and will not be deleted
2025-11-15 23:10:24,605 HealthCheck                      Error    File in use F:\Program Files (x86)\Websense\Data Security\/./tomcat/logs/forensics\forensics-spring.log and will not be deleted
2025-11-15 23:10:24,607 HealthCheck                      Error    File in use F:\Program Files (x86)\Websense\Data Security\/./tomcat/logs/forensics\forensics-tomcat.log and will not be deleted
2025-11-15 23:10:24,608 HealthCheck                      Error    File in use F:\Program Files (x86)\Websense\Data Security\/./tomcat/logs/tomcat\all.log and will not be deleted
2025-11-15 23:10:24,612 HealthCheck                      Error    File in use F:\Program Files (x86)\Websense\Data Security\/./Data-Batch-Server/service-container/container/logs/dbs\ae.log and will not be deleted
2025-11-15 23:10:24,614 HealthCheck                      Error    File in use F:\Program Files (x86)\Websense\Data Security\/./Data-Batch-Server/service-container/container/logs/dbs\endpoint.log and will not be deleted
2025-11-15 23:10:24,615 HealthCheck                      Error    File in use F:\Program Files (x86)\Websense\Data Security\/./Data-Batch-Server/service-container/container/logs/dbs\events.log and will not be deleted
2025-11-15 23:10:24,617 HealthCheck                      Error    File in use F:\Program Files (x86)\Websense\Data Security\/./Data-Batch-Server/service-container/container/logs/dbs\ldap.log and will not be deleted
2025-11-15 23:10:24,618 HealthCheck                      Error    File in use F:\Program Files (x86)\Websense\Data Security\/./Data-Batch-Server/service-container/container/logs/dbs\rap.log and will not be deleted
2025-11-15 23:10:24,619 HealthCheck                      Error    File in use F:\Program Files (x86)\Websense\Data Security\/./Data-Batch-Server/service-container/container/logs/dbs\spring.log and will not be deleted
2025-11-15 23:10:24,621 HealthCheck                      Error    File in use F:\Program Files (x86)\Websense\Data Security\/./Data-Batch-Server/service-container/container/logs/dbs\telemetry.log and will not be deleted
2025-11-16 23:10:25,857 HealthCheck                      Error    File in use F:\Program Files (x86)\Websense\Data Security\/./Logs\Office365.log and will not be deleted
2025-11-16 23:10:25,862 HealthCheck                      Error    File in use F:\Program Files (x86)\Websense\Data Security\/./Logs\Scripts_PE.log and will not be deleted
2025-11-16 23:10:25,864 HealthCheck                      Error    File in use F:\Program Files (x86)\Websense\Data Security\/./EPS_CAMEL/data/service_logs\epsconnector-stderr.2025-07-24.log and will not be deleted
2025-11-16 23:10:25,866 HealthCheck                      Error    File in use F:\Program Files (x86)\Websense\Data Security\/./EPS_CAMEL/data/service_logs\epsconnector-stdout.2025-07-24.log and will not be deleted
2025-11-16 23:10:25,867 HealthCheck                      Error    File in use F:\Program Files (x86)\Websense\Data Security\/./EPS_CAMEL/data/service_logs\EPSConnector.2025-07-24.log and will not be deleted
2025-11-16 23:10:25,870 HealthCheck                      Error    File in use F:\Program Files (x86)\Websense\Data Security\/./tomcat/logs/dlp\dlp-login.log and will not be deleted
2025-11-16 23:10:25,871 HealthCheck                      Error    File in use F:\Program Files (x86)\Websense\Data Security\/./tomcat/logs/dlp\dlp-policies-import-export.log and will not be deleted
2025-11-16 23:10:25,872 HealthCheck                      Error    File in use F:\Program Files (x86)\Websense\Data Security\/./tomcat/logs/dlp\dlp-tomcat.log and will not be deleted
2025-11-16 23:10:25,873 HealthCheck                      Error    File in use F:\Program Files (x86)\Websense\Data Security\/./tomcat/logs/dlp\policy_update.log and will not be deleted
2025-11-16 23:10:25,876 HealthCheck                      Error    File in use F:\Program Files (x86)\Websense\Data Security\/./tomcat/logs/forensics\forensics-spring.log and will not be deleted
2025-11-16 23:10:25,877 HealthCheck                      Error    File in use F:\Program Files (x86)\Websense\Data Security\/./tomcat/logs/forensics\forensics-tomcat.log and will not be deleted
2025-11-16 23:10:25,878 HealthCheck                      Error    File in use F:\Program Files (x86)\Websense\Data Security\/./tomcat/logs/tomcat\all.log and will not be deleted
2025-11-16 23:10:25,883 HealthCheck                      Error    File in use F:\Program Files (x86)\Websense\Data Security\/./Data-Batch-Server/service-container/container/logs/dbs\ae.log and will not be deleted
2025-11-16 23:10:25,885 HealthCheck                      Error    File in use F:\Program Files (x86)\Websense\Data Security\/./Data-Batch-Server/service-container/container/logs/dbs\endpoint.log and will not be deleted
2025-11-16 23:10:25,886 HealthCheck                      Error    File in use F:\Program Files (x86)\Websense\Data Security\/./Data-Batch-Server/service-container/container/logs/dbs\events.log and will not be deleted
2025-11-16 23:10:25,887 HealthCheck                      Error    File in use F:\Program Files (x86)\Websense\Data Security\/./Data-Batch-Server/service-container/container/logs/dbs\ldap.log and will not be deleted
2025-11-16 23:10:25,888 HealthCheck                      Error    File in use F:\Program Files (x86)\Websense\Data Security\/./Data-Batch-Server/service-container/container/logs/dbs\rap.log and will not be deleted
2025-11-16 23:10:25,891 HealthCheck                      Error    File in use F:\Program Files (x86)\Websense\Data Security\/./Data-Batch-Server/service-container/container/logs/dbs\spring.log and will not be deleted
2025-11-16 23:10:25,892 HealthCheck                      Error    File in use F:\Program Files (x86)\Websense\Data Security\/./Data-Batch-Server/service-container/container/logs/dbs\telemetry.log and will not be deleted
2025-11-17 23:10:23,199 HealthCheck                      Error    File in use F:\Program Files (x86)\Websense\Data Security\/./Logs\Office365.log and will not be deleted
2025-11-17 23:10:23,203 HealthCheck                      Error    File in use F:\Program Files (x86)\Websense\Data Security\/./Logs\Scripts_PE.log and will not be deleted
2025-11-17 23:10:23,205 HealthCheck                      Error    File in use F:\Program Files (x86)\Websense\Data Security\/./EPS_CAMEL/data/service_logs\epsconnector-stderr.2025-07-24.log and will not be deleted
2025-11-17 23:10:23,206 HealthCheck                      Error    File in use F:\Program Files (x86)\Websense\Data Security\/./EPS_CAMEL/data/service_logs\epsconnector-stdout.2025-07-24.log and will not be deleted
2025-11-17 23:10:23,207 HealthCheck                      Error    File in use F:\Program Files (x86)\Websense\Data Security\/./EPS_CAMEL/data/service_logs\EPSConnector.2025-07-24.log and will not be deleted
2025-11-17 23:10:23,210 HealthCheck                      Error    File in use F:\Program Files (x86)\Websense\Data Security\/./tomcat/logs/dlp\dlp-login.log and will not be deleted
2025-11-17 23:10:23,211 HealthCheck                      Error    File in use F:\Program Files (x86)\Websense\Data Security\/./tomcat/logs/dlp\dlp-policies-import-export.log and will not be deleted
2025-11-17 23:10:23,212 HealthCheck                      Error    File in use F:\Program Files (x86)\Websense\Data Security\/./tomcat/logs/dlp\dlp-tomcat.log and will not be deleted
2025-11-17 23:10:23,213 HealthCheck                      Error    File in use F:\Program Files (x86)\Websense\Data Security\/./tomcat/logs/dlp\policy_update.log and will not be deleted
2025-11-17 23:10:23,215 HealthCheck                      Error    File in use F:\Program Files (x86)\Websense\Data Security\/./tomcat/logs/forensics\forensics-spring.log and will not be deleted
2025-11-17 23:10:23,216 HealthCheck                      Error    File in use F:\Program Files (x86)\Websense\Data Security\/./tomcat/logs/forensics\forensics-tomcat.log and will not be deleted
2025-11-17 23:10:23,217 HealthCheck                      Error    File in use F:\Program Files (x86)\Websense\Data Security\/./tomcat/logs/tomcat\all.log and will not be deleted
2025-11-17 23:10:23,220 HealthCheck                      Error    File in use F:\Program Files (x86)\Websense\Data Security\/./Data-Batch-Server/service-container/container/logs/dbs\ae.log and will not be deleted
2025-11-17 23:10:23,222 HealthCheck                      Error    File in use F:\Program Files (x86)\Websense\Data Security\/./Data-Batch-Server/service-container/container/logs/dbs\endpoint.log and will not be deleted
2025-11-17 23:10:23,223 HealthCheck                      Error    File in use F:\Program Files (x86)\Websense\Data Security\/./Data-Batch-Server/service-container/container/logs/dbs\events.log and will not be deleted
2025-11-17 23:10:23,224 HealthCheck                      Error    File in use F:\Program Files (x86)\Websense\Data Security\/./Data-Batch-Server/service-container/container/logs/dbs\ldap.log and will not be deleted
2025-11-17 23:10:23,225 HealthCheck                      Error    File in use F:\Program Files (x86)\Websense\Data Security\/./Data-Batch-Server/service-container/container/logs/dbs\rap.log and will not be deleted
2025-11-17 23:10:23,226 HealthCheck                      Error    File in use F:\Program Files (x86)\Websense\Data Security\/./Data-Batch-Server/service-container/container/logs/dbs\spring.log and will not be deleted
2025-11-17 23:10:23,227 HealthCheck                      Error    File in use F:\Program Files (x86)\Websense\Data Security\/./Data-Batch-Server/service-container/container/logs/dbs\telemetry.log and will not be deleted
2025-11-18 23:10:24,173 HealthCheck                      Error    File in use F:\Program Files (x86)\Websense\Data Security\/./Logs\Office365.log and will not be deleted
2025-11-18 23:10:24,180 HealthCheck                      Error    File in use F:\Program Files (x86)\Websense\Data Security\/./Logs\Scripts_PE.log and will not be deleted
2025-11-18 23:10:24,182 HealthCheck                      Error    File in use F:\Program Files (x86)\Websense\Data Security\/./EPS_CAMEL/data/service_logs\epsconnector-stderr.2025-07-24.log and will not be deleted
2025-11-18 23:10:24,185 HealthCheck                      Error    File in use F:\Program Files (x86)\Websense\Data Security\/./EPS_CAMEL/data/service_logs\epsconnector-stdout.2025-07-24.log and will not be deleted
2025-11-18 23:10:24,187 HealthCheck                      Error    File in use F:\Program Files (x86)\Websense\Data Security\/./EPS_CAMEL/data/service_logs\EPSConnector.2025-07-24.log and will not be deleted
2025-11-18 23:10:24,191 HealthCheck                      Error    File in use F:\Program Files (x86)\Websense\Data Security\/./tomcat/logs/dlp\dlp-login.log and will not be deleted
2025-11-18 23:10:24,194 HealthCheck                      Error    File in use F:\Program Files (x86)\Websense\Data Security\/./tomcat/logs/dlp\dlp-policies-import-export.log and will not be deleted
2025-11-18 23:10:24,195 HealthCheck                      Error    File in use F:\Program Files (x86)\Websense\Data Security\/./tomcat/logs/dlp\dlp-spring.log and will not be deleted
2025-11-18 23:10:24,196 HealthCheck                      Error    File in use F:\Program Files (x86)\Websense\Data Security\/./tomcat/logs/dlp\dlp-tomcat.log and will not be deleted
2025-11-18 23:10:24,198 HealthCheck                      Error    File in use F:\Program Files (x86)\Websense\Data Security\/./tomcat/logs/dlp\policy_update.log and will not be deleted
2025-11-18 23:10:24,200 HealthCheck                      Error    File in use F:\Program Files (x86)\Websense\Data Security\/./tomcat/logs/forensics\forensics-spring.log and will not be deleted
2025-11-18 23:10:24,201 HealthCheck                      Error    File in use F:\Program Files (x86)\Websense\Data Security\/./tomcat/logs/forensics\forensics-tomcat.log and will not be deleted
2025-11-18 23:10:24,204 HealthCheck                      Error    File in use F:\Program Files (x86)\Websense\Data Security\/./tomcat/logs/tomcat\all.log and will not be deleted
2025-11-18 23:10:24,209 HealthCheck                      Error    File in use F:\Program Files (x86)\Websense\Data Security\/./Data-Batch-Server/service-container/container/logs/dbs\ae.log and will not be deleted
2025-11-18 23:10:24,211 HealthCheck                      Error    File in use F:\Program Files (x86)\Websense\Data Security\/./Data-Batch-Server/service-container/container/logs/dbs\endpoint.log and will not be deleted
2025-11-18 23:10:24,214 HealthCheck                      Error    File in use F:\Program Files (x86)\Websense\Data Security\/./Data-Batch-Server/service-container/container/logs/dbs\events.log and will not be deleted
2025-11-18 23:10:24,216 HealthCheck                      Error    File in use F:\Program Files (x86)\Websense\Data Security\/./Data-Batch-Server/service-container/container/logs/dbs\hibernate.log and will not be deleted
2025-11-18 23:10:24,218 HealthCheck                      Error    File in use F:\Program Files (x86)\Websense\Data Security\/./Data-Batch-Server/service-container/container/logs/dbs\jetty.log and will not be deleted
2025-11-18 23:10:24,220 HealthCheck                      Error    File in use F:\Program Files (x86)\Websense\Data Security\/./Data-Batch-Server/service-container/container/logs/dbs\ldap.log and will not be deleted
2025-11-18 23:10:24,222 HealthCheck                      Error    File in use F:\Program Files (x86)\Websense\Data Security\/./Data-Batch-Server/service-container/container/logs/dbs\rap.log and will not be deleted
2025-11-18 23:10:24,223 HealthCheck                      Error    File in use F:\Program Files (x86)\Websense\Data Security\/./Data-Batch-Server/service-container/container/logs/dbs\spring.log and will not be deleted
2025-11-18 23:10:24,225 HealthCheck                      Error    File in use F:\Program Files (x86)\Websense\Data Security\/./Data-Batch-Server/service-container/container/logs/dbs\telemetry.log and will not be deleted
2025-11-18 23:10:24,227 HealthCheck                      Error    File in use F:\Program Files (x86)\Websense\Data Security\/./Data-Batch-Server/service-container/container/logs/rap-etl\rap-etl-all.log and will not be deleted
2025-11-18 23:10:24,229 HealthCheck                      Error    File in use F:\Program Files (x86)\Websense\Data Security\/./Data-Batch-Server/service-container/container/logs/service_logs\DSSBatchServer.2025-10-19.log and will not be deleted
2025-11-19 23:10:24,298 HealthCheck                      Error    File in use F:\Program Files (x86)\Websense\Data Security\/./Logs\Office365.log and will not be deleted
2025-11-19 23:10:24,302 HealthCheck                      Error    File in use F:\Program Files (x86)\Websense\Data Security\/./Logs\Scripts_PE.log and will not be deleted
2025-11-19 23:10:24,304 HealthCheck                      Error    File in use F:\Program Files (x86)\Websense\Data Security\/./EPS_CAMEL/data/service_logs\epsconnector-stderr.2025-07-24.log and will not be deleted
2025-11-19 23:10:24,306 HealthCheck                      Error    File in use F:\Program Files (x86)\Websense\Data Security\/./EPS_CAMEL/data/service_logs\epsconnector-stdout.2025-07-24.log and will not be deleted
2025-11-19 23:10:24,307 HealthCheck                      Error    File in use F:\Program Files (x86)\Websense\Data Security\/./EPS_CAMEL/data/service_logs\EPSConnector.2025-07-24.log and will not be deleted
2025-11-19 23:10:24,310 HealthCheck                      Error    File in use F:\Program Files (x86)\Websense\Data Security\/./tomcat/logs/dlp\dlp-login.log and will not be deleted
2025-11-19 23:10:24,311 HealthCheck                      Error    File in use F:\Program Files (x86)\Websense\Data Security\/./tomcat/logs/dlp\dlp-policies-import-export.log and will not be deleted
2025-11-19 23:10:24,313 HealthCheck                      Error    File in use F:\Program Files (x86)\Websense\Data Security\/./tomcat/logs/dlp\dlp-spring.log and will not be deleted
2025-11-19 23:10:24,314 HealthCheck                      Error    File in use F:\Program Files (x86)\Websense\Data Security\/./tomcat/logs/dlp\dlp-tomcat.log and will not be deleted
2025-11-19 23:10:24,315 HealthCheck                      Error    File in use F:\Program Files (x86)\Websense\Data Security\/./tomcat/logs/dlp\policy_update.log and will not be deleted
2025-11-19 23:10:24,318 HealthCheck                      Error    File in use F:\Program Files (x86)\Websense\Data Security\/./tomcat/logs/forensics\forensics-spring.log and will not be deleted
2025-11-19 23:10:24,319 HealthCheck                      Error    File in use F:\Program Files (x86)\Websense\Data Security\/./tomcat/logs/forensics\forensics-tomcat.log and will not be deleted
2025-11-19 23:10:24,320 HealthCheck                      Error    File in use F:\Program Files (x86)\Websense\Data Security\/./tomcat/logs/tomcat\all.log and will not be deleted
2025-11-19 23:10:24,327 HealthCheck                      Error    File in use F:\Program Files (x86)\Websense\Data Security\/./Data-Batch-Server/service-container/container/logs/dbs\ae.log and will not be deleted
2025-11-19 23:10:24,329 HealthCheck                      Error    File in use F:\Program Files (x86)\Websense\Data Security\/./Data-Batch-Server/service-container/container/logs/dbs\endpoint.log and will not be deleted
2025-11-19 23:10:24,330 HealthCheck                      Error    File in use F:\Program Files (x86)\Websense\Data Security\/./Data-Batch-Server/service-container/container/logs/dbs\events.log and will not be deleted
2025-11-19 23:10:24,332 HealthCheck                      Error    File in use F:\Program Files (x86)\Websense\Data Security\/./Data-Batch-Server/service-container/container/logs/dbs\hibernate.log and will not be deleted
2025-11-19 23:10:24,334 HealthCheck                      Error    File in use F:\Program Files (x86)\Websense\Data Security\/./Data-Batch-Server/service-container/container/logs/dbs\jetty.log and will not be deleted
2025-11-19 23:10:24,335 HealthCheck                      Error    File in use F:\Program Files (x86)\Websense\Data Security\/./Data-Batch-Server/service-container/container/logs/dbs\ldap.log and will not be deleted
2025-11-19 23:10:24,337 HealthCheck                      Error    File in use F:\Program Files (x86)\Websense\Data Security\/./Data-Batch-Server/service-container/container/logs/dbs\rap.log and will not be deleted
2025-11-19 23:10:24,339 HealthCheck                      Error    File in use F:\Program Files (x86)\Websense\Data Security\/./Data-Batch-Server/service-container/container/logs/dbs\spring.log and will not be deleted
2025-11-19 23:10:24,340 HealthCheck                      Error    File in use F:\Program Files (x86)\Websense\Data Security\/./Data-Batch-Server/service-container/container/logs/dbs\telemetry.log and will not be deleted
2025-11-19 23:10:24,342 HealthCheck                      Error    File in use F:\Program Files (x86)\Websense\Data Security\/./Data-Batch-Server/service-container/container/logs/rap-etl\rap-etl-all.log and will not be deleted
2025-11-19 23:10:24,343 HealthCheck                      Error    File in use F:\Program Files (x86)\Websense\Data Security\/./Data-Batch-Server/service-container/container/logs/service_logs\DSSBatchServer.2025-10-19.log and will not be deleted
2025-11-20 08:39:12,095 HealthCheck                      Error    FPR Test FPRRunDummyDetection Failed
2025-11-20 08:39:12,099 HealthCheck                      Error    FPRRunDummyDetection failed but counter is  [1<=4] so no action was taken
2025-11-20 08:44:12,155 HealthCheck                      Error    FPR Test FPRRunDummyDetection Failed
2025-11-20 08:44:12,158 HealthCheck                      Error    FPRRunDummyDetection failed but counter is  [1<=4] so no action was taken
2025-11-20 08:49:12,053 HealthCheck                      Error    FPR Test FPRRunDummyDetection Failed
2025-11-20 08:49:12,057 HealthCheck                      Error    FPRRunDummyDetection failed but counter is  [1<=4] so no action was taken
2025-11-20 08:54:12,228 HealthCheck                      Error    FPR Test FPRRunDummyDetection Failed
2025-11-20 08:54:12,230 HealthCheck                      Error    FPRRunDummyDetection failed but counter is  [1<=4] so no action was taken
2025-11-20 08:59:12,742 HealthCheck                      Error    FPR Test FPRRunDummyDetection Failed
2025-11-20 08:59:12,745 HealthCheck                      Error    FPRRunDummyDetection failed but counter is  [1<=4] so no action was taken
2025-11-20 09:04:11,847 HealthCheck                      Error    FPR Test FPRRunDummyDetection Failed
2025-11-20 09:04:11,851 HealthCheck                      Error    FPRRunDummyDetection failed but counter is  [1<=4] so no action was taken
2025-11-20 09:09:12,203 HealthCheck                      Error    FPR Test FPRRunDummyDetection Failed
2025-11-20 09:09:12,206 HealthCheck                      Error    FPRRunDummyDetection failed but counter is  [1<=4] so no action was taken
2025-11-20 09:14:12,124 HealthCheck                      Error    FPR Test FPRRunDummyDetection Failed
2025-11-20 09:14:12,129 HealthCheck                      Error    FPRRunDummyDetection failed but counter is  [1<=4] so no action was taken
2025-11-20 09:19:11,979 HealthCheck                      Error    FPR Test FPRRunDummyDetection Failed
2025-11-20 09:19:11,982 HealthCheck                      Error    FPRRunDummyDetection failed but counter is  [1<=4] so no action was taken
2025-11-20 09:24:11,731 HealthCheck                      Error    FPR Test FPRRunDummyDetection Failed
2025-11-20 09:24:11,735 HealthCheck                      Error    FPRRunDummyDetection failed but counter is  [1<=4] so no action was taken
2025-11-20 09:29:12,229 HealthCheck                      Error    FPR Test FPRRunDummyDetection Failed
2025-11-20 09:29:12,232 HealthCheck                      Error    FPRRunDummyDetection failed but counter is  [1<=4] so no action was taken
2025-11-20 09:34:11,205 HealthCheck                      Error    FPR Test FPRRunDummyDetection Failed
2025-11-20 09:34:11,209 HealthCheck                      Error    FPRRunDummyDetection failed but counter is  [1<=4] so no action was taken
2025-11-20 09:39:12,267 HealthCheck                      Error    FPR Test FPRRunDummyDetection Failed
2025-11-20 09:39:12,270 HealthCheck                      Error    FPRRunDummyDetection failed but counter is  [1<=4] so no action was taken
2025-11-20 09:44:11,504 HealthCheck                      Error    FPR Test FPRRunDummyDetection Failed
2025-11-20 09:44:11,506 HealthCheck                      Error    FPRRunDummyDetection failed but counter is  [1<=4] so no action was taken
2025-11-20 09:49:10,958 HealthCheck                      Error    FPR Test FPRRunDummyDetection Failed
2025-11-20 09:49:10,962 HealthCheck                      Error    FPRRunDummyDetection failed but counter is  [1<=4] so no action was taken
2025-11-20 09:54:12,544 HealthCheck                      Error    FPR Test FPRRunDummyDetection Failed
2025-11-20 09:54:12,547 HealthCheck                      Error    FPRRunDummyDetection failed but counter is  [1<=4] so no action was taken
2025-11-20 09:59:12,327 HealthCheck                      Error    FPR Test FPRRunDummyDetection Failed
2025-11-20 09:59:12,330 HealthCheck                      Error    FPRRunDummyDetection failed but counter is  [1<=4] so no action was taken
2025-11-20 10:04:12,079 HealthCheck                      Error    FPR Test FPRRunDummyDetection Failed
2025-11-20 10:04:12,084 HealthCheck                      Error    FPRRunDummyDetection failed but counter is  [1<=4] so no action was taken
2025-11-20 10:09:12,074 HealthCheck                      Error    FPR Test FPRRunDummyDetection Failed
2025-11-20 10:09:12,076 HealthCheck                      Error    FPRRunDummyDetection failed but counter is  [1<=4] so no action was taken
2025-11-20 10:14:12,317 HealthCheck                      Error    FPR Test FPRRunDummyDetection Failed
2025-11-20 10:14:12,319 HealthCheck                      Error    FPRRunDummyDetection failed but counter is  [1<=4] so no action was taken
2025-11-20 10:19:12,070 HealthCheck                      Error    FPR Test FPRRunDummyDetection Failed
2025-11-20 10:19:12,074 HealthCheck                      Error    FPRRunDummyDetection failed but counter is  [1<=4] so no action was taken
2025-11-20 10:24:14,752 HealthCheck                      Error    FPR Test FPRRunDummyDetection Failed
2025-11-20 10:24:14,756 HealthCheck                      Error    FPRRunDummyDetection failed but counter is  [1<=4] so no action was taken
2025-11-20 10:29:11,981 HealthCheck                      Error    FPR Test FPRRunDummyDetection Failed
2025-11-20 10:29:11,985 HealthCheck                      Error    FPRRunDummyDetection failed but counter is  [1<=4] so no action was taken
2025-11-20 10:34:10,613 HealthCheck                      Error    FPR Test FPRRunDummyDetection Failed
2025-11-20 10:34:10,616 HealthCheck                      Error    FPRRunDummyDetection failed but counter is  [1<=4] so no action was taken
2025-11-20 10:39:11,943 HealthCheck                      Error    FPR Test FPRRunDummyDetection Failed
2025-11-20 10:39:11,947 HealthCheck                      Error    FPRRunDummyDetection failed but counter is  [1<=4] so no action was taken
2025-11-20 10:44:11,881 HealthCheck                      Error    FPR Test FPRRunDummyDetection Failed
2025-11-20 10:44:11,885 HealthCheck                      Error    FPRRunDummyDetection failed but counter is  [1<=4] so no action was taken
2025-11-20 10:49:11,538 HealthCheck                      Error    FPR Test FPRRunDummyDetection Failed
2025-11-20 10:49:11,542 HealthCheck                      Error    FPRRunDummyDetection failed but counter is  [1<=4] so no action was taken
2025-11-20 10:54:12,352 HealthCheck                      Error    FPR Test FPRRunDummyDetection Failed
2025-11-20 10:54:12,356 HealthCheck                      Error    FPRRunDummyDetection failed but counter is  [1<=4] so no action was taken
2025-11-20 10:59:12,190 HealthCheck                      Error    FPR Test FPRRunDummyDetection Failed
2025-11-20 10:59:12,194 HealthCheck                      Error    FPRRunDummyDetection failed but counter is  [1<=4] so no action was taken
2025-11-20 11:04:10,791 HealthCheck                      Error    FPR Test FPRRunDummyDetection Failed
2025-11-20 11:04:10,793 HealthCheck                      Error    FPRRunDummyDetection failed but counter is  [1<=4] so no action was taken
2025-11-20 11:09:11,915 HealthCheck                      Error    FPR Test FPRRunDummyDetection Failed
2025-11-20 11:09:11,918 HealthCheck                      Error    FPRRunDummyDetection failed but counter is  [1<=4] so no action was taken
2025-11-20 11:14:11,764 HealthCheck                      Error    FPR Test FPRRunDummyDetection Failed
2025-11-20 11:14:11,767 HealthCheck                      Error    FPRRunDummyDetection failed but counter is  [1<=4] so no action was taken
2025-11-20 11:19:12,187 HealthCheck                      Error    FPR Test FPRRunDummyDetection Failed
2025-11-20 11:19:12,190 HealthCheck                      Error    FPRRunDummyDetection failed but counter is  [1<=4] so no action was taken
2025-11-20 11:24:12,213 HealthCheck                      Error    FPR Test FPRRunDummyDetection Failed
2025-11-20 11:24:12,216 HealthCheck                      Error    FPRRunDummyDetection failed but counter is  [1<=4] so no action was taken
2025-11-20 11:25:13,324 HealthCheck                      Error    Failed sending DummyDetection Request
2025-11-20 11:25:13,329 HealthCheck                      Error    FPR Test FPRRunDummyDetection Failed
2025-11-20 11:25:13,331 HealthCheck                      Error    FPRRunDummyDetection failed but counter is  [1<=4] so no action was taken
2025-11-20 11:30:13,795 HealthCheck                      Error    Failed sending DummyDetection Request
2025-11-20 11:30:13,799 HealthCheck                      Error    FPR Test FPRRunDummyDetection Failed
2025-11-20 11:30:13,800 HealthCheck                      Error    FPRRunDummyDetection failed but counter is  [2<=4] so no action was taken
2025-11-20 11:35:12,939 HealthCheck                      Error    Failed sending DummyDetection Request
2025-11-20 11:35:12,940 HealthCheck                      Error    FPR Test FPRRunDummyDetection Failed
2025-11-20 11:35:12,941 HealthCheck                      Error    FPRRunDummyDetection failed but counter is  [3<=4] so no action was taken
2025-11-20 11:40:13,817 HealthCheck                      Error    Failed sending DummyDetection Request
2025-11-20 11:40:13,820 HealthCheck                      Error    FPR Test FPRRunDummyDetection Failed
2025-11-20 11:40:13,823 HealthCheck                      Error    FPRRunDummyDetection failed but counter is  [4<=4] so no action was taken
2025-11-20 11:45:13,278 HealthCheck                      Error    Failed sending DummyDetection Request
2025-11-20 11:45:13,281 HealthCheck                      Error    FPR Test FPRRunDummyDetection Failed
2025-11-20 11:45:13,286 HealthCheck                      Error    Stopping process: PAFPREP
2025-11-20 11:45:16,203 Utils.SystemLogging              Error    [Th:Thread-3 (CheckDetection)] Posting error to system Log
2025-11-20 11:45:16,206 Utils.SystemLogging              Error    [Th:Thread-3 (CheckDetection)] Posted error to system Log
2025-11-20 11:45:28,790 HealthCheck                      Error    There are processes holding port 17505 that will be killed: [7064]
2025-11-20 11:45:29,219 HealthCheck                      Error    killing process  with ID 7064
2025-11-20 11:45:36,568 HealthCheck                      Error    There are processes holding port 17505 that will be killed: [7064]
2025-11-20 11:45:37,023 HealthCheck                      Error    killing process  with ID 7064
2025-11-20 11:45:44,903 HealthCheck                      Error    There are processes holding port 17505 that will be killed: [7064]
2025-11-20 11:45:45,305 HealthCheck                      Error    killing process  with ID 7064
2025-11-20 11:45:48,819 Utils.SystemLogging              Error    [Th:Thread-3 (CheckDetection)] Posting error to system Log
2025-11-20 11:45:48,820 Utils.SystemLogging              Error    [Th:Thread-3 (CheckDetection)] Posted error to system Log
2025-11-20 23:10:24,684 HealthCheck                      Error    File in use F:\Program Files (x86)\Websense\Data Security\/./Logs\Office365.log and will not be deleted
2025-11-20 23:10:24,690 HealthCheck                      Error    File in use F:\Program Files (x86)\Websense\Data Security\/./Logs\Scripts_PE.log and will not be deleted
2025-11-20 23:10:24,694 HealthCheck                      Error    File in use F:\Program Files (x86)\Websense\Data Security\/./EPS_CAMEL/data/service_logs\epsconnector-stderr.2025-07-24.log and will not be deleted
2025-11-20 23:10:24,696 HealthCheck                      Error    File in use F:\Program Files (x86)\Websense\Data Security\/./EPS_CAMEL/data/service_logs\epsconnector-stdout.2025-07-24.log and will not be deleted
2025-11-20 23:10:24,696 HealthCheck                      Error    File in use F:\Program Files (x86)\Websense\Data Security\/./EPS_CAMEL/data/service_logs\EPSConnector.2025-07-24.log and will not be deleted
2025-11-20 23:10:24,699 HealthCheck                      Error    File in use F:\Program Files (x86)\Websense\Data Security\/./tomcat/logs/dlp\dlp-login.log and will not be deleted
2025-11-20 23:10:24,702 HealthCheck                      Error    File in use F:\Program Files (x86)\Websense\Data Security\/./tomcat/logs/dlp\dlp-policies-import-export.log and will not be deleted
2025-11-20 23:10:24,704 HealthCheck                      Error    File in use F:\Program Files (x86)\Websense\Data Security\/./tomcat/logs/dlp\dlp-spring.log and will not be deleted
2025-11-20 23:10:24,705 HealthCheck                      Error    File in use F:\Program Files (x86)\Websense\Data Security\/./tomcat/logs/dlp\dlp-tomcat.log and will not be deleted
2025-11-20 23:10:24,706 HealthCheck                      Error    File in use F:\Program Files (x86)\Websense\Data Security\/./tomcat/logs/dlp\policy_update.log and will not be deleted
2025-11-20 23:10:24,707 HealthCheck                      Error    File in use F:\Program Files (x86)\Websense\Data Security\/./tomcat/logs/forensics\forensics-spring.log and will not be deleted
2025-11-20 23:10:24,710 HealthCheck                      Error    File in use F:\Program Files (x86)\Websense\Data Security\/./tomcat/logs/forensics\forensics-tomcat.log and will not be deleted
2025-11-20 23:10:24,713 HealthCheck                      Error    File in use F:\Program Files (x86)\Websense\Data Security\/./tomcat/logs/tomcat\all.log and will not be deleted
2025-11-20 23:10:24,719 HealthCheck                      Error    File in use F:\Program Files (x86)\Websense\Data Security\/./Data-Batch-Server/service-container/container/logs/dbs\ae.log and will not be deleted
2025-11-20 23:10:24,723 HealthCheck                      Error    File in use F:\Program Files (x86)\Websense\Data Security\/./Data-Batch-Server/service-container/container/logs/dbs\endpoint.log and will not be deleted
2025-11-20 23:10:24,725 HealthCheck                      Error    File in use F:\Program Files (x86)\Websense\Data Security\/./Data-Batch-Server/service-container/container/logs/dbs\events.log and will not be deleted
2025-11-20 23:10:24,728 HealthCheck                      Error    File in use F:\Program Files (x86)\Websense\Data Security\/./Data-Batch-Server/service-container/container/logs/dbs\hibernate.log and will not be deleted
2025-11-20 23:10:24,730 HealthCheck                      Error    File in use F:\Program Files (x86)\Websense\Data Security\/./Data-Batch-Server/service-container/container/logs/dbs\jetty.log and will not be deleted
2025-11-20 23:10:24,732 HealthCheck                      Error    File in use F:\Program Files (x86)\Websense\Data Security\/./Data-Batch-Server/service-container/container/logs/dbs\ldap.log and will not be deleted
2025-11-20 23:10:24,734 HealthCheck                      Error    File in use F:\Program Files (x86)\Websense\Data Security\/./Data-Batch-Server/service-container/container/logs/dbs\rap.log and will not be deleted
2025-11-20 23:10:24,736 HealthCheck                      Error    File in use F:\Program Files (x86)\Websense\Data Security\/./Data-Batch-Server/service-container/container/logs/dbs\spring.log and will not be deleted
2025-11-20 23:10:24,739 HealthCheck                      Error    File in use F:\Program Files (x86)\Websense\Data Security\/./Data-Batch-Server/service-container/container/logs/dbs\telemetry.log and will not be deleted
2025-11-20 23:10:24,741 HealthCheck                      Error    File in use F:\Program Files (x86)\Websense\Data Security\/./Data-Batch-Server/service-container/container/logs/rap-etl\rap-etl-all.log and will not be deleted
2025-11-20 23:10:24,744 HealthCheck                      Error    File in use F:\Program Files (x86)\Websense\Data Security\/./Data-Batch-Server/service-container/container/logs/service_logs\DSSBatchServer.2025-10-19.log and will not be deleted
2025-11-21 23:10:24,736 HealthCheck                      Error    File in use F:\Program Files (x86)\Websense\Data Security\/./Logs\Office365.log and will not be deleted
2025-11-21 23:10:24,742 HealthCheck                      Error    File in use F:\Program Files (x86)\Websense\Data Security\/./Logs\Scripts_PE.log and will not be deleted
2025-11-21 23:10:24,745 HealthCheck                      Error    File in use F:\Program Files (x86)\Websense\Data Security\/./EPS_CAMEL/data/service_logs\epsconnector-stderr.2025-07-24.log and will not be deleted
2025-11-21 23:10:24,747 HealthCheck                      Error    File in use F:\Program Files (x86)\Websense\Data Security\/./EPS_CAMEL/data/service_logs\epsconnector-stdout.2025-07-24.log and will not be deleted
2025-11-21 23:10:24,749 HealthCheck                      Error    File in use F:\Program Files (x86)\Websense\Data Security\/./EPS_CAMEL/data/service_logs\EPSConnector.2025-07-24.log and will not be deleted
2025-11-21 23:10:24,753 HealthCheck                      Error    File in use F:\Program Files (x86)\Websense\Data Security\/./tomcat/logs/dlp\dlp-login.log and will not be deleted
2025-11-21 23:10:24,755 HealthCheck                      Error    File in use F:\Program Files (x86)\Websense\Data Security\/./tomcat/logs/dlp\dlp-policies-import-export.log and will not be deleted
2025-11-21 23:10:24,757 HealthCheck                      Error    File in use F:\Program Files (x86)\Websense\Data Security\/./tomcat/logs/dlp\dlp-spring.log and will not be deleted
2025-11-21 23:10:24,758 HealthCheck                      Error    File in use F:\Program Files (x86)\Websense\Data Security\/./tomcat/logs/dlp\dlp-tomcat.log and will not be deleted
2025-11-21 23:10:24,759 HealthCheck                      Error    File in use F:\Program Files (x86)\Websense\Data Security\/./tomcat/logs/dlp\policy_update.log and will not be deleted
2025-11-21 23:10:24,761 HealthCheck                      Error    File in use F:\Program Files (x86)\Websense\Data Security\/./tomcat/logs/forensics\forensics-spring.log and will not be deleted
2025-11-21 23:10:24,763 HealthCheck                      Error    File in use F:\Program Files (x86)\Websense\Data Security\/./tomcat/logs/forensics\forensics-tomcat.log and will not be deleted
2025-11-21 23:10:24,764 HealthCheck                      Error    File in use F:\Program Files (x86)\Websense\Data Security\/./tomcat/logs/tomcat\all.log and will not be deleted
2025-11-21 23:10:24,770 HealthCheck                      Error    File in use F:\Program Files (x86)\Websense\Data Security\/./Data-Batch-Server/service-container/container/logs/dbs\ae.log and will not be deleted
2025-11-21 23:10:24,772 HealthCheck                      Error    File in use F:\Program Files (x86)\Websense\Data Security\/./Data-Batch-Server/service-container/container/logs/dbs\endpoint.log and will not be deleted
2025-11-21 23:10:24,773 HealthCheck                      Error    File in use F:\Program Files (x86)\Websense\Data Security\/./Data-Batch-Server/service-container/container/logs/dbs\events.log and will not be deleted
2025-11-21 23:10:24,775 HealthCheck                      Error    File in use F:\Program Files (x86)\Websense\Data Security\/./Data-Batch-Server/service-container/container/logs/dbs\hibernate.log and will not be deleted
2025-11-21 23:10:24,776 HealthCheck                      Error    File in use F:\Program Files (x86)\Websense\Data Security\/./Data-Batch-Server/service-container/container/logs/dbs\jetty.log and will not be deleted
2025-11-21 23:10:24,777 HealthCheck                      Error    File in use F:\Program Files (x86)\Websense\Data Security\/./Data-Batch-Server/service-container/container/logs/dbs\ldap.log and will not be deleted
2025-11-21 23:10:24,780 HealthCheck                      Error    File in use F:\Program Files (x86)\Websense\Data Security\/./Data-Batch-Server/service-container/container/logs/dbs\rap.log and will not be deleted
2025-11-21 23:10:24,782 HealthCheck                      Error    File in use F:\Program Files (x86)\Websense\Data Security\/./Data-Batch-Server/service-container/container/logs/dbs\spring.log and will not be deleted
2025-11-21 23:10:24,783 HealthCheck                      Error    File in use F:\Program Files (x86)\Websense\Data Security\/./Data-Batch-Server/service-container/container/logs/dbs\telemetry.log and will not be deleted
2025-11-21 23:10:24,784 HealthCheck                      Error    File in use F:\Program Files (x86)\Websense\Data Security\/./Data-Batch-Server/service-container/container/logs/rap-etl\rap-etl-all.log and will not be deleted
2025-11-21 23:10:24,787 HealthCheck                      Error    File in use F:\Program Files (x86)\Websense\Data Security\/./Data-Batch-Server/service-container/container/logs/service_logs\DSSBatchServer.2025-10-19.log and will not be deleted
2025-11-22 23:10:24,862 HealthCheck                      Error    File in use F:\Program Files (x86)\Websense\Data Security\/./Logs\Office365.log and will not be deleted
2025-11-22 23:10:24,870 HealthCheck                      Error    File in use F:\Program Files (x86)\Websense\Data Security\/./Logs\Scripts_PE.log and will not be deleted
2025-11-22 23:10:24,873 HealthCheck                      Error    File in use F:\Program Files (x86)\Websense\Data Security\/./EPS_CAMEL/data/service_logs\epsconnector-stderr.2025-07-24.log and will not be deleted
2025-11-22 23:10:24,875 HealthCheck                      Error    File in use F:\Program Files (x86)\Websense\Data Security\/./EPS_CAMEL/data/service_logs\epsconnector-stdout.2025-07-24.log and will not be deleted
2025-11-22 23:10:24,877 HealthCheck                      Error    File in use F:\Program Files (x86)\Websense\Data Security\/./EPS_CAMEL/data/service_logs\EPSConnector.2025-07-24.log and will not be deleted
2025-11-22 23:10:24,880 HealthCheck                      Error    File in use F:\Program Files (x86)\Websense\Data Security\/./tomcat/logs/dlp\dlp-login.log and will not be deleted
2025-11-22 23:10:24,882 HealthCheck                      Error    File in use F:\Program Files (x86)\Websense\Data Security\/./tomcat/logs/dlp\dlp-policies-import-export.log and will not be deleted
2025-11-22 23:10:24,885 HealthCheck                      Error    File in use F:\Program Files (x86)\Websense\Data Security\/./tomcat/logs/dlp\dlp-spring.log and will not be deleted
2025-11-22 23:10:24,886 HealthCheck                      Error    File in use F:\Program Files (x86)\Websense\Data Security\/./tomcat/logs/dlp\dlp-tomcat.log and will not be deleted
2025-11-22 23:10:24,887 HealthCheck                      Error    File in use F:\Program Files (x86)\Websense\Data Security\/./tomcat/logs/dlp\policy_update.log and will not be deleted
2025-11-22 23:10:24,892 HealthCheck                      Error    File in use F:\Program Files (x86)\Websense\Data Security\/./tomcat/logs/forensics\forensics-spring.log and will not be deleted
2025-11-22 23:10:24,894 HealthCheck                      Error    File in use F:\Program Files (x86)\Websense\Data Security\/./tomcat/logs/forensics\forensics-tomcat.log and will not be deleted
2025-11-22 23:10:24,898 HealthCheck                      Error    File in use F:\Program Files (x86)\Websense\Data Security\/./tomcat/logs/tomcat\all.log and will not be deleted
2025-11-22 23:10:24,906 HealthCheck                      Error    File in use F:\Program Files (x86)\Websense\Data Security\/./Data-Batch-Server/service-container/container/logs/dbs\ae.log and will not be deleted
2025-11-22 23:10:24,909 HealthCheck                      Error    File in use F:\Program Files (x86)\Websense\Data Security\/./Data-Batch-Server/service-container/container/logs/dbs\endpoint.log and will not be deleted
2025-11-22 23:10:24,911 HealthCheck                      Error    File in use F:\Program Files (x86)\Websense\Data Security\/./Data-Batch-Server/service-container/container/logs/dbs\events.log and will not be deleted
2025-11-22 23:10:24,913 HealthCheck                      Error    File in use F:\Program Files (x86)\Websense\Data Security\/./Data-Batch-Server/service-container/container/logs/dbs\hibernate.log and will not be deleted
2025-11-22 23:10:24,916 HealthCheck                      Error    File in use F:\Program Files (x86)\Websense\Data Security\/./Data-Batch-Server/service-container/container/logs/dbs\jetty.log and will not be deleted
2025-11-22 23:10:24,918 HealthCheck                      Error    File in use F:\Program Files (x86)\Websense\Data Security\/./Data-Batch-Server/service-container/container/logs/dbs\ldap.log and will not be deleted
2025-11-22 23:10:24,920 HealthCheck                      Error    File in use F:\Program Files (x86)\Websense\Data Security\/./Data-Batch-Server/service-container/container/logs/dbs\rap.log and will not be deleted
2025-11-22 23:10:24,922 HealthCheck                      Error    File in use F:\Program Files (x86)\Websense\Data Security\/./Data-Batch-Server/service-container/container/logs/dbs\spring.log and will not be deleted
2025-11-22 23:10:24,923 HealthCheck                      Error    File in use F:\Program Files (x86)\Websense\Data Security\/./Data-Batch-Server/service-container/container/logs/dbs\telemetry.log and will not be deleted
2025-11-22 23:10:24,925 HealthCheck                      Error    File in use F:\Program Files (x86)\Websense\Data Security\/./Data-Batch-Server/service-container/container/logs/rap-etl\rap-etl-all.log and will not be deleted
2025-11-22 23:10:24,927 HealthCheck                      Error    File in use F:\Program Files (x86)\Websense\Data Security\/./Data-Batch-Server/service-container/container/logs/service_logs\DSSBatchServer.2025-10-19.log and will not be deleted
2025-11-23 23:10:26,338 HealthCheck                      Error    File in use F:\Program Files (x86)\Websense\Data Security\/./Logs\Office365.log and will not be deleted
2025-11-23 23:10:26,349 HealthCheck                      Error    File in use F:\Program Files (x86)\Websense\Data Security\/./Logs\Scripts_PE.log and will not be deleted
2025-11-23 23:10:26,356 HealthCheck                      Error    File in use F:\Program Files (x86)\Websense\Data Security\/./EPS_CAMEL/data/service_logs\epsconnector-stderr.2025-07-24.log and will not be deleted
2025-11-23 23:10:26,358 HealthCheck                      Error    File in use F:\Program Files (x86)\Websense\Data Security\/./EPS_CAMEL/data/service_logs\epsconnector-stdout.2025-07-24.log and will not be deleted
2025-11-23 23:10:26,360 HealthCheck                      Error    File in use F:\Program Files (x86)\Websense\Data Security\/./EPS_CAMEL/data/service_logs\EPSConnector.2025-07-24.log and will not be deleted
2025-11-23 23:10:26,371 HealthCheck                      Error    File in use F:\Program Files (x86)\Websense\Data Security\/./tomcat/logs/dlp\dlp-login.log and will not be deleted
2025-11-23 23:10:26,376 HealthCheck                      Error    File in use F:\Program Files (x86)\Websense\Data Security\/./tomcat/logs/dlp\dlp-policies-import-export.log and will not be deleted
2025-11-23 23:10:26,379 HealthCheck                      Error    File in use F:\Program Files (x86)\Websense\Data Security\/./tomcat/logs/dlp\dlp-spring.log and will not be deleted
2025-11-23 23:10:26,382 HealthCheck                      Error    File in use F:\Program Files (x86)\Websense\Data Security\/./tomcat/logs/dlp\dlp-tomcat.log and will not be deleted
2025-11-23 23:10:26,384 HealthCheck                      Error    File in use F:\Program Files (x86)\Websense\Data Security\/./tomcat/logs/dlp\policy_update.log and will not be deleted
2025-11-23 23:10:26,391 HealthCheck                      Error    File in use F:\Program Files (x86)\Websense\Data Security\/./tomcat/logs/forensics\forensics-spring.log and will not be deleted
2025-11-23 23:10:26,393 HealthCheck                      Error    File in use F:\Program Files (x86)\Websense\Data Security\/./tomcat/logs/forensics\forensics-tomcat.log and will not be deleted
2025-11-23 23:10:26,395 HealthCheck                      Error    File in use F:\Program Files (x86)\Websense\Data Security\/./tomcat/logs/tomcat\all.log and will not be deleted
2025-11-23 23:10:26,400 HealthCheck                      Error    File in use F:\Program Files (x86)\Websense\Data Security\/./Data-Batch-Server/service-container/container/logs/dbs\ae.log and will not be deleted
2025-11-23 23:10:26,407 HealthCheck                      Error    File in use F:\Program Files (x86)\Websense\Data Security\/./Data-Batch-Server/service-container/container/logs/dbs\endpoint.log and will not be deleted
2025-11-23 23:10:26,409 HealthCheck                      Error    File in use F:\Program Files (x86)\Websense\Data Security\/./Data-Batch-Server/service-container/container/logs/dbs\events.log and will not be deleted
2025-11-23 23:10:26,411 HealthCheck                      Error    File in use F:\Program Files (x86)\Websense\Data Security\/./Data-Batch-Server/service-container/container/logs/dbs\hibernate.log and will not be deleted
2025-11-23 23:10:26,412 HealthCheck                      Error    File in use F:\Program Files (x86)\Websense\Data Security\/./Data-Batch-Server/service-container/container/logs/dbs\jetty.log and will not be deleted
2025-11-23 23:10:26,414 HealthCheck                      Error    File in use F:\Program Files (x86)\Websense\Data Security\/./Data-Batch-Server/service-container/container/logs/dbs\ldap.log and will not be deleted
2025-11-23 23:10:26,415 HealthCheck                      Error    File in use F:\Program Files (x86)\Websense\Data Security\/./Data-Batch-Server/service-container/container/logs/dbs\rap.log and will not be deleted
2025-11-23 23:10:26,417 HealthCheck                      Error    File in use F:\Program Files (x86)\Websense\Data Security\/./Data-Batch-Server/service-container/container/logs/dbs\spring.log and will not be deleted
2025-11-23 23:10:26,419 HealthCheck                      Error    File in use F:\Program Files (x86)\Websense\Data Security\/./Data-Batch-Server/service-container/container/logs/dbs\telemetry.log and will not be deleted
2025-11-23 23:10:26,420 HealthCheck                      Error    File in use F:\Program Files (x86)\Websense\Data Security\/./Data-Batch-Server/service-container/container/logs/rap-etl\rap-etl-all.log and will not be deleted
2025-11-23 23:10:26,422 HealthCheck                      Error    File in use F:\Program Files (x86)\Websense\Data Security\/./Data-Batch-Server/service-container/container/logs/service_logs\DSSBatchServer.2025-10-19.log and will not be deleted
2025-11-24 23:10:25,292 HealthCheck                      Error    File in use F:\Program Files (x86)\Websense\Data Security\/./Logs\Office365.log and will not be deleted
2025-11-24 23:10:25,300 HealthCheck                      Error    File in use F:\Program Files (x86)\Websense\Data Security\/./Logs\Scripts_PE.log and will not be deleted
2025-11-24 23:10:25,304 HealthCheck                      Error    File in use F:\Program Files (x86)\Websense\Data Security\/./EPS_CAMEL/data/service_logs\epsconnector-stderr.2025-07-24.log and will not be deleted
2025-11-24 23:10:25,305 HealthCheck                      Error    File in use F:\Program Files (x86)\Websense\Data Security\/./EPS_CAMEL/data/service_logs\epsconnector-stdout.2025-07-24.log and will not be deleted
2025-11-24 23:10:25,307 HealthCheck                      Error    File in use F:\Program Files (x86)\Websense\Data Security\/./EPS_CAMEL/data/service_logs\EPSConnector.2025-07-24.log and will not be deleted
2025-11-24 23:10:25,310 HealthCheck                      Error    File in use F:\Program Files (x86)\Websense\Data Security\/./tomcat/logs/dlp\dlp-login.log and will not be deleted
2025-11-24 23:10:25,311 HealthCheck                      Error    File in use F:\Program Files (x86)\Websense\Data Security\/./tomcat/logs/dlp\dlp-policies-import-export.log and will not be deleted
2025-11-24 23:10:25,312 HealthCheck                      Error    File in use F:\Program Files (x86)\Websense\Data Security\/./tomcat/logs/dlp\dlp-spring.log and will not be deleted
2025-11-24 23:10:25,314 HealthCheck                      Error    File in use F:\Program Files (x86)\Websense\Data Security\/./tomcat/logs/dlp\dlp-tomcat.log and will not be deleted
2025-11-24 23:10:25,315 HealthCheck                      Error    File in use F:\Program Files (x86)\Websense\Data Security\/./tomcat/logs/dlp\policy_update.log and will not be deleted
2025-11-24 23:10:25,317 HealthCheck                      Error    File in use F:\Program Files (x86)\Websense\Data Security\/./tomcat/logs/forensics\forensics-spring.log and will not be deleted
2025-11-24 23:10:25,318 HealthCheck                      Error    File in use F:\Program Files (x86)\Websense\Data Security\/./tomcat/logs/forensics\forensics-tomcat.log and will not be deleted
2025-11-24 23:10:25,319 HealthCheck                      Error    File in use F:\Program Files (x86)\Websense\Data Security\/./tomcat/logs/tomcat\all.log and will not be deleted
2025-11-24 23:10:25,322 HealthCheck                      Error    File in use F:\Program Files (x86)\Websense\Data Security\/./Data-Batch-Server/service-container/container/logs/dbs\ae.log and will not be deleted
2025-11-24 23:10:25,324 HealthCheck                      Error    File in use F:\Program Files (x86)\Websense\Data Security\/./Data-Batch-Server/service-container/container/logs/dbs\endpoint.log and will not be deleted
2025-11-24 23:10:25,325 HealthCheck                      Error    File in use F:\Program Files (x86)\Websense\Data Security\/./Data-Batch-Server/service-container/container/logs/dbs\events.log and will not be deleted
2025-11-24 23:10:25,328 HealthCheck                      Error    File in use F:\Program Files (x86)\Websense\Data Security\/./Data-Batch-Server/service-container/container/logs/dbs\hibernate.log and will not be deleted
2025-11-24 23:10:25,330 HealthCheck                      Error    File in use F:\Program Files (x86)\Websense\Data Security\/./Data-Batch-Server/service-container/container/logs/dbs\jetty.log and will not be deleted
2025-11-24 23:10:25,331 HealthCheck                      Error    File in use F:\Program Files (x86)\Websense\Data Security\/./Data-Batch-Server/service-container/container/logs/dbs\ldap.log and will not be deleted
2025-11-24 23:10:25,332 HealthCheck                      Error    File in use F:\Program Files (x86)\Websense\Data Security\/./Data-Batch-Server/service-container/container/logs/dbs\rap.log and will not be deleted
2025-11-24 23:10:25,333 HealthCheck                      Error    File in use F:\Program Files (x86)\Websense\Data Security\/./Data-Batch-Server/service-container/container/logs/dbs\spring.log and will not be deleted
2025-11-24 23:10:25,334 HealthCheck                      Error    File in use F:\Program Files (x86)\Websense\Data Security\/./Data-Batch-Server/service-container/container/logs/dbs\telemetry.log and will not be deleted
2025-11-24 23:10:25,335 HealthCheck                      Error    File in use F:\Program Files (x86)\Websense\Data Security\/./Data-Batch-Server/service-container/container/logs/rap-etl\rap-etl-all.log and will not be deleted
2025-11-24 23:10:25,337 HealthCheck                      Error    File in use F:\Program Files (x86)\Websense\Data Security\/./Data-Batch-Server/service-container/container/logs/service_logs\DSSBatchServer.2025-10-19.log and will not be deleted
2025-11-25 23:10:26,420 HealthCheck                      Error    File in use F:\Program Files (x86)\Websense\Data Security\/./Logs\Office365.log and will not be deleted
2025-11-25 23:10:26,424 HealthCheck                      Error    File in use F:\Program Files (x86)\Websense\Data Security\/./Logs\Scripts_PE.log and will not be deleted
2025-11-25 23:10:26,427 HealthCheck                      Error    File in use F:\Program Files (x86)\Websense\Data Security\/./EPS_CAMEL/data/service_logs\epsconnector-stderr.2025-07-24.log and will not be deleted
2025-11-25 23:10:26,428 HealthCheck                      Error    File in use F:\Program Files (x86)\Websense\Data Security\/./EPS_CAMEL/data/service_logs\epsconnector-stdout.2025-07-24.log and will not be deleted
2025-11-25 23:10:26,430 HealthCheck                      Error    File in use F:\Program Files (x86)\Websense\Data Security\/./EPS_CAMEL/data/service_logs\EPSConnector.2025-07-24.log and will not be deleted
2025-11-25 23:10:26,432 HealthCheck                      Error    File in use F:\Program Files (x86)\Websense\Data Security\/./tomcat/logs/dlp\dlp-login.log and will not be deleted
2025-11-25 23:10:26,433 HealthCheck                      Error    File in use F:\Program Files (x86)\Websense\Data Security\/./tomcat/logs/dlp\dlp-policies-import-export.log and will not be deleted
2025-11-25 23:10:26,435 HealthCheck                      Error    File in use F:\Program Files (x86)\Websense\Data Security\/./tomcat/logs/dlp\dlp-spring.log and will not be deleted
2025-11-25 23:10:26,436 HealthCheck                      Error    File in use F:\Program Files (x86)\Websense\Data Security\/./tomcat/logs/dlp\dlp-tomcat.log and will not be deleted
2025-11-25 23:10:26,437 HealthCheck                      Error    File in use F:\Program Files (x86)\Websense\Data Security\/./tomcat/logs/dlp\policy_update.log and will not be deleted
2025-11-25 23:10:26,438 HealthCheck                      Error    File in use F:\Program Files (x86)\Websense\Data Security\/./tomcat/logs/forensics\forensics-spring.log and will not be deleted
2025-11-25 23:10:26,441 HealthCheck                      Error    File in use F:\Program Files (x86)\Websense\Data Security\/./tomcat/logs/forensics\forensics-tomcat.log and will not be deleted
2025-11-25 23:10:26,444 HealthCheck                      Error    File in use F:\Program Files (x86)\Websense\Data Security\/./tomcat/logs/tomcat\all.log and will not be deleted
2025-11-25 23:10:26,449 HealthCheck                      Error    File in use F:\Program Files (x86)\Websense\Data Security\/./Data-Batch-Server/service-container/container/logs/dbs\ae.log and will not be deleted
2025-11-25 23:10:26,451 HealthCheck                      Error    File in use F:\Program Files (x86)\Websense\Data Security\/./Data-Batch-Server/service-container/container/logs/dbs\endpoint.log and will not be deleted
2025-11-25 23:10:26,453 HealthCheck                      Error    File in use F:\Program Files (x86)\Websense\Data Security\/./Data-Batch-Server/service-container/container/logs/dbs\events.log and will not be deleted
2025-11-25 23:10:26,455 HealthCheck                      Error    File in use F:\Program Files (x86)\Websense\Data Security\/./Data-Batch-Server/service-container/container/logs/dbs\hibernate.log and will not be deleted
2025-11-25 23:10:26,457 HealthCheck                      Error    File in use F:\Program Files (x86)\Websense\Data Security\/./Data-Batch-Server/service-container/container/logs/dbs\jetty.log and will not be deleted
2025-11-25 23:10:26,459 HealthCheck                      Error    File in use F:\Program Files (x86)\Websense\Data Security\/./Data-Batch-Server/service-container/container/logs/dbs\ldap.log and will not be deleted
2025-11-25 23:10:26,462 HealthCheck                      Error    File in use F:\Program Files (x86)\Websense\Data Security\/./Data-Batch-Server/service-container/container/logs/dbs\rap.log and will not be deleted
2025-11-25 23:10:26,464 HealthCheck                      Error    File in use F:\Program Files (x86)\Websense\Data Security\/./Data-Batch-Server/service-container/container/logs/dbs\spring.log and will not be deleted
2025-11-25 23:10:26,467 HealthCheck                      Error    File in use F:\Program Files (x86)\Websense\Data Security\/./Data-Batch-Server/service-container/container/logs/dbs\telemetry.log and will not be deleted
2025-11-25 23:10:26,469 HealthCheck                      Error    File in use F:\Program Files (x86)\Websense\Data Security\/./Data-Batch-Server/service-container/container/logs/rap-etl\rap-etl-all.log and will not be deleted
2025-11-25 23:10:26,470 HealthCheck                      Error    File in use F:\Program Files (x86)\Websense\Data Security\/./Data-Batch-Server/service-container/container/logs/service_logs\DSSBatchServer.2025-10-19.log and will not be deleted
2025-11-26 23:10:24,614 HealthCheck                      Error    File in use F:\Program Files (x86)\Websense\Data Security\/./Logs\Office365.log and will not be deleted
2025-11-26 23:10:24,619 HealthCheck                      Error    File in use F:\Program Files (x86)\Websense\Data Security\/./Logs\Scripts_PE.log and will not be deleted
2025-11-26 23:10:24,621 HealthCheck                      Error    File in use F:\Program Files (x86)\Websense\Data Security\/./EPS_CAMEL/data/service_logs\epsconnector-stderr.2025-07-24.log and will not be deleted
2025-11-26 23:10:24,623 HealthCheck                      Error    File in use F:\Program Files (x86)\Websense\Data Security\/./EPS_CAMEL/data/service_logs\epsconnector-stdout.2025-07-24.log and will not be deleted
2025-11-26 23:10:24,624 HealthCheck                      Error    File in use F:\Program Files (x86)\Websense\Data Security\/./EPS_CAMEL/data/service_logs\EPSConnector.2025-07-24.log and will not be deleted
2025-11-26 23:10:24,626 HealthCheck                      Error    File in use F:\Program Files (x86)\Websense\Data Security\/./tomcat/logs/dlp\dlp-login.log and will not be deleted
2025-11-26 23:10:24,628 HealthCheck                      Error    File in use F:\Program Files (x86)\Websense\Data Security\/./tomcat/logs/dlp\dlp-policies-import-export.log and will not be deleted
2025-11-26 23:10:24,630 HealthCheck                      Error    File in use F:\Program Files (x86)\Websense\Data Security\/./tomcat/logs/dlp\dlp-spring.log and will not be deleted
2025-11-26 23:10:24,631 HealthCheck                      Error    File in use F:\Program Files (x86)\Websense\Data Security\/./tomcat/logs/dlp\dlp-tomcat.log and will not be deleted
2025-11-26 23:10:24,632 HealthCheck                      Error    File in use F:\Program Files (x86)\Websense\Data Security\/./tomcat/logs/dlp\policy_update.log and will not be deleted
2025-11-26 23:10:24,633 HealthCheck                      Error    File in use F:\Program Files (x86)\Websense\Data Security\/./tomcat/logs/forensics\forensics-spring.log and will not be deleted
2025-11-26 23:10:24,634 HealthCheck                      Error    File in use F:\Program Files (x86)\Websense\Data Security\/./tomcat/logs/forensics\forensics-tomcat.log and will not be deleted
2025-11-26 23:10:24,635 HealthCheck                      Error    File in use F:\Program Files (x86)\Websense\Data Security\/./tomcat/logs/tomcat\all.log and will not be deleted
2025-11-26 23:10:24,639 HealthCheck                      Error    File in use F:\Program Files (x86)\Websense\Data Security\/./Data-Batch-Server/service-container/container/logs/dbs\ae.log and will not be deleted
2025-11-26 23:10:24,642 HealthCheck                      Error    File in use F:\Program Files (x86)\Websense\Data Security\/./Data-Batch-Server/service-container/container/logs/dbs\endpoint.log and will not be deleted
2025-11-26 23:10:24,643 HealthCheck                      Error    File in use F:\Program Files (x86)\Websense\Data Security\/./Data-Batch-Server/service-container/container/logs/dbs\events.log and will not be deleted
2025-11-26 23:10:24,644 HealthCheck                      Error    File in use F:\Program Files (x86)\Websense\Data Security\/./Data-Batch-Server/service-container/container/logs/dbs\hibernate.log and will not be deleted
2025-11-26 23:10:24,645 HealthCheck                      Error    File in use F:\Program Files (x86)\Websense\Data Security\/./Data-Batch-Server/service-container/container/logs/dbs\jetty.log and will not be deleted
2025-11-26 23:10:24,646 HealthCheck                      Error    File in use F:\Program Files (x86)\Websense\Data Security\/./Data-Batch-Server/service-container/container/logs/dbs\ldap.log and will not be deleted
2025-11-26 23:10:24,647 HealthCheck                      Error    File in use F:\Program Files (x86)\Websense\Data Security\/./Data-Batch-Server/service-container/container/logs/dbs\rap.log and will not be deleted
2025-11-26 23:10:24,648 HealthCheck                      Error    File in use F:\Program Files (x86)\Websense\Data Security\/./Data-Batch-Server/service-container/container/logs/dbs\spring.log and will not be deleted
2025-11-26 23:10:24,649 HealthCheck                      Error    File in use F:\Program Files (x86)\Websense\Data Security\/./Data-Batch-Server/service-container/container/logs/dbs\telemetry.log and will not be deleted
2025-11-26 23:10:24,650 HealthCheck                      Error    File in use F:\Program Files (x86)\Websense\Data Security\/./Data-Batch-Server/service-container/container/logs/rap-etl\rap-etl-all.log and will not be deleted
2025-11-26 23:10:24,651 HealthCheck                      Error    File in use F:\Program Files (x86)\Websense\Data Security\/./Data-Batch-Server/service-container/container/logs/service_logs\DSSBatchServer.2025-10-19.log and will not be deleted
2025-11-27 23:10:24,352 HealthCheck                      Error    File in use F:\Program Files (x86)\Websense\Data Security\/./Logs\Office365.log and will not be deleted
2025-11-27 23:10:24,358 HealthCheck                      Error    File in use F:\Program Files (x86)\Websense\Data Security\/./Logs\Scripts_PE.log and will not be deleted
2025-11-27 23:10:24,362 HealthCheck                      Error    File in use F:\Program Files (x86)\Websense\Data Security\/./EPS_CAMEL/data/service_logs\epsconnector-stderr.2025-07-24.log and will not be deleted
2025-11-27 23:10:24,363 HealthCheck                      Error    File in use F:\Program Files (x86)\Websense\Data Security\/./EPS_CAMEL/data/service_logs\epsconnector-stdout.2025-07-24.log and will not be deleted
2025-11-27 23:10:24,364 HealthCheck                      Error    File in use F:\Program Files (x86)\Websense\Data Security\/./EPS_CAMEL/data/service_logs\EPSConnector.2025-07-24.log and will not be deleted
2025-11-27 23:10:24,368 HealthCheck                      Error    File in use F:\Program Files (x86)\Websense\Data Security\/./tomcat/logs/dlp\dlp-login.log and will not be deleted
2025-11-27 23:10:24,369 HealthCheck                      Error    File in use F:\Program Files (x86)\Websense\Data Security\/./tomcat/logs/dlp\dlp-policies-import-export.log and will not be deleted
2025-11-27 23:10:24,371 HealthCheck                      Error    File in use F:\Program Files (x86)\Websense\Data Security\/./tomcat/logs/dlp\dlp-spring.log and will not be deleted
2025-11-27 23:10:24,372 HealthCheck                      Error    File in use F:\Program Files (x86)\Websense\Data Security\/./tomcat/logs/dlp\dlp-tomcat.log and will not be deleted
2025-11-27 23:10:24,373 HealthCheck                      Error    File in use F:\Program Files (x86)\Websense\Data Security\/./tomcat/logs/dlp\policy_update.log and will not be deleted
2025-11-27 23:10:24,374 HealthCheck                      Error    File in use F:\Program Files (x86)\Websense\Data Security\/./tomcat/logs/forensics\forensics-spring.log and will not be deleted
2025-11-27 23:10:24,376 HealthCheck                      Error    File in use F:\Program Files (x86)\Websense\Data Security\/./tomcat/logs/forensics\forensics-tomcat.log and will not be deleted
2025-11-27 23:10:24,377 HealthCheck                      Error    File in use F:\Program Files (x86)\Websense\Data Security\/./tomcat/logs/tomcat\all.log and will not be deleted
2025-11-27 23:10:24,380 HealthCheck                      Error    File in use F:\Program Files (x86)\Websense\Data Security\/./Data-Batch-Server/service-container/container/logs/dbs\ae.log and will not be deleted
2025-11-27 23:10:24,382 HealthCheck                      Error    File in use F:\Program Files (x86)\Websense\Data Security\/./Data-Batch-Server/service-container/container/logs/dbs\endpoint.log and will not be deleted
2025-11-27 23:10:24,383 HealthCheck                      Error    File in use F:\Program Files (x86)\Websense\Data Security\/./Data-Batch-Server/service-container/container/logs/dbs\events.log and will not be deleted
2025-11-27 23:10:24,384 HealthCheck                      Error    File in use F:\Program Files (x86)\Websense\Data Security\/./Data-Batch-Server/service-container/container/logs/dbs\hibernate.log and will not be deleted
2025-11-27 23:10:24,385 HealthCheck                      Error    File in use F:\Program Files (x86)\Websense\Data Security\/./Data-Batch-Server/service-container/container/logs/dbs\jetty.log and will not be deleted
2025-11-27 23:10:24,386 HealthCheck                      Error    File in use F:\Program Files (x86)\Websense\Data Security\/./Data-Batch-Server/service-container/container/logs/dbs\ldap.log and will not be deleted
2025-11-27 23:10:24,387 HealthCheck                      Error    File in use F:\Program Files (x86)\Websense\Data Security\/./Data-Batch-Server/service-container/container/logs/dbs\rap.log and will not be deleted
2025-11-27 23:10:24,388 HealthCheck                      Error    File in use F:\Program Files (x86)\Websense\Data Security\/./Data-Batch-Server/service-container/container/logs/dbs\spring.log and will not be deleted
2025-11-27 23:10:24,389 HealthCheck                      Error    File in use F:\Program Files (x86)\Websense\Data Security\/./Data-Batch-Server/service-container/container/logs/dbs\telemetry.log and will not be deleted
2025-11-27 23:10:24,390 HealthCheck                      Error    File in use F:\Program Files (x86)\Websense\Data Security\/./Data-Batch-Server/service-container/container/logs/rap-etl\rap-etl-all.log and will not be deleted
2025-11-27 23:10:24,391 HealthCheck                      Error    File in use F:\Program Files (x86)\Websense\Data Security\/./Data-Batch-Server/service-container/container/logs/service_logs\DSSBatchServer.2025-10-19.log and will not be deleted
2025-11-28 23:10:25,953 HealthCheck                      Error    File in use F:\Program Files (x86)\Websense\Data Security\/./Logs\Office365.log and will not be deleted
2025-11-28 23:10:25,960 HealthCheck                      Error    File in use F:\Program Files (x86)\Websense\Data Security\/./Logs\Scripts_PE.log and will not be deleted
2025-11-28 23:10:25,964 HealthCheck                      Error    File in use F:\Program Files (x86)\Websense\Data Security\/./EPS_CAMEL/data/service_logs\epsconnector-stderr.2025-07-24.log and will not be deleted
2025-11-28 23:10:25,966 HealthCheck                      Error    File in use F:\Program Files (x86)\Websense\Data Security\/./EPS_CAMEL/data/service_logs\epsconnector-stdout.2025-07-24.log and will not be deleted
2025-11-28 23:10:25,968 HealthCheck                      Error    File in use F:\Program Files (x86)\Websense\Data Security\/./EPS_CAMEL/data/service_logs\EPSConnector.2025-07-24.log and will not be deleted
2025-11-28 23:10:25,972 HealthCheck                      Error    File in use F:\Program Files (x86)\Websense\Data Security\/./tomcat/logs/dlp\dlp-login.log and will not be deleted
2025-11-28 23:10:25,976 HealthCheck                      Error    File in use F:\Program Files (x86)\Websense\Data Security\/./tomcat/logs/dlp\dlp-policies-import-export.log and will not be deleted
2025-11-28 23:10:25,977 HealthCheck                      Error    File in use F:\Program Files (x86)\Websense\Data Security\/./tomcat/logs/dlp\dlp-spring.log and will not be deleted
2025-11-28 23:10:25,980 HealthCheck                      Error    File in use F:\Program Files (x86)\Websense\Data Security\/./tomcat/logs/dlp\dlp-tomcat.log and will not be deleted
2025-11-28 23:10:25,981 HealthCheck                      Error    File in use F:\Program Files (x86)\Websense\Data Security\/./tomcat/logs/dlp\policy_update.log and will not be deleted
2025-11-28 23:10:25,986 HealthCheck                      Error    File in use F:\Program Files (x86)\Websense\Data Security\/./tomcat/logs/forensics\forensics-spring.log and will not be deleted
2025-11-28 23:10:25,989 HealthCheck                      Error    File in use F:\Program Files (x86)\Websense\Data Security\/./tomcat/logs/forensics\forensics-tomcat.log and will not be deleted
2025-11-28 23:10:25,989 HealthCheck                      Error    File in use F:\Program Files (x86)\Websense\Data Security\/./tomcat/logs/tomcat\all.log and will not be deleted
2025-11-28 23:10:25,996 HealthCheck                      Error    File in use F:\Program Files (x86)\Websense\Data Security\/./Data-Batch-Server/service-container/container/logs/dbs\ae.log and will not be deleted
2025-11-28 23:10:26,000 HealthCheck                      Error    File in use F:\Program Files (x86)\Websense\Data Security\/./Data-Batch-Server/service-container/container/logs/dbs\endpoint.log and will not be deleted
2025-11-28 23:10:26,001 HealthCheck                      Error    File in use F:\Program Files (x86)\Websense\Data Security\/./Data-Batch-Server/service-container/container/logs/dbs\events.log and will not be deleted
2025-11-28 23:10:26,002 HealthCheck                      Error    File in use F:\Program Files (x86)\Websense\Data Security\/./Data-Batch-Server/service-container/container/logs/dbs\hibernate.log and will not be deleted
2025-11-28 23:10:26,005 HealthCheck                      Error    File in use F:\Program Files (x86)\Websense\Data Security\/./Data-Batch-Server/service-container/container/logs/dbs\jetty.log and will not be deleted
2025-11-28 23:10:26,006 HealthCheck                      Error    File in use F:\Program Files (x86)\Websense\Data Security\/./Data-Batch-Server/service-container/container/logs/dbs\ldap.log and will not be deleted
2025-11-28 23:10:26,009 HealthCheck                      Error    File in use F:\Program Files (x86)\Websense\Data Security\/./Data-Batch-Server/service-container/container/logs/dbs\rap.log and will not be deleted
2025-11-28 23:10:26,011 HealthCheck                      Error    File in use F:\Program Files (x86)\Websense\Data Security\/./Data-Batch-Server/service-container/container/logs/dbs\spring.log and will not be deleted
2025-11-28 23:10:26,014 HealthCheck                      Error    File in use F:\Program Files (x86)\Websense\Data Security\/./Data-Batch-Server/service-container/container/logs/dbs\telemetry.log and will not be deleted
2025-11-28 23:10:26,014 HealthCheck                      Error    File in use F:\Program Files (x86)\Websense\Data Security\/./Data-Batch-Server/service-container/container/logs/rap-etl\rap-etl-all.log and will not be deleted
2025-11-28 23:10:26,016 HealthCheck                      Error    File in use F:\Program Files (x86)\Websense\Data Security\/./Data-Batch-Server/service-container/container/logs/service_logs\DSSBatchServer.2025-10-19.log and will not be deleted
2025-11-29 23:10:24,647 HealthCheck                      Error    File in use F:\Program Files (x86)\Websense\Data Security\/./Logs\Office365.log and will not be deleted
2025-11-29 23:10:24,655 HealthCheck                      Error    File in use F:\Program Files (x86)\Websense\Data Security\/./Logs\Scripts_PE.log and will not be deleted
2025-11-29 23:10:24,659 HealthCheck                      Error    File in use F:\Program Files (x86)\Websense\Data Security\/./EPS_CAMEL/data/service_logs\epsconnector-stderr.2025-07-24.log and will not be deleted
2025-11-29 23:10:24,660 HealthCheck                      Error    File in use F:\Program Files (x86)\Websense\Data Security\/./EPS_CAMEL/data/service_logs\epsconnector-stdout.2025-07-24.log and will not be deleted
2025-11-29 23:10:24,662 HealthCheck                      Error    File in use F:\Program Files (x86)\Websense\Data Security\/./EPS_CAMEL/data/service_logs\EPSConnector.2025-07-24.log and will not be deleted
2025-11-29 23:10:24,665 HealthCheck                      Error    File in use F:\Program Files (x86)\Websense\Data Security\/./tomcat/logs/dlp\dlp-login.log and will not be deleted
2025-11-29 23:10:24,667 HealthCheck                      Error    File in use F:\Program Files (x86)\Websense\Data Security\/./tomcat/logs/dlp\dlp-policies-import-export.log and will not be deleted
2025-11-29 23:10:24,669 HealthCheck                      Error    File in use F:\Program Files (x86)\Websense\Data Security\/./tomcat/logs/dlp\dlp-spring.log and will not be deleted
2025-11-29 23:10:24,671 HealthCheck                      Error    File in use F:\Program Files (x86)\Websense\Data Security\/./tomcat/logs/dlp\dlp-tomcat.log and will not be deleted
2025-11-29 23:10:24,672 HealthCheck                      Error    File in use F:\Program Files (x86)\Websense\Data Security\/./tomcat/logs/dlp\policy_update.log and will not be deleted
2025-11-29 23:10:24,674 HealthCheck                      Error    File in use F:\Program Files (x86)\Websense\Data Security\/./tomcat/logs/forensics\forensics-spring.log and will not be deleted
2025-11-29 23:10:24,675 HealthCheck                      Error    File in use F:\Program Files (x86)\Websense\Data Security\/./tomcat/logs/forensics\forensics-tomcat.log and will not be deleted
2025-11-29 23:10:24,677 HealthCheck                      Error    File in use F:\Program Files (x86)\Websense\Data Security\/./tomcat/logs/tomcat\all.log and will not be deleted
2025-11-29 23:10:24,679 HealthCheck                      Error    File in use F:\Program Files (x86)\Websense\Data Security\/./Data-Batch-Server/service-container/container/logs/dbs\ae.log and will not be deleted
2025-11-29 23:10:24,680 HealthCheck                      Error    File in use F:\Program Files (x86)\Websense\Data Security\/./Data-Batch-Server/service-container/container/logs/dbs\endpoint.log and will not be deleted
2025-11-29 23:10:24,681 HealthCheck                      Error    File in use F:\Program Files (x86)\Websense\Data Security\/./Data-Batch-Server/service-container/container/logs/dbs\events.log and will not be deleted
2025-11-29 23:10:24,683 HealthCheck                      Error    File in use F:\Program Files (x86)\Websense\Data Security\/./Data-Batch-Server/service-container/container/logs/dbs\hibernate.log and will not be deleted
2025-11-29 23:10:24,684 HealthCheck                      Error    File in use F:\Program Files (x86)\Websense\Data Security\/./Data-Batch-Server/service-container/container/logs/dbs\jetty.log and will not be deleted
2025-11-29 23:10:24,685 HealthCheck                      Error    File in use F:\Program Files (x86)\Websense\Data Security\/./Data-Batch-Server/service-container/container/logs/dbs\ldap.log and will not be deleted
2025-11-29 23:10:24,686 HealthCheck                      Error    File in use F:\Program Files (x86)\Websense\Data Security\/./Data-Batch-Server/service-container/container/logs/dbs\rap.log and will not be deleted
2025-11-29 23:10:24,687 HealthCheck                      Error    File in use F:\Program Files (x86)\Websense\Data Security\/./Data-Batch-Server/service-container/container/logs/dbs\spring.log and will not be deleted
2025-11-29 23:10:24,688 HealthCheck                      Error    File in use F:\Program Files (x86)\Websense\Data Security\/./Data-Batch-Server/service-container/container/logs/dbs\telemetry.log and will not be deleted
2025-11-29 23:10:24,689 HealthCheck                      Error    File in use F:\Program Files (x86)\Websense\Data Security\/./Data-Batch-Server/service-container/container/logs/rap-etl\rap-etl-all.log and will not be deleted
2025-11-29 23:10:24,692 HealthCheck                      Error    File in use F:\Program Files (x86)\Websense\Data Security\/./Data-Batch-Server/service-container/container/logs/service_logs\DSSBatchServer.2025-10-19.log and will not be deleted
2025-11-30 23:10:26,313 HealthCheck                      Error    File in use F:\Program Files (x86)\Websense\Data Security\/./Logs\Office365.log and will not be deleted
2025-11-30 23:10:26,322 HealthCheck                      Error    File in use F:\Program Files (x86)\Websense\Data Security\/./Logs\Scripts_PE.log and will not be deleted
2025-11-30 23:10:26,326 HealthCheck                      Error    File in use F:\Program Files (x86)\Websense\Data Security\/./EPS_CAMEL/data/service_logs\epsconnector-stderr.2025-07-24.log and will not be deleted
2025-11-30 23:10:26,328 HealthCheck                      Error    File in use F:\Program Files (x86)\Websense\Data Security\/./EPS_CAMEL/data/service_logs\epsconnector-stdout.2025-07-24.log and will not be deleted
2025-11-30 23:10:26,331 HealthCheck                      Error    File in use F:\Program Files (x86)\Websense\Data Security\/./EPS_CAMEL/data/service_logs\EPSConnector.2025-07-24.log and will not be deleted
2025-11-30 23:10:26,336 HealthCheck                      Error    File in use F:\Program Files (x86)\Websense\Data Security\/./tomcat/logs/dlp\dlp-login.log and will not be deleted
2025-11-30 23:10:26,339 HealthCheck                      Error    File in use F:\Program Files (x86)\Websense\Data Security\/./tomcat/logs/dlp\dlp-policies-import-export.log and will not be deleted
2025-11-30 23:10:26,344 HealthCheck                      Error    File in use F:\Program Files (x86)\Websense\Data Security\/./tomcat/logs/dlp\dlp-spring.log and will not be deleted
2025-11-30 23:10:26,345 HealthCheck                      Error    File in use F:\Program Files (x86)\Websense\Data Security\/./tomcat/logs/dlp\dlp-tomcat.log and will not be deleted
2025-11-30 23:10:26,347 HealthCheck                      Error    File in use F:\Program Files (x86)\Websense\Data Security\/./tomcat/logs/dlp\policy_update.log and will not be deleted
2025-11-30 23:10:26,351 HealthCheck                      Error    File in use F:\Program Files (x86)\Websense\Data Security\/./tomcat/logs/forensics\forensics-spring.log and will not be deleted
2025-11-30 23:10:26,354 HealthCheck                      Error    File in use F:\Program Files (x86)\Websense\Data Security\/./tomcat/logs/forensics\forensics-tomcat.log and will not be deleted
2025-11-30 23:10:26,357 HealthCheck                      Error    File in use F:\Program Files (x86)\Websense\Data Security\/./tomcat/logs/tomcat\all.log and will not be deleted
2025-11-30 23:10:26,362 HealthCheck                      Error    File in use F:\Program Files (x86)\Websense\Data Security\/./Data-Batch-Server/service-container/container/logs/dbs\ae.log and will not be deleted
2025-11-30 23:10:26,366 HealthCheck                      Error    File in use F:\Program Files (x86)\Websense\Data Security\/./Data-Batch-Server/service-container/container/logs/dbs\endpoint.log and will not be deleted
2025-11-30 23:10:26,369 HealthCheck                      Error    File in use F:\Program Files (x86)\Websense\Data Security\/./Data-Batch-Server/service-container/container/logs/dbs\events.log and will not be deleted
2025-11-30 23:10:26,371 HealthCheck                      Error    File in use F:\Program Files (x86)\Websense\Data Security\/./Data-Batch-Server/service-container/container/logs/dbs\hibernate.log and will not be deleted
2025-11-30 23:10:26,373 HealthCheck                      Error    File in use F:\Program Files (x86)\Websense\Data Security\/./Data-Batch-Server/service-container/container/logs/dbs\jetty.log and will not be deleted
2025-11-30 23:10:26,375 HealthCheck                      Error    File in use F:\Program Files (x86)\Websense\Data Security\/./Data-Batch-Server/service-container/container/logs/dbs\ldap.log and will not be deleted
2025-11-30 23:10:26,377 HealthCheck                      Error    File in use F:\Program Files (x86)\Websense\Data Security\/./Data-Batch-Server/service-container/container/logs/dbs\rap.log and will not be deleted
2025-11-30 23:10:26,380 HealthCheck                      Error    File in use F:\Program Files (x86)\Websense\Data Security\/./Data-Batch-Server/service-container/container/logs/dbs\spring.log and will not be deleted
2025-11-30 23:10:26,382 HealthCheck                      Error    File in use F:\Program Files (x86)\Websense\Data Security\/./Data-Batch-Server/service-container/container/logs/dbs\telemetry.log and will not be deleted
2025-11-30 23:10:26,383 HealthCheck                      Error    File in use F:\Program Files (x86)\Websense\Data Security\/./Data-Batch-Server/service-container/container/logs/rap-etl\rap-etl-all.log and will not be deleted
2025-11-30 23:10:26,385 HealthCheck                      Error    File in use F:\Program Files (x86)\Websense\Data Security\/./Data-Batch-Server/service-container/container/logs/service_logs\DSSBatchServer.2025-10-19.log and will not be deleted
2025-12-01 23:10:24,437 HealthCheck                      Error    File in use F:\Program Files (x86)\Websense\Data Security\/./Logs\Office365.log and will not be deleted
2025-12-01 23:10:24,442 HealthCheck                      Error    File in use F:\Program Files (x86)\Websense\Data Security\/./Logs\Scripts_PE.log and will not be deleted
2025-12-01 23:10:24,445 HealthCheck                      Error    File in use F:\Program Files (x86)\Websense\Data Security\/./EPS_CAMEL/data/service_logs\epsconnector-stderr.2025-07-24.log and will not be deleted
2025-12-01 23:10:24,446 HealthCheck                      Error    File in use F:\Program Files (x86)\Websense\Data Security\/./EPS_CAMEL/data/service_logs\epsconnector-stdout.2025-07-24.log and will not be deleted
2025-12-01 23:10:24,448 HealthCheck                      Error    File in use F:\Program Files (x86)\Websense\Data Security\/./EPS_CAMEL/data/service_logs\EPSConnector.2025-07-24.log and will not be deleted
2025-12-01 23:10:24,450 HealthCheck                      Error    File in use F:\Program Files (x86)\Websense\Data Security\/./tomcat/logs/dlp\dlp-login.log and will not be deleted
2025-12-01 23:10:24,452 HealthCheck                      Error    File in use F:\Program Files (x86)\Websense\Data Security\/./tomcat/logs/dlp\dlp-policies-import-export.log and will not be deleted
2025-12-01 23:10:24,454 HealthCheck                      Error    File in use F:\Program Files (x86)\Websense\Data Security\/./tomcat/logs/dlp\dlp-spring.log and will not be deleted
2025-12-01 23:10:24,455 HealthCheck                      Error    File in use F:\Program Files (x86)\Websense\Data Security\/./tomcat/logs/dlp\dlp-tomcat.log and will not be deleted
2025-12-01 23:10:24,456 HealthCheck                      Error    File in use F:\Program Files (x86)\Websense\Data Security\/./tomcat/logs/dlp\policy_update.log and will not be deleted
2025-12-01 23:10:24,458 HealthCheck                      Error    File in use F:\Program Files (x86)\Websense\Data Security\/./tomcat/logs/forensics\forensics-spring.log and will not be deleted
2025-12-01 23:10:24,461 HealthCheck                      Error    File in use F:\Program Files (x86)\Websense\Data Security\/./tomcat/logs/forensics\forensics-tomcat.log and will not be deleted
2025-12-01 23:10:24,463 HealthCheck                      Error    File in use F:\Program Files (x86)\Websense\Data Security\/./tomcat/logs/tomcat\all.log and will not be deleted
2025-12-01 23:10:24,468 HealthCheck                      Error    File in use F:\Program Files (x86)\Websense\Data Security\/./Data-Batch-Server/service-container/container/logs/dbs\ae.log and will not be deleted
2025-12-01 23:10:24,471 HealthCheck                      Error    File in use F:\Program Files (x86)\Websense\Data Security\/./Data-Batch-Server/service-container/container/logs/dbs\endpoint.log and will not be deleted
2025-12-01 23:10:24,473 HealthCheck                      Error    File in use F:\Program Files (x86)\Websense\Data Security\/./Data-Batch-Server/service-container/container/logs/dbs\events.log and will not be deleted
2025-12-01 23:10:24,476 HealthCheck                      Error    File in use F:\Program Files (x86)\Websense\Data Security\/./Data-Batch-Server/service-container/container/logs/dbs\hibernate.log and will not be deleted
2025-12-01 23:10:24,478 HealthCheck                      Error    File in use F:\Program Files (x86)\Websense\Data Security\/./Data-Batch-Server/service-container/container/logs/dbs\jetty.log and will not be deleted
2025-12-01 23:10:24,480 HealthCheck                      Error    File in use F:\Program Files (x86)\Websense\Data Security\/./Data-Batch-Server/service-container/container/logs/dbs\ldap.log and will not be deleted
2025-12-01 23:10:24,482 HealthCheck                      Error    File in use F:\Program Files (x86)\Websense\Data Security\/./Data-Batch-Server/service-container/container/logs/dbs\rap.log and will not be deleted
2025-12-01 23:10:24,483 HealthCheck                      Error    File in use F:\Program Files (x86)\Websense\Data Security\/./Data-Batch-Server/service-container/container/logs/dbs\spring.log and will not be deleted
2025-12-01 23:10:24,485 HealthCheck                      Error    File in use F:\Program Files (x86)\Websense\Data Security\/./Data-Batch-Server/service-container/container/logs/dbs\telemetry.log and will not be deleted
2025-12-01 23:10:24,487 HealthCheck                      Error    File in use F:\Program Files (x86)\Websense\Data Security\/./Data-Batch-Server/service-container/container/logs/rap-etl\rap-etl-all.log and will not be deleted
2025-12-01 23:10:24,489 HealthCheck                      Error    File in use F:\Program Files (x86)\Websense\Data Security\/./Data-Batch-Server/service-container/container/logs/service_logs\DSSBatchServer.2025-10-19.log and will not be deleted
2025-12-02 23:10:23,138 HealthCheck                      Error    File in use F:\Program Files (x86)\Websense\Data Security\/./Logs\Scripts_PE.log and will not be deleted
2025-12-02 23:10:23,153 HealthCheck                      Error    File in use F:\Program Files (x86)\Websense\Data Security\/./tomcat/logs/dlp\dlp-login.log and will not be deleted
2025-12-02 23:10:23,155 HealthCheck                      Error    File in use F:\Program Files (x86)\Websense\Data Security\/./tomcat/logs/dlp\dlp-policies-import-export.log and will not be deleted
2025-12-02 23:10:23,160 HealthCheck                      Error    File in use F:\Program Files (x86)\Websense\Data Security\/./tomcat/logs/dlp\dlp-tomcat.log and will not be deleted
2025-12-02 23:10:23,165 HealthCheck                      Error    File in use F:\Program Files (x86)\Websense\Data Security\/./tomcat/logs/forensics\forensics-spring.log and will not be deleted
2025-12-02 23:10:23,168 HealthCheck                      Error    File in use F:\Program Files (x86)\Websense\Data Security\/./tomcat/logs/forensics\forensics-tomcat.log and will not be deleted
2025-12-02 23:10:23,170 HealthCheck                      Error    File in use F:\Program Files (x86)\Websense\Data Security\/./tomcat/logs/tomcat\all.log and will not be deleted
2025-12-02 23:10:23,174 HealthCheck                      Error    File in use F:\Program Files (x86)\Websense\Data Security\/./Data-Batch-Server/service-container/container/logs/dbs\ae.log and will not be deleted
2025-12-02 23:10:23,176 HealthCheck                      Error    File in use F:\Program Files (x86)\Websense\Data Security\/./Data-Batch-Server/service-container/container/logs/dbs\endpoint.log and will not be deleted
2025-12-02 23:10:23,176 HealthCheck                      Error    File in use F:\Program Files (x86)\Websense\Data Security\/./Data-Batch-Server/service-container/container/logs/dbs\events.log and will not be deleted
2025-12-02 23:10:23,181 HealthCheck                      Error    File in use F:\Program Files (x86)\Websense\Data Security\/./Data-Batch-Server/service-container/container/logs/dbs\ldap.log and will not be deleted
2025-12-02 23:10:23,182 HealthCheck                      Error    File in use F:\Program Files (x86)\Websense\Data Security\/./Data-Batch-Server/service-container/container/logs/dbs\rap.log and will not be deleted
2025-12-02 23:10:23,183 HealthCheck                      Error    File in use F:\Program Files (x86)\Websense\Data Security\/./Data-Batch-Server/service-container/container/logs/dbs\spring.log and will not be deleted
2025-12-02 23:10:23,185 HealthCheck                      Error    File in use F:\Program Files (x86)\Websense\Data Security\/./Data-Batch-Server/service-container/container/logs/dbs\telemetry.log and will not be deleted
2025-12-03 23:10:24,013 HealthCheck                      Error    File in use F:\Program Files (x86)\Websense\Data Security\/./Logs\Scripts_PE.log and will not be deleted
2025-12-03 23:10:24,025 HealthCheck                      Error    File in use F:\Program Files (x86)\Websense\Data Security\/./tomcat/logs/dlp\dlp-login.log and will not be deleted
2025-12-03 23:10:24,027 HealthCheck                      Error    File in use F:\Program Files (x86)\Websense\Data Security\/./tomcat/logs/dlp\dlp-policies-import-export.log and will not be deleted
2025-12-03 23:10:24,030 HealthCheck                      Error    File in use F:\Program Files (x86)\Websense\Data Security\/./tomcat/logs/dlp\dlp-tomcat.log and will not be deleted
2025-12-03 23:10:24,034 HealthCheck                      Error    File in use F:\Program Files (x86)\Websense\Data Security\/./tomcat/logs/forensics\forensics-spring.log and will not be deleted
2025-12-03 23:10:24,036 HealthCheck                      Error    File in use F:\Program Files (x86)\Websense\Data Security\/./tomcat/logs/forensics\forensics-tomcat.log and will not be deleted
2025-12-03 23:10:24,037 HealthCheck                      Error    File in use F:\Program Files (x86)\Websense\Data Security\/./tomcat/logs/tomcat\all.log and will not be deleted
2025-12-03 23:10:24,042 HealthCheck                      Error    File in use F:\Program Files (x86)\Websense\Data Security\/./Data-Batch-Server/service-container/container/logs/dbs\ae.log and will not be deleted
2025-12-03 23:10:24,045 HealthCheck                      Error    File in use F:\Program Files (x86)\Websense\Data Security\/./Data-Batch-Server/service-container/container/logs/dbs\endpoint.log and will not be deleted
2025-12-03 23:10:24,047 HealthCheck                      Error    File in use F:\Program Files (x86)\Websense\Data Security\/./Data-Batch-Server/service-container/container/logs/dbs\events.log and will not be deleted
2025-12-03 23:10:24,049 HealthCheck                      Error    File in use F:\Program Files (x86)\Websense\Data Security\/./Data-Batch-Server/service-container/container/logs/dbs\ldap.log and will not be deleted
2025-12-03 23:10:24,050 HealthCheck                      Error    File in use F:\Program Files (x86)\Websense\Data Security\/./Data-Batch-Server/service-container/container/logs/dbs\rap.log and will not be deleted
2025-12-03 23:10:24,052 HealthCheck                      Error    File in use F:\Program Files (x86)\Websense\Data Security\/./Data-Batch-Server/service-container/container/logs/dbs\spring.log and will not be deleted
2025-12-03 23:10:24,053 HealthCheck                      Error    File in use F:\Program Files (x86)\Websense\Data Security\/./Data-Batch-Server/service-container/container/logs/dbs\telemetry.log and will not be deleted
2025-12-04 23:10:24,151 HealthCheck                      Error    File in use F:\Program Files (x86)\Websense\Data Security\/./Logs\Scripts_PE.log and will not be deleted
2025-12-04 23:10:24,156 HealthCheck                      Error    File in use F:\Program Files (x86)\Websense\Data Security\/./tomcat/logs/dlp\dlp-login.log and will not be deleted
2025-12-04 23:10:24,158 HealthCheck                      Error    File in use F:\Program Files (x86)\Websense\Data Security\/./tomcat/logs/dlp\dlp-policies-import-export.log and will not be deleted
2025-12-04 23:10:24,160 HealthCheck                      Error    File in use F:\Program Files (x86)\Websense\Data Security\/./tomcat/logs/dlp\dlp-tomcat.log and will not be deleted
2025-12-04 23:10:24,162 HealthCheck                      Error    File in use F:\Program Files (x86)\Websense\Data Security\/./tomcat/logs/forensics\forensics-spring.log and will not be deleted
2025-12-04 23:10:24,163 HealthCheck                      Error    File in use F:\Program Files (x86)\Websense\Data Security\/./tomcat/logs/forensics\forensics-tomcat.log and will not be deleted
2025-12-04 23:10:24,165 HealthCheck                      Error    File in use F:\Program Files (x86)\Websense\Data Security\/./tomcat/logs/tomcat\all.log and will not be deleted
2025-12-04 23:10:24,168 HealthCheck                      Error    File in use F:\Program Files (x86)\Websense\Data Security\/./Data-Batch-Server/service-container/container/logs/dbs\ae.log and will not be deleted
2025-12-04 23:10:24,169 HealthCheck                      Error    File in use F:\Program Files (x86)\Websense\Data Security\/./Data-Batch-Server/service-container/container/logs/dbs\endpoint.log and will not be deleted
2025-12-04 23:10:24,170 HealthCheck                      Error    File in use F:\Program Files (x86)\Websense\Data Security\/./Data-Batch-Server/service-container/container/logs/dbs\events.log and will not be deleted
2025-12-04 23:10:24,172 HealthCheck                      Error    File in use F:\Program Files (x86)\Websense\Data Security\/./Data-Batch-Server/service-container/container/logs/dbs\ldap.log and will not be deleted
2025-12-04 23:10:24,173 HealthCheck                      Error    File in use F:\Program Files (x86)\Websense\Data Security\/./Data-Batch-Server/service-container/container/logs/dbs\rap.log and will not be deleted
2025-12-04 23:10:24,174 HealthCheck                      Error    File in use F:\Program Files (x86)\Websense\Data Security\/./Data-Batch-Server/service-container/container/logs/dbs\spring.log and will not be deleted
2025-12-04 23:10:24,175 HealthCheck                      Error    File in use F:\Program Files (x86)\Websense\Data Security\/./Data-Batch-Server/service-container/container/logs/dbs\telemetry.log and will not be deleted
2025-12-05 23:10:25,589 HealthCheck                      Error    File in use F:\Program Files (x86)\Websense\Data Security\/./Logs\Scripts_PE.log and will not be deleted
2025-12-05 23:10:25,597 HealthCheck                      Error    File in use F:\Program Files (x86)\Websense\Data Security\/./tomcat/logs/dlp\dlp-login.log and will not be deleted
2025-12-05 23:10:25,599 HealthCheck                      Error    File in use F:\Program Files (x86)\Websense\Data Security\/./tomcat/logs/dlp\dlp-policies-import-export.log and will not be deleted
2025-12-05 23:10:25,602 HealthCheck                      Error    File in use F:\Program Files (x86)\Websense\Data Security\/./tomcat/logs/dlp\dlp-tomcat.log and will not be deleted
2025-12-05 23:10:25,605 HealthCheck                      Error    File in use F:\Program Files (x86)\Websense\Data Security\/./tomcat/logs/forensics\forensics-spring.log and will not be deleted
2025-12-05 23:10:25,607 HealthCheck                      Error    File in use F:\Program Files (x86)\Websense\Data Security\/./tomcat/logs/forensics\forensics-tomcat.log and will not be deleted
2025-12-05 23:10:25,608 HealthCheck                      Error    File in use F:\Program Files (x86)\Websense\Data Security\/./tomcat/logs/tomcat\all.log and will not be deleted
2025-12-05 23:10:25,611 HealthCheck                      Error    File in use F:\Program Files (x86)\Websense\Data Security\/./Data-Batch-Server/service-container/container/logs/dbs\ae.log and will not be deleted
2025-12-05 23:10:25,612 HealthCheck                      Error    File in use F:\Program Files (x86)\Websense\Data Security\/./Data-Batch-Server/service-container/container/logs/dbs\endpoint.log and will not be deleted
2025-12-05 23:10:25,614 HealthCheck                      Error    File in use F:\Program Files (x86)\Websense\Data Security\/./Data-Batch-Server/service-container/container/logs/dbs\events.log and will not be deleted
2025-12-05 23:10:25,615 HealthCheck                      Error    File in use F:\Program Files (x86)\Websense\Data Security\/./Data-Batch-Server/service-container/container/logs/dbs\ldap.log and will not be deleted
2025-12-05 23:10:25,617 HealthCheck                      Error    File in use F:\Program Files (x86)\Websense\Data Security\/./Data-Batch-Server/service-container/container/logs/dbs\rap.log and will not be deleted
2025-12-05 23:10:25,617 HealthCheck                      Error    File in use F:\Program Files (x86)\Websense\Data Security\/./Data-Batch-Server/service-container/container/logs/dbs\spring.log and will not be deleted
2025-12-05 23:10:25,618 HealthCheck                      Error    File in use F:\Program Files (x86)\Websense\Data Security\/./Data-Batch-Server/service-container/container/logs/dbs\telemetry.log and will not be deleted
2025-12-06 23:10:24,041 HealthCheck                      Error    File in use F:\Program Files (x86)\Websense\Data Security\/./Logs\Scripts_PE.log and will not be deleted
2025-12-06 23:10:24,049 HealthCheck                      Error    File in use F:\Program Files (x86)\Websense\Data Security\/./tomcat/logs/dlp\dlp-login.log and will not be deleted
2025-12-06 23:10:24,050 HealthCheck                      Error    File in use F:\Program Files (x86)\Websense\Data Security\/./tomcat/logs/dlp\dlp-policies-import-export.log and will not be deleted
2025-12-06 23:10:24,053 HealthCheck                      Error    File in use F:\Program Files (x86)\Websense\Data Security\/./tomcat/logs/dlp\dlp-tomcat.log and will not be deleted
2025-12-06 23:10:24,057 HealthCheck                      Error    File in use F:\Program Files (x86)\Websense\Data Security\/./tomcat/logs/forensics\forensics-spring.log and will not be deleted
2025-12-06 23:10:24,058 HealthCheck                      Error    File in use F:\Program Files (x86)\Websense\Data Security\/./tomcat/logs/forensics\forensics-tomcat.log and will not be deleted
2025-12-06 23:10:24,059 HealthCheck                      Error    File in use F:\Program Files (x86)\Websense\Data Security\/./tomcat/logs/tomcat\all.log and will not be deleted
2025-12-06 23:10:24,062 HealthCheck                      Error    File in use F:\Program Files (x86)\Websense\Data Security\/./Data-Batch-Server/service-container/container/logs/dbs\ae.log and will not be deleted
2025-12-06 23:10:24,063 HealthCheck                      Error    File in use F:\Program Files (x86)\Websense\Data Security\/./Data-Batch-Server/service-container/container/logs/dbs\endpoint.log and will not be deleted
2025-12-06 23:10:24,064 HealthCheck                      Error    File in use F:\Program Files (x86)\Websense\Data Security\/./Data-Batch-Server/service-container/container/logs/dbs\events.log and will not be deleted
2025-12-06 23:10:24,066 HealthCheck                      Error    File in use F:\Program Files (x86)\Websense\Data Security\/./Data-Batch-Server/service-container/container/logs/dbs\ldap.log and will not be deleted
2025-12-06 23:10:24,067 HealthCheck                      Error    File in use F:\Program Files (x86)\Websense\Data Security\/./Data-Batch-Server/service-container/container/logs/dbs\rap.log and will not be deleted
2025-12-06 23:10:24,068 HealthCheck                      Error    File in use F:\Program Files (x86)\Websense\Data Security\/./Data-Batch-Server/service-container/container/logs/dbs\spring.log and will not be deleted
2025-12-06 23:10:24,068 HealthCheck                      Error    File in use F:\Program Files (x86)\Websense\Data Security\/./Data-Batch-Server/service-container/container/logs/dbs\telemetry.log and will not be deleted
2025-12-07 23:10:24,160 HealthCheck                      Error    File in use F:\Program Files (x86)\Websense\Data Security\/./Logs\Scripts_PE.log and will not be deleted
2025-12-07 23:10:24,168 HealthCheck                      Error    File in use F:\Program Files (x86)\Websense\Data Security\/./tomcat/logs/dlp\dlp-login.log and will not be deleted
2025-12-07 23:10:24,169 HealthCheck                      Error    File in use F:\Program Files (x86)\Websense\Data Security\/./tomcat/logs/dlp\dlp-policies-import-export.log and will not be deleted
2025-12-07 23:10:24,171 HealthCheck                      Error    File in use F:\Program Files (x86)\Websense\Data Security\/./tomcat/logs/dlp\dlp-tomcat.log and will not be deleted
2025-12-07 23:10:24,174 HealthCheck                      Error    File in use F:\Program Files (x86)\Websense\Data Security\/./tomcat/logs/forensics\forensics-spring.log and will not be deleted
2025-12-07 23:10:24,175 HealthCheck                      Error    File in use F:\Program Files (x86)\Websense\Data Security\/./tomcat/logs/forensics\forensics-tomcat.log and will not be deleted
2025-12-07 23:10:24,176 HealthCheck                      Error    File in use F:\Program Files (x86)\Websense\Data Security\/./tomcat/logs/tomcat\all.log and will not be deleted
2025-12-07 23:10:24,182 HealthCheck                      Error    File in use F:\Program Files (x86)\Websense\Data Security\/./Data-Batch-Server/service-container/container/logs/dbs\ae.log and will not be deleted
2025-12-07 23:10:24,184 HealthCheck                      Error    File in use F:\Program Files (x86)\Websense\Data Security\/./Data-Batch-Server/service-container/container/logs/dbs\endpoint.log and will not be deleted
2025-12-07 23:10:24,186 HealthCheck                      Error    File in use F:\Program Files (x86)\Websense\Data Security\/./Data-Batch-Server/service-container/container/logs/dbs\events.log and will not be deleted
2025-12-07 23:10:24,188 HealthCheck                      Error    File in use F:\Program Files (x86)\Websense\Data Security\/./Data-Batch-Server/service-container/container/logs/dbs\ldap.log and will not be deleted
2025-12-07 23:10:24,190 HealthCheck                      Error    File in use F:\Program Files (x86)\Websense\Data Security\/./Data-Batch-Server/service-container/container/logs/dbs\rap.log and will not be deleted
2025-12-07 23:10:24,191 HealthCheck                      Error    File in use F:\Program Files (x86)\Websense\Data Security\/./Data-Batch-Server/service-container/container/logs/dbs\spring.log and will not be deleted
2025-12-07 23:10:24,193 HealthCheck                      Error    File in use F:\Program Files (x86)\Websense\Data Security\/./Data-Batch-Server/service-container/container/logs/dbs\telemetry.log and will not be deleted
2025-12-08 23:10:24,222 HealthCheck                      Error    File in use F:\Program Files (x86)\Websense\Data Security\/./Logs\Scripts_PE.log and will not be deleted
2025-12-08 23:10:24,229 HealthCheck                      Error    File in use F:\Program Files (x86)\Websense\Data Security\/./tomcat/logs/dlp\dlp-login.log and will not be deleted
2025-12-08 23:10:24,231 HealthCheck                      Error    File in use F:\Program Files (x86)\Websense\Data Security\/./tomcat/logs/dlp\dlp-policies-import-export.log and will not be deleted
2025-12-08 23:10:24,233 HealthCheck                      Error    File in use F:\Program Files (x86)\Websense\Data Security\/./tomcat/logs/dlp\dlp-tomcat.log and will not be deleted
2025-12-08 23:10:24,235 HealthCheck                      Error    File in use F:\Program Files (x86)\Websense\Data Security\/./tomcat/logs/forensics\forensics-spring.log and will not be deleted
2025-12-08 23:10:24,236 HealthCheck                      Error    File in use F:\Program Files (x86)\Websense\Data Security\/./tomcat/logs/forensics\forensics-tomcat.log and will not be deleted
2025-12-08 23:10:24,237 HealthCheck                      Error    File in use F:\Program Files (x86)\Websense\Data Security\/./tomcat/logs/tomcat\all.log and will not be deleted
2025-12-08 23:10:24,243 HealthCheck                      Error    File in use F:\Program Files (x86)\Websense\Data Security\/./Data-Batch-Server/service-container/container/logs/dbs\ae.log and will not be deleted
2025-12-08 23:10:24,245 HealthCheck                      Error    File in use F:\Program Files (x86)\Websense\Data Security\/./Data-Batch-Server/service-container/container/logs/dbs\endpoint.log and will not be deleted
2025-12-08 23:10:24,246 HealthCheck                      Error    File in use F:\Program Files (x86)\Websense\Data Security\/./Data-Batch-Server/service-container/container/logs/dbs\events.log and will not be deleted
2025-12-08 23:10:24,248 HealthCheck                      Error    File in use F:\Program Files (x86)\Websense\Data Security\/./Data-Batch-Server/service-container/container/logs/dbs\ldap.log and will not be deleted
2025-12-08 23:10:24,249 HealthCheck                      Error    File in use F:\Program Files (x86)\Websense\Data Security\/./Data-Batch-Server/service-container/container/logs/dbs\rap.log and will not be deleted
2025-12-08 23:10:24,250 HealthCheck                      Error    File in use F:\Program Files (x86)\Websense\Data Security\/./Data-Batch-Server/service-container/container/logs/dbs\spring.log and will not be deleted
2025-12-08 23:10:24,252 HealthCheck                      Error    File in use F:\Program Files (x86)\Websense\Data Security\/./Data-Batch-Server/service-container/container/logs/dbs\telemetry.log and will not be deleted
2025-12-09 23:10:23,241 HealthCheck                      Error    File in use F:\Program Files (x86)\Websense\Data Security\/./Logs\Scripts_PE.log and will not be deleted
2025-12-09 23:10:23,245 HealthCheck                      Error    File in use F:\Program Files (x86)\Websense\Data Security\/./tomcat/logs/dlp\dlp-login.log and will not be deleted
2025-12-09 23:10:23,247 HealthCheck                      Error    File in use F:\Program Files (x86)\Websense\Data Security\/./tomcat/logs/dlp\dlp-policies-import-export.log and will not be deleted
2025-12-09 23:10:23,249 HealthCheck                      Error    File in use F:\Program Files (x86)\Websense\Data Security\/./tomcat/logs/dlp\dlp-tomcat.log and will not be deleted
2025-12-09 23:10:23,250 HealthCheck                      Error    File in use F:\Program Files (x86)\Websense\Data Security\/./tomcat/logs/forensics\forensics-spring.log and will not be deleted
2025-12-09 23:10:23,252 HealthCheck                      Error    File in use F:\Program Files (x86)\Websense\Data Security\/./tomcat/logs/forensics\forensics-tomcat.log and will not be deleted
2025-12-09 23:10:23,253 HealthCheck                      Error    File in use F:\Program Files (x86)\Websense\Data Security\/./tomcat/logs/tomcat\all.log and will not be deleted
2025-12-09 23:10:23,258 HealthCheck                      Error    File in use F:\Program Files (x86)\Websense\Data Security\/./Data-Batch-Server/service-container/container/logs/dbs\ae.log and will not be deleted
2025-12-09 23:10:23,260 HealthCheck                      Error    File in use F:\Program Files (x86)\Websense\Data Security\/./Data-Batch-Server/service-container/container/logs/dbs\endpoint.log and will not be deleted
2025-12-09 23:10:23,261 HealthCheck                      Error    File in use F:\Program Files (x86)\Websense\Data Security\/./Data-Batch-Server/service-container/container/logs/dbs\events.log and will not be deleted
2025-12-09 23:10:23,264 HealthCheck                      Error    File in use F:\Program Files (x86)\Websense\Data Security\/./Data-Batch-Server/service-container/container/logs/dbs\ldap.log and will not be deleted
2025-12-09 23:10:23,264 HealthCheck                      Error    File in use F:\Program Files (x86)\Websense\Data Security\/./Data-Batch-Server/service-container/container/logs/dbs\rap.log and will not be deleted
2025-12-09 23:10:23,266 HealthCheck                      Error    File in use F:\Program Files (x86)\Websense\Data Security\/./Data-Batch-Server/service-container/container/logs/dbs\spring.log and will not be deleted
2025-12-09 23:10:23,269 HealthCheck                      Error    File in use F:\Program Files (x86)\Websense\Data Security\/./Data-Batch-Server/service-container/container/logs/dbs\telemetry.log and will not be deleted
2025-12-10 23:10:23,861 HealthCheck                      Error    File in use F:\Program Files (x86)\Websense\Data Security\/./Logs\Scripts_PE.log and will not be deleted
2025-12-10 23:10:23,871 HealthCheck                      Error    File in use F:\Program Files (x86)\Websense\Data Security\/./tomcat/logs/dlp\dlp-login.log and will not be deleted
2025-12-10 23:10:23,874 HealthCheck                      Error    File in use F:\Program Files (x86)\Websense\Data Security\/./tomcat/logs/dlp\dlp-policies-import-export.log and will not be deleted
2025-12-10 23:10:23,878 HealthCheck                      Error    File in use F:\Program Files (x86)\Websense\Data Security\/./tomcat/logs/dlp\dlp-tomcat.log and will not be deleted
2025-12-10 23:10:23,881 HealthCheck                      Error    File in use F:\Program Files (x86)\Websense\Data Security\/./tomcat/logs/forensics\forensics-spring.log and will not be deleted
2025-12-10 23:10:23,884 HealthCheck                      Error    File in use F:\Program Files (x86)\Websense\Data Security\/./tomcat/logs/forensics\forensics-tomcat.log and will not be deleted
2025-12-10 23:10:23,886 HealthCheck                      Error    File in use F:\Program Files (x86)\Websense\Data Security\/./tomcat/logs/tomcat\all.log and will not be deleted
2025-12-10 23:10:23,890 HealthCheck                      Error    File in use F:\Program Files (x86)\Websense\Data Security\/./Data-Batch-Server/service-container/container/logs/dbs\ae.log and will not be deleted
2025-12-10 23:10:23,891 HealthCheck                      Error    File in use F:\Program Files (x86)\Websense\Data Security\/./Data-Batch-Server/service-container/container/logs/dbs\endpoint.log and will not be deleted
2025-12-10 23:10:23,893 HealthCheck                      Error    File in use F:\Program Files (x86)\Websense\Data Security\/./Data-Batch-Server/service-container/container/logs/dbs\events.log and will not be deleted
2025-12-10 23:10:23,894 HealthCheck                      Error    File in use F:\Program Files (x86)\Websense\Data Security\/./Data-Batch-Server/service-container/container/logs/dbs\ldap.log and will not be deleted
2025-12-10 23:10:23,895 HealthCheck                      Error    File in use F:\Program Files (x86)\Websense\Data Security\/./Data-Batch-Server/service-container/container/logs/dbs\rap.log and will not be deleted
2025-12-10 23:10:23,896 HealthCheck                      Error    File in use F:\Program Files (x86)\Websense\Data Security\/./Data-Batch-Server/service-container/container/logs/dbs\spring.log and will not be deleted
2025-12-10 23:10:23,897 HealthCheck                      Error    File in use F:\Program Files (x86)\Websense\Data Security\/./Data-Batch-Server/service-container/container/logs/dbs\telemetry.log and will not be deleted
2025-12-11 23:10:23,789 HealthCheck                      Error    File in use F:\Program Files (x86)\Websense\Data Security\/./Logs\Scripts_PE.log and will not be deleted
2025-12-11 23:10:23,798 HealthCheck                      Error    File in use F:\Program Files (x86)\Websense\Data Security\/./tomcat/logs/dlp\dlp-login.log and will not be deleted
2025-12-11 23:10:23,801 HealthCheck                      Error    File in use F:\Program Files (x86)\Websense\Data Security\/./tomcat/logs/dlp\dlp-policies-import-export.log and will not be deleted
2025-12-11 23:10:23,803 HealthCheck                      Error    File in use F:\Program Files (x86)\Websense\Data Security\/./tomcat/logs/dlp\dlp-tomcat.log and will not be deleted
2025-12-11 23:10:23,806 HealthCheck                      Error    File in use F:\Program Files (x86)\Websense\Data Security\/./tomcat/logs/forensics\forensics-spring.log and will not be deleted
2025-12-11 23:10:23,808 HealthCheck                      Error    File in use F:\Program Files (x86)\Websense\Data Security\/./tomcat/logs/forensics\forensics-tomcat.log and will not be deleted
2025-12-11 23:10:23,809 HealthCheck                      Error    File in use F:\Program Files (x86)\Websense\Data Security\/./tomcat/logs/tomcat\all.log and will not be deleted
2025-12-11 23:10:23,813 HealthCheck                      Error    File in use F:\Program Files (x86)\Websense\Data Security\/./Data-Batch-Server/service-container/container/logs/dbs\ae.log and will not be deleted
2025-12-11 23:10:23,816 HealthCheck                      Error    File in use F:\Program Files (x86)\Websense\Data Security\/./Data-Batch-Server/service-container/container/logs/dbs\endpoint.log and will not be deleted
2025-12-11 23:10:23,820 HealthCheck                      Error    File in use F:\Program Files (x86)\Websense\Data Security\/./Data-Batch-Server/service-container/container/logs/dbs\events.log and will not be deleted
2025-12-11 23:10:23,823 HealthCheck                      Error    File in use F:\Program Files (x86)\Websense\Data Security\/./Data-Batch-Server/service-container/container/logs/dbs\ldap.log and will not be deleted
2025-12-11 23:10:23,826 HealthCheck                      Error    File in use F:\Program Files (x86)\Websense\Data Security\/./Data-Batch-Server/service-container/container/logs/dbs\rap.log and will not be deleted
2025-12-11 23:10:23,828 HealthCheck                      Error    File in use F:\Program Files (x86)\Websense\Data Security\/./Data-Batch-Server/service-container/container/logs/dbs\spring.log and will not be deleted
2025-12-11 23:10:23,831 HealthCheck                      Error    File in use F:\Program Files (x86)\Websense\Data Security\/./Data-Batch-Server/service-container/container/logs/dbs\telemetry.log and will not be deleted
2025-12-12 23:10:23,379 HealthCheck                      Error    File in use F:\Program Files (x86)\Websense\Data Security\/./Logs\Scripts_PE.log and will not be deleted
2025-12-12 23:10:23,385 HealthCheck                      Error    File in use F:\Program Files (x86)\Websense\Data Security\/./tomcat/logs/dlp\dlp-login.log and will not be deleted
2025-12-12 23:10:23,387 HealthCheck                      Error    File in use F:\Program Files (x86)\Websense\Data Security\/./tomcat/logs/dlp\dlp-policies-import-export.log and will not be deleted
2025-12-12 23:10:23,389 HealthCheck                      Error    File in use F:\Program Files (x86)\Websense\Data Security\/./tomcat/logs/dlp\dlp-tomcat.log and will not be deleted
2025-12-12 23:10:23,392 HealthCheck                      Error    File in use F:\Program Files (x86)\Websense\Data Security\/./tomcat/logs/forensics\forensics-spring.log and will not be deleted
2025-12-12 23:10:23,393 HealthCheck                      Error    File in use F:\Program Files (x86)\Websense\Data Security\/./tomcat/logs/forensics\forensics-tomcat.log and will not be deleted
2025-12-12 23:10:23,394 HealthCheck                      Error    File in use F:\Program Files (x86)\Websense\Data Security\/./tomcat/logs/tomcat\all.log and will not be deleted
2025-12-12 23:10:23,398 HealthCheck                      Error    File in use F:\Program Files (x86)\Websense\Data Security\/./Data-Batch-Server/service-container/container/logs/dbs\ae.log and will not be deleted
2025-12-12 23:10:23,403 HealthCheck                      Error    File in use F:\Program Files (x86)\Websense\Data Security\/./Data-Batch-Server/service-container/container/logs/dbs\endpoint.log and will not be deleted
2025-12-12 23:10:23,405 HealthCheck                      Error    File in use F:\Program Files (x86)\Websense\Data Security\/./Data-Batch-Server/service-container/container/logs/dbs\events.log and will not be deleted
2025-12-12 23:10:23,408 HealthCheck                      Error    File in use F:\Program Files (x86)\Websense\Data Security\/./Data-Batch-Server/service-container/container/logs/dbs\ldap.log and will not be deleted
2025-12-12 23:10:23,411 HealthCheck                      Error    File in use F:\Program Files (x86)\Websense\Data Security\/./Data-Batch-Server/service-container/container/logs/dbs\rap.log and will not be deleted
2025-12-12 23:10:23,413 HealthCheck                      Error    File in use F:\Program Files (x86)\Websense\Data Security\/./Data-Batch-Server/service-container/container/logs/dbs\spring.log and will not be deleted
2025-12-12 23:10:23,416 HealthCheck                      Error    File in use F:\Program Files (x86)\Websense\Data Security\/./Data-Batch-Server/service-container/container/logs/dbs\telemetry.log and will not be deleted
2025-12-13 23:10:22,720 HealthCheck                      Error    File in use F:\Program Files (x86)\Websense\Data Security\/./Logs\Scripts_PE.log and will not be deleted
2025-12-13 23:10:22,729 HealthCheck                      Error    File in use F:\Program Files (x86)\Websense\Data Security\/./tomcat/logs/dlp\dlp-login.log and will not be deleted
2025-12-13 23:10:22,731 HealthCheck                      Error    File in use F:\Program Files (x86)\Websense\Data Security\/./tomcat/logs/dlp\dlp-policies-import-export.log and will not be deleted
2025-12-13 23:10:22,733 HealthCheck                      Error    File in use F:\Program Files (x86)\Websense\Data Security\/./tomcat/logs/dlp\dlp-tomcat.log and will not be deleted
2025-12-13 23:10:22,736 HealthCheck                      Error    File in use F:\Program Files (x86)\Websense\Data Security\/./tomcat/logs/forensics\forensics-spring.log and will not be deleted
2025-12-13 23:10:22,737 HealthCheck                      Error    File in use F:\Program Files (x86)\Websense\Data Security\/./tomcat/logs/forensics\forensics-tomcat.log and will not be deleted
2025-12-13 23:10:22,739 HealthCheck                      Error    File in use F:\Program Files (x86)\Websense\Data Security\/./tomcat/logs/tomcat\all.log and will not be deleted
2025-12-13 23:10:22,743 HealthCheck                      Error    File in use F:\Program Files (x86)\Websense\Data Security\/./Data-Batch-Server/service-container/container/logs/dbs\ae.log and will not be deleted
2025-12-13 23:10:22,744 HealthCheck                      Error    File in use F:\Program Files (x86)\Websense\Data Security\/./Data-Batch-Server/service-container/container/logs/dbs\endpoint.log and will not be deleted
2025-12-13 23:10:22,746 HealthCheck                      Error    File in use F:\Program Files (x86)\Websense\Data Security\/./Data-Batch-Server/service-container/container/logs/dbs\events.log and will not be deleted
2025-12-13 23:10:22,749 HealthCheck                      Error    File in use F:\Program Files (x86)\Websense\Data Security\/./Data-Batch-Server/service-container/container/logs/dbs\ldap.log and will not be deleted
2025-12-13 23:10:22,751 HealthCheck                      Error    File in use F:\Program Files (x86)\Websense\Data Security\/./Data-Batch-Server/service-container/container/logs/dbs\rap.log and will not be deleted
2025-12-13 23:10:22,752 HealthCheck                      Error    File in use F:\Program Files (x86)\Websense\Data Security\/./Data-Batch-Server/service-container/container/logs/dbs\spring.log and will not be deleted
2025-12-13 23:10:22,754 HealthCheck                      Error    File in use F:\Program Files (x86)\Websense\Data Security\/./Data-Batch-Server/service-container/container/logs/dbs\telemetry.log and will not be deleted
2025-12-14 23:10:25,615 HealthCheck                      Error    File in use F:\Program Files (x86)\Websense\Data Security\/./Logs\Scripts_PE.log and will not be deleted
2025-12-14 23:10:25,624 HealthCheck                      Error    File in use F:\Program Files (x86)\Websense\Data Security\/./tomcat/logs/dlp\dlp-login.log and will not be deleted
2025-12-14 23:10:25,627 HealthCheck                      Error    File in use F:\Program Files (x86)\Websense\Data Security\/./tomcat/logs/dlp\dlp-policies-import-export.log and will not be deleted
2025-12-14 23:10:25,629 HealthCheck                      Error    File in use F:\Program Files (x86)\Websense\Data Security\/./tomcat/logs/dlp\dlp-tomcat.log and will not be deleted
2025-12-14 23:10:25,632 HealthCheck                      Error    File in use F:\Program Files (x86)\Websense\Data Security\/./tomcat/logs/forensics\forensics-spring.log and will not be deleted
2025-12-14 23:10:25,634 HealthCheck                      Error    File in use F:\Program Files (x86)\Websense\Data Security\/./tomcat/logs/forensics\forensics-tomcat.log and will not be deleted
2025-12-14 23:10:25,635 HealthCheck                      Error    File in use F:\Program Files (x86)\Websense\Data Security\/./tomcat/logs/tomcat\all.log and will not be deleted
2025-12-14 23:10:25,638 HealthCheck                      Error    File in use F:\Program Files (x86)\Websense\Data Security\/./Data-Batch-Server/service-container/container/logs/dbs\ae.log and will not be deleted
2025-12-14 23:10:25,642 HealthCheck                      Error    File in use F:\Program Files (x86)\Websense\Data Security\/./Data-Batch-Server/service-container/container/logs/dbs\endpoint.log and will not be deleted
2025-12-14 23:10:25,644 HealthCheck                      Error    File in use F:\Program Files (x86)\Websense\Data Security\/./Data-Batch-Server/service-container/container/logs/dbs\events.log and will not be deleted
2025-12-14 23:10:25,645 HealthCheck                      Error    File in use F:\Program Files (x86)\Websense\Data Security\/./Data-Batch-Server/service-container/container/logs/dbs\ldap.log and will not be deleted
2025-12-14 23:10:25,647 HealthCheck                      Error    File in use F:\Program Files (x86)\Websense\Data Security\/./Data-Batch-Server/service-container/container/logs/dbs\rap.log and will not be deleted
2025-12-14 23:10:25,648 HealthCheck                      Error    File in use F:\Program Files (x86)\Websense\Data Security\/./Data-Batch-Server/service-container/container/logs/dbs\spring.log and will not be deleted
2025-12-14 23:10:25,649 HealthCheck                      Error    File in use F:\Program Files (x86)\Websense\Data Security\/./Data-Batch-Server/service-container/container/logs/dbs\telemetry.log and will not be deleted
2025-12-15 23:10:23,729 HealthCheck                      Error    File in use F:\Program Files (x86)\Websense\Data Security\/./Logs\Scripts_PE.log and will not be deleted
2025-12-15 23:10:23,736 HealthCheck                      Error    File in use F:\Program Files (x86)\Websense\Data Security\/./tomcat/logs/dlp\dlp-login.log and will not be deleted
2025-12-15 23:10:23,738 HealthCheck                      Error    File in use F:\Program Files (x86)\Websense\Data Security\/./tomcat/logs/dlp\dlp-policies-import-export.log and will not be deleted
2025-12-15 23:10:23,740 HealthCheck                      Error    File in use F:\Program Files (x86)\Websense\Data Security\/./tomcat/logs/dlp\dlp-tomcat.log and will not be deleted
2025-12-15 23:10:23,743 HealthCheck                      Error    File in use F:\Program Files (x86)\Websense\Data Security\/./tomcat/logs/forensics\forensics-spring.log and will not be deleted
2025-12-15 23:10:23,745 HealthCheck                      Error    File in use F:\Program Files (x86)\Websense\Data Security\/./tomcat/logs/forensics\forensics-tomcat.log and will not be deleted
2025-12-15 23:10:23,747 HealthCheck                      Error    File in use F:\Program Files (x86)\Websense\Data Security\/./tomcat/logs/tomcat\all.log and will not be deleted
2025-12-15 23:10:23,750 HealthCheck                      Error    File in use F:\Program Files (x86)\Websense\Data Security\/./Data-Batch-Server/service-container/container/logs/dbs\ae.log and will not be deleted
2025-12-15 23:10:23,752 HealthCheck                      Error    File in use F:\Program Files (x86)\Websense\Data Security\/./Data-Batch-Server/service-container/container/logs/dbs\endpoint.log and will not be deleted
2025-12-15 23:10:23,754 HealthCheck                      Error    File in use F:\Program Files (x86)\Websense\Data Security\/./Data-Batch-Server/service-container/container/logs/dbs\events.log and will not be deleted
2025-12-15 23:10:23,757 HealthCheck                      Error    File in use F:\Program Files (x86)\Websense\Data Security\/./Data-Batch-Server/service-container/container/logs/dbs\ldap.log and will not be deleted
2025-12-15 23:10:23,758 HealthCheck                      Error    File in use F:\Program Files (x86)\Websense\Data Security\/./Data-Batch-Server/service-container/container/logs/dbs\rap.log and will not be deleted
2025-12-15 23:10:23,760 HealthCheck                      Error    File in use F:\Program Files (x86)\Websense\Data Security\/./Data-Batch-Server/service-container/container/logs/dbs\spring.log and will not be deleted
2025-12-15 23:10:23,761 HealthCheck                      Error    File in use F:\Program Files (x86)\Websense\Data Security\/./Data-Batch-Server/service-container/container/logs/dbs\telemetry.log and will not be deleted
2025-12-16 23:10:23,997 HealthCheck                      Error    File in use F:\Program Files (x86)\Websense\Data Security\/./Logs\Scripts_PE.log and will not be deleted
2025-12-16 23:10:24,006 HealthCheck                      Error    File in use F:\Program Files (x86)\Websense\Data Security\/./tomcat/logs/dlp\dlp-login.log and will not be deleted
2025-12-16 23:10:24,008 HealthCheck                      Error    File in use F:\Program Files (x86)\Websense\Data Security\/./tomcat/logs/dlp\dlp-policies-import-export.log and will not be deleted
2025-12-16 23:10:24,009 HealthCheck                      Error    File in use F:\Program Files (x86)\Websense\Data Security\/./tomcat/logs/dlp\dlp-tomcat.log and will not be deleted
2025-12-16 23:10:24,012 HealthCheck                      Error    File in use F:\Program Files (x86)\Websense\Data Security\/./tomcat/logs/forensics\forensics-spring.log and will not be deleted
2025-12-16 23:10:24,013 HealthCheck                      Error    File in use F:\Program Files (x86)\Websense\Data Security\/./tomcat/logs/forensics\forensics-tomcat.log and will not be deleted
2025-12-16 23:10:24,015 HealthCheck                      Error    File in use F:\Program Files (x86)\Websense\Data Security\/./tomcat/logs/tomcat\all.log and will not be deleted
2025-12-16 23:10:24,017 HealthCheck                      Error    File in use F:\Program Files (x86)\Websense\Data Security\/./Data-Batch-Server/service-container/container/logs/dbs\ae.log and will not be deleted
2025-12-16 23:10:24,019 HealthCheck                      Error    File in use F:\Program Files (x86)\Websense\Data Security\/./Data-Batch-Server/service-container/container/logs/dbs\endpoint.log and will not be deleted
2025-12-16 23:10:24,021 HealthCheck                      Error    File in use F:\Program Files (x86)\Websense\Data Security\/./Data-Batch-Server/service-container/container/logs/dbs\events.log and will not be deleted
2025-12-16 23:10:24,022 HealthCheck                      Error    File in use F:\Program Files (x86)\Websense\Data Security\/./Data-Batch-Server/service-container/container/logs/dbs\ldap.log and will not be deleted
2025-12-16 23:10:24,023 HealthCheck                      Error    File in use F:\Program Files (x86)\Websense\Data Security\/./Data-Batch-Server/service-container/container/logs/dbs\rap.log and will not be deleted
2025-12-16 23:10:24,024 HealthCheck                      Error    File in use F:\Program Files (x86)\Websense\Data Security\/./Data-Batch-Server/service-container/container/logs/dbs\spring.log and will not be deleted
2025-12-16 23:10:24,025 HealthCheck                      Error    File in use F:\Program Files (x86)\Websense\Data Security\/./Data-Batch-Server/service-container/container/logs/dbs\telemetry.log and will not be deleted
2025-12-17 23:10:25,658 HealthCheck                      Error    File in use F:\Program Files (x86)\Websense\Data Security\/./Logs\Scripts_PE.log and will not be deleted
2025-12-17 23:10:25,667 HealthCheck                      Error    File in use F:\Program Files (x86)\Websense\Data Security\/./tomcat/logs/dlp\dlp-login.log and will not be deleted
2025-12-17 23:10:25,669 HealthCheck                      Error    File in use F:\Program Files (x86)\Websense\Data Security\/./tomcat/logs/dlp\dlp-policies-import-export.log and will not be deleted
2025-12-17 23:10:25,672 HealthCheck                      Error    File in use F:\Program Files (x86)\Websense\Data Security\/./tomcat/logs/dlp\dlp-tomcat.log and will not be deleted
2025-12-17 23:10:25,677 HealthCheck                      Error    File in use F:\Program Files (x86)\Websense\Data Security\/./tomcat/logs/forensics\forensics-spring.log and will not be deleted
2025-12-17 23:10:25,680 HealthCheck                      Error    File in use F:\Program Files (x86)\Websense\Data Security\/./tomcat/logs/forensics\forensics-tomcat.log and will not be deleted
2025-12-17 23:10:25,683 HealthCheck                      Error    File in use F:\Program Files (x86)\Websense\Data Security\/./tomcat/logs/tomcat\all.log and will not be deleted
2025-12-17 23:10:25,688 HealthCheck                      Error    File in use F:\Program Files (x86)\Websense\Data Security\/./Data-Batch-Server/service-container/container/logs/dbs\ae.log and will not be deleted
2025-12-17 23:10:25,691 HealthCheck                      Error    File in use F:\Program Files (x86)\Websense\Data Security\/./Data-Batch-Server/service-container/container/logs/dbs\endpoint.log and will not be deleted
2025-12-17 23:10:25,693 HealthCheck                      Error    File in use F:\Program Files (x86)\Websense\Data Security\/./Data-Batch-Server/service-container/container/logs/dbs\events.log and will not be deleted
2025-12-17 23:10:25,696 HealthCheck                      Error    File in use F:\Program Files (x86)\Websense\Data Security\/./Data-Batch-Server/service-container/container/logs/dbs\ldap.log and will not be deleted
2025-12-17 23:10:25,699 HealthCheck                      Error    File in use F:\Program Files (x86)\Websense\Data Security\/./Data-Batch-Server/service-container/container/logs/dbs\rap.log and will not be deleted
2025-12-17 23:10:25,700 HealthCheck                      Error    File in use F:\Program Files (x86)\Websense\Data Security\/./Data-Batch-Server/service-container/container/logs/dbs\spring.log and will not be deleted
2025-12-17 23:10:25,702 HealthCheck                      Error    File in use F:\Program Files (x86)\Websense\Data Security\/./Data-Batch-Server/service-container/container/logs/dbs\telemetry.log and will not be deleted
2025-12-18 23:10:23,885 HealthCheck                      Error    File in use F:\Program Files (x86)\Websense\Data Security\/./Logs\Scripts_PE.log and will not be deleted
2025-12-18 23:10:23,896 HealthCheck                      Error    File in use F:\Program Files (x86)\Websense\Data Security\/./tomcat/logs/dlp\dlp-login.log and will not be deleted
2025-12-18 23:10:23,898 HealthCheck                      Error    File in use F:\Program Files (x86)\Websense\Data Security\/./tomcat/logs/dlp\dlp-policies-import-export.log and will not be deleted
2025-12-18 23:10:23,901 HealthCheck                      Error    File in use F:\Program Files (x86)\Websense\Data Security\/./tomcat/logs/dlp\dlp-tomcat.log and will not be deleted
2025-12-18 23:10:23,905 HealthCheck                      Error    File in use F:\Program Files (x86)\Websense\Data Security\/./tomcat/logs/forensics\forensics-spring.log and will not be deleted
2025-12-18 23:10:23,906 HealthCheck                      Error    File in use F:\Program Files (x86)\Websense\Data Security\/./tomcat/logs/forensics\forensics-tomcat.log and will not be deleted
2025-12-18 23:10:23,908 HealthCheck                      Error    File in use F:\Program Files (x86)\Websense\Data Security\/./tomcat/logs/tomcat\all.log and will not be deleted
2025-12-18 23:10:23,910 HealthCheck                      Error    File in use F:\Program Files (x86)\Websense\Data Security\/./Data-Batch-Server/service-container/container/logs/dbs\ae.log and will not be deleted
2025-12-18 23:10:23,914 HealthCheck                      Error    File in use F:\Program Files (x86)\Websense\Data Security\/./Data-Batch-Server/service-container/container/logs/dbs\endpoint.log and will not be deleted
2025-12-18 23:10:23,916 HealthCheck                      Error    File in use F:\Program Files (x86)\Websense\Data Security\/./Data-Batch-Server/service-container/container/logs/dbs\events.log and will not be deleted
2025-12-18 23:10:23,917 HealthCheck                      Error    File in use F:\Program Files (x86)\Websense\Data Security\/./Data-Batch-Server/service-container/container/logs/dbs\ldap.log and will not be deleted
2025-12-18 23:10:23,918 HealthCheck                      Error    File in use F:\Program Files (x86)\Websense\Data Security\/./Data-Batch-Server/service-container/container/logs/dbs\rap.log and will not be deleted
2025-12-18 23:10:23,921 HealthCheck                      Error    File in use F:\Program Files (x86)\Websense\Data Security\/./Data-Batch-Server/service-container/container/logs/dbs\spring.log and will not be deleted
2025-12-18 23:10:23,924 HealthCheck                      Error    File in use F:\Program Files (x86)\Websense\Data Security\/./Data-Batch-Server/service-container/container/logs/dbs\telemetry.log and will not be deleted
2025-12-19 23:10:24,210 HealthCheck                      Error    File in use F:\Program Files (x86)\Websense\Data Security\/./Logs\Scripts_PE.log and will not be deleted
2025-12-19 23:10:24,219 HealthCheck                      Error    File in use F:\Program Files (x86)\Websense\Data Security\/./tomcat/logs/dlp\dlp-login.log and will not be deleted
2025-12-19 23:10:24,222 HealthCheck                      Error    File in use F:\Program Files (x86)\Websense\Data Security\/./tomcat/logs/dlp\dlp-policies-import-export.log and will not be deleted
2025-12-19 23:10:24,223 HealthCheck                      Error    File in use F:\Program Files (x86)\Websense\Data Security\/./tomcat/logs/dlp\dlp-tomcat.log and will not be deleted
2025-12-19 23:10:24,228 HealthCheck                      Error    File in use F:\Program Files (x86)\Websense\Data Security\/./tomcat/logs/forensics\forensics-spring.log and will not be deleted
2025-12-19 23:10:24,230 HealthCheck                      Error    File in use F:\Program Files (x86)\Websense\Data Security\/./tomcat/logs/forensics\forensics-tomcat.log and will not be deleted
2025-12-19 23:10:24,232 HealthCheck                      Error    File in use F:\Program Files (x86)\Websense\Data Security\/./tomcat/logs/tomcat\all.log and will not be deleted
2025-12-19 23:10:24,237 HealthCheck                      Error    File in use F:\Program Files (x86)\Websense\Data Security\/./Data-Batch-Server/service-container/container/logs/dbs\ae.log and will not be deleted
2025-12-19 23:10:24,239 HealthCheck                      Error    File in use F:\Program Files (x86)\Websense\Data Security\/./Data-Batch-Server/service-container/container/logs/dbs\endpoint.log and will not be deleted
2025-12-19 23:10:24,240 HealthCheck                      Error    File in use F:\Program Files (x86)\Websense\Data Security\/./Data-Batch-Server/service-container/container/logs/dbs\events.log and will not be deleted
2025-12-19 23:10:24,242 HealthCheck                      Error    File in use F:\Program Files (x86)\Websense\Data Security\/./Data-Batch-Server/service-container/container/logs/dbs\ldap.log and will not be deleted
2025-12-19 23:10:24,244 HealthCheck                      Error    File in use F:\Program Files (x86)\Websense\Data Security\/./Data-Batch-Server/service-container/container/logs/dbs\rap.log and will not be deleted
2025-12-19 23:10:24,245 HealthCheck                      Error    File in use F:\Program Files (x86)\Websense\Data Security\/./Data-Batch-Server/service-container/container/logs/dbs\spring.log and will not be deleted
2025-12-19 23:10:24,247 HealthCheck                      Error    File in use F:\Program Files (x86)\Websense\Data Security\/./Data-Batch-Server/service-container/container/logs/dbs\telemetry.log and will not be deleted
2025-12-20 23:10:24,812 HealthCheck                      Error    File in use F:\Program Files (x86)\Websense\Data Security\/./Logs\Scripts_PE.log and will not be deleted
2025-12-20 23:10:24,827 HealthCheck                      Error    File in use F:\Program Files (x86)\Websense\Data Security\/./tomcat/logs/dlp\dlp-login.log and will not be deleted
2025-12-20 23:10:24,829 HealthCheck                      Error    File in use F:\Program Files (x86)\Websense\Data Security\/./tomcat/logs/dlp\dlp-policies-import-export.log and will not be deleted
2025-12-20 23:10:24,831 HealthCheck                      Error    File in use F:\Program Files (x86)\Websense\Data Security\/./tomcat/logs/dlp\dlp-tomcat.log and will not be deleted
2025-12-20 23:10:24,835 HealthCheck                      Error    File in use F:\Program Files (x86)\Websense\Data Security\/./tomcat/logs/forensics\forensics-spring.log and will not be deleted
2025-12-20 23:10:24,837 HealthCheck                      Error    File in use F:\Program Files (x86)\Websense\Data Security\/./tomcat/logs/forensics\forensics-tomcat.log and will not be deleted
2025-12-20 23:10:24,838 HealthCheck                      Error    File in use F:\Program Files (x86)\Websense\Data Security\/./tomcat/logs/tomcat\all.log and will not be deleted
2025-12-20 23:10:24,842 HealthCheck                      Error    File in use F:\Program Files (x86)\Websense\Data Security\/./Data-Batch-Server/service-container/container/logs/dbs\ae.log and will not be deleted
2025-12-20 23:10:24,843 HealthCheck                      Error    File in use F:\Program Files (x86)\Websense\Data Security\/./Data-Batch-Server/service-container/container/logs/dbs\endpoint.log and will not be deleted
2025-12-20 23:10:24,844 HealthCheck                      Error    File in use F:\Program Files (x86)\Websense\Data Security\/./Data-Batch-Server/service-container/container/logs/dbs\events.log and will not be deleted
2025-12-20 23:10:24,846 HealthCheck                      Error    File in use F:\Program Files (x86)\Websense\Data Security\/./Data-Batch-Server/service-container/container/logs/dbs\ldap.log and will not be deleted
2025-12-20 23:10:24,847 HealthCheck                      Error    File in use F:\Program Files (x86)\Websense\Data Security\/./Data-Batch-Server/service-container/container/logs/dbs\rap.log and will not be deleted
2025-12-20 23:10:24,848 HealthCheck                      Error    File in use F:\Program Files (x86)\Websense\Data Security\/./Data-Batch-Server/service-container/container/logs/dbs\spring.log and will not be deleted
2025-12-20 23:10:24,849 HealthCheck                      Error    File in use F:\Program Files (x86)\Websense\Data Security\/./Data-Batch-Server/service-container/container/logs/dbs\telemetry.log and will not be deleted
2025-12-21 23:10:23,980 HealthCheck                      Error    File in use F:\Program Files (x86)\Websense\Data Security\/./Logs\Scripts_PE.log and will not be deleted
2025-12-21 23:10:23,988 HealthCheck                      Error    File in use F:\Program Files (x86)\Websense\Data Security\/./tomcat/logs/dlp\dlp-login.log and will not be deleted
2025-12-21 23:10:23,989 HealthCheck                      Error    File in use F:\Program Files (x86)\Websense\Data Security\/./tomcat/logs/dlp\dlp-policies-import-export.log and will not be deleted
2025-12-21 23:10:23,990 HealthCheck                      Error    File in use F:\Program Files (x86)\Websense\Data Security\/./tomcat/logs/dlp\dlp-tomcat.log and will not be deleted
2025-12-21 23:10:23,994 HealthCheck                      Error    File in use F:\Program Files (x86)\Websense\Data Security\/./tomcat/logs/forensics\forensics-spring.log and will not be deleted
2025-12-21 23:10:23,996 HealthCheck                      Error    File in use F:\Program Files (x86)\Websense\Data Security\/./tomcat/logs/forensics\forensics-tomcat.log and will not be deleted
2025-12-21 23:10:23,997 HealthCheck                      Error    File in use F:\Program Files (x86)\Websense\Data Security\/./tomcat/logs/tomcat\all.log and will not be deleted
2025-12-21 23:10:24,000 HealthCheck                      Error    File in use F:\Program Files (x86)\Websense\Data Security\/./Data-Batch-Server/service-container/container/logs/dbs\ae.log and will not be deleted
2025-12-21 23:10:24,001 HealthCheck                      Error    File in use F:\Program Files (x86)\Websense\Data Security\/./Data-Batch-Server/service-container/container/logs/dbs\endpoint.log and will not be deleted
2025-12-21 23:10:24,002 HealthCheck                      Error    File in use F:\Program Files (x86)\Websense\Data Security\/./Data-Batch-Server/service-container/container/logs/dbs\events.log and will not be deleted
2025-12-21 23:10:24,003 HealthCheck                      Error    File in use F:\Program Files (x86)\Websense\Data Security\/./Data-Batch-Server/service-container/container/logs/dbs\ldap.log and will not be deleted
2025-12-21 23:10:24,004 HealthCheck                      Error    File in use F:\Program Files (x86)\Websense\Data Security\/./Data-Batch-Server/service-container/container/logs/dbs\rap.log and will not be deleted
2025-12-21 23:10:24,005 HealthCheck                      Error    File in use F:\Program Files (x86)\Websense\Data Security\/./Data-Batch-Server/service-container/container/logs/dbs\spring.log and will not be deleted
2025-12-21 23:10:24,007 HealthCheck                      Error    File in use F:\Program Files (x86)\Websense\Data Security\/./Data-Batch-Server/service-container/container/logs/dbs\telemetry.log and will not be deleted
2025-12-22 10:29:12,306 HealthCheck                      Error    FPR Test FPRRunDummyDetection Failed
2025-12-22 10:29:12,308 HealthCheck                      Error    FPRRunDummyDetection failed but counter is  [1<=4] so no action was taken
2025-12-22 10:34:10,734 HealthCheck                      Error    FPR Test FPRRunDummyDetection Failed
2025-12-22 10:34:10,738 HealthCheck                      Error    FPRRunDummyDetection failed but counter is  [1<=4] so no action was taken
2025-12-22 10:39:12,061 HealthCheck                      Error    FPR Test FPRRunDummyDetection Failed
2025-12-22 10:39:12,065 HealthCheck                      Error    FPRRunDummyDetection failed but counter is  [1<=4] so no action was taken
2025-12-22 10:44:11,556 HealthCheck                      Error    FPR Test FPRRunDummyDetection Failed
2025-12-22 10:44:11,559 HealthCheck                      Error    FPRRunDummyDetection failed but counter is  [1<=4] so no action was taken
2025-12-22 10:49:11,600 HealthCheck                      Error    FPR Test FPRRunDummyDetection Failed
2025-12-22 10:49:11,603 HealthCheck                      Error    FPRRunDummyDetection failed but counter is  [1<=4] so no action was taken
2025-12-22 10:54:12,189 HealthCheck                      Error    FPR Test FPRRunDummyDetection Failed
2025-12-22 10:54:12,192 HealthCheck                      Error    FPRRunDummyDetection failed but counter is  [1<=4] so no action was taken
2025-12-22 10:59:12,605 HealthCheck                      Error    FPR Test FPRRunDummyDetection Failed
2025-12-22 10:59:12,608 HealthCheck                      Error    FPRRunDummyDetection failed but counter is  [1<=4] so no action was taken
2025-12-22 11:04:10,528 HealthCheck                      Error    FPR Test FPRRunDummyDetection Failed
2025-12-22 11:04:10,532 HealthCheck                      Error    FPRRunDummyDetection failed but counter is  [1<=4] so no action was taken
2025-12-22 11:09:14,341 HealthCheck                      Error    FPR Test FPRRunDummyDetection Failed
2025-12-22 11:09:14,344 HealthCheck                      Error    FPRRunDummyDetection failed but counter is  [1<=4] so no action was taken
2025-12-22 11:14:11,767 HealthCheck                      Error    FPR Test FPRRunDummyDetection Failed
2025-12-22 11:14:11,771 HealthCheck                      Error    FPRRunDummyDetection failed but counter is  [1<=4] so no action was taken
2025-12-22 11:19:12,387 HealthCheck                      Error    FPR Test FPRRunDummyDetection Failed
2025-12-22 11:19:12,390 HealthCheck                      Error    FPRRunDummyDetection failed but counter is  [1<=4] so no action was taken
2025-12-22 11:24:11,577 HealthCheck                      Error    FPR Test FPRRunDummyDetection Failed
2025-12-22 11:24:11,580 HealthCheck                      Error    FPRRunDummyDetection failed but counter is  [1<=4] so no action was taken
2025-12-22 11:29:12,401 HealthCheck                      Error    FPR Test FPRRunDummyDetection Failed
2025-12-22 11:29:12,404 HealthCheck                      Error    FPRRunDummyDetection failed but counter is  [1<=4] so no action was taken
2025-12-22 11:34:10,463 HealthCheck                      Error    FPR Test FPRRunDummyDetection Failed
2025-12-22 11:34:10,467 HealthCheck                      Error    FPRRunDummyDetection failed but counter is  [1<=4] so no action was taken
2025-12-22 11:39:11,442 HealthCheck                      Error    FPR Test FPRRunDummyDetection Failed
2025-12-22 11:39:11,444 HealthCheck                      Error    FPRRunDummyDetection failed but counter is  [1<=4] so no action was taken
2025-12-22 11:44:11,574 HealthCheck                      Error    FPR Test FPRRunDummyDetection Failed
2025-12-22 11:44:11,576 HealthCheck                      Error    FPRRunDummyDetection failed but counter is  [1<=4] so no action was taken
2025-12-22 11:49:12,107 HealthCheck                      Error    FPR Test FPRRunDummyDetection Failed
2025-12-22 11:49:12,112 HealthCheck                      Error    FPRRunDummyDetection failed but counter is  [1<=4] so no action was taken
2025-12-22 11:54:12,076 HealthCheck                      Error    FPR Test FPRRunDummyDetection Failed
2025-12-22 11:54:12,080 HealthCheck                      Error    FPRRunDummyDetection failed but counter is  [1<=4] so no action was taken
2025-12-22 11:59:12,483 HealthCheck                      Error    FPR Test FPRRunDummyDetection Failed
2025-12-22 11:59:12,485 HealthCheck                      Error    FPRRunDummyDetection failed but counter is  [1<=4] so no action was taken
2025-12-22 12:04:10,801 HealthCheck                      Error    FPR Test FPRRunDummyDetection Failed
2025-12-22 12:04:10,804 HealthCheck                      Error    FPRRunDummyDetection failed but counter is  [1<=4] so no action was taken
2025-12-22 12:09:11,233 HealthCheck                      Error    FPR Test FPRRunDummyDetection Failed
2025-12-22 12:09:11,236 HealthCheck                      Error    FPRRunDummyDetection failed but counter is  [1<=4] so no action was taken
2025-12-22 12:14:11,473 HealthCheck                      Error    FPR Test FPRRunDummyDetection Failed
2025-12-22 12:14:11,477 HealthCheck                      Error    FPRRunDummyDetection failed but counter is  [1<=4] so no action was taken
2025-12-22 12:19:14,747 HealthCheck                      Error    FPR Test FPRRunDummyDetection Failed
2025-12-22 12:19:14,751 HealthCheck                      Error    FPRRunDummyDetection failed but counter is  [1<=4] so no action was taken
2025-12-22 12:24:11,469 HealthCheck                      Error    FPR Test FPRRunDummyDetection Failed
2025-12-22 12:24:11,473 HealthCheck                      Error    FPRRunDummyDetection failed but counter is  [1<=4] so no action was taken
2025-12-22 12:29:12,041 HealthCheck                      Error    FPR Test FPRRunDummyDetection Failed
2025-12-22 12:29:12,044 HealthCheck                      Error    FPRRunDummyDetection failed but counter is  [1<=4] so no action was taken
2025-12-22 12:34:10,379 HealthCheck                      Error    FPR Test FPRRunDummyDetection Failed
2025-12-22 12:34:10,382 HealthCheck                      Error    FPRRunDummyDetection failed but counter is  [1<=4] so no action was taken
2025-12-22 12:39:11,365 HealthCheck                      Error    FPR Test FPRRunDummyDetection Failed
2025-12-22 12:39:11,368 HealthCheck                      Error    FPRRunDummyDetection failed but counter is  [1<=4] so no action was taken
2025-12-22 12:44:11,632 HealthCheck                      Error    FPR Test FPRRunDummyDetection Failed
2025-12-22 12:44:11,636 HealthCheck                      Error    FPRRunDummyDetection failed but counter is  [1<=4] so no action was taken
2025-12-22 12:49:11,409 HealthCheck                      Error    FPR Test FPRRunDummyDetection Failed
2025-12-22 12:49:11,412 HealthCheck                      Error    FPRRunDummyDetection failed but counter is  [1<=4] so no action was taken
2025-12-22 12:54:11,746 HealthCheck                      Error    FPR Test FPRRunDummyDetection Failed
2025-12-22 12:54:11,750 HealthCheck                      Error    FPRRunDummyDetection failed but counter is  [1<=4] so no action was taken
2025-12-22 12:59:12,519 HealthCheck                      Error    FPR Test FPRRunDummyDetection Failed
2025-12-22 12:59:12,522 HealthCheck                      Error    FPRRunDummyDetection failed but counter is  [1<=4] so no action was taken
2025-12-22 13:04:11,053 HealthCheck                      Error    FPR Test FPRRunDummyDetection Failed
2025-12-22 13:04:11,057 HealthCheck                      Error    FPRRunDummyDetection failed but counter is  [1<=4] so no action was taken
2025-12-22 13:09:14,976 HealthCheck                      Error    FPR Test FPRRunDummyDetection Failed
2025-12-22 13:09:14,979 HealthCheck                      Error    FPRRunDummyDetection failed but counter is  [1<=4] so no action was taken
2025-12-22 13:14:11,672 HealthCheck                      Error    FPR Test FPRRunDummyDetection Failed
2025-12-22 13:14:11,676 HealthCheck                      Error    FPRRunDummyDetection failed but counter is  [1<=4] so no action was taken
2025-12-22 13:19:11,465 HealthCheck                      Error    FPR Test FPRRunDummyDetection Failed
2025-12-22 13:19:11,468 HealthCheck                      Error    FPRRunDummyDetection failed but counter is  [1<=4] so no action was taken
2025-12-22 13:24:10,858 HealthCheck                      Error    FPR Test FPRRunDummyDetection Failed
2025-12-22 13:24:10,861 HealthCheck                      Error    FPRRunDummyDetection failed but counter is  [1<=4] so no action was taken
2025-12-22 13:29:11,982 HealthCheck                      Error    FPR Test FPRRunDummyDetection Failed
2025-12-22 13:29:11,985 HealthCheck                      Error    FPRRunDummyDetection failed but counter is  [1<=4] so no action was taken
2025-12-22 13:34:10,403 HealthCheck                      Error    FPR Test FPRRunDummyDetection Failed
2025-12-22 13:34:10,406 HealthCheck                      Error    FPRRunDummyDetection failed but counter is  [1<=4] so no action was taken
2025-12-22 13:39:11,532 HealthCheck                      Error    FPR Test FPRRunDummyDetection Failed
2025-12-22 13:39:11,535 HealthCheck                      Error    FPRRunDummyDetection failed but counter is  [1<=4] so no action was taken
2025-12-22 13:44:11,207 HealthCheck                      Error    FPR Test FPRRunDummyDetection Failed
2025-12-22 13:44:11,210 HealthCheck                      Error    FPRRunDummyDetection failed but counter is  [1<=4] so no action was taken
2025-12-22 13:45:13,003 HealthCheck                      Error    Failed sending DummyDetection Request
2025-12-22 13:45:13,006 HealthCheck                      Error    FPR Test FPRRunDummyDetection Failed
2025-12-22 13:45:13,007 HealthCheck                      Error    FPRRunDummyDetection failed but counter is  [1<=4] so no action was taken
2025-12-22 13:50:13,145 HealthCheck                      Error    Failed sending DummyDetection Request
2025-12-22 13:50:13,148 HealthCheck                      Error    FPR Test FPRRunDummyDetection Failed
2025-12-22 13:50:13,150 HealthCheck                      Error    FPRRunDummyDetection failed but counter is  [2<=4] so no action was taken
2025-12-22 13:55:14,583 HealthCheck                      Error    Failed sending DummyDetection Request
2025-12-22 13:55:14,585 HealthCheck                      Error    FPR Test FPRRunDummyDetection Failed
2025-12-22 13:55:14,587 HealthCheck                      Error    FPRRunDummyDetection failed but counter is  [3<=4] so no action was taken
2025-12-22 14:00:12,340 HealthCheck                      Error    Failed sending DummyDetection Request
2025-12-22 14:00:12,342 HealthCheck                      Error    FPR Test FPRRunDummyDetection Failed
2025-12-22 14:00:12,344 HealthCheck                      Error    FPRRunDummyDetection failed but counter is  [4<=4] so no action was taken
2025-12-22 14:05:12,918 HealthCheck                      Error    Failed sending DummyDetection Request
2025-12-22 14:05:12,922 HealthCheck                      Error    FPR Test FPRRunDummyDetection Failed
2025-12-22 14:05:12,925 HealthCheck                      Error    Stopping process: PAFPREP
2025-12-22 14:05:15,748 Utils.SystemLogging              Error    [Th:Thread-3 (CheckDetection)] Posting error to system Log
2025-12-22 14:05:15,750 Utils.SystemLogging              Error    [Th:Thread-3 (CheckDetection)] Posted error to system Log
2025-12-22 14:05:27,806 HealthCheck                      Error    There are processes holding port 17505 that will be killed: [4372]
2025-12-22 14:05:28,221 HealthCheck                      Error    killing process  with ID 4372
2025-12-22 14:05:35,985 HealthCheck                      Error    There are processes holding port 17505 that will be killed: [4372]
2025-12-22 14:05:36,352 HealthCheck                      Error    killing process  with ID 4372
2025-12-22 14:05:43,568 HealthCheck                      Error    There are processes holding port 17505 that will be killed: [4372]
2025-12-22 14:05:43,909 Utils.SystemLogging              Error    [Th:Thread-3 (CheckDetection)] Posting error to system Log
2025-12-22 14:05:43,911 Utils.SystemLogging              Error    [Th:Thread-3 (CheckDetection)] Posted error to system Log
2025-12-22 14:05:43,955 HealthCheck                      Error    killing process  with ID 4372
2025-12-22 14:05:51,785 HealthCheck                      Error    There are processes holding port 17505 that will be killed: [4372]
2025-12-22 14:05:52,255 HealthCheck                      Error    killing process  with ID 4372
2025-12-22 14:06:00,199 HealthCheck                      Error    There are processes holding port 17505 that will be killed: [4372]
2025-12-22 14:06:00,606 HealthCheck                      Error    killing process  with ID 4372
2025-12-22 14:06:08,443 HealthCheck                      Error    There are processes holding port 17505 that will be killed: [4372]
2025-12-22 14:06:08,893 HealthCheck                      Error    killing process  with ID 4372
2025-12-22 14:06:16,820 HealthCheck                      Error    There are processes holding port 17505 that will be killed: [4372]
2025-12-22 14:06:17,265 HealthCheck                      Error    killing process  with ID 4372
2025-12-22 14:06:25,078 HealthCheck                      Error    There are processes holding port 17505 that will be killed: [4372]
2025-12-22 14:06:25,501 HealthCheck                      Error    killing process  with ID 4372
2025-12-22 14:06:33,221 HealthCheck                      Error    There are processes holding port 17505 that will be killed: [4372]
2025-12-22 14:06:33,648 HealthCheck                      Error    killing process  with ID 4372
2025-12-22 14:06:41,385 HealthCheck                      Error    There are processes holding port 17505 that will be killed: [4372]
2025-12-22 14:06:41,813 HealthCheck                      Error    killing process  with ID 4372
2025-12-22 23:10:24,093 HealthCheck                      Error    File in use F:\Program Files (x86)\Websense\Data Security\/./Logs\Scripts_PE.log and will not be deleted
2025-12-22 23:10:24,108 HealthCheck                      Error    File in use F:\Program Files (x86)\Websense\Data Security\/./tomcat/logs/dlp\dlp-login.log and will not be deleted
2025-12-22 23:10:24,112 HealthCheck                      Error    File in use F:\Program Files (x86)\Websense\Data Security\/./tomcat/logs/dlp\dlp-policies-import-export.log and will not be deleted
2025-12-22 23:10:24,116 HealthCheck                      Error    File in use F:\Program Files (x86)\Websense\Data Security\/./tomcat/logs/dlp\dlp-tomcat.log and will not be deleted
2025-12-22 23:10:24,121 HealthCheck                      Error    File in use F:\Program Files (x86)\Websense\Data Security\/./tomcat/logs/forensics\forensics-spring.log and will not be deleted
2025-12-22 23:10:24,123 HealthCheck                      Error    File in use F:\Program Files (x86)\Websense\Data Security\/./tomcat/logs/forensics\forensics-tomcat.log and will not be deleted
2025-12-22 23:10:24,126 HealthCheck                      Error    File in use F:\Program Files (x86)\Websense\Data Security\/./tomcat/logs/tomcat\all.log and will not be deleted
2025-12-22 23:10:24,130 HealthCheck                      Error    File in use F:\Program Files (x86)\Websense\Data Security\/./Data-Batch-Server/service-container/container/logs/dbs\ae.log and will not be deleted
2025-12-22 23:10:24,132 HealthCheck                      Error    File in use F:\Program Files (x86)\Websense\Data Security\/./Data-Batch-Server/service-container/container/logs/dbs\endpoint.log and will not be deleted
2025-12-22 23:10:24,133 HealthCheck                      Error    File in use F:\Program Files (x86)\Websense\Data Security\/./Data-Batch-Server/service-container/container/logs/dbs\events.log and will not be deleted
2025-12-22 23:10:24,135 HealthCheck                      Error    File in use F:\Program Files (x86)\Websense\Data Security\/./Data-Batch-Server/service-container/container/logs/dbs\ldap.log and will not be deleted
2025-12-22 23:10:24,136 HealthCheck                      Error    File in use F:\Program Files (x86)\Websense\Data Security\/./Data-Batch-Server/service-container/container/logs/dbs\rap.log and will not be deleted
2025-12-22 23:10:24,137 HealthCheck                      Error    File in use F:\Program Files (x86)\Websense\Data Security\/./Data-Batch-Server/service-container/container/logs/dbs\spring.log and will not be deleted
2025-12-22 23:10:24,138 HealthCheck                      Error    File in use F:\Program Files (x86)\Websense\Data Security\/./Data-Batch-Server/service-container/container/logs/dbs\telemetry.log and will not be deleted
2025-12-23 23:10:24,037 HealthCheck                      Error    File in use F:\Program Files (x86)\Websense\Data Security\/./Logs\Scripts_PE.log and will not be deleted
2025-12-23 23:10:24,044 HealthCheck                      Error    File in use F:\Program Files (x86)\Websense\Data Security\/./tomcat/logs/dlp\dlp-login.log and will not be deleted
2025-12-23 23:10:24,046 HealthCheck                      Error    File in use F:\Program Files (x86)\Websense\Data Security\/./tomcat/logs/dlp\dlp-policies-import-export.log and will not be deleted
2025-12-23 23:10:24,047 HealthCheck                      Error    File in use F:\Program Files (x86)\Websense\Data Security\/./tomcat/logs/dlp\dlp-tomcat.log and will not be deleted
2025-12-23 23:10:24,049 HealthCheck                      Error    File in use F:\Program Files (x86)\Websense\Data Security\/./tomcat/logs/forensics\forensics-spring.log and will not be deleted
2025-12-23 23:10:24,050 HealthCheck                      Error    File in use F:\Program Files (x86)\Websense\Data Security\/./tomcat/logs/forensics\forensics-tomcat.log and will not be deleted
2025-12-23 23:10:24,052 HealthCheck                      Error    File in use F:\Program Files (x86)\Websense\Data Security\/./tomcat/logs/tomcat\all.log and will not be deleted
2025-12-23 23:10:24,054 HealthCheck                      Error    File in use F:\Program Files (x86)\Websense\Data Security\/./Data-Batch-Server/service-container/container/logs/dbs\ae.log and will not be deleted
2025-12-23 23:10:24,056 HealthCheck                      Error    File in use F:\Program Files (x86)\Websense\Data Security\/./Data-Batch-Server/service-container/container/logs/dbs\endpoint.log and will not be deleted
2025-12-23 23:10:24,057 HealthCheck                      Error    File in use F:\Program Files (x86)\Websense\Data Security\/./Data-Batch-Server/service-container/container/logs/dbs\events.log and will not be deleted
2025-12-23 23:10:24,058 HealthCheck                      Error    File in use F:\Program Files (x86)\Websense\Data Security\/./Data-Batch-Server/service-container/container/logs/dbs\ldap.log and will not be deleted
2025-12-23 23:10:24,059 HealthCheck                      Error    File in use F:\Program Files (x86)\Websense\Data Security\/./Data-Batch-Server/service-container/container/logs/dbs\rap.log and will not be deleted
2025-12-23 23:10:24,060 HealthCheck                      Error    File in use F:\Program Files (x86)\Websense\Data Security\/./Data-Batch-Server/service-container/container/logs/dbs\spring.log and will not be deleted
2025-12-23 23:10:24,061 HealthCheck                      Error    File in use F:\Program Files (x86)\Websense\Data Security\/./Data-Batch-Server/service-container/container/logs/dbs\telemetry.log and will not be deleted
2025-12-24 23:10:24,816 HealthCheck                      Error    File in use F:\Program Files (x86)\Websense\Data Security\/./Logs\Scripts_PE.log and will not be deleted
2025-12-24 23:10:24,824 HealthCheck                      Error    File in use F:\Program Files (x86)\Websense\Data Security\/./tomcat/logs/dlp\dlp-login.log and will not be deleted
2025-12-24 23:10:24,825 HealthCheck                      Error    File in use F:\Program Files (x86)\Websense\Data Security\/./tomcat/logs/dlp\dlp-policies-import-export.log and will not be deleted
2025-12-24 23:10:24,827 HealthCheck                      Error    File in use F:\Program Files (x86)\Websense\Data Security\/./tomcat/logs/dlp\dlp-tomcat.log and will not be deleted
2025-12-24 23:10:24,829 HealthCheck                      Error    File in use F:\Program Files (x86)\Websense\Data Security\/./tomcat/logs/forensics\forensics-spring.log and will not be deleted
2025-12-24 23:10:24,830 HealthCheck                      Error    File in use F:\Program Files (x86)\Websense\Data Security\/./tomcat/logs/forensics\forensics-tomcat.log and will not be deleted
2025-12-24 23:10:24,833 HealthCheck                      Error    File in use F:\Program Files (x86)\Websense\Data Security\/./tomcat/logs/tomcat\all.log and will not be deleted
2025-12-24 23:10:24,836 HealthCheck                      Error    File in use F:\Program Files (x86)\Websense\Data Security\/./Data-Batch-Server/service-container/container/logs/dbs\ae.log and will not be deleted
2025-12-24 23:10:24,837 HealthCheck                      Error    File in use F:\Program Files (x86)\Websense\Data Security\/./Data-Batch-Server/service-container/container/logs/dbs\endpoint.log and will not be deleted
2025-12-24 23:10:24,838 HealthCheck                      Error    File in use F:\Program Files (x86)\Websense\Data Security\/./Data-Batch-Server/service-container/container/logs/dbs\events.log and will not be deleted
2025-12-24 23:10:24,842 HealthCheck                      Error    File in use F:\Program Files (x86)\Websense\Data Security\/./Data-Batch-Server/service-container/container/logs/dbs\ldap.log and will not be deleted
2025-12-24 23:10:24,845 HealthCheck                      Error    File in use F:\Program Files (x86)\Websense\Data Security\/./Data-Batch-Server/service-container/container/logs/dbs\rap.log and will not be deleted
2025-12-24 23:10:24,848 HealthCheck                      Error    File in use F:\Program Files (x86)\Websense\Data Security\/./Data-Batch-Server/service-container/container/logs/dbs\spring.log and will not be deleted
2025-12-24 23:10:24,850 HealthCheck                      Error    File in use F:\Program Files (x86)\Websense\Data Security\/./Data-Batch-Server/service-container/container/logs/dbs\telemetry.log and will not be deleted
2025-12-25 23:10:25,110 HealthCheck                      Error    File in use F:\Program Files (x86)\Websense\Data Security\/./Logs\Scripts_PE.log and will not be deleted
2025-12-25 23:10:25,118 HealthCheck                      Error    File in use F:\Program Files (x86)\Websense\Data Security\/./tomcat/logs/dlp\dlp-login.log and will not be deleted
2025-12-25 23:10:25,120 HealthCheck                      Error    File in use F:\Program Files (x86)\Websense\Data Security\/./tomcat/logs/dlp\dlp-policies-import-export.log and will not be deleted
2025-12-25 23:10:25,122 HealthCheck                      Error    File in use F:\Program Files (x86)\Websense\Data Security\/./tomcat/logs/dlp\dlp-tomcat.log and will not be deleted
2025-12-25 23:10:25,125 HealthCheck                      Error    File in use F:\Program Files (x86)\Websense\Data Security\/./tomcat/logs/forensics\forensics-spring.log and will not be deleted
2025-12-25 23:10:25,127 HealthCheck                      Error    File in use F:\Program Files (x86)\Websense\Data Security\/./tomcat/logs/forensics\forensics-tomcat.log and will not be deleted
2025-12-25 23:10:25,128 HealthCheck                      Error    File in use F:\Program Files (x86)\Websense\Data Security\/./tomcat/logs/tomcat\all.log and will not be deleted
2025-12-25 23:10:25,130 HealthCheck                      Error    File in use F:\Program Files (x86)\Websense\Data Security\/./Data-Batch-Server/service-container/container/logs/dbs\ae.log and will not be deleted
2025-12-25 23:10:25,133 HealthCheck                      Error    File in use F:\Program Files (x86)\Websense\Data Security\/./Data-Batch-Server/service-container/container/logs/dbs\endpoint.log and will not be deleted
2025-12-25 23:10:25,135 HealthCheck                      Error    File in use F:\Program Files (x86)\Websense\Data Security\/./Data-Batch-Server/service-container/container/logs/dbs\events.log and will not be deleted
2025-12-25 23:10:25,136 HealthCheck                      Error    File in use F:\Program Files (x86)\Websense\Data Security\/./Data-Batch-Server/service-container/container/logs/dbs\ldap.log and will not be deleted
2025-12-25 23:10:25,137 HealthCheck                      Error    File in use F:\Program Files (x86)\Websense\Data Security\/./Data-Batch-Server/service-container/container/logs/dbs\rap.log and will not be deleted
2025-12-25 23:10:25,139 HealthCheck                      Error    File in use F:\Program Files (x86)\Websense\Data Security\/./Data-Batch-Server/service-container/container/logs/dbs\spring.log and will not be deleted
2025-12-25 23:10:25,142 HealthCheck                      Error    File in use F:\Program Files (x86)\Websense\Data Security\/./Data-Batch-Server/service-container/container/logs/dbs\telemetry.log and will not be deleted
2025-12-26 23:10:25,360 HealthCheck                      Error    File in use F:\Program Files (x86)\Websense\Data Security\/./Logs\Scripts_PE.log and will not be deleted
2025-12-26 23:10:25,368 HealthCheck                      Error    File in use F:\Program Files (x86)\Websense\Data Security\/./tomcat/logs/dlp\dlp-login.log and will not be deleted
2025-12-26 23:10:25,371 HealthCheck                      Error    File in use F:\Program Files (x86)\Websense\Data Security\/./tomcat/logs/dlp\dlp-policies-import-export.log and will not be deleted
2025-12-26 23:10:25,373 HealthCheck                      Error    File in use F:\Program Files (x86)\Websense\Data Security\/./tomcat/logs/dlp\dlp-tomcat.log and will not be deleted
2025-12-26 23:10:25,377 HealthCheck                      Error    File in use F:\Program Files (x86)\Websense\Data Security\/./tomcat/logs/forensics\forensics-spring.log and will not be deleted
2025-12-26 23:10:25,380 HealthCheck                      Error    File in use F:\Program Files (x86)\Websense\Data Security\/./tomcat/logs/forensics\forensics-tomcat.log and will not be deleted
2025-12-26 23:10:25,382 HealthCheck                      Error    File in use F:\Program Files (x86)\Websense\Data Security\/./tomcat/logs/tomcat\all.log and will not be deleted
2025-12-26 23:10:25,387 HealthCheck                      Error    File in use F:\Program Files (x86)\Websense\Data Security\/./Data-Batch-Server/service-container/container/logs/dbs\ae.log and will not be deleted
2025-12-26 23:10:25,389 HealthCheck                      Error    File in use F:\Program Files (x86)\Websense\Data Security\/./Data-Batch-Server/service-container/container/logs/dbs\endpoint.log and will not be deleted
2025-12-26 23:10:25,391 HealthCheck                      Error    File in use F:\Program Files (x86)\Websense\Data Security\/./Data-Batch-Server/service-container/container/logs/dbs\events.log and will not be deleted
2025-12-26 23:10:25,393 HealthCheck                      Error    File in use F:\Program Files (x86)\Websense\Data Security\/./Data-Batch-Server/service-container/container/logs/dbs\ldap.log and will not be deleted
2025-12-26 23:10:25,395 HealthCheck                      Error    File in use F:\Program Files (x86)\Websense\Data Security\/./Data-Batch-Server/service-container/container/logs/dbs\rap.log and will not be deleted
2025-12-26 23:10:25,397 HealthCheck                      Error    File in use F:\Program Files (x86)\Websense\Data Security\/./Data-Batch-Server/service-container/container/logs/dbs\spring.log and will not be deleted
2025-12-26 23:10:25,399 HealthCheck                      Error    File in use F:\Program Files (x86)\Websense\Data Security\/./Data-Batch-Server/service-container/container/logs/dbs\telemetry.log and will not be deleted
2025-12-27 23:10:25,001 HealthCheck                      Error    File in use F:\Program Files (x86)\Websense\Data Security\/./Logs\Scripts_PE.log and will not be deleted
2025-12-27 23:10:25,009 HealthCheck                      Error    File in use F:\Program Files (x86)\Websense\Data Security\/./tomcat/logs/dlp\dlp-login.log and will not be deleted
2025-12-27 23:10:25,011 HealthCheck                      Error    File in use F:\Program Files (x86)\Websense\Data Security\/./tomcat/logs/dlp\dlp-policies-import-export.log and will not be deleted
2025-12-27 23:10:25,014 HealthCheck                      Error    File in use F:\Program Files (x86)\Websense\Data Security\/./tomcat/logs/dlp\dlp-tomcat.log and will not be deleted
2025-12-27 23:10:25,016 HealthCheck                      Error    File in use F:\Program Files (x86)\Websense\Data Security\/./tomcat/logs/forensics\forensics-spring.log and will not be deleted
2025-12-27 23:10:25,017 HealthCheck                      Error    File in use F:\Program Files (x86)\Websense\Data Security\/./tomcat/logs/forensics\forensics-tomcat.log and will not be deleted
2025-12-27 23:10:25,019 HealthCheck                      Error    File in use F:\Program Files (x86)\Websense\Data Security\/./tomcat/logs/tomcat\all.log and will not be deleted
2025-12-27 23:10:25,021 HealthCheck                      Error    File in use F:\Program Files (x86)\Websense\Data Security\/./Data-Batch-Server/service-container/container/logs/dbs\ae.log and will not be deleted
2025-12-27 23:10:25,024 HealthCheck                      Error    File in use F:\Program Files (x86)\Websense\Data Security\/./Data-Batch-Server/service-container/container/logs/dbs\endpoint.log and will not be deleted
2025-12-27 23:10:25,025 HealthCheck                      Error    File in use F:\Program Files (x86)\Websense\Data Security\/./Data-Batch-Server/service-container/container/logs/dbs\events.log and will not be deleted
2025-12-27 23:10:25,026 HealthCheck                      Error    File in use F:\Program Files (x86)\Websense\Data Security\/./Data-Batch-Server/service-container/container/logs/dbs\ldap.log and will not be deleted
2025-12-27 23:10:25,028 HealthCheck                      Error    File in use F:\Program Files (x86)\Websense\Data Security\/./Data-Batch-Server/service-container/container/logs/dbs\rap.log and will not be deleted
2025-12-27 23:10:25,029 HealthCheck                      Error    File in use F:\Program Files (x86)\Websense\Data Security\/./Data-Batch-Server/service-container/container/logs/dbs\spring.log and will not be deleted
2025-12-27 23:10:25,030 HealthCheck                      Error    File in use F:\Program Files (x86)\Websense\Data Security\/./Data-Batch-Server/service-container/container/logs/dbs\telemetry.log and will not be deleted
2025-12-28 23:10:25,037 HealthCheck                      Error    File in use F:\Program Files (x86)\Websense\Data Security\/./Logs\Scripts_PE.log and will not be deleted
2025-12-28 23:10:25,042 HealthCheck                      Error    File in use F:\Program Files (x86)\Websense\Data Security\/./tomcat/logs/dlp\dlp-login.log and will not be deleted
2025-12-28 23:10:25,044 HealthCheck                      Error    File in use F:\Program Files (x86)\Websense\Data Security\/./tomcat/logs/dlp\dlp-policies-import-export.log and will not be deleted
2025-12-28 23:10:25,046 HealthCheck                      Error    File in use F:\Program Files (x86)\Websense\Data Security\/./tomcat/logs/dlp\dlp-tomcat.log and will not be deleted
2025-12-28 23:10:25,048 HealthCheck                      Error    File in use F:\Program Files (x86)\Websense\Data Security\/./tomcat/logs/forensics\forensics-spring.log and will not be deleted
2025-12-28 23:10:25,049 HealthCheck                      Error    File in use F:\Program Files (x86)\Websense\Data Security\/./tomcat/logs/forensics\forensics-tomcat.log and will not be deleted
2025-12-28 23:10:25,052 HealthCheck                      Error    File in use F:\Program Files (x86)\Websense\Data Security\/./tomcat/logs/tomcat\all.log and will not be deleted
2025-12-28 23:10:25,055 HealthCheck                      Error    File in use F:\Program Files (x86)\Websense\Data Security\/./Data-Batch-Server/service-container/container/logs/dbs\ae.log and will not be deleted
2025-12-28 23:10:25,056 HealthCheck                      Error    File in use F:\Program Files (x86)\Websense\Data Security\/./Data-Batch-Server/service-container/container/logs/dbs\endpoint.log and will not be deleted
2025-12-28 23:10:25,058 HealthCheck                      Error    File in use F:\Program Files (x86)\Websense\Data Security\/./Data-Batch-Server/service-container/container/logs/dbs\events.log and will not be deleted
2025-12-28 23:10:25,059 HealthCheck                      Error    File in use F:\Program Files (x86)\Websense\Data Security\/./Data-Batch-Server/service-container/container/logs/dbs\ldap.log and will not be deleted
2025-12-28 23:10:25,060 HealthCheck                      Error    File in use F:\Program Files (x86)\Websense\Data Security\/./Data-Batch-Server/service-container/container/logs/dbs\rap.log and will not be deleted
2025-12-28 23:10:25,062 HealthCheck                      Error    File in use F:\Program Files (x86)\Websense\Data Security\/./Data-Batch-Server/service-container/container/logs/dbs\spring.log and will not be deleted
2025-12-28 23:10:25,063 HealthCheck                      Error    File in use F:\Program Files (x86)\Websense\Data Security\/./Data-Batch-Server/service-container/container/logs/dbs\telemetry.log and will not be deleted
2025-12-29 23:10:24,795 HealthCheck                      Error    File in use F:\Program Files (x86)\Websense\Data Security\/./Logs\Scripts_PE.log and will not be deleted
2025-12-29 23:10:24,806 HealthCheck                      Error    File in use F:\Program Files (x86)\Websense\Data Security\/./tomcat/logs/dlp\dlp-login.log and will not be deleted
2025-12-29 23:10:24,809 HealthCheck                      Error    File in use F:\Program Files (x86)\Websense\Data Security\/./tomcat/logs/dlp\dlp-policies-import-export.log and will not be deleted
2025-12-29 23:10:24,812 HealthCheck                      Error    File in use F:\Program Files (x86)\Websense\Data Security\/./tomcat/logs/dlp\dlp-tomcat.log and will not be deleted
2025-12-29 23:10:24,815 HealthCheck                      Error    File in use F:\Program Files (x86)\Websense\Data Security\/./tomcat/logs/forensics\forensics-spring.log and will not be deleted
2025-12-29 23:10:24,817 HealthCheck                      Error    File in use F:\Program Files (x86)\Websense\Data Security\/./tomcat/logs/forensics\forensics-tomcat.log and will not be deleted
2025-12-29 23:10:24,819 HealthCheck                      Error    File in use F:\Program Files (x86)\Websense\Data Security\/./tomcat/logs/tomcat\all.log and will not be deleted
2025-12-29 23:10:24,823 HealthCheck                      Error    File in use F:\Program Files (x86)\Websense\Data Security\/./Data-Batch-Server/service-container/container/logs/dbs\ae.log and will not be deleted
2025-12-29 23:10:24,826 HealthCheck                      Error    File in use F:\Program Files (x86)\Websense\Data Security\/./Data-Batch-Server/service-container/container/logs/dbs\endpoint.log and will not be deleted
2025-12-29 23:10:24,827 HealthCheck                      Error    File in use F:\Program Files (x86)\Websense\Data Security\/./Data-Batch-Server/service-container/container/logs/dbs\events.log and will not be deleted
2025-12-29 23:10:24,829 HealthCheck                      Error    File in use F:\Program Files (x86)\Websense\Data Security\/./Data-Batch-Server/service-container/container/logs/dbs\ldap.log and will not be deleted
2025-12-29 23:10:24,830 HealthCheck                      Error    File in use F:\Program Files (x86)\Websense\Data Security\/./Data-Batch-Server/service-container/container/logs/dbs\rap.log and will not be deleted
2025-12-29 23:10:24,831 HealthCheck                      Error    File in use F:\Program Files (x86)\Websense\Data Security\/./Data-Batch-Server/service-container/container/logs/dbs\spring.log and will not be deleted
2025-12-29 23:10:24,832 HealthCheck                      Error    File in use F:\Program Files (x86)\Websense\Data Security\/./Data-Batch-Server/service-container/container/logs/dbs\telemetry.log and will not be deleted
2025-12-30 23:10:24,264 HealthCheck                      Error    File in use F:\Program Files (x86)\Websense\Data Security\/./Logs\Scripts_PE.log and will not be deleted
2025-12-30 23:10:24,269 HealthCheck                      Error    File in use F:\Program Files (x86)\Websense\Data Security\/./tomcat/logs/dlp\dlp-login.log and will not be deleted
2025-12-30 23:10:24,273 HealthCheck                      Error    File in use F:\Program Files (x86)\Websense\Data Security\/./tomcat/logs/dlp\dlp-policies-import-export.log and will not be deleted
2025-12-30 23:10:24,275 HealthCheck                      Error    File in use F:\Program Files (x86)\Websense\Data Security\/./tomcat/logs/dlp\dlp-tomcat.log and will not be deleted
2025-12-30 23:10:24,277 HealthCheck                      Error    File in use F:\Program Files (x86)\Websense\Data Security\/./tomcat/logs/forensics\forensics-spring.log and will not be deleted
2025-12-30 23:10:24,278 HealthCheck                      Error    File in use F:\Program Files (x86)\Websense\Data Security\/./tomcat/logs/forensics\forensics-tomcat.log and will not be deleted
2025-12-30 23:10:24,279 HealthCheck                      Error    File in use F:\Program Files (x86)\Websense\Data Security\/./tomcat/logs/tomcat\all.log and will not be deleted
2025-12-30 23:10:24,281 HealthCheck                      Error    File in use F:\Program Files (x86)\Websense\Data Security\/./Data-Batch-Server/service-container/container/logs/dbs\ae.log and will not be deleted
2025-12-30 23:10:24,284 HealthCheck                      Error    File in use F:\Program Files (x86)\Websense\Data Security\/./Data-Batch-Server/service-container/container/logs/dbs\endpoint.log and will not be deleted
2025-12-30 23:10:24,285 HealthCheck                      Error    File in use F:\Program Files (x86)\Websense\Data Security\/./Data-Batch-Server/service-container/container/logs/dbs\events.log and will not be deleted
2025-12-30 23:10:24,286 HealthCheck                      Error    File in use F:\Program Files (x86)\Websense\Data Security\/./Data-Batch-Server/service-container/container/logs/dbs\ldap.log and will not be deleted
2025-12-30 23:10:24,288 HealthCheck                      Error    File in use F:\Program Files (x86)\Websense\Data Security\/./Data-Batch-Server/service-container/container/logs/dbs\rap.log and will not be deleted
2025-12-30 23:10:24,289 HealthCheck                      Error    File in use F:\Program Files (x86)\Websense\Data Security\/./Data-Batch-Server/service-container/container/logs/dbs\spring.log and will not be deleted
2025-12-30 23:10:24,290 HealthCheck                      Error    File in use F:\Program Files (x86)\Websense\Data Security\/./Data-Batch-Server/service-container/container/logs/dbs\telemetry.log and will not be deleted
2025-12-31 23:10:23,949 HealthCheck                      Error    File in use F:\Program Files (x86)\Websense\Data Security\/./Logs\Scripts_PE.log and will not be deleted
2025-12-31 23:10:23,955 HealthCheck                      Error    File in use F:\Program Files (x86)\Websense\Data Security\/./tomcat/logs/dlp\dlp-login.log and will not be deleted
2025-12-31 23:10:23,958 HealthCheck                      Error    File in use F:\Program Files (x86)\Websense\Data Security\/./tomcat/logs/dlp\dlp-policies-import-export.log and will not be deleted
2025-12-31 23:10:23,960 HealthCheck                      Error    File in use F:\Program Files (x86)\Websense\Data Security\/./tomcat/logs/dlp\dlp-tomcat.log and will not be deleted
2025-12-31 23:10:23,962 HealthCheck                      Error    File in use F:\Program Files (x86)\Websense\Data Security\/./tomcat/logs/forensics\forensics-spring.log and will not be deleted
2025-12-31 23:10:23,963 HealthCheck                      Error    File in use F:\Program Files (x86)\Websense\Data Security\/./tomcat/logs/forensics\forensics-tomcat.log and will not be deleted
2025-12-31 23:10:23,964 HealthCheck                      Error    File in use F:\Program Files (x86)\Websense\Data Security\/./tomcat/logs/tomcat\all.log and will not be deleted
2025-12-31 23:10:23,966 HealthCheck                      Error    File in use F:\Program Files (x86)\Websense\Data Security\/./Data-Batch-Server/service-container/container/logs/dbs\ae.log and will not be deleted
2025-12-31 23:10:23,969 HealthCheck                      Error    File in use F:\Program Files (x86)\Websense\Data Security\/./Data-Batch-Server/service-container/container/logs/dbs\endpoint.log and will not be deleted
2025-12-31 23:10:23,970 HealthCheck                      Error    File in use F:\Program Files (x86)\Websense\Data Security\/./Data-Batch-Server/service-container/container/logs/dbs\events.log and will not be deleted
2025-12-31 23:10:23,971 HealthCheck                      Error    File in use F:\Program Files (x86)\Websense\Data Security\/./Data-Batch-Server/service-container/container/logs/dbs\ldap.log and will not be deleted
2025-12-31 23:10:23,974 HealthCheck                      Error    File in use F:\Program Files (x86)\Websense\Data Security\/./Data-Batch-Server/service-container/container/logs/dbs\rap.log and will not be deleted
2025-12-31 23:10:23,976 HealthCheck                      Error    File in use F:\Program Files (x86)\Websense\Data Security\/./Data-Batch-Server/service-container/container/logs/dbs\spring.log and will not be deleted
2025-12-31 23:10:23,977 HealthCheck                      Error    File in use F:\Program Files (x86)\Websense\Data Security\/./Data-Batch-Server/service-container/container/logs/dbs\telemetry.log and will not be deleted
2026-01-01 23:10:23,784 HealthCheck                      Error    File in use F:\Program Files (x86)\Websense\Data Security\/./Logs\Scripts_PE.log and will not be deleted
2026-01-01 23:10:23,787 HealthCheck                      Error    File in use F:\Program Files (x86)\Websense\Data Security\/./EPS_CAMEL/data/service_logs\epsconnector-stderr.2025-12-02.log and will not be deleted
2026-01-01 23:10:23,789 HealthCheck                      Error    File in use F:\Program Files (x86)\Websense\Data Security\/./EPS_CAMEL/data/service_logs\epsconnector-stdout.2025-12-02.log and will not be deleted
2026-01-01 23:10:23,791 HealthCheck                      Error    File in use F:\Program Files (x86)\Websense\Data Security\/./EPS_CAMEL/data/service_logs\EPSConnector.2025-12-02.log and will not be deleted
2026-01-01 23:10:23,796 HealthCheck                      Error    File in use F:\Program Files (x86)\Websense\Data Security\/./tomcat/logs/dlp\dlp-login.log and will not be deleted
2026-01-01 23:10:23,799 HealthCheck                      Error    File in use F:\Program Files (x86)\Websense\Data Security\/./tomcat/logs/dlp\dlp-policies-import-export.log and will not be deleted
2026-01-01 23:10:23,800 HealthCheck                      Error    File in use F:\Program Files (x86)\Websense\Data Security\/./tomcat/logs/dlp\dlp-spring.log and will not be deleted
2026-01-01 23:10:23,801 HealthCheck                      Error    File in use F:\Program Files (x86)\Websense\Data Security\/./tomcat/logs/dlp\dlp-tomcat.log and will not be deleted
2026-01-01 23:10:23,802 HealthCheck                      Error    File in use F:\Program Files (x86)\Websense\Data Security\/./tomcat/logs/dlp\policy_update.log and will not be deleted
2026-01-01 23:10:23,804 HealthCheck                      Error    File in use F:\Program Files (x86)\Websense\Data Security\/./tomcat/logs/forensics\forensics-spring.log and will not be deleted
2026-01-01 23:10:23,805 HealthCheck                      Error    File in use F:\Program Files (x86)\Websense\Data Security\/./tomcat/logs/forensics\forensics-tomcat.log and will not be deleted
2026-01-01 23:10:23,807 HealthCheck                      Error    File in use F:\Program Files (x86)\Websense\Data Security\/./tomcat/logs/tomcat\all.log and will not be deleted
2026-01-01 23:10:23,811 HealthCheck                      Error    File in use F:\Program Files (x86)\Websense\Data Security\/./Data-Batch-Server/service-container/container/logs/dbs\ae.log and will not be deleted
2026-01-01 23:10:23,813 HealthCheck                      Error    File in use F:\Program Files (x86)\Websense\Data Security\/./Data-Batch-Server/service-container/container/logs/dbs\endpoint.log and will not be deleted
2026-01-01 23:10:23,815 HealthCheck                      Error    File in use F:\Program Files (x86)\Websense\Data Security\/./Data-Batch-Server/service-container/container/logs/dbs\events.log and will not be deleted
2026-01-01 23:10:23,816 HealthCheck                      Error    File in use F:\Program Files (x86)\Websense\Data Security\/./Data-Batch-Server/service-container/container/logs/dbs\hibernate.log and will not be deleted
2026-01-01 23:10:23,817 HealthCheck                      Error    File in use F:\Program Files (x86)\Websense\Data Security\/./Data-Batch-Server/service-container/container/logs/dbs\jetty.log and will not be deleted
2026-01-01 23:10:23,818 HealthCheck                      Error    File in use F:\Program Files (x86)\Websense\Data Security\/./Data-Batch-Server/service-container/container/logs/dbs\ldap.log and will not be deleted
2026-01-01 23:10:23,819 HealthCheck                      Error    File in use F:\Program Files (x86)\Websense\Data Security\/./Data-Batch-Server/service-container/container/logs/dbs\rap.log and will not be deleted
2026-01-01 23:10:23,820 HealthCheck                      Error    File in use F:\Program Files (x86)\Websense\Data Security\/./Data-Batch-Server/service-container/container/logs/dbs\spring.log and will not be deleted
2026-01-01 23:10:23,821 HealthCheck                      Error    File in use F:\Program Files (x86)\Websense\Data Security\/./Data-Batch-Server/service-container/container/logs/dbs\telemetry.log and will not be deleted
2026-01-01 23:10:23,822 HealthCheck                      Error    File in use F:\Program Files (x86)\Websense\Data Security\/./Data-Batch-Server/service-container/container/logs/rap-etl\rap-etl-all.log and will not be deleted
2026-01-01 23:10:23,823 HealthCheck                      Error    File in use F:\Program Files (x86)\Websense\Data Security\/./Data-Batch-Server/service-container/container/logs/service_logs\DSSBatchServer.2025-12-02.log and will not be deleted
2026-01-02 23:10:24,293 HealthCheck                      Error    File in use F:\Program Files (x86)\Websense\Data Security\/./Logs\Scripts_PE.log and will not be deleted
2026-01-02 23:10:24,296 HealthCheck                      Error    File in use F:\Program Files (x86)\Websense\Data Security\/./EPS_CAMEL/data/service_logs\epsconnector-stderr.2025-12-02.log and will not be deleted
2026-01-02 23:10:24,297 HealthCheck                      Error    File in use F:\Program Files (x86)\Websense\Data Security\/./EPS_CAMEL/data/service_logs\epsconnector-stdout.2025-12-02.log and will not be deleted
2026-01-02 23:10:24,299 HealthCheck                      Error    File in use F:\Program Files (x86)\Websense\Data Security\/./EPS_CAMEL/data/service_logs\EPSConnector.2025-12-02.log and will not be deleted
2026-01-02 23:10:24,301 HealthCheck                      Error    File in use F:\Program Files (x86)\Websense\Data Security\/./tomcat/logs/dlp\dlp-login.log and will not be deleted
2026-01-02 23:10:24,304 HealthCheck                      Error    File in use F:\Program Files (x86)\Websense\Data Security\/./tomcat/logs/dlp\dlp-policies-import-export.log and will not be deleted
2026-01-02 23:10:24,306 HealthCheck                      Error    File in use F:\Program Files (x86)\Websense\Data Security\/./tomcat/logs/dlp\dlp-spring.log and will not be deleted
2026-01-02 23:10:24,307 HealthCheck                      Error    File in use F:\Program Files (x86)\Websense\Data Security\/./tomcat/logs/dlp\dlp-tomcat.log and will not be deleted
2026-01-02 23:10:24,309 HealthCheck                      Error    File in use F:\Program Files (x86)\Websense\Data Security\/./tomcat/logs/dlp\policy_update.log and will not be deleted
2026-01-02 23:10:24,311 HealthCheck                      Error    File in use F:\Program Files (x86)\Websense\Data Security\/./tomcat/logs/forensics\forensics-spring.log and will not be deleted
2026-01-02 23:10:24,312 HealthCheck                      Error    File in use F:\Program Files (x86)\Websense\Data Security\/./tomcat/logs/forensics\forensics-tomcat.log and will not be deleted
2026-01-02 23:10:24,313 HealthCheck                      Error    File in use F:\Program Files (x86)\Websense\Data Security\/./tomcat/logs/tomcat\all.log and will not be deleted
2026-01-02 23:10:24,315 HealthCheck                      Error    File in use F:\Program Files (x86)\Websense\Data Security\/./Data-Batch-Server/service-container/container/logs/dbs\ae.log and will not be deleted
2026-01-02 23:10:24,319 HealthCheck                      Error    File in use F:\Program Files (x86)\Websense\Data Security\/./Data-Batch-Server/service-container/container/logs/dbs\endpoint.log and will not be deleted
2026-01-02 23:10:24,321 HealthCheck                      Error    File in use F:\Program Files (x86)\Websense\Data Security\/./Data-Batch-Server/service-container/container/logs/dbs\events.log and will not be deleted
2026-01-02 23:10:24,323 HealthCheck                      Error    File in use F:\Program Files (x86)\Websense\Data Security\/./Data-Batch-Server/service-container/container/logs/dbs\hibernate.log and will not be deleted
2026-01-02 23:10:24,325 HealthCheck                      Error    File in use F:\Program Files (x86)\Websense\Data Security\/./Data-Batch-Server/service-container/container/logs/dbs\jetty.log and will not be deleted
2026-01-02 23:10:24,326 HealthCheck                      Error    File in use F:\Program Files (x86)\Websense\Data Security\/./Data-Batch-Server/service-container/container/logs/dbs\ldap.log and will not be deleted
2026-01-02 23:10:24,327 HealthCheck                      Error    File in use F:\Program Files (x86)\Websense\Data Security\/./Data-Batch-Server/service-container/container/logs/dbs\rap.log and will not be deleted
2026-01-02 23:10:24,329 HealthCheck                      Error    File in use F:\Program Files (x86)\Websense\Data Security\/./Data-Batch-Server/service-container/container/logs/dbs\spring.log and will not be deleted
2026-01-02 23:10:24,331 HealthCheck                      Error    File in use F:\Program Files (x86)\Websense\Data Security\/./Data-Batch-Server/service-container/container/logs/dbs\telemetry.log and will not be deleted
2026-01-02 23:10:24,332 HealthCheck                      Error    File in use F:\Program Files (x86)\Websense\Data Security\/./Data-Batch-Server/service-container/container/logs/rap-etl\rap-etl-all.log and will not be deleted
2026-01-02 23:10:24,334 HealthCheck                      Error    File in use F:\Program Files (x86)\Websense\Data Security\/./Data-Batch-Server/service-container/container/logs/service_logs\DSSBatchServer.2025-12-02.log and will not be deleted
2026-01-03 23:10:24,272 HealthCheck                      Error    File in use F:\Program Files (x86)\Websense\Data Security\/./Logs\Scripts_PE.log and will not be deleted
2026-01-03 23:10:24,277 HealthCheck                      Error    File in use F:\Program Files (x86)\Websense\Data Security\/./EPS_CAMEL/data/service_logs\epsconnector-stderr.2025-12-02.log and will not be deleted
2026-01-03 23:10:24,279 HealthCheck                      Error    File in use F:\Program Files (x86)\Websense\Data Security\/./EPS_CAMEL/data/service_logs\epsconnector-stdout.2025-12-02.log and will not be deleted
2026-01-03 23:10:24,282 HealthCheck                      Error    File in use F:\Program Files (x86)\Websense\Data Security\/./EPS_CAMEL/data/service_logs\EPSConnector.2025-12-02.log and will not be deleted
2026-01-03 23:10:24,288 HealthCheck                      Error    File in use F:\Program Files (x86)\Websense\Data Security\/./tomcat/logs/dlp\dlp-login.log and will not be deleted
2026-01-03 23:10:24,293 HealthCheck                      Error    File in use F:\Program Files (x86)\Websense\Data Security\/./tomcat/logs/dlp\dlp-policies-import-export.log and will not be deleted
2026-01-03 23:10:24,295 HealthCheck                      Error    File in use F:\Program Files (x86)\Websense\Data Security\/./tomcat/logs/dlp\dlp-spring.log and will not be deleted
2026-01-03 23:10:24,296 HealthCheck                      Error    File in use F:\Program Files (x86)\Websense\Data Security\/./tomcat/logs/dlp\dlp-tomcat.log and will not be deleted
2026-01-03 23:10:24,297 HealthCheck                      Error    File in use F:\Program Files (x86)\Websense\Data Security\/./tomcat/logs/dlp\policy_update.log and will not be deleted
2026-01-03 23:10:24,300 HealthCheck                      Error    File in use F:\Program Files (x86)\Websense\Data Security\/./tomcat/logs/forensics\forensics-spring.log and will not be deleted
2026-01-03 23:10:24,301 HealthCheck                      Error    File in use F:\Program Files (x86)\Websense\Data Security\/./tomcat/logs/forensics\forensics-tomcat.log and will not be deleted
2026-01-03 23:10:24,303 HealthCheck                      Error    File in use F:\Program Files (x86)\Websense\Data Security\/./tomcat/logs/tomcat\all.log and will not be deleted
2026-01-03 23:10:24,306 HealthCheck                      Error    File in use F:\Program Files (x86)\Websense\Data Security\/./Data-Batch-Server/service-container/container/logs/dbs\ae.log and will not be deleted
2026-01-03 23:10:24,309 HealthCheck                      Error    File in use F:\Program Files (x86)\Websense\Data Security\/./Data-Batch-Server/service-container/container/logs/dbs\endpoint.log and will not be deleted
2026-01-03 23:10:24,310 HealthCheck                      Error    File in use F:\Program Files (x86)\Websense\Data Security\/./Data-Batch-Server/service-container/container/logs/dbs\events.log and will not be deleted
2026-01-03 23:10:24,313 HealthCheck                      Error    File in use F:\Program Files (x86)\Websense\Data Security\/./Data-Batch-Server/service-container/container/logs/dbs\hibernate.log and will not be deleted
2026-01-03 23:10:24,315 HealthCheck                      Error    File in use F:\Program Files (x86)\Websense\Data Security\/./Data-Batch-Server/service-container/container/logs/dbs\jetty.log and will not be deleted
2026-01-03 23:10:24,316 HealthCheck                      Error    File in use F:\Program Files (x86)\Websense\Data Security\/./Data-Batch-Server/service-container/container/logs/dbs\ldap.log and will not be deleted
2026-01-03 23:10:24,318 HealthCheck                      Error    File in use F:\Program Files (x86)\Websense\Data Security\/./Data-Batch-Server/service-container/container/logs/dbs\rap.log and will not be deleted
2026-01-03 23:10:24,319 HealthCheck                      Error    File in use F:\Program Files (x86)\Websense\Data Security\/./Data-Batch-Server/service-container/container/logs/dbs\spring.log and will not be deleted
2026-01-03 23:10:24,320 HealthCheck                      Error    File in use F:\Program Files (x86)\Websense\Data Security\/./Data-Batch-Server/service-container/container/logs/dbs\telemetry.log and will not be deleted
2026-01-03 23:10:24,322 HealthCheck                      Error    File in use F:\Program Files (x86)\Websense\Data Security\/./Data-Batch-Server/service-container/container/logs/rap-etl\rap-etl-all.log and will not be deleted
2026-01-03 23:10:24,323 HealthCheck                      Error    File in use F:\Program Files (x86)\Websense\Data Security\/./Data-Batch-Server/service-container/container/logs/service_logs\DSSBatchServer.2025-12-02.log and will not be deleted
2026-01-04 23:10:24,219 HealthCheck                      Error    File in use F:\Program Files (x86)\Websense\Data Security\/./Logs\Scripts_PE.log and will not be deleted
2026-01-04 23:10:24,223 HealthCheck                      Error    File in use F:\Program Files (x86)\Websense\Data Security\/./EPS_CAMEL/data/service_logs\epsconnector-stderr.2025-12-02.log and will not be deleted
2026-01-04 23:10:24,224 HealthCheck                      Error    File in use F:\Program Files (x86)\Websense\Data Security\/./EPS_CAMEL/data/service_logs\epsconnector-stdout.2025-12-02.log and will not be deleted
2026-01-04 23:10:24,226 HealthCheck                      Error    File in use F:\Program Files (x86)\Websense\Data Security\/./EPS_CAMEL/data/service_logs\EPSConnector.2025-12-02.log and will not be deleted
2026-01-04 23:10:24,230 HealthCheck                      Error    File in use F:\Program Files (x86)\Websense\Data Security\/./tomcat/logs/dlp\dlp-login.log and will not be deleted
2026-01-04 23:10:24,234 HealthCheck                      Error    File in use F:\Program Files (x86)\Websense\Data Security\/./tomcat/logs/dlp\dlp-policies-import-export.log and will not be deleted
2026-01-04 23:10:24,236 HealthCheck                      Error    File in use F:\Program Files (x86)\Websense\Data Security\/./tomcat/logs/dlp\dlp-spring.log and will not be deleted
2026-01-04 23:10:24,237 HealthCheck                      Error    File in use F:\Program Files (x86)\Websense\Data Security\/./tomcat/logs/dlp\dlp-tomcat.log and will not be deleted
2026-01-04 23:10:24,240 HealthCheck                      Error    File in use F:\Program Files (x86)\Websense\Data Security\/./tomcat/logs/dlp\policy_update.log and will not be deleted
2026-01-04 23:10:24,242 HealthCheck                      Error    File in use F:\Program Files (x86)\Websense\Data Security\/./tomcat/logs/forensics\forensics-spring.log and will not be deleted
2026-01-04 23:10:24,245 HealthCheck                      Error    File in use F:\Program Files (x86)\Websense\Data Security\/./tomcat/logs/forensics\forensics-tomcat.log and will not be deleted
2026-01-04 23:10:24,247 HealthCheck                      Error    File in use F:\Program Files (x86)\Websense\Data Security\/./tomcat/logs/tomcat\all.log and will not be deleted
2026-01-04 23:10:24,250 HealthCheck                      Error    File in use F:\Program Files (x86)\Websense\Data Security\/./Data-Batch-Server/service-container/container/logs/dbs\ae.log and will not be deleted
2026-01-04 23:10:24,253 HealthCheck                      Error    File in use F:\Program Files (x86)\Websense\Data Security\/./Data-Batch-Server/service-container/container/logs/dbs\endpoint.log and will not be deleted
2026-01-04 23:10:24,254 HealthCheck                      Error    File in use F:\Program Files (x86)\Websense\Data Security\/./Data-Batch-Server/service-container/container/logs/dbs\events.log and will not be deleted
2026-01-04 23:10:24,256 HealthCheck                      Error    File in use F:\Program Files (x86)\Websense\Data Security\/./Data-Batch-Server/service-container/container/logs/dbs\hibernate.log and will not be deleted
2026-01-04 23:10:24,257 HealthCheck                      Error    File in use F:\Program Files (x86)\Websense\Data Security\/./Data-Batch-Server/service-container/container/logs/dbs\jetty.log and will not be deleted
2026-01-04 23:10:24,259 HealthCheck                      Error    File in use F:\Program Files (x86)\Websense\Data Security\/./Data-Batch-Server/service-container/container/logs/dbs\ldap.log and will not be deleted
2026-01-04 23:10:24,260 HealthCheck                      Error    File in use F:\Program Files (x86)\Websense\Data Security\/./Data-Batch-Server/service-container/container/logs/dbs\rap.log and will not be deleted
2026-01-04 23:10:24,262 HealthCheck                      Error    File in use F:\Program Files (x86)\Websense\Data Security\/./Data-Batch-Server/service-container/container/logs/dbs\spring.log and will not be deleted
2026-01-04 23:10:24,263 HealthCheck                      Error    File in use F:\Program Files (x86)\Websense\Data Security\/./Data-Batch-Server/service-container/container/logs/dbs\telemetry.log and will not be deleted
2026-01-04 23:10:24,264 HealthCheck                      Error    File in use F:\Program Files (x86)\Websense\Data Security\/./Data-Batch-Server/service-container/container/logs/rap-etl\rap-etl-all.log and will not be deleted
2026-01-04 23:10:24,265 HealthCheck                      Error    File in use F:\Program Files (x86)\Websense\Data Security\/./Data-Batch-Server/service-container/container/logs/service_logs\DSSBatchServer.2025-12-02.log and will not be deleted
2026-01-05 23:10:24,113 HealthCheck                      Error    File in use F:\Program Files (x86)\Websense\Data Security\/./Logs\Scripts_PE.log and will not be deleted
2026-01-05 23:10:24,116 HealthCheck                      Error    File in use F:\Program Files (x86)\Websense\Data Security\/./EPS_CAMEL/data/service_logs\epsconnector-stderr.2025-12-02.log and will not be deleted
2026-01-05 23:10:24,116 HealthCheck                      Error    File in use F:\Program Files (x86)\Websense\Data Security\/./EPS_CAMEL/data/service_logs\epsconnector-stdout.2025-12-02.log and will not be deleted
2026-01-05 23:10:24,118 HealthCheck                      Error    File in use F:\Program Files (x86)\Websense\Data Security\/./EPS_CAMEL/data/service_logs\EPSConnector.2025-12-02.log and will not be deleted
2026-01-05 23:10:24,119 HealthCheck                      Error    File in use F:\Program Files (x86)\Websense\Data Security\/./tomcat/logs/dlp\dlp-login.log and will not be deleted
2026-01-05 23:10:24,123 HealthCheck                      Error    File in use F:\Program Files (x86)\Websense\Data Security\/./tomcat/logs/dlp\dlp-policies-import-export.log and will not be deleted
2026-01-05 23:10:24,124 HealthCheck                      Error    File in use F:\Program Files (x86)\Websense\Data Security\/./tomcat/logs/dlp\dlp-spring.log and will not be deleted
2026-01-05 23:10:24,125 HealthCheck                      Error    File in use F:\Program Files (x86)\Websense\Data Security\/./tomcat/logs/dlp\dlp-tomcat.log and will not be deleted
2026-01-05 23:10:24,126 HealthCheck                      Error    File in use F:\Program Files (x86)\Websense\Data Security\/./tomcat/logs/dlp\policy_update.log and will not be deleted
2026-01-05 23:10:24,128 HealthCheck                      Error    File in use F:\Program Files (x86)\Websense\Data Security\/./tomcat/logs/forensics\forensics-spring.log and will not be deleted
2026-01-05 23:10:24,129 HealthCheck                      Error    File in use F:\Program Files (x86)\Websense\Data Security\/./tomcat/logs/forensics\forensics-tomcat.log and will not be deleted
2026-01-05 23:10:24,130 HealthCheck                      Error    File in use F:\Program Files (x86)\Websense\Data Security\/./tomcat/logs/tomcat\all.log and will not be deleted
2026-01-05 23:10:24,131 HealthCheck                      Error    File in use F:\Program Files (x86)\Websense\Data Security\/./Data-Batch-Server/service-container/container/logs/dbs\ae.log and will not be deleted
2026-01-05 23:10:24,137 HealthCheck                      Error    File in use F:\Program Files (x86)\Websense\Data Security\/./Data-Batch-Server/service-container/container/logs/dbs\endpoint.log and will not be deleted
2026-01-05 23:10:24,139 HealthCheck                      Error    File in use F:\Program Files (x86)\Websense\Data Security\/./Data-Batch-Server/service-container/container/logs/dbs\events.log and will not be deleted
2026-01-05 23:10:24,140 HealthCheck                      Error    File in use F:\Program Files (x86)\Websense\Data Security\/./Data-Batch-Server/service-container/container/logs/dbs\hibernate.log and will not be deleted
2026-01-05 23:10:24,141 HealthCheck                      Error    File in use F:\Program Files (x86)\Websense\Data Security\/./Data-Batch-Server/service-container/container/logs/dbs\jetty.log and will not be deleted
2026-01-05 23:10:24,142 HealthCheck                      Error    File in use F:\Program Files (x86)\Websense\Data Security\/./Data-Batch-Server/service-container/container/logs/dbs\ldap.log and will not be deleted
2026-01-05 23:10:24,145 HealthCheck                      Error    File in use F:\Program Files (x86)\Websense\Data Security\/./Data-Batch-Server/service-container/container/logs/dbs\rap.log and will not be deleted
2026-01-05 23:10:24,147 HealthCheck                      Error    File in use F:\Program Files (x86)\Websense\Data Security\/./Data-Batch-Server/service-container/container/logs/dbs\spring.log and will not be deleted
2026-01-05 23:10:24,149 HealthCheck                      Error    File in use F:\Program Files (x86)\Websense\Data Security\/./Data-Batch-Server/service-container/container/logs/dbs\telemetry.log and will not be deleted
2026-01-05 23:10:24,150 HealthCheck                      Error    File in use F:\Program Files (x86)\Websense\Data Security\/./Data-Batch-Server/service-container/container/logs/rap-etl\rap-etl-all.log and will not be deleted
2026-01-05 23:10:24,152 HealthCheck                      Error    File in use F:\Program Files (x86)\Websense\Data Security\/./Data-Batch-Server/service-container/container/logs/service_logs\DSSBatchServer.2025-12-02.log and will not be deleted
2026-01-06 23:10:24,281 HealthCheck                      Error    File in use F:\Program Files (x86)\Websense\Data Security\/./Logs\Scripts_PE.log and will not be deleted
2026-01-06 23:10:24,285 HealthCheck                      Error    File in use F:\Program Files (x86)\Websense\Data Security\/./EPS_CAMEL/data/service_logs\epsconnector-stderr.2025-12-02.log and will not be deleted
2026-01-06 23:10:24,286 HealthCheck                      Error    File in use F:\Program Files (x86)\Websense\Data Security\/./EPS_CAMEL/data/service_logs\epsconnector-stdout.2025-12-02.log and will not be deleted
2026-01-06 23:10:24,287 HealthCheck                      Error    File in use F:\Program Files (x86)\Websense\Data Security\/./EPS_CAMEL/data/service_logs\EPSConnector.2025-12-02.log and will not be deleted
2026-01-06 23:10:24,289 HealthCheck                      Error    File in use F:\Program Files (x86)\Websense\Data Security\/./tomcat/logs/dlp\dlp-login.log and will not be deleted
2026-01-06 23:10:24,291 HealthCheck                      Error    File in use F:\Program Files (x86)\Websense\Data Security\/./tomcat/logs/dlp\dlp-policies-import-export.log and will not be deleted
2026-01-06 23:10:24,293 HealthCheck                      Error    File in use F:\Program Files (x86)\Websense\Data Security\/./tomcat/logs/dlp\dlp-spring.log and will not be deleted
2026-01-06 23:10:24,294 HealthCheck                      Error    File in use F:\Program Files (x86)\Websense\Data Security\/./tomcat/logs/dlp\dlp-tomcat.log and will not be deleted
2026-01-06 23:10:24,295 HealthCheck                      Error    File in use F:\Program Files (x86)\Websense\Data Security\/./tomcat/logs/dlp\policy_update.log and will not be deleted
2026-01-06 23:10:24,296 HealthCheck                      Error    File in use F:\Program Files (x86)\Websense\Data Security\/./tomcat/logs/forensics\forensics-spring.log and will not be deleted
2026-01-06 23:10:24,298 HealthCheck                      Error    File in use F:\Program Files (x86)\Websense\Data Security\/./tomcat/logs/forensics\forensics-tomcat.log and will not be deleted
2026-01-06 23:10:24,299 HealthCheck                      Error    File in use F:\Program Files (x86)\Websense\Data Security\/./tomcat/logs/tomcat\all.log and will not be deleted
2026-01-06 23:10:24,301 HealthCheck                      Error    File in use F:\Program Files (x86)\Websense\Data Security\/./Data-Batch-Server/service-container/container/logs/dbs\ae.log and will not be deleted
2026-01-06 23:10:24,304 HealthCheck                      Error    File in use F:\Program Files (x86)\Websense\Data Security\/./Data-Batch-Server/service-container/container/logs/dbs\endpoint.log and will not be deleted
2026-01-06 23:10:24,306 HealthCheck                      Error    File in use F:\Program Files (x86)\Websense\Data Security\/./Data-Batch-Server/service-container/container/logs/dbs\events.log and will not be deleted
2026-01-06 23:10:24,307 HealthCheck                      Error    File in use F:\Program Files (x86)\Websense\Data Security\/./Data-Batch-Server/service-container/container/logs/dbs\hibernate.log and will not be deleted
2026-01-06 23:10:24,308 HealthCheck                      Error    File in use F:\Program Files (x86)\Websense\Data Security\/./Data-Batch-Server/service-container/container/logs/dbs\jetty.log and will not be deleted
2026-01-06 23:10:24,309 HealthCheck                      Error    File in use F:\Program Files (x86)\Websense\Data Security\/./Data-Batch-Server/service-container/container/logs/dbs\ldap.log and will not be deleted
2026-01-06 23:10:24,310 HealthCheck                      Error    File in use F:\Program Files (x86)\Websense\Data Security\/./Data-Batch-Server/service-container/container/logs/dbs\rap.log and will not be deleted
2026-01-06 23:10:24,311 HealthCheck                      Error    File in use F:\Program Files (x86)\Websense\Data Security\/./Data-Batch-Server/service-container/container/logs/dbs\spring.log and will not be deleted
2026-01-06 23:10:24,312 HealthCheck                      Error    File in use F:\Program Files (x86)\Websense\Data Security\/./Data-Batch-Server/service-container/container/logs/dbs\telemetry.log and will not be deleted
2026-01-06 23:10:24,313 HealthCheck                      Error    File in use F:\Program Files (x86)\Websense\Data Security\/./Data-Batch-Server/service-container/container/logs/rap-etl\rap-etl-all.log and will not be deleted
2026-01-06 23:10:24,314 HealthCheck                      Error    File in use F:\Program Files (x86)\Websense\Data Security\/./Data-Batch-Server/service-container/container/logs/service_logs\DSSBatchServer.2025-12-02.log and will not be deleted
2026-01-07 23:10:21,976 HealthCheck                      Error    File in use F:\Program Files (x86)\Websense\Data Security\/./Logs\Scripts_PE.log and will not be deleted
2026-01-07 23:10:21,980 HealthCheck                      Error    File in use F:\Program Files (x86)\Websense\Data Security\/./EPS_CAMEL/data/service_logs\epsconnector-stderr.2025-12-02.log and will not be deleted
2026-01-07 23:10:21,981 HealthCheck                      Error    File in use F:\Program Files (x86)\Websense\Data Security\/./EPS_CAMEL/data/service_logs\epsconnector-stdout.2025-12-02.log and will not be deleted
2026-01-07 23:10:21,982 HealthCheck                      Error    File in use F:\Program Files (x86)\Websense\Data Security\/./EPS_CAMEL/data/service_logs\EPSConnector.2025-12-02.log and will not be deleted
2026-01-07 23:10:21,984 HealthCheck                      Error    File in use F:\Program Files (x86)\Websense\Data Security\/./tomcat/logs/dlp\dlp-login.log and will not be deleted
2026-01-07 23:10:21,986 HealthCheck                      Error    File in use F:\Program Files (x86)\Websense\Data Security\/./tomcat/logs/dlp\dlp-policies-import-export.log and will not be deleted
2026-01-07 23:10:21,987 HealthCheck                      Error    File in use F:\Program Files (x86)\Websense\Data Security\/./tomcat/logs/dlp\dlp-spring.log and will not be deleted
2026-01-07 23:10:21,988 HealthCheck                      Error    File in use F:\Program Files (x86)\Websense\Data Security\/./tomcat/logs/dlp\dlp-tomcat.log and will not be deleted
2026-01-07 23:10:21,989 HealthCheck                      Error    File in use F:\Program Files (x86)\Websense\Data Security\/./tomcat/logs/dlp\policy_update.log and will not be deleted
2026-01-07 23:10:21,991 HealthCheck                      Error    File in use F:\Program Files (x86)\Websense\Data Security\/./tomcat/logs/forensics\forensics-spring.log and will not be deleted
2026-01-07 23:10:21,992 HealthCheck                      Error    File in use F:\Program Files (x86)\Websense\Data Security\/./tomcat/logs/forensics\forensics-tomcat.log and will not be deleted
2026-01-07 23:10:21,995 HealthCheck                      Error    File in use F:\Program Files (x86)\Websense\Data Security\/./tomcat/logs/tomcat\all.log and will not be deleted
2026-01-07 23:10:22,000 HealthCheck                      Error    File in use F:\Program Files (x86)\Websense\Data Security\/./Data-Batch-Server/service-container/container/logs/dbs\ae.log and will not be deleted
2026-01-07 23:10:22,004 HealthCheck                      Error    File in use F:\Program Files (x86)\Websense\Data Security\/./Data-Batch-Server/service-container/container/logs/dbs\endpoint.log and will not be deleted
2026-01-07 23:10:22,005 HealthCheck                      Error    File in use F:\Program Files (x86)\Websense\Data Security\/./Data-Batch-Server/service-container/container/logs/dbs\events.log and will not be deleted
2026-01-07 23:10:22,007 HealthCheck                      Error    File in use F:\Program Files (x86)\Websense\Data Security\/./Data-Batch-Server/service-container/container/logs/dbs\hibernate.log and will not be deleted
2026-01-07 23:10:22,009 HealthCheck                      Error    File in use F:\Program Files (x86)\Websense\Data Security\/./Data-Batch-Server/service-container/container/logs/dbs\jetty.log and will not be deleted
2026-01-07 23:10:22,011 HealthCheck                      Error    File in use F:\Program Files (x86)\Websense\Data Security\/./Data-Batch-Server/service-container/container/logs/dbs\ldap.log and will not be deleted
2026-01-07 23:10:22,012 HealthCheck                      Error    File in use F:\Program Files (x86)\Websense\Data Security\/./Data-Batch-Server/service-container/container/logs/dbs\rap.log and will not be deleted
2026-01-07 23:10:22,014 HealthCheck                      Error    File in use F:\Program Files (x86)\Websense\Data Security\/./Data-Batch-Server/service-container/container/logs/dbs\spring.log and will not be deleted
2026-01-07 23:10:22,015 HealthCheck                      Error    File in use F:\Program Files (x86)\Websense\Data Security\/./Data-Batch-Server/service-container/container/logs/dbs\telemetry.log and will not be deleted
2026-01-07 23:10:22,017 HealthCheck                      Error    File in use F:\Program Files (x86)\Websense\Data Security\/./Data-Batch-Server/service-container/container/logs/rap-etl\rap-etl-all.log and will not be deleted
2026-01-07 23:10:22,018 HealthCheck                      Error    File in use F:\Program Files (x86)\Websense\Data Security\/./Data-Batch-Server/service-container/container/logs/service_logs\DSSBatchServer.2025-12-02.log and will not be deleted
2026-01-08 23:10:22,195 HealthCheck                      Error    File in use F:\Program Files (x86)\Websense\Data Security\/./Logs\Scripts_PE.log and will not be deleted
2026-01-08 23:10:22,198 HealthCheck                      Error    File in use F:\Program Files (x86)\Websense\Data Security\/./EPS_CAMEL/data/service_logs\epsconnector-stderr.2025-12-02.log and will not be deleted
2026-01-08 23:10:22,199 HealthCheck                      Error    File in use F:\Program Files (x86)\Websense\Data Security\/./EPS_CAMEL/data/service_logs\epsconnector-stdout.2025-12-02.log and will not be deleted
2026-01-08 23:10:22,199 HealthCheck                      Error    File in use F:\Program Files (x86)\Websense\Data Security\/./EPS_CAMEL/data/service_logs\EPSConnector.2025-12-02.log and will not be deleted
2026-01-08 23:10:22,201 HealthCheck                      Error    File in use F:\Program Files (x86)\Websense\Data Security\/./tomcat/logs/dlp\dlp-login.log and will not be deleted
2026-01-08 23:10:22,203 HealthCheck                      Error    File in use F:\Program Files (x86)\Websense\Data Security\/./tomcat/logs/dlp\dlp-policies-import-export.log and will not be deleted
2026-01-08 23:10:22,205 HealthCheck                      Error    File in use F:\Program Files (x86)\Websense\Data Security\/./tomcat/logs/dlp\dlp-spring.log and will not be deleted
2026-01-08 23:10:22,206 HealthCheck                      Error    File in use F:\Program Files (x86)\Websense\Data Security\/./tomcat/logs/dlp\dlp-tomcat.log and will not be deleted
2026-01-08 23:10:22,207 HealthCheck                      Error    File in use F:\Program Files (x86)\Websense\Data Security\/./tomcat/logs/dlp\policy_update.log and will not be deleted
2026-01-08 23:10:22,208 HealthCheck                      Error    File in use F:\Program Files (x86)\Websense\Data Security\/./tomcat/logs/forensics\forensics-spring.log and will not be deleted
2026-01-08 23:10:22,209 HealthCheck                      Error    File in use F:\Program Files (x86)\Websense\Data Security\/./tomcat/logs/forensics\forensics-tomcat.log and will not be deleted
2026-01-08 23:10:22,210 HealthCheck                      Error    File in use F:\Program Files (x86)\Websense\Data Security\/./tomcat/logs/tomcat\all.log and will not be deleted
2026-01-08 23:10:22,212 HealthCheck                      Error    File in use F:\Program Files (x86)\Websense\Data Security\/./Data-Batch-Server/service-container/container/logs/dbs\ae.log and will not be deleted
2026-01-08 23:10:22,214 HealthCheck                      Error    File in use F:\Program Files (x86)\Websense\Data Security\/./Data-Batch-Server/service-container/container/logs/dbs\endpoint.log and will not be deleted
2026-01-08 23:10:22,215 HealthCheck                      Error    File in use F:\Program Files (x86)\Websense\Data Security\/./Data-Batch-Server/service-container/container/logs/dbs\events.log and will not be deleted
2026-01-08 23:10:22,216 HealthCheck                      Error    File in use F:\Program Files (x86)\Websense\Data Security\/./Data-Batch-Server/service-container/container/logs/dbs\hibernate.log and will not be deleted
2026-01-08 23:10:22,217 HealthCheck                      Error    File in use F:\Program Files (x86)\Websense\Data Security\/./Data-Batch-Server/service-container/container/logs/dbs\jetty.log and will not be deleted
2026-01-08 23:10:22,218 HealthCheck                      Error    File in use F:\Program Files (x86)\Websense\Data Security\/./Data-Batch-Server/service-container/container/logs/dbs\ldap.log and will not be deleted
2026-01-08 23:10:22,218 HealthCheck                      Error    File in use F:\Program Files (x86)\Websense\Data Security\/./Data-Batch-Server/service-container/container/logs/dbs\rap.log and will not be deleted
2026-01-08 23:10:22,219 HealthCheck                      Error    File in use F:\Program Files (x86)\Websense\Data Security\/./Data-Batch-Server/service-container/container/logs/dbs\spring.log and will not be deleted
2026-01-08 23:10:22,220 HealthCheck                      Error    File in use F:\Program Files (x86)\Websense\Data Security\/./Data-Batch-Server/service-container/container/logs/dbs\telemetry.log and will not be deleted
2026-01-08 23:10:22,221 HealthCheck                      Error    File in use F:\Program Files (x86)\Websense\Data Security\/./Data-Batch-Server/service-container/container/logs/rap-etl\rap-etl-all.log and will not be deleted
2026-01-08 23:10:22,221 HealthCheck                      Error    File in use F:\Program Files (x86)\Websense\Data Security\/./Data-Batch-Server/service-container/container/logs/service_logs\DSSBatchServer.2025-12-02.log and will not be deleted
2026-01-09 23:10:23,995 HealthCheck                      Error    File in use F:\Program Files (x86)\Websense\Data Security\/./Logs\Scripts_PE.log and will not be deleted
2026-01-09 23:10:23,999 HealthCheck                      Error    File in use F:\Program Files (x86)\Websense\Data Security\/./EPS_CAMEL/data/service_logs\epsconnector-stderr.2025-12-02.log and will not be deleted
2026-01-09 23:10:24,001 HealthCheck                      Error    File in use F:\Program Files (x86)\Websense\Data Security\/./EPS_CAMEL/data/service_logs\epsconnector-stdout.2025-12-02.log and will not be deleted
2026-01-09 23:10:24,003 HealthCheck                      Error    File in use F:\Program Files (x86)\Websense\Data Security\/./EPS_CAMEL/data/service_logs\EPSConnector.2025-12-02.log and will not be deleted
2026-01-09 23:10:24,008 HealthCheck                      Error    File in use F:\Program Files (x86)\Websense\Data Security\/./tomcat/logs/dlp\dlp-login.log and will not be deleted
2026-01-09 23:10:24,012 HealthCheck                      Error    File in use F:\Program Files (x86)\Websense\Data Security\/./tomcat/logs/dlp\dlp-policies-import-export.log and will not be deleted
2026-01-09 23:10:24,015 HealthCheck                      Error    File in use F:\Program Files (x86)\Websense\Data Security\/./tomcat/logs/dlp\dlp-spring.log and will not be deleted
2026-01-09 23:10:24,017 HealthCheck                      Error    File in use F:\Program Files (x86)\Websense\Data Security\/./tomcat/logs/dlp\dlp-tomcat.log and will not be deleted
2026-01-09 23:10:24,018 HealthCheck                      Error    File in use F:\Program Files (x86)\Websense\Data Security\/./tomcat/logs/dlp\policy_update.log and will not be deleted
2026-01-09 23:10:24,022 HealthCheck                      Error    File in use F:\Program Files (x86)\Websense\Data Security\/./tomcat/logs/forensics\forensics-spring.log and will not be deleted
2026-01-09 23:10:24,023 HealthCheck                      Error    File in use F:\Program Files (x86)\Websense\Data Security\/./tomcat/logs/forensics\forensics-tomcat.log and will not be deleted
2026-01-09 23:10:24,025 HealthCheck                      Error    File in use F:\Program Files (x86)\Websense\Data Security\/./tomcat/logs/tomcat\all.log and will not be deleted
2026-01-09 23:10:24,029 HealthCheck                      Error    File in use F:\Program Files (x86)\Websense\Data Security\/./Data-Batch-Server/service-container/container/logs/dbs\ae.log and will not be deleted
2026-01-09 23:10:24,033 HealthCheck                      Error    File in use F:\Program Files (x86)\Websense\Data Security\/./Data-Batch-Server/service-container/container/logs/dbs\endpoint.log and will not be deleted
2026-01-09 23:10:24,035 HealthCheck                      Error    File in use F:\Program Files (x86)\Websense\Data Security\/./Data-Batch-Server/service-container/container/logs/dbs\events.log and will not be deleted
2026-01-09 23:10:24,036 HealthCheck                      Error    File in use F:\Program Files (x86)\Websense\Data Security\/./Data-Batch-Server/service-container/container/logs/dbs\hibernate.log and will not be deleted
2026-01-09 23:10:24,037 HealthCheck                      Error    File in use F:\Program Files (x86)\Websense\Data Security\/./Data-Batch-Server/service-container/container/logs/dbs\jetty.log and will not be deleted
2026-01-09 23:10:24,039 HealthCheck                      Error    File in use F:\Program Files (x86)\Websense\Data Security\/./Data-Batch-Server/service-container/container/logs/dbs\ldap.log and will not be deleted
2026-01-09 23:10:24,040 HealthCheck                      Error    File in use F:\Program Files (x86)\Websense\Data Security\/./Data-Batch-Server/service-container/container/logs/dbs\rap.log and will not be deleted
2026-01-09 23:10:24,042 HealthCheck                      Error    File in use F:\Program Files (x86)\Websense\Data Security\/./Data-Batch-Server/service-container/container/logs/dbs\spring.log and will not be deleted
2026-01-09 23:10:24,043 HealthCheck                      Error    File in use F:\Program Files (x86)\Websense\Data Security\/./Data-Batch-Server/service-container/container/logs/dbs\telemetry.log and will not be deleted
2026-01-09 23:10:24,045 HealthCheck                      Error    File in use F:\Program Files (x86)\Websense\Data Security\/./Data-Batch-Server/service-container/container/logs/rap-etl\rap-etl-all.log and will not be deleted
2026-01-09 23:10:24,047 HealthCheck                      Error    File in use F:\Program Files (x86)\Websense\Data Security\/./Data-Batch-Server/service-container/container/logs/service_logs\DSSBatchServer.2025-12-02.log and will not be deleted
2026-01-10 23:10:22,285 HealthCheck                      Error    File in use F:\Program Files (x86)\Websense\Data Security\/./Logs\Scripts_PE.log and will not be deleted
2026-01-10 23:10:22,287 HealthCheck                      Error    File in use F:\Program Files (x86)\Websense\Data Security\/./EPS_CAMEL/data/service_logs\epsconnector-stderr.2025-12-02.log and will not be deleted
2026-01-10 23:10:22,288 HealthCheck                      Error    File in use F:\Program Files (x86)\Websense\Data Security\/./EPS_CAMEL/data/service_logs\epsconnector-stdout.2025-12-02.log and will not be deleted
2026-01-10 23:10:22,289 HealthCheck                      Error    File in use F:\Program Files (x86)\Websense\Data Security\/./EPS_CAMEL/data/service_logs\EPSConnector.2025-12-02.log and will not be deleted
2026-01-10 23:10:22,291 HealthCheck                      Error    File in use F:\Program Files (x86)\Websense\Data Security\/./tomcat/logs/dlp\dlp-login.log and will not be deleted
2026-01-10 23:10:22,294 HealthCheck                      Error    File in use F:\Program Files (x86)\Websense\Data Security\/./tomcat/logs/dlp\dlp-policies-import-export.log and will not be deleted
2026-01-10 23:10:22,295 HealthCheck                      Error    File in use F:\Program Files (x86)\Websense\Data Security\/./tomcat/logs/dlp\dlp-spring.log and will not be deleted
2026-01-10 23:10:22,296 HealthCheck                      Error    File in use F:\Program Files (x86)\Websense\Data Security\/./tomcat/logs/dlp\dlp-tomcat.log and will not be deleted
2026-01-10 23:10:22,298 HealthCheck                      Error    File in use F:\Program Files (x86)\Websense\Data Security\/./tomcat/logs/dlp\policy_update.log and will not be deleted
2026-01-10 23:10:22,300 HealthCheck                      Error    File in use F:\Program Files (x86)\Websense\Data Security\/./tomcat/logs/forensics\forensics-spring.log and will not be deleted
2026-01-10 23:10:22,301 HealthCheck                      Error    File in use F:\Program Files (x86)\Websense\Data Security\/./tomcat/logs/forensics\forensics-tomcat.log and will not be deleted
2026-01-10 23:10:22,302 HealthCheck                      Error    File in use F:\Program Files (x86)\Websense\Data Security\/./tomcat/logs/tomcat\all.log and will not be deleted
2026-01-10 23:10:22,304 HealthCheck                      Error    File in use F:\Program Files (x86)\Websense\Data Security\/./Data-Batch-Server/service-container/container/logs/dbs\ae.log and will not be deleted
2026-01-10 23:10:22,307 HealthCheck                      Error    File in use F:\Program Files (x86)\Websense\Data Security\/./Data-Batch-Server/service-container/container/logs/dbs\endpoint.log and will not be deleted
2026-01-10 23:10:22,308 HealthCheck                      Error    File in use F:\Program Files (x86)\Websense\Data Security\/./Data-Batch-Server/service-container/container/logs/dbs\events.log and will not be deleted
2026-01-10 23:10:22,309 HealthCheck                      Error    File in use F:\Program Files (x86)\Websense\Data Security\/./Data-Batch-Server/service-container/container/logs/dbs\hibernate.log and will not be deleted
2026-01-10 23:10:22,310 HealthCheck                      Error    File in use F:\Program Files (x86)\Websense\Data Security\/./Data-Batch-Server/service-container/container/logs/dbs\jetty.log and will not be deleted
2026-01-10 23:10:22,311 HealthCheck                      Error    File in use F:\Program Files (x86)\Websense\Data Security\/./Data-Batch-Server/service-container/container/logs/dbs\ldap.log and will not be deleted
2026-01-10 23:10:22,312 HealthCheck                      Error    File in use F:\Program Files (x86)\Websense\Data Security\/./Data-Batch-Server/service-container/container/logs/dbs\rap.log and will not be deleted
2026-01-10 23:10:22,313 HealthCheck                      Error    File in use F:\Program Files (x86)\Websense\Data Security\/./Data-Batch-Server/service-container/container/logs/dbs\spring.log and will not be deleted
2026-01-10 23:10:22,314 HealthCheck                      Error    File in use F:\Program Files (x86)\Websense\Data Security\/./Data-Batch-Server/service-container/container/logs/dbs\telemetry.log and will not be deleted
2026-01-10 23:10:22,315 HealthCheck                      Error    File in use F:\Program Files (x86)\Websense\Data Security\/./Data-Batch-Server/service-container/container/logs/rap-etl\rap-etl-all.log and will not be deleted
2026-01-10 23:10:22,316 HealthCheck                      Error    File in use F:\Program Files (x86)\Websense\Data Security\/./Data-Batch-Server/service-container/container/logs/service_logs\DSSBatchServer.2025-12-02.log and will not be deleted
2026-01-11 23:10:23,529 HealthCheck                      Error    File in use F:\Program Files (x86)\Websense\Data Security\/./Logs\Scripts_PE.log and will not be deleted
2026-01-11 23:10:23,536 HealthCheck                      Error    File in use F:\Program Files (x86)\Websense\Data Security\/./EPS_CAMEL/data/service_logs\epsconnector-stderr.2025-12-02.log and will not be deleted
2026-01-11 23:10:23,538 HealthCheck                      Error    File in use F:\Program Files (x86)\Websense\Data Security\/./EPS_CAMEL/data/service_logs\epsconnector-stdout.2025-12-02.log and will not be deleted
2026-01-11 23:10:23,539 HealthCheck                      Error    File in use F:\Program Files (x86)\Websense\Data Security\/./EPS_CAMEL/data/service_logs\EPSConnector.2025-12-02.log and will not be deleted
2026-01-11 23:10:23,544 HealthCheck                      Error    File in use F:\Program Files (x86)\Websense\Data Security\/./tomcat/logs/dlp\dlp-login.log and will not be deleted
2026-01-11 23:10:23,547 HealthCheck                      Error    File in use F:\Program Files (x86)\Websense\Data Security\/./tomcat/logs/dlp\dlp-policies-import-export.log and will not be deleted
2026-01-11 23:10:23,549 HealthCheck                      Error    File in use F:\Program Files (x86)\Websense\Data Security\/./tomcat/logs/dlp\dlp-spring.log and will not be deleted
2026-01-11 23:10:23,550 HealthCheck                      Error    File in use F:\Program Files (x86)\Websense\Data Security\/./tomcat/logs/dlp\dlp-tomcat.log and will not be deleted
2026-01-11 23:10:23,551 HealthCheck                      Error    File in use F:\Program Files (x86)\Websense\Data Security\/./tomcat/logs/dlp\policy_update.log and will not be deleted
2026-01-11 23:10:23,555 HealthCheck                      Error    File in use F:\Program Files (x86)\Websense\Data Security\/./tomcat/logs/forensics\forensics-spring.log and will not be deleted
2026-01-11 23:10:23,556 HealthCheck                      Error    File in use F:\Program Files (x86)\Websense\Data Security\/./tomcat/logs/forensics\forensics-tomcat.log and will not be deleted
2026-01-11 23:10:23,558 HealthCheck                      Error    File in use F:\Program Files (x86)\Websense\Data Security\/./tomcat/logs/tomcat\all.log and will not be deleted
2026-01-11 23:10:23,562 HealthCheck                      Error    File in use F:\Program Files (x86)\Websense\Data Security\/./Data-Batch-Server/service-container/container/logs/dbs\ae.log and will not be deleted
2026-01-11 23:10:23,566 HealthCheck                      Error    File in use F:\Program Files (x86)\Websense\Data Security\/./Data-Batch-Server/service-container/container/logs/dbs\endpoint.log and will not be deleted
2026-01-11 23:10:23,568 HealthCheck                      Error    File in use F:\Program Files (x86)\Websense\Data Security\/./Data-Batch-Server/service-container/container/logs/dbs\events.log and will not be deleted
2026-01-11 23:10:23,569 HealthCheck                      Error    File in use F:\Program Files (x86)\Websense\Data Security\/./Data-Batch-Server/service-container/container/logs/dbs\hibernate.log and will not be deleted
2026-01-11 23:10:23,572 HealthCheck                      Error    File in use F:\Program Files (x86)\Websense\Data Security\/./Data-Batch-Server/service-container/container/logs/dbs\jetty.log and will not be deleted
2026-01-11 23:10:23,573 HealthCheck                      Error    File in use F:\Program Files (x86)\Websense\Data Security\/./Data-Batch-Server/service-container/container/logs/dbs\ldap.log and will not be deleted
2026-01-11 23:10:23,574 HealthCheck                      Error    File in use F:\Program Files (x86)\Websense\Data Security\/./Data-Batch-Server/service-container/container/logs/dbs\rap.log and will not be deleted
2026-01-11 23:10:23,576 HealthCheck                      Error    File in use F:\Program Files (x86)\Websense\Data Security\/./Data-Batch-Server/service-container/container/logs/dbs\spring.log and will not be deleted
2026-01-11 23:10:23,577 HealthCheck                      Error    File in use F:\Program Files (x86)\Websense\Data Security\/./Data-Batch-Server/service-container/container/logs/dbs\telemetry.log and will not be deleted
2026-01-11 23:10:23,578 HealthCheck                      Error    File in use F:\Program Files (x86)\Websense\Data Security\/./Data-Batch-Server/service-container/container/logs/rap-etl\rap-etl-all.log and will not be deleted
2026-01-11 23:10:23,579 HealthCheck                      Error    File in use F:\Program Files (x86)\Websense\Data Security\/./Data-Batch-Server/service-container/container/logs/service_logs\DSSBatchServer.2025-12-02.log and will not be deleted
2026-01-12 23:10:21,037 HealthCheck                      Error    File in use F:\Program Files (x86)\Websense\Data Security\/./Logs\Scripts_PE.log and will not be deleted
2026-01-12 23:10:21,040 HealthCheck                      Error    File in use F:\Program Files (x86)\Websense\Data Security\/./EPS_CAMEL/data/service_logs\epsconnector-stderr.2025-12-02.log and will not be deleted
2026-01-12 23:10:21,041 HealthCheck                      Error    File in use F:\Program Files (x86)\Websense\Data Security\/./EPS_CAMEL/data/service_logs\epsconnector-stdout.2025-12-02.log and will not be deleted
2026-01-12 23:10:21,042 HealthCheck                      Error    File in use F:\Program Files (x86)\Websense\Data Security\/./EPS_CAMEL/data/service_logs\EPSConnector.2025-12-02.log and will not be deleted
2026-01-12 23:10:21,044 HealthCheck                      Error    File in use F:\Program Files (x86)\Websense\Data Security\/./tomcat/logs/dlp\dlp-login.log and will not be deleted
2026-01-12 23:10:21,046 HealthCheck                      Error    File in use F:\Program Files (x86)\Websense\Data Security\/./tomcat/logs/dlp\dlp-policies-import-export.log and will not be deleted
2026-01-12 23:10:21,047 HealthCheck                      Error    File in use F:\Program Files (x86)\Websense\Data Security\/./tomcat/logs/dlp\dlp-spring.log and will not be deleted
2026-01-12 23:10:21,048 HealthCheck                      Error    File in use F:\Program Files (x86)\Websense\Data Security\/./tomcat/logs/dlp\dlp-tomcat.log and will not be deleted
2026-01-12 23:10:21,049 HealthCheck                      Error    File in use F:\Program Files (x86)\Websense\Data Security\/./tomcat/logs/dlp\policy_update.log and will not be deleted
2026-01-12 23:10:21,050 HealthCheck                      Error    File in use F:\Program Files (x86)\Websense\Data Security\/./tomcat/logs/forensics\forensics-spring.log and will not be deleted
2026-01-12 23:10:21,051 HealthCheck                      Error    File in use F:\Program Files (x86)\Websense\Data Security\/./tomcat/logs/forensics\forensics-tomcat.log and will not be deleted
2026-01-12 23:10:21,052 HealthCheck                      Error    File in use F:\Program Files (x86)\Websense\Data Security\/./tomcat/logs/tomcat\all.log and will not be deleted
2026-01-12 23:10:21,054 HealthCheck                      Error    File in use F:\Program Files (x86)\Websense\Data Security\/./Data-Batch-Server/service-container/container/logs/dbs\ae.log and will not be deleted
2026-01-12 23:10:21,057 HealthCheck                      Error    File in use F:\Program Files (x86)\Websense\Data Security\/./Data-Batch-Server/service-container/container/logs/dbs\endpoint.log and will not be deleted
2026-01-12 23:10:21,058 HealthCheck                      Error    File in use F:\Program Files (x86)\Websense\Data Security\/./Data-Batch-Server/service-container/container/logs/dbs\events.log and will not be deleted
2026-01-12 23:10:21,059 HealthCheck                      Error    File in use F:\Program Files (x86)\Websense\Data Security\/./Data-Batch-Server/service-container/container/logs/dbs\hibernate.log and will not be deleted
2026-01-12 23:10:21,060 HealthCheck                      Error    File in use F:\Program Files (x86)\Websense\Data Security\/./Data-Batch-Server/service-container/container/logs/dbs\jetty.log and will not be deleted
2026-01-12 23:10:21,061 HealthCheck                      Error    File in use F:\Program Files (x86)\Websense\Data Security\/./Data-Batch-Server/service-container/container/logs/dbs\ldap.log and will not be deleted
2026-01-12 23:10:21,062 HealthCheck                      Error    File in use F:\Program Files (x86)\Websense\Data Security\/./Data-Batch-Server/service-container/container/logs/dbs\rap.log and will not be deleted
2026-01-12 23:10:21,063 HealthCheck                      Error    File in use F:\Program Files (x86)\Websense\Data Security\/./Data-Batch-Server/service-container/container/logs/dbs\spring.log and will not be deleted
2026-01-12 23:10:21,064 HealthCheck                      Error    File in use F:\Program Files (x86)\Websense\Data Security\/./Data-Batch-Server/service-container/container/logs/dbs\telemetry.log and will not be deleted
2026-01-12 23:10:21,065 HealthCheck                      Error    File in use F:\Program Files (x86)\Websense\Data Security\/./Data-Batch-Server/service-container/container/logs/rap-etl\rap-etl-all.log and will not be deleted
2026-01-12 23:10:21,066 HealthCheck                      Error    File in use F:\Program Files (x86)\Websense\Data Security\/./Data-Batch-Server/service-container/container/logs/service_logs\DSSBatchServer.2025-12-02.log and will not be deleted
2026-01-13 09:59:11,700 HealthCheck                      Error    FPR Test FPRRunDummyDetection Failed
2026-01-13 09:59:11,701 HealthCheck                      Error    FPRRunDummyDetection failed but counter is  [1<=4] so no action was taken
2026-01-13 10:04:10,545 HealthCheck                      Error    FPR Test FPRRunDummyDetection Failed
2026-01-13 10:04:10,549 HealthCheck                      Error    FPRRunDummyDetection failed but counter is  [1<=4] so no action was taken
2026-01-13 10:09:11,640 HealthCheck                      Error    FPR Test FPRRunDummyDetection Failed
2026-01-13 10:09:11,643 HealthCheck                      Error    FPRRunDummyDetection failed but counter is  [1<=4] so no action was taken
2026-01-13 10:14:10,879 HealthCheck                      Error    FPR Test FPRRunDummyDetection Failed
2026-01-13 10:14:10,881 HealthCheck                      Error    FPRRunDummyDetection failed but counter is  [1<=4] so no action was taken
2026-01-13 10:19:09,439 HealthCheck                      Error    FPR Test FPRRunDummyDetection Failed
2026-01-13 10:19:09,441 HealthCheck                      Error    FPRRunDummyDetection failed but counter is  [1<=4] so no action was taken
2026-01-13 10:24:12,255 HealthCheck                      Error    FPR Test FPRRunDummyDetection Failed
2026-01-13 10:24:12,258 HealthCheck                      Error    FPRRunDummyDetection failed but counter is  [1<=4] so no action was taken
2026-01-13 10:29:10,286 HealthCheck                      Error    FPR Test FPRRunDummyDetection Failed
2026-01-13 10:29:10,289 HealthCheck                      Error    FPRRunDummyDetection failed but counter is  [1<=4] so no action was taken
2026-01-13 10:34:11,410 HealthCheck                      Error    FPR Test FPRRunDummyDetection Failed
2026-01-13 10:34:11,412 HealthCheck                      Error    FPRRunDummyDetection failed but counter is  [1<=4] so no action was taken
2026-01-13 10:39:07,995 HealthCheck                      Error    FPR Test FPRRunDummyDetection Failed
2026-01-13 10:39:07,997 HealthCheck                      Error    FPRRunDummyDetection failed but counter is  [1<=4] so no action was taken
2026-01-13 10:44:09,859 HealthCheck                      Error    FPR Test FPRRunDummyDetection Failed
2026-01-13 10:44:09,861 HealthCheck                      Error    FPRRunDummyDetection failed but counter is  [1<=4] so no action was taken
2026-01-13 10:49:10,289 HealthCheck                      Error    FPR Test FPRRunDummyDetection Failed
2026-01-13 10:49:10,292 HealthCheck                      Error    FPRRunDummyDetection failed but counter is  [1<=4] so no action was taken
2026-01-13 10:54:11,457 HealthCheck                      Error    FPR Test FPRRunDummyDetection Failed
2026-01-13 10:54:11,459 HealthCheck                      Error    FPRRunDummyDetection failed but counter is  [1<=4] so no action was taken
2026-01-13 10:59:10,696 HealthCheck                      Error    FPR Test FPRRunDummyDetection Failed
2026-01-13 10:59:10,697 HealthCheck                      Error    FPRRunDummyDetection failed but counter is  [1<=4] so no action was taken
2026-01-13 11:04:09,405 HealthCheck                      Error    FPR Test FPRRunDummyDetection Failed
2026-01-13 11:04:09,406 HealthCheck                      Error    FPRRunDummyDetection failed but counter is  [1<=4] so no action was taken
2026-01-13 11:09:10,174 HealthCheck                      Error    FPR Test FPRRunDummyDetection Failed
2026-01-13 11:09:10,177 HealthCheck                      Error    FPRRunDummyDetection failed but counter is  [1<=4] so no action was taken
2026-01-13 11:14:09,945 HealthCheck                      Error    FPR Test FPRRunDummyDetection Failed
2026-01-13 11:14:09,946 HealthCheck                      Error    FPRRunDummyDetection failed but counter is  [1<=4] so no action was taken
2026-01-13 11:19:10,979 HealthCheck                      Error    FPR Test FPRRunDummyDetection Failed
2026-01-13 11:19:10,983 HealthCheck                      Error    FPRRunDummyDetection failed but counter is  [1<=4] so no action was taken
2026-01-13 11:24:11,541 HealthCheck                      Error    FPR Test FPRRunDummyDetection Failed
2026-01-13 11:24:11,544 HealthCheck                      Error    FPRRunDummyDetection failed but counter is  [1<=4] so no action was taken
2026-01-13 11:29:10,849 HealthCheck                      Error    FPR Test FPRRunDummyDetection Failed
2026-01-13 11:29:10,852 HealthCheck                      Error    FPRRunDummyDetection failed but counter is  [1<=4] so no action was taken
2026-01-13 11:34:10,179 HealthCheck                      Error    FPR Test FPRRunDummyDetection Failed
2026-01-13 11:34:10,181 HealthCheck                      Error    FPRRunDummyDetection failed but counter is  [1<=4] so no action was taken
2026-01-13 11:39:11,144 HealthCheck                      Error    FPR Test FPRRunDummyDetection Failed
2026-01-13 11:39:11,148 HealthCheck                      Error    FPRRunDummyDetection failed but counter is  [1<=4] so no action was taken
2026-01-13 11:44:08,028 HealthCheck                      Error    FPR Test FPRRunDummyDetection Failed
2026-01-13 11:44:08,031 HealthCheck                      Error    FPRRunDummyDetection failed but counter is  [1<=4] so no action was taken
2026-01-13 11:49:10,805 HealthCheck                      Error    FPR Test FPRRunDummyDetection Failed
2026-01-13 11:49:10,806 HealthCheck                      Error    FPRRunDummyDetection failed but counter is  [1<=4] so no action was taken
2026-01-13 11:54:11,491 HealthCheck                      Error    FPR Test FPRRunDummyDetection Failed
2026-01-13 11:54:11,495 HealthCheck                      Error    FPRRunDummyDetection failed but counter is  [1<=4] so no action was taken
2026-01-13 11:59:11,362 HealthCheck                      Error    FPR Test FPRRunDummyDetection Failed
2026-01-13 11:59:11,365 HealthCheck                      Error    FPRRunDummyDetection failed but counter is  [1<=4] so no action was taken
2026-01-13 12:04:08,183 HealthCheck                      Error    FPR Test FPRRunDummyDetection Failed
2026-01-13 12:04:08,185 HealthCheck                      Error    FPRRunDummyDetection failed but counter is  [1<=4] so no action was taken
2026-01-13 12:09:10,920 HealthCheck                      Error    FPR Test FPRRunDummyDetection Failed
2026-01-13 12:09:10,922 HealthCheck                      Error    FPRRunDummyDetection failed but counter is  [1<=4] so no action was taken
2026-01-13 12:14:11,523 HealthCheck                      Error    FPR Test FPRRunDummyDetection Failed
2026-01-13 12:14:11,524 HealthCheck                      Error    FPRRunDummyDetection failed but counter is  [1<=4] so no action was taken
2026-01-13 12:19:11,011 HealthCheck                      Error    FPR Test FPRRunDummyDetection Failed
2026-01-13 12:19:11,013 HealthCheck                      Error    FPRRunDummyDetection failed but counter is  [1<=4] so no action was taken
2026-01-13 12:24:11,409 HealthCheck                      Error    FPR Test FPRRunDummyDetection Failed
2026-01-13 12:24:11,412 HealthCheck                      Error    FPRRunDummyDetection failed but counter is  [1<=4] so no action was taken
2026-01-13 12:29:10,184 HealthCheck                      Error    FPR Test FPRRunDummyDetection Failed
2026-01-13 12:29:10,187 HealthCheck                      Error    FPRRunDummyDetection failed but counter is  [1<=4] so no action was taken
2026-01-13 12:34:11,037 HealthCheck                      Error    FPR Test FPRRunDummyDetection Failed
2026-01-13 12:34:11,040 HealthCheck                      Error    FPRRunDummyDetection failed but counter is  [1<=4] so no action was taken
2026-01-13 12:39:10,909 HealthCheck                      Error    FPR Test FPRRunDummyDetection Failed
2026-01-13 12:39:10,910 HealthCheck                      Error    FPRRunDummyDetection failed but counter is  [1<=4] so no action was taken
2026-01-13 12:44:09,582 HealthCheck                      Error    FPR Test FPRRunDummyDetection Failed
2026-01-13 12:44:09,584 HealthCheck                      Error    FPRRunDummyDetection failed but counter is  [1<=4] so no action was taken
2026-01-13 12:49:09,659 HealthCheck                      Error    FPR Test FPRRunDummyDetection Failed
2026-01-13 12:49:09,662 HealthCheck                      Error    FPRRunDummyDetection failed but counter is  [1<=4] so no action was taken
2026-01-13 12:54:12,165 HealthCheck                      Error    FPR Test FPRRunDummyDetection Failed
2026-01-13 12:54:12,168 HealthCheck                      Error    FPRRunDummyDetection failed but counter is  [1<=4] so no action was taken
2026-01-13 12:55:11,598 HealthCheck                      Error    Failed sending DummyDetection Request
2026-01-13 12:55:11,599 HealthCheck                      Error    FPR Test FPRRunDummyDetection Failed
2026-01-13 12:55:11,600 HealthCheck                      Error    FPRRunDummyDetection failed but counter is  [1<=4] so no action was taken
2026-01-13 13:00:11,759 HealthCheck                      Error    Failed sending DummyDetection Request
2026-01-13 13:00:11,761 HealthCheck                      Error    FPR Test FPRRunDummyDetection Failed
2026-01-13 13:00:11,762 HealthCheck                      Error    FPRRunDummyDetection failed but counter is  [2<=4] so no action was taken
2026-01-13 13:05:11,227 HealthCheck                      Error    Failed sending DummyDetection Request
2026-01-13 13:05:11,228 HealthCheck                      Error    FPR Test FPRRunDummyDetection Failed
2026-01-13 13:05:11,229 HealthCheck                      Error    FPRRunDummyDetection failed but counter is  [3<=4] so no action was taken
2026-01-13 13:10:13,215 HealthCheck                      Error    Failed sending DummyDetection Request
2026-01-13 13:10:13,216 HealthCheck                      Error    FPR Test FPRRunDummyDetection Failed
2026-01-13 13:10:13,218 HealthCheck                      Error    FPRRunDummyDetection failed but counter is  [4<=4] so no action was taken
2026-01-13 13:15:11,894 HealthCheck                      Error    Failed sending DummyDetection Request
2026-01-13 13:15:11,896 HealthCheck                      Error    FPR Test FPRRunDummyDetection Failed
2026-01-13 13:15:11,899 HealthCheck                      Error    Stopping process: PAFPREP
2026-01-13 13:15:14,604 Utils.SystemLogging              Error    [Th:Thread-3 (CheckDetection)] Posting error to system Log
2026-01-13 13:15:14,605 Utils.SystemLogging              Error    [Th:Thread-3 (CheckDetection)] Posted error to system Log
2026-01-13 13:15:25,813 HealthCheck                      Error    There are processes holding port 17505 that will be killed: [17052]
2026-01-13 13:15:29,866 HealthCheck                      Error    There are processes holding port 17506 that will be killed: [17052]
2026-01-13 13:15:30,249 HealthCheck                      Error    killing process  with ID 17052
2026-01-13 13:15:38,146 HealthCheck                      Error    There are processes holding port 17505 that will be killed: [17052]
2026-01-13 13:15:42,550 HealthCheck                      Error    There are processes holding port 17506 that will be killed: [17052]
2026-01-13 13:15:42,746 Utils.SystemLogging              Error    [Th:Thread-3 (CheckDetection)] Posting error to system Log
2026-01-13 13:15:42,748 Utils.SystemLogging              Error    [Th:Thread-3 (CheckDetection)] Posted error to system Log
2026-01-13 13:15:42,972 HealthCheck                      Error    killing process  with ID 17052
2026-01-13 13:15:50,443 HealthCheck                      Error    There are processes holding port 17505 that will be killed: [17052]
2026-01-13 13:15:53,049 HealthCheck                      Error    There are processes holding port 17506 that will be killed: [17052]
2026-01-13 13:15:53,295 HealthCheck                      Error    killing process  with ID 17052
2026-01-13 13:15:57,947 HealthCheck                      Error    There are processes holding port 17506 that will be killed: [17052]
2026-01-13 13:15:58,289 HealthCheck                      Error    killing process  with ID 17052
2026-01-13 13:16:05,695 HealthCheck                      Error    There are processes holding port 17506 that will be killed: [17052]
2026-01-13 13:16:06,130 HealthCheck                      Error    killing process  with ID 17052
2026-01-13 13:16:13,831 HealthCheck                      Error    There are processes holding port 17506 that will be killed: [17052]
2026-01-13 13:16:14,232 HealthCheck                      Error    killing process  with ID 17052
2026-01-13 13:16:19,673 HealthCheck                      Error    There are processes holding port 17506 that will be killed: [17052]
2026-01-13 13:16:19,927 HealthCheck                      Error    killing process  with ID 17052
2026-01-13 13:16:24,160 HealthCheck                      Error    There are processes holding port 17506 that will be killed: [17052]
2026-01-13 13:16:24,381 HealthCheck                      Error    killing process  with ID 17052
2026-01-13 13:16:28,411 HealthCheck                      Error    There are processes holding port 17506 that will be killed: [17052]
2026-01-13 13:16:28,636 HealthCheck                      Error    killing process  with ID 17052
2026-01-13 13:16:32,442 HealthCheck                      Error    There are processes holding port 17506 that will be killed: [17052]
2026-01-13 13:16:32,642 HealthCheck                      Error    killing process  with ID 17052
2026-01-13 23:10:23,083 HealthCheck                      Error    File in use F:\Program Files (x86)\Websense\Data Security\/./Logs\Scripts_PE.log and will not be deleted
2026-01-13 23:10:23,087 HealthCheck                      Error    File in use F:\Program Files (x86)\Websense\Data Security\/./EPS_CAMEL/data/service_logs\epsconnector-stderr.2025-12-02.log and will not be deleted
2026-01-13 23:10:23,089 HealthCheck                      Error    File in use F:\Program Files (x86)\Websense\Data Security\/./EPS_CAMEL/data/service_logs\epsconnector-stdout.2025-12-02.log and will not be deleted
2026-01-13 23:10:23,092 HealthCheck                      Error    File in use F:\Program Files (x86)\Websense\Data Security\/./EPS_CAMEL/data/service_logs\EPSConnector.2025-12-02.log and will not be deleted
2026-01-13 23:10:23,095 HealthCheck                      Error    File in use F:\Program Files (x86)\Websense\Data Security\/./tomcat/logs/dlp\dlp-login.log and will not be deleted
2026-01-13 23:10:23,097 HealthCheck                      Error    File in use F:\Program Files (x86)\Websense\Data Security\/./tomcat/logs/dlp\dlp-policies-import-export.log and will not be deleted
2026-01-13 23:10:23,099 HealthCheck                      Error    File in use F:\Program Files (x86)\Websense\Data Security\/./tomcat/logs/dlp\dlp-spring.log and will not be deleted
2026-01-13 23:10:23,100 HealthCheck                      Error    File in use F:\Program Files (x86)\Websense\Data Security\/./tomcat/logs/dlp\dlp-tomcat.log and will not be deleted
2026-01-13 23:10:23,101 HealthCheck                      Error    File in use F:\Program Files (x86)\Websense\Data Security\/./tomcat/logs/dlp\policy_update.log and will not be deleted
2026-01-13 23:10:23,102 HealthCheck                      Error    File in use F:\Program Files (x86)\Websense\Data Security\/./tomcat/logs/forensics\forensics-spring.log and will not be deleted
2026-01-13 23:10:23,103 HealthCheck                      Error    File in use F:\Program Files (x86)\Websense\Data Security\/./tomcat/logs/forensics\forensics-tomcat.log and will not be deleted
2026-01-13 23:10:23,105 HealthCheck                      Error    File in use F:\Program Files (x86)\Websense\Data Security\/./tomcat/logs/tomcat\all.log and will not be deleted
2026-01-13 23:10:23,107 HealthCheck                      Error    File in use F:\Program Files (x86)\Websense\Data Security\/./Data-Batch-Server/service-container/container/logs/dbs\ae.log and will not be deleted
2026-01-13 23:10:23,110 HealthCheck                      Error    File in use F:\Program Files (x86)\Websense\Data Security\/./Data-Batch-Server/service-container/container/logs/dbs\endpoint.log and will not be deleted
2026-01-13 23:10:23,111 HealthCheck                      Error    File in use F:\Program Files (x86)\Websense\Data Security\/./Data-Batch-Server/service-container/container/logs/dbs\events.log and will not be deleted
2026-01-13 23:10:23,112 HealthCheck                      Error    File in use F:\Program Files (x86)\Websense\Data Security\/./Data-Batch-Server/service-container/container/logs/dbs\hibernate.log and will not be deleted
2026-01-13 23:10:23,113 HealthCheck                      Error    File in use F:\Program Files (x86)\Websense\Data Security\/./Data-Batch-Server/service-container/container/logs/dbs\jetty.log and will not be deleted
2026-01-13 23:10:23,114 HealthCheck                      Error    File in use F:\Program Files (x86)\Websense\Data Security\/./Data-Batch-Server/service-container/container/logs/dbs\ldap.log and will not be deleted
2026-01-13 23:10:23,117 HealthCheck                      Error    File in use F:\Program Files (x86)\Websense\Data Security\/./Data-Batch-Server/service-container/container/logs/dbs\rap.log and will not be deleted
2026-01-13 23:10:23,118 HealthCheck                      Error    File in use F:\Program Files (x86)\Websense\Data Security\/./Data-Batch-Server/service-container/container/logs/dbs\spring.log and will not be deleted
2026-01-13 23:10:23,119 HealthCheck                      Error    File in use F:\Program Files (x86)\Websense\Data Security\/./Data-Batch-Server/service-container/container/logs/dbs\telemetry.log and will not be deleted
2026-01-13 23:10:23,121 HealthCheck                      Error    File in use F:\Program Files (x86)\Websense\Data Security\/./Data-Batch-Server/service-container/container/logs/rap-etl\rap-etl-all.log and will not be deleted
2026-01-13 23:10:23,122 HealthCheck                      Error    File in use F:\Program Files (x86)\Websense\Data Security\/./Data-Batch-Server/service-container/container/logs/service_logs\DSSBatchServer.2025-12-02.log and will not be deleted
2026-01-14 23:10:23,942 HealthCheck                      Error    File in use F:\Program Files (x86)\Websense\Data Security\/./Logs\Scripts_PE.log and will not be deleted
2026-01-14 23:10:23,945 HealthCheck                      Error    File in use F:\Program Files (x86)\Websense\Data Security\/./EPS_CAMEL/data/service_logs\epsconnector-stderr.2025-12-02.log and will not be deleted
2026-01-14 23:10:23,947 HealthCheck                      Error    File in use F:\Program Files (x86)\Websense\Data Security\/./EPS_CAMEL/data/service_logs\epsconnector-stdout.2025-12-02.log and will not be deleted
2026-01-14 23:10:23,948 HealthCheck                      Error    File in use F:\Program Files (x86)\Websense\Data Security\/./EPS_CAMEL/data/service_logs\EPSConnector.2025-12-02.log and will not be deleted
2026-01-14 23:10:23,951 HealthCheck                      Error    File in use F:\Program Files (x86)\Websense\Data Security\/./tomcat/logs/dlp\dlp-login.log and will not be deleted
2026-01-14 23:10:23,954 HealthCheck                      Error    File in use F:\Program Files (x86)\Websense\Data Security\/./tomcat/logs/dlp\dlp-policies-import-export.log and will not be deleted
2026-01-14 23:10:23,955 HealthCheck                      Error    File in use F:\Program Files (x86)\Websense\Data Security\/./tomcat/logs/dlp\dlp-spring.log and will not be deleted
2026-01-14 23:10:23,956 HealthCheck                      Error    File in use F:\Program Files (x86)\Websense\Data Security\/./tomcat/logs/dlp\dlp-tomcat.log and will not be deleted
2026-01-14 23:10:23,957 HealthCheck                      Error    File in use F:\Program Files (x86)\Websense\Data Security\/./tomcat/logs/dlp\policy_update.log and will not be deleted
2026-01-14 23:10:23,959 HealthCheck                      Error    File in use F:\Program Files (x86)\Websense\Data Security\/./tomcat/logs/forensics\forensics-spring.log and will not be deleted
2026-01-14 23:10:23,960 HealthCheck                      Error    File in use F:\Program Files (x86)\Websense\Data Security\/./tomcat/logs/forensics\forensics-tomcat.log and will not be deleted
2026-01-14 23:10:23,962 HealthCheck                      Error    File in use F:\Program Files (x86)\Websense\Data Security\/./tomcat/logs/tomcat\all.log and will not be deleted
2026-01-14 23:10:23,964 HealthCheck                      Error    File in use F:\Program Files (x86)\Websense\Data Security\/./Data-Batch-Server/service-container/container/logs/dbs\ae.log and will not be deleted
2026-01-14 23:10:23,967 HealthCheck                      Error    File in use F:\Program Files (x86)\Websense\Data Security\/./Data-Batch-Server/service-container/container/logs/dbs\endpoint.log and will not be deleted
2026-01-14 23:10:23,968 HealthCheck                      Error    File in use F:\Program Files (x86)\Websense\Data Security\/./Data-Batch-Server/service-container/container/logs/dbs\events.log and will not be deleted
2026-01-14 23:10:23,969 HealthCheck                      Error    File in use F:\Program Files (x86)\Websense\Data Security\/./Data-Batch-Server/service-container/container/logs/dbs\hibernate.log and will not be deleted
2026-01-14 23:10:23,970 HealthCheck                      Error    File in use F:\Program Files (x86)\Websense\Data Security\/./Data-Batch-Server/service-container/container/logs/dbs\jetty.log and will not be deleted
2026-01-14 23:10:23,971 HealthCheck                      Error    File in use F:\Program Files (x86)\Websense\Data Security\/./Data-Batch-Server/service-container/container/logs/dbs\ldap.log and will not be deleted
2026-01-14 23:10:23,972 HealthCheck                      Error    File in use F:\Program Files (x86)\Websense\Data Security\/./Data-Batch-Server/service-container/container/logs/dbs\rap.log and will not be deleted
2026-01-14 23:10:23,973 HealthCheck                      Error    File in use F:\Program Files (x86)\Websense\Data Security\/./Data-Batch-Server/service-container/container/logs/dbs\spring.log and will not be deleted
2026-01-14 23:10:23,974 HealthCheck                      Error    File in use F:\Program Files (x86)\Websense\Data Security\/./Data-Batch-Server/service-container/container/logs/dbs\telemetry.log and will not be deleted
2026-01-14 23:10:23,977 HealthCheck                      Error    File in use F:\Program Files (x86)\Websense\Data Security\/./Data-Batch-Server/service-container/container/logs/rap-etl\rap-etl-all.log and will not be deleted
2026-01-14 23:10:23,979 HealthCheck                      Error    File in use F:\Program Files (x86)\Websense\Data Security\/./Data-Batch-Server/service-container/container/logs/service_logs\DSSBatchServer.2025-12-02.log and will not be deleted
2026-01-15 23:10:24,179 HealthCheck                      Error    File in use F:\Program Files (x86)\Websense\Data Security\/./Logs\Scripts_PE.log and will not be deleted
2026-01-15 23:10:24,181 HealthCheck                      Error    File in use F:\Program Files (x86)\Websense\Data Security\/./EPS_CAMEL/data/service_logs\epsconnector-stderr.2025-12-02.log and will not be deleted
2026-01-15 23:10:24,182 HealthCheck                      Error    File in use F:\Program Files (x86)\Websense\Data Security\/./EPS_CAMEL/data/service_logs\epsconnector-stdout.2025-12-02.log and will not be deleted
2026-01-15 23:10:24,183 HealthCheck                      Error    File in use F:\Program Files (x86)\Websense\Data Security\/./EPS_CAMEL/data/service_logs\EPSConnector.2025-12-02.log and will not be deleted
2026-01-15 23:10:24,185 HealthCheck                      Error    File in use F:\Program Files (x86)\Websense\Data Security\/./tomcat/logs/dlp\dlp-login.log and will not be deleted
2026-01-15 23:10:24,187 HealthCheck                      Error    File in use F:\Program Files (x86)\Websense\Data Security\/./tomcat/logs/dlp\dlp-policies-import-export.log and will not be deleted
2026-01-15 23:10:24,188 HealthCheck                      Error    File in use F:\Program Files (x86)\Websense\Data Security\/./tomcat/logs/dlp\dlp-spring.log and will not be deleted
2026-01-15 23:10:24,189 HealthCheck                      Error    File in use F:\Program Files (x86)\Websense\Data Security\/./tomcat/logs/dlp\dlp-tomcat.log and will not be deleted
2026-01-15 23:10:24,190 HealthCheck                      Error    File in use F:\Program Files (x86)\Websense\Data Security\/./tomcat/logs/dlp\policy_update.log and will not be deleted
2026-01-15 23:10:24,192 HealthCheck                      Error    File in use F:\Program Files (x86)\Websense\Data Security\/./tomcat/logs/forensics\forensics-spring.log and will not be deleted
2026-01-15 23:10:24,193 HealthCheck                      Error    File in use F:\Program Files (x86)\Websense\Data Security\/./tomcat/logs/forensics\forensics-tomcat.log and will not be deleted
2026-01-15 23:10:24,194 HealthCheck                      Error    File in use F:\Program Files (x86)\Websense\Data Security\/./tomcat/logs/tomcat\all.log and will not be deleted
2026-01-15 23:10:24,196 HealthCheck                      Error    File in use F:\Program Files (x86)\Websense\Data Security\/./Data-Batch-Server/service-container/container/logs/dbs\ae.log and will not be deleted
2026-01-15 23:10:24,198 HealthCheck                      Error    File in use F:\Program Files (x86)\Websense\Data Security\/./Data-Batch-Server/service-container/container/logs/dbs\endpoint.log and will not be deleted
2026-01-15 23:10:24,199 HealthCheck                      Error    File in use F:\Program Files (x86)\Websense\Data Security\/./Data-Batch-Server/service-container/container/logs/dbs\events.log and will not be deleted
2026-01-15 23:10:24,200 HealthCheck                      Error    File in use F:\Program Files (x86)\Websense\Data Security\/./Data-Batch-Server/service-container/container/logs/dbs\hibernate.log and will not be deleted
2026-01-15 23:10:24,201 HealthCheck                      Error    File in use F:\Program Files (x86)\Websense\Data Security\/./Data-Batch-Server/service-container/container/logs/dbs\jetty.log and will not be deleted
2026-01-15 23:10:24,203 HealthCheck                      Error    File in use F:\Program Files (x86)\Websense\Data Security\/./Data-Batch-Server/service-container/container/logs/dbs\ldap.log and will not be deleted
2026-01-15 23:10:24,204 HealthCheck                      Error    File in use F:\Program Files (x86)\Websense\Data Security\/./Data-Batch-Server/service-container/container/logs/dbs\rap.log and will not be deleted
2026-01-15 23:10:24,205 HealthCheck                      Error    File in use F:\Program Files (x86)\Websense\Data Security\/./Data-Batch-Server/service-container/container/logs/dbs\spring.log and will not be deleted
2026-01-15 23:10:24,206 HealthCheck                      Error    File in use F:\Program Files (x86)\Websense\Data Security\/./Data-Batch-Server/service-container/container/logs/dbs\telemetry.log and will not be deleted
2026-01-15 23:10:24,207 HealthCheck                      Error    File in use F:\Program Files (x86)\Websense\Data Security\/./Data-Batch-Server/service-container/container/logs/rap-etl\rap-etl-all.log and will not be deleted
2026-01-15 23:10:24,208 HealthCheck                      Error    File in use F:\Program Files (x86)\Websense\Data Security\/./Data-Batch-Server/service-container/container/logs/service_logs\DSSBatchServer.2025-12-02.log and will not be deleted
2026-01-16 23:10:24,404 HealthCheck                      Error    File in use F:\Program Files (x86)\Websense\Data Security\/./Logs\Scripts_PE.log and will not be deleted
2026-01-16 23:10:24,408 HealthCheck                      Error    File in use F:\Program Files (x86)\Websense\Data Security\/./EPS_CAMEL/data/service_logs\epsconnector-stderr.2025-12-02.log and will not be deleted
2026-01-16 23:10:24,409 HealthCheck                      Error    File in use F:\Program Files (x86)\Websense\Data Security\/./EPS_CAMEL/data/service_logs\epsconnector-stdout.2025-12-02.log and will not be deleted
2026-01-16 23:10:24,411 HealthCheck                      Error    File in use F:\Program Files (x86)\Websense\Data Security\/./EPS_CAMEL/data/service_logs\EPSConnector.2025-12-02.log and will not be deleted
2026-01-16 23:10:24,413 HealthCheck                      Error    File in use F:\Program Files (x86)\Websense\Data Security\/./tomcat/logs/dlp\dlp-login.log and will not be deleted
2026-01-16 23:10:24,416 HealthCheck                      Error    File in use F:\Program Files (x86)\Websense\Data Security\/./tomcat/logs/dlp\dlp-policies-import-export.log and will not be deleted
2026-01-16 23:10:24,418 HealthCheck                      Error    File in use F:\Program Files (x86)\Websense\Data Security\/./tomcat/logs/dlp\dlp-spring.log and will not be deleted
2026-01-16 23:10:24,419 HealthCheck                      Error    File in use F:\Program Files (x86)\Websense\Data Security\/./tomcat/logs/dlp\dlp-tomcat.log and will not be deleted
2026-01-16 23:10:24,420 HealthCheck                      Error    File in use F:\Program Files (x86)\Websense\Data Security\/./tomcat/logs/dlp\policy_update.log and will not be deleted
2026-01-16 23:10:24,422 HealthCheck                      Error    File in use F:\Program Files (x86)\Websense\Data Security\/./tomcat/logs/forensics\forensics-spring.log and will not be deleted
2026-01-16 23:10:24,423 HealthCheck                      Error    File in use F:\Program Files (x86)\Websense\Data Security\/./tomcat/logs/forensics\forensics-tomcat.log and will not be deleted
2026-01-16 23:10:24,424 HealthCheck                      Error    File in use F:\Program Files (x86)\Websense\Data Security\/./tomcat/logs/tomcat\all.log and will not be deleted
2026-01-16 23:10:24,428 HealthCheck                      Error    File in use F:\Program Files (x86)\Websense\Data Security\/./Data-Batch-Server/service-container/container/logs/dbs\ae.log and will not be deleted
2026-01-16 23:10:24,430 HealthCheck                      Error    File in use F:\Program Files (x86)\Websense\Data Security\/./Data-Batch-Server/service-container/container/logs/dbs\endpoint.log and will not be deleted
2026-01-16 23:10:24,432 HealthCheck                      Error    File in use F:\Program Files (x86)\Websense\Data Security\/./Data-Batch-Server/service-container/container/logs/dbs\events.log and will not be deleted
2026-01-16 23:10:24,433 HealthCheck                      Error    File in use F:\Program Files (x86)\Websense\Data Security\/./Data-Batch-Server/service-container/container/logs/dbs\hibernate.log and will not be deleted
2026-01-16 23:10:24,434 HealthCheck                      Error    File in use F:\Program Files (x86)\Websense\Data Security\/./Data-Batch-Server/service-container/container/logs/dbs\jetty.log and will not be deleted
2026-01-16 23:10:24,435 HealthCheck                      Error    File in use F:\Program Files (x86)\Websense\Data Security\/./Data-Batch-Server/service-container/container/logs/dbs\ldap.log and will not be deleted
2026-01-16 23:10:24,436 HealthCheck                      Error    File in use F:\Program Files (x86)\Websense\Data Security\/./Data-Batch-Server/service-container/container/logs/dbs\rap.log and will not be deleted
2026-01-16 23:10:24,437 HealthCheck                      Error    File in use F:\Program Files (x86)\Websense\Data Security\/./Data-Batch-Server/service-container/container/logs/dbs\spring.log and will not be deleted
2026-01-16 23:10:24,438 HealthCheck                      Error    File in use F:\Program Files (x86)\Websense\Data Security\/./Data-Batch-Server/service-container/container/logs/dbs\telemetry.log and will not be deleted
2026-01-16 23:10:24,439 HealthCheck                      Error    File in use F:\Program Files (x86)\Websense\Data Security\/./Data-Batch-Server/service-container/container/logs/rap-etl\rap-etl-all.log and will not be deleted
2026-01-16 23:10:24,440 HealthCheck                      Error    File in use F:\Program Files (x86)\Websense\Data Security\/./Data-Batch-Server/service-container/container/logs/service_logs\DSSBatchServer.2025-12-02.log and will not be deleted
2026-01-17 23:10:23,542 HealthCheck                      Error    File in use F:\Program Files (x86)\Websense\Data Security\/./Logs\Scripts_PE.log and will not be deleted
2026-01-17 23:10:23,545 HealthCheck                      Error    File in use F:\Program Files (x86)\Websense\Data Security\/./EPS_CAMEL/data/service_logs\epsconnector-stderr.2025-12-02.log and will not be deleted
2026-01-17 23:10:23,546 HealthCheck                      Error    File in use F:\Program Files (x86)\Websense\Data Security\/./EPS_CAMEL/data/service_logs\epsconnector-stdout.2025-12-02.log and will not be deleted
2026-01-17 23:10:23,547 HealthCheck                      Error    File in use F:\Program Files (x86)\Websense\Data Security\/./EPS_CAMEL/data/service_logs\EPSConnector.2025-12-02.log and will not be deleted
2026-01-17 23:10:23,551 HealthCheck                      Error    File in use F:\Program Files (x86)\Websense\Data Security\/./tomcat/logs/dlp\dlp-login.log and will not be deleted
2026-01-17 23:10:23,553 HealthCheck                      Error    File in use F:\Program Files (x86)\Websense\Data Security\/./tomcat/logs/dlp\dlp-policies-import-export.log and will not be deleted
2026-01-17 23:10:23,555 HealthCheck                      Error    File in use F:\Program Files (x86)\Websense\Data Security\/./tomcat/logs/dlp\dlp-spring.log and will not be deleted
2026-01-17 23:10:23,556 HealthCheck                      Error    File in use F:\Program Files (x86)\Websense\Data Security\/./tomcat/logs/dlp\dlp-tomcat.log and will not be deleted
2026-01-17 23:10:23,556 HealthCheck                      Error    File in use F:\Program Files (x86)\Websense\Data Security\/./tomcat/logs/dlp\policy_update.log and will not be deleted
2026-01-17 23:10:23,558 HealthCheck                      Error    File in use F:\Program Files (x86)\Websense\Data Security\/./tomcat/logs/forensics\forensics-spring.log and will not be deleted
2026-01-17 23:10:23,560 HealthCheck                      Error    File in use F:\Program Files (x86)\Websense\Data Security\/./tomcat/logs/forensics\forensics-tomcat.log and will not be deleted
2026-01-17 23:10:23,561 HealthCheck                      Error    File in use F:\Program Files (x86)\Websense\Data Security\/./tomcat/logs/tomcat\all.log and will not be deleted
2026-01-17 23:10:23,563 HealthCheck                      Error    File in use F:\Program Files (x86)\Websense\Data Security\/./Data-Batch-Server/service-container/container/logs/dbs\ae.log and will not be deleted
2026-01-17 23:10:23,566 HealthCheck                      Error    File in use F:\Program Files (x86)\Websense\Data Security\/./Data-Batch-Server/service-container/container/logs/dbs\endpoint.log and will not be deleted
2026-01-17 23:10:23,567 HealthCheck                      Error    File in use F:\Program Files (x86)\Websense\Data Security\/./Data-Batch-Server/service-container/container/logs/dbs\events.log and will not be deleted
2026-01-17 23:10:23,568 HealthCheck                      Error    File in use F:\Program Files (x86)\Websense\Data Security\/./Data-Batch-Server/service-container/container/logs/dbs\hibernate.log and will not be deleted
2026-01-17 23:10:23,569 HealthCheck                      Error    File in use F:\Program Files (x86)\Websense\Data Security\/./Data-Batch-Server/service-container/container/logs/dbs\jetty.log and will not be deleted
2026-01-17 23:10:23,570 HealthCheck                      Error    File in use F:\Program Files (x86)\Websense\Data Security\/./Data-Batch-Server/service-container/container/logs/dbs\ldap.log and will not be deleted
2026-01-17 23:10:23,572 HealthCheck                      Error    File in use F:\Program Files (x86)\Websense\Data Security\/./Data-Batch-Server/service-container/container/logs/dbs\rap.log and will not be deleted
2026-01-17 23:10:23,574 HealthCheck                      Error    File in use F:\Program Files (x86)\Websense\Data Security\/./Data-Batch-Server/service-container/container/logs/dbs\spring.log and will not be deleted
2026-01-17 23:10:23,575 HealthCheck                      Error    File in use F:\Program Files (x86)\Websense\Data Security\/./Data-Batch-Server/service-container/container/logs/dbs\telemetry.log and will not be deleted
2026-01-17 23:10:23,576 HealthCheck                      Error    File in use F:\Program Files (x86)\Websense\Data Security\/./Data-Batch-Server/service-container/container/logs/rap-etl\rap-etl-all.log and will not be deleted
2026-01-17 23:10:23,577 HealthCheck                      Error    File in use F:\Program Files (x86)\Websense\Data Security\/./Data-Batch-Server/service-container/container/logs/service_logs\DSSBatchServer.2025-12-02.log and will not be deleted
2026-01-18 23:10:25,555 HealthCheck                      Error    File in use F:\Program Files (x86)\Websense\Data Security\/./Logs\Scripts_PE.log and will not be deleted
2026-01-18 23:10:25,559 HealthCheck                      Error    File in use F:\Program Files (x86)\Websense\Data Security\/./EPS_CAMEL/data/service_logs\epsconnector-stderr.2025-12-02.log and will not be deleted
2026-01-18 23:10:25,561 HealthCheck                      Error    File in use F:\Program Files (x86)\Websense\Data Security\/./EPS_CAMEL/data/service_logs\epsconnector-stdout.2025-12-02.log and will not be deleted
2026-01-18 23:10:25,563 HealthCheck                      Error    File in use F:\Program Files (x86)\Websense\Data Security\/./EPS_CAMEL/data/service_logs\EPSConnector.2025-12-02.log and will not be deleted
2026-01-18 23:10:25,565 HealthCheck                      Error    File in use F:\Program Files (x86)\Websense\Data Security\/./tomcat/logs/dlp\dlp-login.log and will not be deleted
2026-01-18 23:10:25,567 HealthCheck                      Error    File in use F:\Program Files (x86)\Websense\Data Security\/./tomcat/logs/dlp\dlp-policies-import-export.log and will not be deleted
2026-01-18 23:10:25,569 HealthCheck                      Error    File in use F:\Program Files (x86)\Websense\Data Security\/./tomcat/logs/dlp\dlp-spring.log and will not be deleted
2026-01-18 23:10:25,570 HealthCheck                      Error    File in use F:\Program Files (x86)\Websense\Data Security\/./tomcat/logs/dlp\dlp-tomcat.log and will not be deleted
2026-01-18 23:10:25,572 HealthCheck                      Error    File in use F:\Program Files (x86)\Websense\Data Security\/./tomcat/logs/dlp\policy_update.log and will not be deleted
2026-01-18 23:10:25,575 HealthCheck                      Error    File in use F:\Program Files (x86)\Websense\Data Security\/./tomcat/logs/forensics\forensics-spring.log and will not be deleted
2026-01-18 23:10:25,576 HealthCheck                      Error    File in use F:\Program Files (x86)\Websense\Data Security\/./tomcat/logs/forensics\forensics-tomcat.log and will not be deleted
2026-01-18 23:10:25,577 HealthCheck                      Error    File in use F:\Program Files (x86)\Websense\Data Security\/./tomcat/logs/tomcat\all.log and will not be deleted
2026-01-18 23:10:25,579 HealthCheck                      Error    File in use F:\Program Files (x86)\Websense\Data Security\/./Data-Batch-Server/service-container/container/logs/dbs\ae.log and will not be deleted
2026-01-18 23:10:25,582 HealthCheck                      Error    File in use F:\Program Files (x86)\Websense\Data Security\/./Data-Batch-Server/service-container/container/logs/dbs\endpoint.log and will not be deleted
2026-01-18 23:10:25,584 HealthCheck                      Error    File in use F:\Program Files (x86)\Websense\Data Security\/./Data-Batch-Server/service-container/container/logs/dbs\events.log and will not be deleted
2026-01-18 23:10:25,585 HealthCheck                      Error    File in use F:\Program Files (x86)\Websense\Data Security\/./Data-Batch-Server/service-container/container/logs/dbs\hibernate.log and will not be deleted
2026-01-18 23:10:25,586 HealthCheck                      Error    File in use F:\Program Files (x86)\Websense\Data Security\/./Data-Batch-Server/service-container/container/logs/dbs\jetty.log and will not be deleted
2026-01-18 23:10:25,588 HealthCheck                      Error    File in use F:\Program Files (x86)\Websense\Data Security\/./Data-Batch-Server/service-container/container/logs/dbs\ldap.log and will not be deleted
2026-01-18 23:10:25,590 HealthCheck                      Error    File in use F:\Program Files (x86)\Websense\Data Security\/./Data-Batch-Server/service-container/container/logs/dbs\rap.log and will not be deleted
2026-01-18 23:10:25,591 HealthCheck                      Error    File in use F:\Program Files (x86)\Websense\Data Security\/./Data-Batch-Server/service-container/container/logs/dbs\spring.log and will not be deleted
2026-01-18 23:10:25,592 HealthCheck                      Error    File in use F:\Program Files (x86)\Websense\Data Security\/./Data-Batch-Server/service-container/container/logs/dbs\telemetry.log and will not be deleted
2026-01-18 23:10:25,593 HealthCheck                      Error    File in use F:\Program Files (x86)\Websense\Data Security\/./Data-Batch-Server/service-container/container/logs/rap-etl\rap-etl-all.log and will not be deleted
2026-01-18 23:10:25,594 HealthCheck                      Error    File in use F:\Program Files (x86)\Websense\Data Security\/./Data-Batch-Server/service-container/container/logs/service_logs\DSSBatchServer.2025-12-02.log and will not be deleted
2026-01-19 23:10:23,535 HealthCheck                      Error    File in use F:\Program Files (x86)\Websense\Data Security\/./Logs\Scripts_PE.log and will not be deleted
2026-01-19 23:10:23,540 HealthCheck                      Error    File in use F:\Program Files (x86)\Websense\Data Security\/./EPS_CAMEL/data/service_logs\epsconnector-stderr.2025-12-02.log and will not be deleted
2026-01-19 23:10:23,541 HealthCheck                      Error    File in use F:\Program Files (x86)\Websense\Data Security\/./EPS_CAMEL/data/service_logs\epsconnector-stdout.2025-12-02.log and will not be deleted
2026-01-19 23:10:23,544 HealthCheck                      Error    File in use F:\Program Files (x86)\Websense\Data Security\/./EPS_CAMEL/data/service_logs\EPSConnector.2025-12-02.log and will not be deleted
2026-01-19 23:10:23,547 HealthCheck                      Error    File in use F:\Program Files (x86)\Websense\Data Security\/./tomcat/logs/dlp\dlp-login.log and will not be deleted
2026-01-19 23:10:23,550 HealthCheck                      Error    File in use F:\Program Files (x86)\Websense\Data Security\/./tomcat/logs/dlp\dlp-policies-import-export.log and will not be deleted
2026-01-19 23:10:23,552 HealthCheck                      Error    File in use F:\Program Files (x86)\Websense\Data Security\/./tomcat/logs/dlp\dlp-spring.log and will not be deleted
2026-01-19 23:10:23,554 HealthCheck                      Error    File in use F:\Program Files (x86)\Websense\Data Security\/./tomcat/logs/dlp\dlp-tomcat.log and will not be deleted
2026-01-19 23:10:23,555 HealthCheck                      Error    File in use F:\Program Files (x86)\Websense\Data Security\/./tomcat/logs/dlp\policy_update.log and will not be deleted
2026-01-19 23:10:23,557 HealthCheck                      Error    File in use F:\Program Files (x86)\Websense\Data Security\/./tomcat/logs/forensics\forensics-spring.log and will not be deleted
2026-01-19 23:10:23,558 HealthCheck                      Error    File in use F:\Program Files (x86)\Websense\Data Security\/./tomcat/logs/forensics\forensics-tomcat.log and will not be deleted
2026-01-19 23:10:23,559 HealthCheck                      Error    File in use F:\Program Files (x86)\Websense\Data Security\/./tomcat/logs/tomcat\all.log and will not be deleted
2026-01-19 23:10:23,562 HealthCheck                      Error    File in use F:\Program Files (x86)\Websense\Data Security\/./Data-Batch-Server/service-container/container/logs/dbs\ae.log and will not be deleted
2026-01-19 23:10:23,564 HealthCheck                      Error    File in use F:\Program Files (x86)\Websense\Data Security\/./Data-Batch-Server/service-container/container/logs/dbs\endpoint.log and will not be deleted
2026-01-19 23:10:23,565 HealthCheck                      Error    File in use F:\Program Files (x86)\Websense\Data Security\/./Data-Batch-Server/service-container/container/logs/dbs\events.log and will not be deleted
2026-01-19 23:10:23,567 HealthCheck                      Error    File in use F:\Program Files (x86)\Websense\Data Security\/./Data-Batch-Server/service-container/container/logs/dbs\hibernate.log and will not be deleted
2026-01-19 23:10:23,568 HealthCheck                      Error    File in use F:\Program Files (x86)\Websense\Data Security\/./Data-Batch-Server/service-container/container/logs/dbs\jetty.log and will not be deleted
2026-01-19 23:10:23,569 HealthCheck                      Error    File in use F:\Program Files (x86)\Websense\Data Security\/./Data-Batch-Server/service-container/container/logs/dbs\ldap.log and will not be deleted
2026-01-19 23:10:23,570 HealthCheck                      Error    File in use F:\Program Files (x86)\Websense\Data Security\/./Data-Batch-Server/service-container/container/logs/dbs\rap.log and will not be deleted
2026-01-19 23:10:23,571 HealthCheck                      Error    File in use F:\Program Files (x86)\Websense\Data Security\/./Data-Batch-Server/service-container/container/logs/dbs\spring.log and will not be deleted
2026-01-19 23:10:23,572 HealthCheck                      Error    File in use F:\Program Files (x86)\Websense\Data Security\/./Data-Batch-Server/service-container/container/logs/dbs\telemetry.log and will not be deleted
2026-01-19 23:10:23,573 HealthCheck                      Error    File in use F:\Program Files (x86)\Websense\Data Security\/./Data-Batch-Server/service-container/container/logs/rap-etl\rap-etl-all.log and will not be deleted
2026-01-19 23:10:23,574 HealthCheck                      Error    File in use F:\Program Files (x86)\Websense\Data Security\/./Data-Batch-Server/service-container/container/logs/service_logs\DSSBatchServer.2025-12-02.log and will not be deleted
2026-01-20 23:10:23,185 HealthCheck                      Error    File in use F:\Program Files (x86)\Websense\Data Security\/./Logs\Scripts_PE.log and will not be deleted
2026-01-20 23:10:23,189 HealthCheck                      Error    File in use F:\Program Files (x86)\Websense\Data Security\/./EPS_CAMEL/data/service_logs\epsconnector-stderr.2025-12-02.log and will not be deleted
2026-01-20 23:10:23,190 HealthCheck                      Error    File in use F:\Program Files (x86)\Websense\Data Security\/./EPS_CAMEL/data/service_logs\epsconnector-stdout.2025-12-02.log and will not be deleted
2026-01-20 23:10:23,191 HealthCheck                      Error    File in use F:\Program Files (x86)\Websense\Data Security\/./EPS_CAMEL/data/service_logs\EPSConnector.2025-12-02.log and will not be deleted
2026-01-20 23:10:23,193 HealthCheck                      Error    File in use F:\Program Files (x86)\Websense\Data Security\/./tomcat/logs/dlp\dlp-login.log and will not be deleted
2026-01-20 23:10:23,196 HealthCheck                      Error    File in use F:\Program Files (x86)\Websense\Data Security\/./tomcat/logs/dlp\dlp-policies-import-export.log and will not be deleted
2026-01-20 23:10:23,197 HealthCheck                      Error    File in use F:\Program Files (x86)\Websense\Data Security\/./tomcat/logs/dlp\dlp-spring.log and will not be deleted
2026-01-20 23:10:23,198 HealthCheck                      Error    File in use F:\Program Files (x86)\Websense\Data Security\/./tomcat/logs/dlp\dlp-tomcat.log and will not be deleted
2026-01-20 23:10:23,199 HealthCheck                      Error    File in use F:\Program Files (x86)\Websense\Data Security\/./tomcat/logs/dlp\policy_update.log and will not be deleted
2026-01-20 23:10:23,201 HealthCheck                      Error    File in use F:\Program Files (x86)\Websense\Data Security\/./tomcat/logs/forensics\forensics-spring.log and will not be deleted
2026-01-20 23:10:23,202 HealthCheck                      Error    File in use F:\Program Files (x86)\Websense\Data Security\/./tomcat/logs/forensics\forensics-tomcat.log and will not be deleted
2026-01-20 23:10:23,203 HealthCheck                      Error    File in use F:\Program Files (x86)\Websense\Data Security\/./tomcat/logs/tomcat\all.log and will not be deleted
2026-01-20 23:10:23,208 HealthCheck                      Error    File in use F:\Program Files (x86)\Websense\Data Security\/./Data-Batch-Server/service-container/container/logs/dbs\ae.log and will not be deleted
2026-01-20 23:10:23,212 HealthCheck                      Error    File in use F:\Program Files (x86)\Websense\Data Security\/./Data-Batch-Server/service-container/container/logs/dbs\endpoint.log and will not be deleted
2026-01-20 23:10:23,214 HealthCheck                      Error    File in use F:\Program Files (x86)\Websense\Data Security\/./Data-Batch-Server/service-container/container/logs/dbs\events.log and will not be deleted
2026-01-20 23:10:23,215 HealthCheck                      Error    File in use F:\Program Files (x86)\Websense\Data Security\/./Data-Batch-Server/service-container/container/logs/dbs\hibernate.log and will not be deleted
2026-01-20 23:10:23,216 HealthCheck                      Error    File in use F:\Program Files (x86)\Websense\Data Security\/./Data-Batch-Server/service-container/container/logs/dbs\jetty.log and will not be deleted
2026-01-20 23:10:23,218 HealthCheck                      Error    File in use F:\Program Files (x86)\Websense\Data Security\/./Data-Batch-Server/service-container/container/logs/dbs\ldap.log and will not be deleted
2026-01-20 23:10:23,219 HealthCheck                      Error    File in use F:\Program Files (x86)\Websense\Data Security\/./Data-Batch-Server/service-container/container/logs/dbs\rap.log and will not be deleted
2026-01-20 23:10:23,220 HealthCheck                      Error    File in use F:\Program Files (x86)\Websense\Data Security\/./Data-Batch-Server/service-container/container/logs/dbs\spring.log and will not be deleted
2026-01-20 23:10:23,221 HealthCheck                      Error    File in use F:\Program Files (x86)\Websense\Data Security\/./Data-Batch-Server/service-container/container/logs/dbs\telemetry.log and will not be deleted
2026-01-20 23:10:23,223 HealthCheck                      Error    File in use F:\Program Files (x86)\Websense\Data Security\/./Data-Batch-Server/service-container/container/logs/rap-etl\rap-etl-all.log and will not be deleted
2026-01-20 23:10:23,224 HealthCheck                      Error    File in use F:\Program Files (x86)\Websense\Data Security\/./Data-Batch-Server/service-container/container/logs/service_logs\DSSBatchServer.2025-12-02.log and will not be deleted
2026-01-21 23:10:25,699 HealthCheck                      Error    File in use F:\Program Files (x86)\Websense\Data Security\/./Logs\Scripts_PE.log and will not be deleted
2026-01-21 23:10:25,702 HealthCheck                      Error    File in use F:\Program Files (x86)\Websense\Data Security\/./EPS_CAMEL/data/service_logs\epsconnector-stderr.2025-12-02.log and will not be deleted
2026-01-21 23:10:25,704 HealthCheck                      Error    File in use F:\Program Files (x86)\Websense\Data Security\/./EPS_CAMEL/data/service_logs\epsconnector-stdout.2025-12-02.log and will not be deleted
2026-01-21 23:10:25,705 HealthCheck                      Error    File in use F:\Program Files (x86)\Websense\Data Security\/./EPS_CAMEL/data/service_logs\EPSConnector.2025-12-02.log and will not be deleted
2026-01-21 23:10:25,707 HealthCheck                      Error    File in use F:\Program Files (x86)\Websense\Data Security\/./tomcat/logs/dlp\dlp-login.log and will not be deleted
2026-01-21 23:10:25,710 HealthCheck                      Error    File in use F:\Program Files (x86)\Websense\Data Security\/./tomcat/logs/dlp\dlp-policies-import-export.log and will not be deleted
2026-01-21 23:10:25,713 HealthCheck                      Error    File in use F:\Program Files (x86)\Websense\Data Security\/./tomcat/logs/dlp\dlp-spring.log and will not be deleted
2026-01-21 23:10:25,714 HealthCheck                      Error    File in use F:\Program Files (x86)\Websense\Data Security\/./tomcat/logs/dlp\dlp-tomcat.log and will not be deleted
2026-01-21 23:10:25,715 HealthCheck                      Error    File in use F:\Program Files (x86)\Websense\Data Security\/./tomcat/logs/dlp\policy_update.log and will not be deleted
2026-01-21 23:10:25,718 HealthCheck                      Error    File in use F:\Program Files (x86)\Websense\Data Security\/./tomcat/logs/forensics\forensics-spring.log and will not be deleted
2026-01-21 23:10:25,719 HealthCheck                      Error    File in use F:\Program Files (x86)\Websense\Data Security\/./tomcat/logs/forensics\forensics-tomcat.log and will not be deleted
2026-01-21 23:10:25,720 HealthCheck                      Error    File in use F:\Program Files (x86)\Websense\Data Security\/./tomcat/logs/tomcat\all.log and will not be deleted
2026-01-21 23:10:25,723 HealthCheck                      Error    File in use F:\Program Files (x86)\Websense\Data Security\/./Data-Batch-Server/service-container/container/logs/dbs\ae.log and will not be deleted
2026-01-21 23:10:25,725 HealthCheck                      Error    File in use F:\Program Files (x86)\Websense\Data Security\/./Data-Batch-Server/service-container/container/logs/dbs\endpoint.log and will not be deleted
2026-01-21 23:10:25,727 HealthCheck                      Error    File in use F:\Program Files (x86)\Websense\Data Security\/./Data-Batch-Server/service-container/container/logs/dbs\events.log and will not be deleted
2026-01-21 23:10:25,728 HealthCheck                      Error    File in use F:\Program Files (x86)\Websense\Data Security\/./Data-Batch-Server/service-container/container/logs/dbs\hibernate.log and will not be deleted
2026-01-21 23:10:25,729 HealthCheck                      Error    File in use F:\Program Files (x86)\Websense\Data Security\/./Data-Batch-Server/service-container/container/logs/dbs\jetty.log and will not be deleted
2026-01-21 23:10:25,730 HealthCheck                      Error    File in use F:\Program Files (x86)\Websense\Data Security\/./Data-Batch-Server/service-container/container/logs/dbs\ldap.log and will not be deleted
2026-01-21 23:10:25,731 HealthCheck                      Error    File in use F:\Program Files (x86)\Websense\Data Security\/./Data-Batch-Server/service-container/container/logs/dbs\rap.log and will not be deleted
2026-01-21 23:10:25,732 HealthCheck                      Error    File in use F:\Program Files (x86)\Websense\Data Security\/./Data-Batch-Server/service-container/container/logs/dbs\spring.log and will not be deleted
2026-01-21 23:10:25,733 HealthCheck                      Error    File in use F:\Program Files (x86)\Websense\Data Security\/./Data-Batch-Server/service-container/container/logs/dbs\telemetry.log and will not be deleted
2026-01-21 23:10:25,734 HealthCheck                      Error    File in use F:\Program Files (x86)\Websense\Data Security\/./Data-Batch-Server/service-container/container/logs/rap-etl\rap-etl-all.log and will not be deleted
2026-01-21 23:10:25,735 HealthCheck                      Error    File in use F:\Program Files (x86)\Websense\Data Security\/./Data-Batch-Server/service-container/container/logs/service_logs\DSSBatchServer.2025-12-02.log and will not be deleted
2026-01-22 23:10:23,010 HealthCheck                      Error    File in use F:\Program Files (x86)\Websense\Data Security\/./Logs\Scripts_PE.log and will not be deleted
2026-01-22 23:10:23,013 HealthCheck                      Error    File in use F:\Program Files (x86)\Websense\Data Security\/./EPS_CAMEL/data/service_logs\epsconnector-stderr.2025-12-02.log and will not be deleted
2026-01-22 23:10:23,014 HealthCheck                      Error    File in use F:\Program Files (x86)\Websense\Data Security\/./EPS_CAMEL/data/service_logs\epsconnector-stdout.2025-12-02.log and will not be deleted
2026-01-22 23:10:23,016 HealthCheck                      Error    File in use F:\Program Files (x86)\Websense\Data Security\/./EPS_CAMEL/data/service_logs\EPSConnector.2025-12-02.log and will not be deleted
2026-01-22 23:10:23,018 HealthCheck                      Error    File in use F:\Program Files (x86)\Websense\Data Security\/./tomcat/logs/dlp\dlp-login.log and will not be deleted
2026-01-22 23:10:23,021 HealthCheck                      Error    File in use F:\Program Files (x86)\Websense\Data Security\/./tomcat/logs/dlp\dlp-policies-import-export.log and will not be deleted
2026-01-22 23:10:23,023 HealthCheck                      Error    File in use F:\Program Files (x86)\Websense\Data Security\/./tomcat/logs/dlp\dlp-spring.log and will not be deleted
2026-01-22 23:10:23,024 HealthCheck                      Error    File in use F:\Program Files (x86)\Websense\Data Security\/./tomcat/logs/dlp\dlp-tomcat.log and will not be deleted
2026-01-22 23:10:23,025 HealthCheck                      Error    File in use F:\Program Files (x86)\Websense\Data Security\/./tomcat/logs/dlp\policy_update.log and will not be deleted
2026-01-22 23:10:23,027 HealthCheck                      Error    File in use F:\Program Files (x86)\Websense\Data Security\/./tomcat/logs/forensics\forensics-spring.log and will not be deleted
2026-01-22 23:10:23,028 HealthCheck                      Error    File in use F:\Program Files (x86)\Websense\Data Security\/./tomcat/logs/forensics\forensics-tomcat.log and will not be deleted
2026-01-22 23:10:23,029 HealthCheck                      Error    File in use F:\Program Files (x86)\Websense\Data Security\/./tomcat/logs/tomcat\all.log and will not be deleted
2026-01-22 23:10:23,033 HealthCheck                      Error    File in use F:\Program Files (x86)\Websense\Data Security\/./Data-Batch-Server/service-container/container/logs/dbs\ae.log and will not be deleted
2026-01-22 23:10:23,037 HealthCheck                      Error    File in use F:\Program Files (x86)\Websense\Data Security\/./Data-Batch-Server/service-container/container/logs/dbs\endpoint.log and will not be deleted
2026-01-22 23:10:23,038 HealthCheck                      Error    File in use F:\Program Files (x86)\Websense\Data Security\/./Data-Batch-Server/service-container/container/logs/dbs\events.log and will not be deleted
2026-01-22 23:10:23,040 HealthCheck                      Error    File in use F:\Program Files (x86)\Websense\Data Security\/./Data-Batch-Server/service-container/container/logs/dbs\hibernate.log and will not be deleted
2026-01-22 23:10:23,041 HealthCheck                      Error    File in use F:\Program Files (x86)\Websense\Data Security\/./Data-Batch-Server/service-container/container/logs/dbs\jetty.log and will not be deleted
2026-01-22 23:10:23,042 HealthCheck                      Error    File in use F:\Program Files (x86)\Websense\Data Security\/./Data-Batch-Server/service-container/container/logs/dbs\ldap.log and will not be deleted
2026-01-22 23:10:23,043 HealthCheck                      Error    File in use F:\Program Files (x86)\Websense\Data Security\/./Data-Batch-Server/service-container/container/logs/dbs\rap.log and will not be deleted
2026-01-22 23:10:23,045 HealthCheck                      Error    File in use F:\Program Files (x86)\Websense\Data Security\/./Data-Batch-Server/service-container/container/logs/dbs\spring.log and will not be deleted
2026-01-22 23:10:23,046 HealthCheck                      Error    File in use F:\Program Files (x86)\Websense\Data Security\/./Data-Batch-Server/service-container/container/logs/dbs\telemetry.log and will not be deleted
2026-01-22 23:10:23,049 HealthCheck                      Error    File in use F:\Program Files (x86)\Websense\Data Security\/./Data-Batch-Server/service-container/container/logs/rap-etl\rap-etl-all.log and will not be deleted
2026-01-22 23:10:23,050 HealthCheck                      Error    File in use F:\Program Files (x86)\Websense\Data Security\/./Data-Batch-Server/service-container/container/logs/service_logs\DSSBatchServer.2025-12-02.log and will not be deleted
2026-01-23 23:10:23,194 HealthCheck                      Error    File in use F:\Program Files (x86)\Websense\Data Security\/./Logs\Scripts_PE.log and will not be deleted
2026-01-23 23:10:23,200 HealthCheck                      Error    File in use F:\Program Files (x86)\Websense\Data Security\/./EPS_CAMEL/data/service_logs\epsconnector-stderr.2025-12-02.log and will not be deleted
2026-01-23 23:10:23,201 HealthCheck                      Error    File in use F:\Program Files (x86)\Websense\Data Security\/./EPS_CAMEL/data/service_logs\epsconnector-stdout.2025-12-02.log and will not be deleted
2026-01-23 23:10:23,203 HealthCheck                      Error    File in use F:\Program Files (x86)\Websense\Data Security\/./EPS_CAMEL/data/service_logs\EPSConnector.2025-12-02.log and will not be deleted
2026-01-23 23:10:23,205 HealthCheck                      Error    File in use F:\Program Files (x86)\Websense\Data Security\/./tomcat/logs/dlp\dlp-login.log and will not be deleted
2026-01-23 23:10:23,208 HealthCheck                      Error    File in use F:\Program Files (x86)\Websense\Data Security\/./tomcat/logs/dlp\dlp-policies-import-export.log and will not be deleted
2026-01-23 23:10:23,210 HealthCheck                      Error    File in use F:\Program Files (x86)\Websense\Data Security\/./tomcat/logs/dlp\dlp-spring.log and will not be deleted
2026-01-23 23:10:23,211 HealthCheck                      Error    File in use F:\Program Files (x86)\Websense\Data Security\/./tomcat/logs/dlp\dlp-tomcat.log and will not be deleted
2026-01-23 23:10:23,212 HealthCheck                      Error    File in use F:\Program Files (x86)\Websense\Data Security\/./tomcat/logs/dlp\policy_update.log and will not be deleted
2026-01-23 23:10:23,214 HealthCheck                      Error    File in use F:\Program Files (x86)\Websense\Data Security\/./tomcat/logs/forensics\forensics-spring.log and will not be deleted
2026-01-23 23:10:23,215 HealthCheck                      Error    File in use F:\Program Files (x86)\Websense\Data Security\/./tomcat/logs/forensics\forensics-tomcat.log and will not be deleted
2026-01-23 23:10:23,218 HealthCheck                      Error    File in use F:\Program Files (x86)\Websense\Data Security\/./tomcat/logs/tomcat\all.log and will not be deleted
2026-01-23 23:10:23,223 HealthCheck                      Error    File in use F:\Program Files (x86)\Websense\Data Security\/./Data-Batch-Server/service-container/container/logs/dbs\ae.log and will not be deleted
2026-01-23 23:10:23,227 HealthCheck                      Error    File in use F:\Program Files (x86)\Websense\Data Security\/./Data-Batch-Server/service-container/container/logs/dbs\endpoint.log and will not be deleted
2026-01-23 23:10:23,229 HealthCheck                      Error    File in use F:\Program Files (x86)\Websense\Data Security\/./Data-Batch-Server/service-container/container/logs/dbs\events.log and will not be deleted
2026-01-23 23:10:23,231 HealthCheck                      Error    File in use F:\Program Files (x86)\Websense\Data Security\/./Data-Batch-Server/service-container/container/logs/dbs\hibernate.log and will not be deleted
2026-01-23 23:10:23,233 HealthCheck                      Error    File in use F:\Program Files (x86)\Websense\Data Security\/./Data-Batch-Server/service-container/container/logs/dbs\jetty.log and will not be deleted
2026-01-23 23:10:23,234 HealthCheck                      Error    File in use F:\Program Files (x86)\Websense\Data Security\/./Data-Batch-Server/service-container/container/logs/dbs\ldap.log and will not be deleted
2026-01-23 23:10:23,236 HealthCheck                      Error    File in use F:\Program Files (x86)\Websense\Data Security\/./Data-Batch-Server/service-container/container/logs/dbs\rap.log and will not be deleted
2026-01-23 23:10:23,238 HealthCheck                      Error    File in use F:\Program Files (x86)\Websense\Data Security\/./Data-Batch-Server/service-container/container/logs/dbs\spring.log and will not be deleted
2026-01-23 23:10:23,240 HealthCheck                      Error    File in use F:\Program Files (x86)\Websense\Data Security\/./Data-Batch-Server/service-container/container/logs/dbs\telemetry.log and will not be deleted
2026-01-23 23:10:23,242 HealthCheck                      Error    File in use F:\Program Files (x86)\Websense\Data Security\/./Data-Batch-Server/service-container/container/logs/rap-etl\rap-etl-all.log and will not be deleted
2026-01-23 23:10:23,243 HealthCheck                      Error    File in use F:\Program Files (x86)\Websense\Data Security\/./Data-Batch-Server/service-container/container/logs/service_logs\DSSBatchServer.2025-12-02.log and will not be deleted
2026-01-24 23:10:23,634 HealthCheck                      Error    File in use F:\Program Files (x86)\Websense\Data Security\/./Logs\Scripts_PE.log and will not be deleted
2026-01-24 23:10:23,637 HealthCheck                      Error    File in use F:\Program Files (x86)\Websense\Data Security\/./EPS_CAMEL/data/service_logs\epsconnector-stderr.2025-12-02.log and will not be deleted
2026-01-24 23:10:23,638 HealthCheck                      Error    File in use F:\Program Files (x86)\Websense\Data Security\/./EPS_CAMEL/data/service_logs\epsconnector-stdout.2025-12-02.log and will not be deleted
2026-01-24 23:10:23,639 HealthCheck                      Error    File in use F:\Program Files (x86)\Websense\Data Security\/./EPS_CAMEL/data/service_logs\EPSConnector.2025-12-02.log and will not be deleted
2026-01-24 23:10:23,643 HealthCheck                      Error    File in use F:\Program Files (x86)\Websense\Data Security\/./tomcat/logs/dlp\dlp-login.log and will not be deleted
2026-01-24 23:10:23,646 HealthCheck                      Error    File in use F:\Program Files (x86)\Websense\Data Security\/./tomcat/logs/dlp\dlp-policies-import-export.log and will not be deleted
2026-01-24 23:10:23,648 HealthCheck                      Error    File in use F:\Program Files (x86)\Websense\Data Security\/./tomcat/logs/dlp\dlp-spring.log and will not be deleted
2026-01-24 23:10:23,649 HealthCheck                      Error    File in use F:\Program Files (x86)\Websense\Data Security\/./tomcat/logs/dlp\dlp-tomcat.log and will not be deleted
2026-01-24 23:10:23,650 HealthCheck                      Error    File in use F:\Program Files (x86)\Websense\Data Security\/./tomcat/logs/dlp\policy_update.log and will not be deleted
2026-01-24 23:10:23,652 HealthCheck                      Error    File in use F:\Program Files (x86)\Websense\Data Security\/./tomcat/logs/forensics\forensics-spring.log and will not be deleted
2026-01-24 23:10:23,653 HealthCheck                      Error    File in use F:\Program Files (x86)\Websense\Data Security\/./tomcat/logs/forensics\forensics-tomcat.log and will not be deleted
2026-01-24 23:10:23,654 HealthCheck                      Error    File in use F:\Program Files (x86)\Websense\Data Security\/./tomcat/logs/tomcat\all.log and will not be deleted
2026-01-24 23:10:23,657 HealthCheck                      Error    File in use F:\Program Files (x86)\Websense\Data Security\/./Data-Batch-Server/service-container/container/logs/dbs\ae.log and will not be deleted
2026-01-24 23:10:23,660 HealthCheck                      Error    File in use F:\Program Files (x86)\Websense\Data Security\/./Data-Batch-Server/service-container/container/logs/dbs\endpoint.log and will not be deleted
2026-01-24 23:10:23,661 HealthCheck                      Error    File in use F:\Program Files (x86)\Websense\Data Security\/./Data-Batch-Server/service-container/container/logs/dbs\events.log and will not be deleted
2026-01-24 23:10:23,663 HealthCheck                      Error    File in use F:\Program Files (x86)\Websense\Data Security\/./Data-Batch-Server/service-container/container/logs/dbs\hibernate.log and will not be deleted
2026-01-24 23:10:23,664 HealthCheck                      Error    File in use F:\Program Files (x86)\Websense\Data Security\/./Data-Batch-Server/service-container/container/logs/dbs\jetty.log and will not be deleted
2026-01-24 23:10:23,665 HealthCheck                      Error    File in use F:\Program Files (x86)\Websense\Data Security\/./Data-Batch-Server/service-container/container/logs/dbs\ldap.log and will not be deleted
2026-01-24 23:10:23,666 HealthCheck                      Error    File in use F:\Program Files (x86)\Websense\Data Security\/./Data-Batch-Server/service-container/container/logs/dbs\rap.log and will not be deleted
2026-01-24 23:10:23,667 HealthCheck                      Error    File in use F:\Program Files (x86)\Websense\Data Security\/./Data-Batch-Server/service-container/container/logs/dbs\spring.log and will not be deleted
2026-01-24 23:10:23,670 HealthCheck                      Error    File in use F:\Program Files (x86)\Websense\Data Security\/./Data-Batch-Server/service-container/container/logs/dbs\telemetry.log and will not be deleted
2026-01-24 23:10:23,671 HealthCheck                      Error    File in use F:\Program Files (x86)\Websense\Data Security\/./Data-Batch-Server/service-container/container/logs/rap-etl\rap-etl-all.log and will not be deleted
2026-01-24 23:10:23,673 HealthCheck                      Error    File in use F:\Program Files (x86)\Websense\Data Security\/./Data-Batch-Server/service-container/container/logs/service_logs\DSSBatchServer.2025-12-02.log and will not be deleted
2026-01-25 23:10:23,704 HealthCheck                      Error    File in use F:\Program Files (x86)\Websense\Data Security\/./Logs\Scripts_PE.log and will not be deleted
2026-01-25 23:10:23,708 HealthCheck                      Error    File in use F:\Program Files (x86)\Websense\Data Security\/./EPS_CAMEL/data/service_logs\epsconnector-stderr.2025-12-02.log and will not be deleted
2026-01-25 23:10:23,708 HealthCheck                      Error    File in use F:\Program Files (x86)\Websense\Data Security\/./EPS_CAMEL/data/service_logs\epsconnector-stdout.2025-12-02.log and will not be deleted
2026-01-25 23:10:23,712 HealthCheck                      Error    File in use F:\Program Files (x86)\Websense\Data Security\/./EPS_CAMEL/data/service_logs\EPSConnector.2025-12-02.log and will not be deleted
2026-01-25 23:10:23,714 HealthCheck                      Error    File in use F:\Program Files (x86)\Websense\Data Security\/./tomcat/logs/dlp\dlp-login.log and will not be deleted
2026-01-25 23:10:23,716 HealthCheck                      Error    File in use F:\Program Files (x86)\Websense\Data Security\/./tomcat/logs/dlp\dlp-policies-import-export.log and will not be deleted
2026-01-25 23:10:23,717 HealthCheck                      Error    File in use F:\Program Files (x86)\Websense\Data Security\/./tomcat/logs/dlp\dlp-spring.log and will not be deleted
2026-01-25 23:10:23,718 HealthCheck                      Error    File in use F:\Program Files (x86)\Websense\Data Security\/./tomcat/logs/dlp\dlp-tomcat.log and will not be deleted
2026-01-25 23:10:23,719 HealthCheck                      Error    File in use F:\Program Files (x86)\Websense\Data Security\/./tomcat/logs/dlp\policy_update.log and will not be deleted
2026-01-25 23:10:23,722 HealthCheck                      Error    File in use F:\Program Files (x86)\Websense\Data Security\/./tomcat/logs/forensics\forensics-spring.log and will not be deleted
2026-01-25 23:10:23,724 HealthCheck                      Error    File in use F:\Program Files (x86)\Websense\Data Security\/./tomcat/logs/forensics\forensics-tomcat.log and will not be deleted
2026-01-25 23:10:23,727 HealthCheck                      Error    File in use F:\Program Files (x86)\Websense\Data Security\/./tomcat/logs/tomcat\all.log and will not be deleted
2026-01-25 23:10:23,732 HealthCheck                      Error    File in use F:\Program Files (x86)\Websense\Data Security\/./Data-Batch-Server/service-container/container/logs/dbs\ae.log and will not be deleted
2026-01-25 23:10:23,738 HealthCheck                      Error    File in use F:\Program Files (x86)\Websense\Data Security\/./Data-Batch-Server/service-container/container/logs/dbs\endpoint.log and will not be deleted
2026-01-25 23:10:23,740 HealthCheck                      Error    File in use F:\Program Files (x86)\Websense\Data Security\/./Data-Batch-Server/service-container/container/logs/dbs\events.log and will not be deleted
2026-01-25 23:10:23,741 HealthCheck                      Error    File in use F:\Program Files (x86)\Websense\Data Security\/./Data-Batch-Server/service-container/container/logs/dbs\hibernate.log and will not be deleted
2026-01-25 23:10:23,744 HealthCheck                      Error    File in use F:\Program Files (x86)\Websense\Data Security\/./Data-Batch-Server/service-container/container/logs/dbs\jetty.log and will not be deleted
2026-01-25 23:10:23,746 HealthCheck                      Error    File in use F:\Program Files (x86)\Websense\Data Security\/./Data-Batch-Server/service-container/container/logs/dbs\ldap.log and will not be deleted
2026-01-25 23:10:23,747 HealthCheck                      Error    File in use F:\Program Files (x86)\Websense\Data Security\/./Data-Batch-Server/service-container/container/logs/dbs\rap.log and will not be deleted
2026-01-25 23:10:23,749 HealthCheck                      Error    File in use F:\Program Files (x86)\Websense\Data Security\/./Data-Batch-Server/service-container/container/logs/dbs\spring.log and will not be deleted
2026-01-25 23:10:23,751 HealthCheck                      Error    File in use F:\Program Files (x86)\Websense\Data Security\/./Data-Batch-Server/service-container/container/logs/dbs\telemetry.log and will not be deleted
2026-01-25 23:10:23,752 HealthCheck                      Error    File in use F:\Program Files (x86)\Websense\Data Security\/./Data-Batch-Server/service-container/container/logs/rap-etl\rap-etl-all.log and will not be deleted
2026-01-25 23:10:23,754 HealthCheck                      Error    File in use F:\Program Files (x86)\Websense\Data Security\/./Data-Batch-Server/service-container/container/logs/service_logs\DSSBatchServer.2025-12-02.log and will not be deleted
2026-01-26 23:10:24,106 HealthCheck                      Error    File in use F:\Program Files (x86)\Websense\Data Security\/./Logs\Scripts_PE.log and will not be deleted
2026-01-26 23:10:24,110 HealthCheck                      Error    File in use F:\Program Files (x86)\Websense\Data Security\/./EPS_CAMEL/data/service_logs\epsconnector-stderr.2025-12-02.log and will not be deleted
2026-01-26 23:10:24,111 HealthCheck                      Error    File in use F:\Program Files (x86)\Websense\Data Security\/./EPS_CAMEL/data/service_logs\epsconnector-stdout.2025-12-02.log and will not be deleted
2026-01-26 23:10:24,112 HealthCheck                      Error    File in use F:\Program Files (x86)\Websense\Data Security\/./EPS_CAMEL/data/service_logs\EPSConnector.2025-12-02.log and will not be deleted
2026-01-26 23:10:24,114 HealthCheck                      Error    File in use F:\Program Files (x86)\Websense\Data Security\/./tomcat/logs/dlp\dlp-login.log and will not be deleted
2026-01-26 23:10:24,116 HealthCheck                      Error    File in use F:\Program Files (x86)\Websense\Data Security\/./tomcat/logs/dlp\dlp-policies-import-export.log and will not be deleted
2026-01-26 23:10:24,117 HealthCheck                      Error    File in use F:\Program Files (x86)\Websense\Data Security\/./tomcat/logs/dlp\dlp-spring.log and will not be deleted
2026-01-26 23:10:24,118 HealthCheck                      Error    File in use F:\Program Files (x86)\Websense\Data Security\/./tomcat/logs/dlp\dlp-tomcat.log and will not be deleted
2026-01-26 23:10:24,119 HealthCheck                      Error    File in use F:\Program Files (x86)\Websense\Data Security\/./tomcat/logs/dlp\policy_update.log and will not be deleted
2026-01-26 23:10:24,121 HealthCheck                      Error    File in use F:\Program Files (x86)\Websense\Data Security\/./tomcat/logs/forensics\forensics-spring.log and will not be deleted
2026-01-26 23:10:24,122 HealthCheck                      Error    File in use F:\Program Files (x86)\Websense\Data Security\/./tomcat/logs/forensics\forensics-tomcat.log and will not be deleted
2026-01-26 23:10:24,123 HealthCheck                      Error    File in use F:\Program Files (x86)\Websense\Data Security\/./tomcat/logs/tomcat\all.log and will not be deleted
2026-01-26 23:10:24,125 HealthCheck                      Error    File in use F:\Program Files (x86)\Websense\Data Security\/./Data-Batch-Server/service-container/container/logs/dbs\ae.log and will not be deleted
2026-01-26 23:10:24,127 HealthCheck                      Error    File in use F:\Program Files (x86)\Websense\Data Security\/./Data-Batch-Server/service-container/container/logs/dbs\endpoint.log and will not be deleted
2026-01-26 23:10:24,128 HealthCheck                      Error    File in use F:\Program Files (x86)\Websense\Data Security\/./Data-Batch-Server/service-container/container/logs/dbs\events.log and will not be deleted
2026-01-26 23:10:24,129 HealthCheck                      Error    File in use F:\Program Files (x86)\Websense\Data Security\/./Data-Batch-Server/service-container/container/logs/dbs\hibernate.log and will not be deleted
2026-01-26 23:10:24,130 HealthCheck                      Error    File in use F:\Program Files (x86)\Websense\Data Security\/./Data-Batch-Server/service-container/container/logs/dbs\jetty.log and will not be deleted
2026-01-26 23:10:24,131 HealthCheck                      Error    File in use F:\Program Files (x86)\Websense\Data Security\/./Data-Batch-Server/service-container/container/logs/dbs\ldap.log and will not be deleted
2026-01-26 23:10:24,132 HealthCheck                      Error    File in use F:\Program Files (x86)\Websense\Data Security\/./Data-Batch-Server/service-container/container/logs/dbs\rap.log and will not be deleted
2026-01-26 23:10:24,133 HealthCheck                      Error    File in use F:\Program Files (x86)\Websense\Data Security\/./Data-Batch-Server/service-container/container/logs/dbs\spring.log and will not be deleted
2026-01-26 23:10:24,134 HealthCheck                      Error    File in use F:\Program Files (x86)\Websense\Data Security\/./Data-Batch-Server/service-container/container/logs/dbs\telemetry.log and will not be deleted
2026-01-26 23:10:24,135 HealthCheck                      Error    File in use F:\Program Files (x86)\Websense\Data Security\/./Data-Batch-Server/service-container/container/logs/rap-etl\rap-etl-all.log and will not be deleted
2026-01-26 23:10:24,136 HealthCheck                      Error    File in use F:\Program Files (x86)\Websense\Data Security\/./Data-Batch-Server/service-container/container/logs/service_logs\DSSBatchServer.2025-12-02.log and will not be deleted
2026-01-27 23:10:26,056 HealthCheck                      Error    File in use F:\Program Files (x86)\Websense\Data Security\/./Logs\Scripts_PE.log and will not be deleted
2026-01-27 23:10:26,062 HealthCheck                      Error    File in use F:\Program Files (x86)\Websense\Data Security\/./EPS_CAMEL/data/service_logs\epsconnector-stderr.2025-12-02.log and will not be deleted
2026-01-27 23:10:26,064 HealthCheck                      Error    File in use F:\Program Files (x86)\Websense\Data Security\/./EPS_CAMEL/data/service_logs\epsconnector-stdout.2025-12-02.log and will not be deleted
2026-01-27 23:10:26,065 HealthCheck                      Error    File in use F:\Program Files (x86)\Websense\Data Security\/./EPS_CAMEL/data/service_logs\EPSConnector.2025-12-02.log and will not be deleted
2026-01-27 23:10:26,068 HealthCheck                      Error    File in use F:\Program Files (x86)\Websense\Data Security\/./tomcat/logs/dlp\dlp-login.log and will not be deleted
2026-01-27 23:10:26,070 HealthCheck                      Error    File in use F:\Program Files (x86)\Websense\Data Security\/./tomcat/logs/dlp\dlp-policies-import-export.log and will not be deleted
2026-01-27 23:10:26,072 HealthCheck                      Error    File in use F:\Program Files (x86)\Websense\Data Security\/./tomcat/logs/dlp\dlp-spring.log and will not be deleted
2026-01-27 23:10:26,073 HealthCheck                      Error    File in use F:\Program Files (x86)\Websense\Data Security\/./tomcat/logs/dlp\dlp-tomcat.log and will not be deleted
2026-01-27 23:10:26,075 HealthCheck                      Error    File in use F:\Program Files (x86)\Websense\Data Security\/./tomcat/logs/dlp\policy_update.log and will not be deleted
2026-01-27 23:10:26,076 HealthCheck                      Error    File in use F:\Program Files (x86)\Websense\Data Security\/./tomcat/logs/forensics\forensics-spring.log and will not be deleted
2026-01-27 23:10:26,078 HealthCheck                      Error    File in use F:\Program Files (x86)\Websense\Data Security\/./tomcat/logs/forensics\forensics-tomcat.log and will not be deleted
2026-01-27 23:10:26,079 HealthCheck                      Error    File in use F:\Program Files (x86)\Websense\Data Security\/./tomcat/logs/tomcat\all.log and will not be deleted
2026-01-27 23:10:26,082 HealthCheck                      Error    File in use F:\Program Files (x86)\Websense\Data Security\/./Data-Batch-Server/service-container/container/logs/dbs\ae.log and will not be deleted
2026-01-27 23:10:26,084 HealthCheck                      Error    File in use F:\Program Files (x86)\Websense\Data Security\/./Data-Batch-Server/service-container/container/logs/dbs\endpoint.log and will not be deleted
2026-01-27 23:10:26,085 HealthCheck                      Error    File in use F:\Program Files (x86)\Websense\Data Security\/./Data-Batch-Server/service-container/container/logs/dbs\events.log and will not be deleted
2026-01-27 23:10:26,086 HealthCheck                      Error    File in use F:\Program Files (x86)\Websense\Data Security\/./Data-Batch-Server/service-container/container/logs/dbs\hibernate.log and will not be deleted
2026-01-27 23:10:26,087 HealthCheck                      Error    File in use F:\Program Files (x86)\Websense\Data Security\/./Data-Batch-Server/service-container/container/logs/dbs\jetty.log and will not be deleted
2026-01-27 23:10:26,088 HealthCheck                      Error    File in use F:\Program Files (x86)\Websense\Data Security\/./Data-Batch-Server/service-container/container/logs/dbs\ldap.log and will not be deleted
2026-01-27 23:10:26,090 HealthCheck                      Error    File in use F:\Program Files (x86)\Websense\Data Security\/./Data-Batch-Server/service-container/container/logs/dbs\rap.log and will not be deleted
2026-01-27 23:10:26,091 HealthCheck                      Error    File in use F:\Program Files (x86)\Websense\Data Security\/./Data-Batch-Server/service-container/container/logs/dbs\spring.log and will not be deleted
2026-01-27 23:10:26,092 HealthCheck                      Error    File in use F:\Program Files (x86)\Websense\Data Security\/./Data-Batch-Server/service-container/container/logs/dbs\telemetry.log and will not be deleted
2026-01-27 23:10:26,093 HealthCheck                      Error    File in use F:\Program Files (x86)\Websense\Data Security\/./Data-Batch-Server/service-container/container/logs/rap-etl\rap-etl-all.log and will not be deleted
2026-01-27 23:10:26,094 HealthCheck                      Error    File in use F:\Program Files (x86)\Websense\Data Security\/./Data-Batch-Server/service-container/container/logs/service_logs\DSSBatchServer.2025-12-02.log and will not be deleted
2026-01-28 23:10:23,370 HealthCheck                      Error    File in use F:\Program Files (x86)\Websense\Data Security\/./Logs\Scripts_PE.log and will not be deleted
2026-01-28 23:10:23,373 HealthCheck                      Error    File in use F:\Program Files (x86)\Websense\Data Security\/./EPS_CAMEL/data/service_logs\epsconnector-stderr.2025-12-02.log and will not be deleted
2026-01-28 23:10:23,374 HealthCheck                      Error    File in use F:\Program Files (x86)\Websense\Data Security\/./EPS_CAMEL/data/service_logs\epsconnector-stdout.2025-12-02.log and will not be deleted
2026-01-28 23:10:23,375 HealthCheck                      Error    File in use F:\Program Files (x86)\Websense\Data Security\/./EPS_CAMEL/data/service_logs\EPSConnector.2025-12-02.log and will not be deleted
2026-01-28 23:10:23,376 HealthCheck                      Error    File in use F:\Program Files (x86)\Websense\Data Security\/./tomcat/logs/dlp\dlp-login.log and will not be deleted
2026-01-28 23:10:23,377 HealthCheck                      Error    File in use F:\Program Files (x86)\Websense\Data Security\/./tomcat/logs/dlp\dlp-policies-import-export.log and will not be deleted
2026-01-28 23:10:23,379 HealthCheck                      Error    File in use F:\Program Files (x86)\Websense\Data Security\/./tomcat/logs/dlp\dlp-spring.log and will not be deleted
2026-01-28 23:10:23,379 HealthCheck                      Error    File in use F:\Program Files (x86)\Websense\Data Security\/./tomcat/logs/dlp\dlp-tomcat.log and will not be deleted
2026-01-28 23:10:23,380 HealthCheck                      Error    File in use F:\Program Files (x86)\Websense\Data Security\/./tomcat/logs/dlp\policy_update.log and will not be deleted
2026-01-28 23:10:23,381 HealthCheck                      Error    File in use F:\Program Files (x86)\Websense\Data Security\/./tomcat/logs/forensics\forensics-spring.log and will not be deleted
2026-01-28 23:10:23,382 HealthCheck                      Error    File in use F:\Program Files (x86)\Websense\Data Security\/./tomcat/logs/forensics\forensics-tomcat.log and will not be deleted
2026-01-28 23:10:23,383 HealthCheck                      Error    File in use F:\Program Files (x86)\Websense\Data Security\/./tomcat/logs/tomcat\all.log and will not be deleted
2026-01-28 23:10:23,385 HealthCheck                      Error    File in use F:\Program Files (x86)\Websense\Data Security\/./Data-Batch-Server/service-container/container/logs/dbs\ae.log and will not be deleted
2026-01-28 23:10:23,386 HealthCheck                      Error    File in use F:\Program Files (x86)\Websense\Data Security\/./Data-Batch-Server/service-container/container/logs/dbs\endpoint.log and will not be deleted
2026-01-28 23:10:23,387 HealthCheck                      Error    File in use F:\Program Files (x86)\Websense\Data Security\/./Data-Batch-Server/service-container/container/logs/dbs\events.log and will not be deleted
2026-01-28 23:10:23,389 HealthCheck                      Error    File in use F:\Program Files (x86)\Websense\Data Security\/./Data-Batch-Server/service-container/container/logs/dbs\hibernate.log and will not be deleted
2026-01-28 23:10:23,390 HealthCheck                      Error    File in use F:\Program Files (x86)\Websense\Data Security\/./Data-Batch-Server/service-container/container/logs/dbs\jetty.log and will not be deleted
2026-01-28 23:10:23,391 HealthCheck                      Error    File in use F:\Program Files (x86)\Websense\Data Security\/./Data-Batch-Server/service-container/container/logs/dbs\ldap.log and will not be deleted
2026-01-28 23:10:23,392 HealthCheck                      Error    File in use F:\Program Files (x86)\Websense\Data Security\/./Data-Batch-Server/service-container/container/logs/dbs\rap.log and will not be deleted
2026-01-28 23:10:23,393 HealthCheck                      Error    File in use F:\Program Files (x86)\Websense\Data Security\/./Data-Batch-Server/service-container/container/logs/dbs\spring.log and will not be deleted
2026-01-28 23:10:23,394 HealthCheck                      Error    File in use F:\Program Files (x86)\Websense\Data Security\/./Data-Batch-Server/service-container/container/logs/dbs\telemetry.log and will not be deleted
2026-01-28 23:10:23,395 HealthCheck                      Error    File in use F:\Program Files (x86)\Websense\Data Security\/./Data-Batch-Server/service-container/container/logs/rap-etl\rap-etl-all.log and will not be deleted
2026-01-28 23:10:23,396 HealthCheck                      Error    File in use F:\Program Files (x86)\Websense\Data Security\/./Data-Batch-Server/service-container/container/logs/service_logs\DSSBatchServer.2025-12-02.log and will not be deleted
2026-01-29 23:10:23,122 HealthCheck                      Error    File in use F:\Program Files (x86)\Websense\Data Security\/./Logs\Scripts_PE.log and will not be deleted
2026-01-29 23:10:23,126 HealthCheck                      Error    File in use F:\Program Files (x86)\Websense\Data Security\/./EPS_CAMEL/data/service_logs\epsconnector-stderr.2025-12-02.log and will not be deleted
2026-01-29 23:10:23,129 HealthCheck                      Error    File in use F:\Program Files (x86)\Websense\Data Security\/./EPS_CAMEL/data/service_logs\epsconnector-stdout.2025-12-02.log and will not be deleted
2026-01-29 23:10:23,132 HealthCheck                      Error    File in use F:\Program Files (x86)\Websense\Data Security\/./EPS_CAMEL/data/service_logs\EPSConnector.2025-12-02.log and will not be deleted
2026-01-29 23:10:23,136 HealthCheck                      Error    File in use F:\Program Files (x86)\Websense\Data Security\/./tomcat/logs/dlp\dlp-login.log and will not be deleted
2026-01-29 23:10:23,138 HealthCheck                      Error    File in use F:\Program Files (x86)\Websense\Data Security\/./tomcat/logs/dlp\dlp-policies-import-export.log and will not be deleted
2026-01-29 23:10:23,141 HealthCheck                      Error    File in use F:\Program Files (x86)\Websense\Data Security\/./tomcat/logs/dlp\dlp-spring.log and will not be deleted
2026-01-29 23:10:23,143 HealthCheck                      Error    File in use F:\Program Files (x86)\Websense\Data Security\/./tomcat/logs/dlp\dlp-tomcat.log and will not be deleted
2026-01-29 23:10:23,146 HealthCheck                      Error    File in use F:\Program Files (x86)\Websense\Data Security\/./tomcat/logs/dlp\policy_update.log and will not be deleted
2026-01-29 23:10:23,150 HealthCheck                      Error    File in use F:\Program Files (x86)\Websense\Data Security\/./tomcat/logs/forensics\forensics-spring.log and will not be deleted
2026-01-29 23:10:23,152 HealthCheck                      Error    File in use F:\Program Files (x86)\Websense\Data Security\/./tomcat/logs/forensics\forensics-tomcat.log and will not be deleted
2026-01-29 23:10:23,155 HealthCheck                      Error    File in use F:\Program Files (x86)\Websense\Data Security\/./tomcat/logs/tomcat\all.log and will not be deleted
2026-01-29 23:10:23,161 HealthCheck                      Error    File in use F:\Program Files (x86)\Websense\Data Security\/./Data-Batch-Server/service-container/container/logs/dbs\ae.log and will not be deleted
2026-01-29 23:10:23,167 HealthCheck                      Error    File in use F:\Program Files (x86)\Websense\Data Security\/./Data-Batch-Server/service-container/container/logs/dbs\endpoint.log and will not be deleted
2026-01-29 23:10:23,169 HealthCheck                      Error    File in use F:\Program Files (x86)\Websense\Data Security\/./Data-Batch-Server/service-container/container/logs/dbs\events.log and will not be deleted
2026-01-29 23:10:23,172 HealthCheck                      Error    File in use F:\Program Files (x86)\Websense\Data Security\/./Data-Batch-Server/service-container/container/logs/dbs\hibernate.log and will not be deleted
2026-01-29 23:10:23,174 HealthCheck                      Error    File in use F:\Program Files (x86)\Websense\Data Security\/./Data-Batch-Server/service-container/container/logs/dbs\jetty.log and will not be deleted
2026-01-29 23:10:23,177 HealthCheck                      Error    File in use F:\Program Files (x86)\Websense\Data Security\/./Data-Batch-Server/service-container/container/logs/dbs\ldap.log and will not be deleted
2026-01-29 23:10:23,179 HealthCheck                      Error    File in use F:\Program Files (x86)\Websense\Data Security\/./Data-Batch-Server/service-container/container/logs/dbs\rap.log and will not be deleted
2026-01-29 23:10:23,181 HealthCheck                      Error    File in use F:\Program Files (x86)\Websense\Data Security\/./Data-Batch-Server/service-container/container/logs/dbs\spring.log and will not be deleted
2026-01-29 23:10:23,182 HealthCheck                      Error    File in use F:\Program Files (x86)\Websense\Data Security\/./Data-Batch-Server/service-container/container/logs/dbs\telemetry.log and will not be deleted
2026-01-29 23:10:23,184 HealthCheck                      Error    File in use F:\Program Files (x86)\Websense\Data Security\/./Data-Batch-Server/service-container/container/logs/rap-etl\rap-etl-all.log and will not be deleted
2026-01-29 23:10:23,186 HealthCheck                      Error    File in use F:\Program Files (x86)\Websense\Data Security\/./Data-Batch-Server/service-container/container/logs/service_logs\DSSBatchServer.2025-12-02.log and will not be deleted
2026-01-30 23:10:22,462 HealthCheck                      Error    File in use F:\Program Files (x86)\Websense\Data Security\/./Logs\Scripts_PE.log and will not be deleted
2026-01-30 23:10:22,464 HealthCheck                      Error    File in use F:\Program Files (x86)\Websense\Data Security\/./EPS_CAMEL/data/service_logs\epsconnector-stderr.2025-12-02.log and will not be deleted
2026-01-30 23:10:22,465 HealthCheck                      Error    File in use F:\Program Files (x86)\Websense\Data Security\/./EPS_CAMEL/data/service_logs\epsconnector-stdout.2025-12-02.log and will not be deleted
2026-01-30 23:10:22,467 HealthCheck                      Error    File in use F:\Program Files (x86)\Websense\Data Security\/./EPS_CAMEL/data/service_logs\EPSConnector.2025-12-02.log and will not be deleted
2026-01-30 23:10:22,469 HealthCheck                      Error    File in use F:\Program Files (x86)\Websense\Data Security\/./tomcat/logs/dlp\dlp-login.log and will not be deleted
2026-01-30 23:10:22,470 HealthCheck                      Error    File in use F:\Program Files (x86)\Websense\Data Security\/./tomcat/logs/dlp\dlp-policies-import-export.log and will not be deleted
2026-01-30 23:10:22,472 HealthCheck                      Error    File in use F:\Program Files (x86)\Websense\Data Security\/./tomcat/logs/dlp\dlp-spring.log and will not be deleted
2026-01-30 23:10:22,473 HealthCheck                      Error    File in use F:\Program Files (x86)\Websense\Data Security\/./tomcat/logs/dlp\dlp-tomcat.log and will not be deleted
2026-01-30 23:10:22,474 HealthCheck                      Error    File in use F:\Program Files (x86)\Websense\Data Security\/./tomcat/logs/dlp\policy_update.log and will not be deleted
2026-01-30 23:10:22,478 HealthCheck                      Error    File in use F:\Program Files (x86)\Websense\Data Security\/./tomcat/logs/forensics\forensics-spring.log and will not be deleted
2026-01-30 23:10:22,479 HealthCheck                      Error    File in use F:\Program Files (x86)\Websense\Data Security\/./tomcat/logs/forensics\forensics-tomcat.log and will not be deleted
2026-01-30 23:10:22,482 HealthCheck                      Error    File in use F:\Program Files (x86)\Websense\Data Security\/./tomcat/logs/tomcat\all.log and will not be deleted
2026-01-30 23:10:22,484 HealthCheck                      Error    File in use F:\Program Files (x86)\Websense\Data Security\/./Data-Batch-Server/service-container/container/logs/dbs\ae.log and will not be deleted
2026-01-30 23:10:22,486 HealthCheck                      Error    File in use F:\Program Files (x86)\Websense\Data Security\/./Data-Batch-Server/service-container/container/logs/dbs\endpoint.log and will not be deleted
2026-01-30 23:10:22,487 HealthCheck                      Error    File in use F:\Program Files (x86)\Websense\Data Security\/./Data-Batch-Server/service-container/container/logs/dbs\events.log and will not be deleted
2026-01-30 23:10:22,488 HealthCheck                      Error    File in use F:\Program Files (x86)\Websense\Data Security\/./Data-Batch-Server/service-container/container/logs/dbs\hibernate.log and will not be deleted
2026-01-30 23:10:22,490 HealthCheck                      Error    File in use F:\Program Files (x86)\Websense\Data Security\/./Data-Batch-Server/service-container/container/logs/dbs\jetty.log and will not be deleted
2026-01-30 23:10:22,491 HealthCheck                      Error    File in use F:\Program Files (x86)\Websense\Data Security\/./Data-Batch-Server/service-container/container/logs/dbs\ldap.log and will not be deleted
2026-01-30 23:10:22,492 HealthCheck                      Error    File in use F:\Program Files (x86)\Websense\Data Security\/./Data-Batch-Server/service-container/container/logs/dbs\rap.log and will not be deleted
2026-01-30 23:10:22,493 HealthCheck                      Error    File in use F:\Program Files (x86)\Websense\Data Security\/./Data-Batch-Server/service-container/container/logs/dbs\spring.log and will not be deleted
2026-01-30 23:10:22,496 HealthCheck                      Error    File in use F:\Program Files (x86)\Websense\Data Security\/./Data-Batch-Server/service-container/container/logs/dbs\telemetry.log and will not be deleted
2026-01-30 23:10:22,498 HealthCheck                      Error    File in use F:\Program Files (x86)\Websense\Data Security\/./Data-Batch-Server/service-container/container/logs/rap-etl\rap-etl-all.log and will not be deleted
2026-01-30 23:10:22,499 HealthCheck                      Error    File in use F:\Program Files (x86)\Websense\Data Security\/./Data-Batch-Server/service-container/container/logs/service_logs\DSSBatchServer.2025-12-02.log and will not be deleted
2026-01-31 23:10:22,701 HealthCheck                      Error    File in use F:\Program Files (x86)\Websense\Data Security\/./Logs\Scripts_PE.log and will not be deleted
2026-01-31 23:10:22,703 HealthCheck                      Error    File in use F:\Program Files (x86)\Websense\Data Security\/./EPS_CAMEL/data/service_logs\epsconnector-stderr.2025-12-02.log and will not be deleted
2026-01-31 23:10:22,704 HealthCheck                      Error    File in use F:\Program Files (x86)\Websense\Data Security\/./EPS_CAMEL/data/service_logs\epsconnector-stdout.2025-12-02.log and will not be deleted
2026-01-31 23:10:22,705 HealthCheck                      Error    File in use F:\Program Files (x86)\Websense\Data Security\/./EPS_CAMEL/data/service_logs\EPSConnector.2025-12-02.log and will not be deleted
2026-01-31 23:10:22,707 HealthCheck                      Error    File in use F:\Program Files (x86)\Websense\Data Security\/./tomcat/logs/dlp\dlp-login.log and will not be deleted
2026-01-31 23:10:22,709 HealthCheck                      Error    File in use F:\Program Files (x86)\Websense\Data Security\/./tomcat/logs/dlp\dlp-policies-import-export.log and will not be deleted
2026-01-31 23:10:22,710 HealthCheck                      Error    File in use F:\Program Files (x86)\Websense\Data Security\/./tomcat/logs/dlp\dlp-spring.log and will not be deleted
2026-01-31 23:10:22,711 HealthCheck                      Error    File in use F:\Program Files (x86)\Websense\Data Security\/./tomcat/logs/dlp\dlp-tomcat.log and will not be deleted
2026-01-31 23:10:22,712 HealthCheck                      Error    File in use F:\Program Files (x86)\Websense\Data Security\/./tomcat/logs/dlp\policy_update.log and will not be deleted
2026-01-31 23:10:22,713 HealthCheck                      Error    File in use F:\Program Files (x86)\Websense\Data Security\/./tomcat/logs/forensics\forensics-spring.log and will not be deleted
2026-01-31 23:10:22,714 HealthCheck                      Error    File in use F:\Program Files (x86)\Websense\Data Security\/./tomcat/logs/forensics\forensics-tomcat.log and will not be deleted
2026-01-31 23:10:22,715 HealthCheck                      Error    File in use F:\Program Files (x86)\Websense\Data Security\/./tomcat/logs/tomcat\all.log and will not be deleted
2026-01-31 23:10:22,717 HealthCheck                      Error    File in use F:\Program Files (x86)\Websense\Data Security\/./Data-Batch-Server/service-container/container/logs/dbs\ae.log and will not be deleted
2026-01-31 23:10:22,719 HealthCheck                      Error    File in use F:\Program Files (x86)\Websense\Data Security\/./Data-Batch-Server/service-container/container/logs/dbs\endpoint.log and will not be deleted
2026-01-31 23:10:22,720 HealthCheck                      Error    File in use F:\Program Files (x86)\Websense\Data Security\/./Data-Batch-Server/service-container/container/logs/dbs\events.log and will not be deleted
2026-01-31 23:10:22,721 HealthCheck                      Error    File in use F:\Program Files (x86)\Websense\Data Security\/./Data-Batch-Server/service-container/container/logs/dbs\hibernate.log and will not be deleted
2026-01-31 23:10:22,724 HealthCheck                      Error    File in use F:\Program Files (x86)\Websense\Data Security\/./Data-Batch-Server/service-container/container/logs/dbs\jetty.log and will not be deleted
2026-01-31 23:10:22,725 HealthCheck                      Error    File in use F:\Program Files (x86)\Websense\Data Security\/./Data-Batch-Server/service-container/container/logs/dbs\ldap.log and will not be deleted
2026-01-31 23:10:22,726 HealthCheck                      Error    File in use F:\Program Files (x86)\Websense\Data Security\/./Data-Batch-Server/service-container/container/logs/dbs\rap.log and will not be deleted
2026-01-31 23:10:22,728 HealthCheck                      Error    File in use F:\Program Files (x86)\Websense\Data Security\/./Data-Batch-Server/service-container/container/logs/dbs\spring.log and will not be deleted
2026-01-31 23:10:22,729 HealthCheck                      Error    File in use F:\Program Files (x86)\Websense\Data Security\/./Data-Batch-Server/service-container/container/logs/dbs\telemetry.log and will not be deleted
2026-01-31 23:10:22,731 HealthCheck                      Error    File in use F:\Program Files (x86)\Websense\Data Security\/./Data-Batch-Server/service-container/container/logs/rap-etl\rap-etl-all.log and will not be deleted
2026-01-31 23:10:22,732 HealthCheck                      Error    File in use F:\Program Files (x86)\Websense\Data Security\/./Data-Batch-Server/service-container/container/logs/service_logs\DSSBatchServer.2025-12-02.log and will not be deleted
2026-02-01 23:10:25,914 HealthCheck                      Error    File in use F:\Program Files (x86)\Websense\Data Security\/./Logs\Scripts_PE.log and will not be deleted
2026-02-01 23:10:25,916 HealthCheck                      Error    File in use F:\Program Files (x86)\Websense\Data Security\/./EPS_CAMEL/data/service_logs\epsconnector-stderr.2025-12-02.log and will not be deleted
2026-02-01 23:10:25,917 HealthCheck                      Error    File in use F:\Program Files (x86)\Websense\Data Security\/./EPS_CAMEL/data/service_logs\epsconnector-stdout.2025-12-02.log and will not be deleted
2026-02-01 23:10:25,918 HealthCheck                      Error    File in use F:\Program Files (x86)\Websense\Data Security\/./EPS_CAMEL/data/service_logs\EPSConnector.2025-12-02.log and will not be deleted
2026-02-01 23:10:25,921 HealthCheck                      Error    File in use F:\Program Files (x86)\Websense\Data Security\/./tomcat/logs/dlp\dlp-login.log and will not be deleted
2026-02-01 23:10:25,922 HealthCheck                      Error    File in use F:\Program Files (x86)\Websense\Data Security\/./tomcat/logs/dlp\dlp-policies-import-export.log and will not be deleted
2026-02-01 23:10:25,923 HealthCheck                      Error    File in use F:\Program Files (x86)\Websense\Data Security\/./tomcat/logs/dlp\dlp-spring.log and will not be deleted
2026-02-01 23:10:25,924 HealthCheck                      Error    File in use F:\Program Files (x86)\Websense\Data Security\/./tomcat/logs/dlp\dlp-tomcat.log and will not be deleted
2026-02-01 23:10:25,925 HealthCheck                      Error    File in use F:\Program Files (x86)\Websense\Data Security\/./tomcat/logs/dlp\policy_update.log and will not be deleted
2026-02-01 23:10:25,926 HealthCheck                      Error    File in use F:\Program Files (x86)\Websense\Data Security\/./tomcat/logs/forensics\forensics-spring.log and will not be deleted
2026-02-01 23:10:25,927 HealthCheck                      Error    File in use F:\Program Files (x86)\Websense\Data Security\/./tomcat/logs/forensics\forensics-tomcat.log and will not be deleted
2026-02-01 23:10:25,928 HealthCheck                      Error    File in use F:\Program Files (x86)\Websense\Data Security\/./tomcat/logs/tomcat\all.log and will not be deleted
2026-02-01 23:10:25,930 HealthCheck                      Error    File in use F:\Program Files (x86)\Websense\Data Security\/./Data-Batch-Server/service-container/container/logs/dbs\ae.log and will not be deleted
2026-02-01 23:10:25,932 HealthCheck                      Error    File in use F:\Program Files (x86)\Websense\Data Security\/./Data-Batch-Server/service-container/container/logs/dbs\endpoint.log and will not be deleted
2026-02-01 23:10:25,933 HealthCheck                      Error    File in use F:\Program Files (x86)\Websense\Data Security\/./Data-Batch-Server/service-container/container/logs/dbs\events.log and will not be deleted
2026-02-01 23:10:25,934 HealthCheck                      Error    File in use F:\Program Files (x86)\Websense\Data Security\/./Data-Batch-Server/service-container/container/logs/dbs\hibernate.log and will not be deleted
2026-02-01 23:10:25,935 HealthCheck                      Error    File in use F:\Program Files (x86)\Websense\Data Security\/./Data-Batch-Server/service-container/container/logs/dbs\jetty.log and will not be deleted
2026-02-01 23:10:25,936 HealthCheck                      Error    File in use F:\Program Files (x86)\Websense\Data Security\/./Data-Batch-Server/service-container/container/logs/dbs\ldap.log and will not be deleted
2026-02-01 23:10:25,937 HealthCheck                      Error    File in use F:\Program Files (x86)\Websense\Data Security\/./Data-Batch-Server/service-container/container/logs/dbs\rap.log and will not be deleted
2026-02-01 23:10:25,938 HealthCheck                      Error    File in use F:\Program Files (x86)\Websense\Data Security\/./Data-Batch-Server/service-container/container/logs/dbs\spring.log and will not be deleted
2026-02-01 23:10:25,939 HealthCheck                      Error    File in use F:\Program Files (x86)\Websense\Data Security\/./Data-Batch-Server/service-container/container/logs/dbs\telemetry.log and will not be deleted
2026-02-01 23:10:25,939 HealthCheck                      Error    File in use F:\Program Files (x86)\Websense\Data Security\/./Data-Batch-Server/service-container/container/logs/rap-etl\rap-etl-all.log and will not be deleted
2026-02-01 23:10:25,940 HealthCheck                      Error    File in use F:\Program Files (x86)\Websense\Data Security\/./Data-Batch-Server/service-container/container/logs/service_logs\DSSBatchServer.2025-12-02.log and will not be deleted
2026-02-02 23:10:22,134 HealthCheck                      Error    File in use F:\Program Files (x86)\Websense\Data Security\/./Logs\Scripts_PE.log and will not be deleted
2026-02-02 23:10:22,138 HealthCheck                      Error    File in use F:\Program Files (x86)\Websense\Data Security\/./EPS_CAMEL/data/service_logs\epsconnector-stderr.2025-12-02.log and will not be deleted
2026-02-02 23:10:22,139 HealthCheck                      Error    File in use F:\Program Files (x86)\Websense\Data Security\/./EPS_CAMEL/data/service_logs\epsconnector-stdout.2025-12-02.log and will not be deleted
2026-02-02 23:10:22,140 HealthCheck                      Error    File in use F:\Program Files (x86)\Websense\Data Security\/./EPS_CAMEL/data/service_logs\EPSConnector.2025-12-02.log and will not be deleted
2026-02-02 23:10:22,142 HealthCheck                      Error    File in use F:\Program Files (x86)\Websense\Data Security\/./tomcat/logs/dlp\dlp-login.log and will not be deleted
2026-02-02 23:10:22,143 HealthCheck                      Error    File in use F:\Program Files (x86)\Websense\Data Security\/./tomcat/logs/dlp\dlp-policies-import-export.log and will not be deleted
2026-02-02 23:10:22,144 HealthCheck                      Error    File in use F:\Program Files (x86)\Websense\Data Security\/./tomcat/logs/dlp\dlp-spring.log and will not be deleted
2026-02-02 23:10:22,145 HealthCheck                      Error    File in use F:\Program Files (x86)\Websense\Data Security\/./tomcat/logs/dlp\dlp-tomcat.log and will not be deleted
2026-02-02 23:10:22,146 HealthCheck                      Error    File in use F:\Program Files (x86)\Websense\Data Security\/./tomcat/logs/dlp\policy_update.log and will not be deleted
2026-02-02 23:10:22,148 HealthCheck                      Error    File in use F:\Program Files (x86)\Websense\Data Security\/./tomcat/logs/forensics\forensics-spring.log and will not be deleted
2026-02-02 23:10:22,149 HealthCheck                      Error    File in use F:\Program Files (x86)\Websense\Data Security\/./tomcat/logs/forensics\forensics-tomcat.log and will not be deleted
2026-02-02 23:10:22,150 HealthCheck                      Error    File in use F:\Program Files (x86)\Websense\Data Security\/./tomcat/logs/tomcat\all.log and will not be deleted
2026-02-02 23:10:22,151 HealthCheck                      Error    File in use F:\Program Files (x86)\Websense\Data Security\/./Data-Batch-Server/service-container/container/logs/dbs\ae.log and will not be deleted
2026-02-02 23:10:22,153 HealthCheck                      Error    File in use F:\Program Files (x86)\Websense\Data Security\/./Data-Batch-Server/service-container/container/logs/dbs\endpoint.log and will not be deleted
2026-02-02 23:10:22,154 HealthCheck                      Error    File in use F:\Program Files (x86)\Websense\Data Security\/./Data-Batch-Server/service-container/container/logs/dbs\events.log and will not be deleted
2026-02-02 23:10:22,155 HealthCheck                      Error    File in use F:\Program Files (x86)\Websense\Data Security\/./Data-Batch-Server/service-container/container/logs/dbs\hibernate.log and will not be deleted
2026-02-02 23:10:22,156 HealthCheck                      Error    File in use F:\Program Files (x86)\Websense\Data Security\/./Data-Batch-Server/service-container/container/logs/dbs\jetty.log and will not be deleted
2026-02-02 23:10:22,158 HealthCheck                      Error    File in use F:\Program Files (x86)\Websense\Data Security\/./Data-Batch-Server/service-container/container/logs/dbs\ldap.log and will not be deleted
2026-02-02 23:10:22,159 HealthCheck                      Error    File in use F:\Program Files (x86)\Websense\Data Security\/./Data-Batch-Server/service-container/container/logs/dbs\rap.log and will not be deleted
2026-02-02 23:10:22,160 HealthCheck                      Error    File in use F:\Program Files (x86)\Websense\Data Security\/./Data-Batch-Server/service-container/container/logs/dbs\spring.log and will not be deleted
2026-02-02 23:10:22,161 HealthCheck                      Error    File in use F:\Program Files (x86)\Websense\Data Security\/./Data-Batch-Server/service-container/container/logs/dbs\telemetry.log and will not be deleted
2026-02-02 23:10:22,162 HealthCheck                      Error    File in use F:\Program Files (x86)\Websense\Data Security\/./Data-Batch-Server/service-container/container/logs/rap-etl\rap-etl-all.log and will not be deleted
2026-02-02 23:10:22,164 HealthCheck                      Error    File in use F:\Program Files (x86)\Websense\Data Security\/./Data-Batch-Server/service-container/container/logs/service_logs\DSSBatchServer.2025-12-02.log and will not be deleted
2026-02-03 23:10:26,483 HealthCheck                      Error    File in use F:\Program Files (x86)\Websense\Data Security\/./Logs\Scripts_PE.log and will not be deleted
2026-02-03 23:10:26,488 HealthCheck                      Error    File in use F:\Program Files (x86)\Websense\Data Security\/./EPS_CAMEL/data/service_logs\epsconnector-stderr.2025-12-02.log and will not be deleted
2026-02-03 23:10:26,490 HealthCheck                      Error    File in use F:\Program Files (x86)\Websense\Data Security\/./EPS_CAMEL/data/service_logs\epsconnector-stdout.2025-12-02.log and will not be deleted
2026-02-03 23:10:26,492 HealthCheck                      Error    File in use F:\Program Files (x86)\Websense\Data Security\/./EPS_CAMEL/data/service_logs\EPSConnector.2025-12-02.log and will not be deleted
2026-02-03 23:10:26,497 HealthCheck                      Error    File in use F:\Program Files (x86)\Websense\Data Security\/./tomcat/logs/dlp\dlp-login.log and will not be deleted
2026-02-03 23:10:26,500 HealthCheck                      Error    File in use F:\Program Files (x86)\Websense\Data Security\/./tomcat/logs/dlp\dlp-policies-import-export.log and will not be deleted
2026-02-03 23:10:26,502 HealthCheck                      Error    File in use F:\Program Files (x86)\Websense\Data Security\/./tomcat/logs/dlp\dlp-spring.log and will not be deleted
2026-02-03 23:10:26,504 HealthCheck                      Error    File in use F:\Program Files (x86)\Websense\Data Security\/./tomcat/logs/dlp\dlp-tomcat.log and will not be deleted
2026-02-03 23:10:26,506 HealthCheck                      Error    File in use F:\Program Files (x86)\Websense\Data Security\/./tomcat/logs/dlp\policy_update.log and will not be deleted
2026-02-03 23:10:26,510 HealthCheck                      Error    File in use F:\Program Files (x86)\Websense\Data Security\/./tomcat/logs/forensics\forensics-spring.log and will not be deleted
2026-02-03 23:10:26,512 HealthCheck                      Error    File in use F:\Program Files (x86)\Websense\Data Security\/./tomcat/logs/forensics\forensics-tomcat.log and will not be deleted
2026-02-03 23:10:26,515 HealthCheck                      Error    File in use F:\Program Files (x86)\Websense\Data Security\/./tomcat/logs/tomcat\all.log and will not be deleted
2026-02-03 23:10:26,518 HealthCheck                      Error    File in use F:\Program Files (x86)\Websense\Data Security\/./Data-Batch-Server/service-container/container/logs/dbs\ae.log and will not be deleted
2026-02-03 23:10:26,521 HealthCheck                      Error    File in use F:\Program Files (x86)\Websense\Data Security\/./Data-Batch-Server/service-container/container/logs/dbs\endpoint.log and will not be deleted
2026-02-03 23:10:26,523 HealthCheck                      Error    File in use F:\Program Files (x86)\Websense\Data Security\/./Data-Batch-Server/service-container/container/logs/dbs\events.log and will not be deleted
2026-02-03 23:10:26,524 HealthCheck                      Error    File in use F:\Program Files (x86)\Websense\Data Security\/./Data-Batch-Server/service-container/container/logs/dbs\hibernate.log and will not be deleted
2026-02-03 23:10:26,526 HealthCheck                      Error    File in use F:\Program Files (x86)\Websense\Data Security\/./Data-Batch-Server/service-container/container/logs/dbs\jetty.log and will not be deleted
2026-02-03 23:10:26,528 HealthCheck                      Error    File in use F:\Program Files (x86)\Websense\Data Security\/./Data-Batch-Server/service-container/container/logs/dbs\ldap.log and will not be deleted
2026-02-03 23:10:26,531 HealthCheck                      Error    File in use F:\Program Files (x86)\Websense\Data Security\/./Data-Batch-Server/service-container/container/logs/dbs\rap.log and will not be deleted
2026-02-03 23:10:26,532 HealthCheck                      Error    File in use F:\Program Files (x86)\Websense\Data Security\/./Data-Batch-Server/service-container/container/logs/dbs\spring.log and will not be deleted
2026-02-03 23:10:26,533 HealthCheck                      Error    File in use F:\Program Files (x86)\Websense\Data Security\/./Data-Batch-Server/service-container/container/logs/dbs\telemetry.log and will not be deleted
2026-02-03 23:10:26,535 HealthCheck                      Error    File in use F:\Program Files (x86)\Websense\Data Security\/./Data-Batch-Server/service-container/container/logs/rap-etl\rap-etl-all.log and will not be deleted
2026-02-03 23:10:26,536 HealthCheck                      Error    File in use F:\Program Files (x86)\Websense\Data Security\/./Data-Batch-Server/service-container/container/logs/service_logs\DSSBatchServer.2025-12-02.log and will not be deleted
2026-02-04 22:19:10,381 HealthCheck                      Error    FPR Test FPRRunDummyDetection Failed
2026-02-04 22:19:10,385 HealthCheck                      Error    FPRRunDummyDetection failed but counter is  [1<=4] so no action was taken
2026-02-04 22:24:12,818 HealthCheck                      Error    FPR Test FPRRunDummyDetection Failed
2026-02-04 22:24:12,820 HealthCheck                      Error    FPRRunDummyDetection failed but counter is  [1<=4] so no action was taken
2026-02-04 22:29:11,027 HealthCheck                      Error    FPR Test FPRRunDummyDetection Failed
2026-02-04 22:29:11,030 HealthCheck                      Error    FPRRunDummyDetection failed but counter is  [1<=4] so no action was taken
2026-02-04 22:34:09,503 HealthCheck                      Error    FPR Test FPRRunDummyDetection Failed
2026-02-04 22:34:09,507 HealthCheck                      Error    FPRRunDummyDetection failed but counter is  [1<=4] so no action was taken
2026-02-04 22:39:12,257 HealthCheck                      Error    FPR Test FPRRunDummyDetection Failed
2026-02-04 22:39:12,260 HealthCheck                      Error    FPRRunDummyDetection failed but counter is  [1<=4] so no action was taken
2026-02-04 22:44:11,463 HealthCheck                      Error    FPR Test FPRRunDummyDetection Failed
2026-02-04 22:44:11,465 HealthCheck                      Error    FPRRunDummyDetection failed but counter is  [1<=4] so no action was taken
2026-02-04 22:49:12,037 HealthCheck                      Error    FPR Test FPRRunDummyDetection Failed
2026-02-04 22:49:12,041 HealthCheck                      Error    FPRRunDummyDetection failed but counter is  [1<=4] so no action was taken
2026-02-04 22:54:10,472 HealthCheck                      Error    FPR Test FPRRunDummyDetection Failed
2026-02-04 22:54:10,475 HealthCheck                      Error    FPRRunDummyDetection failed but counter is  [1<=4] so no action was taken
2026-02-04 22:59:13,172 HealthCheck                      Error    FPR Test FPRRunDummyDetection Failed
2026-02-04 22:59:13,174 HealthCheck                      Error    FPRRunDummyDetection failed but counter is  [1<=4] so no action was taken
2026-02-04 23:04:10,334 HealthCheck                      Error    FPR Test FPRRunDummyDetection Failed
2026-02-04 23:04:10,337 HealthCheck                      Error    FPRRunDummyDetection failed but counter is  [1<=4] so no action was taken
2026-02-04 23:09:10,222 HealthCheck                      Error    FPR Test FPRRunDummyDetection Failed
2026-02-04 23:09:10,226 HealthCheck                      Error    FPRRunDummyDetection failed but counter is  [1<=4] so no action was taken
2026-02-04 23:10:20,275 HealthCheck                      Error    File in use F:\Program Files (x86)\Websense\Data Security\/./Logs\Scripts_PE.log and will not be deleted
2026-02-04 23:10:20,282 HealthCheck                      Error    File in use F:\Program Files (x86)\Websense\Data Security\/./EPS_CAMEL/data/service_logs\epsconnector-stderr.2025-12-02.log and will not be deleted
2026-02-04 23:10:20,283 HealthCheck                      Error    File in use F:\Program Files (x86)\Websense\Data Security\/./EPS_CAMEL/data/service_logs\epsconnector-stdout.2025-12-02.log and will not be deleted
2026-02-04 23:10:20,284 HealthCheck                      Error    File in use F:\Program Files (x86)\Websense\Data Security\/./EPS_CAMEL/data/service_logs\EPSConnector.2025-12-02.log and will not be deleted
2026-02-04 23:10:20,290 HealthCheck                      Error    File in use F:\Program Files (x86)\Websense\Data Security\/./tomcat/logs/dlp\dlp-login.log and will not be deleted
2026-02-04 23:10:20,295 HealthCheck                      Error    File in use F:\Program Files (x86)\Websense\Data Security\/./tomcat/logs/dlp\dlp-policies-import-export.log and will not be deleted
2026-02-04 23:10:20,300 HealthCheck                      Error    File in use F:\Program Files (x86)\Websense\Data Security\/./tomcat/logs/dlp\dlp-spring.log and will not be deleted
2026-02-04 23:10:20,302 HealthCheck                      Error    File in use F:\Program Files (x86)\Websense\Data Security\/./tomcat/logs/dlp\dlp-tomcat.log and will not be deleted
2026-02-04 23:10:20,305 HealthCheck                      Error    File in use F:\Program Files (x86)\Websense\Data Security\/./tomcat/logs/dlp\policy_update.log and will not be deleted
2026-02-04 23:10:20,309 HealthCheck                      Error    File in use F:\Program Files (x86)\Websense\Data Security\/./tomcat/logs/forensics\forensics-spring.log and will not be deleted
2026-02-04 23:10:20,311 HealthCheck                      Error    File in use F:\Program Files (x86)\Websense\Data Security\/./tomcat/logs/forensics\forensics-tomcat.log and will not be deleted
2026-02-04 23:10:20,313 HealthCheck                      Error    File in use F:\Program Files (x86)\Websense\Data Security\/./tomcat/logs/tomcat\all.log and will not be deleted
2026-02-04 23:10:20,318 HealthCheck                      Error    File in use F:\Program Files (x86)\Websense\Data Security\/./Data-Batch-Server/service-container/container/logs/dbs\ae.log and will not be deleted
2026-02-04 23:10:20,321 HealthCheck                      Error    File in use F:\Program Files (x86)\Websense\Data Security\/./Data-Batch-Server/service-container/container/logs/dbs\endpoint.log and will not be deleted
2026-02-04 23:10:20,323 HealthCheck                      Error    File in use F:\Program Files (x86)\Websense\Data Security\/./Data-Batch-Server/service-container/container/logs/dbs\events.log and will not be deleted
2026-02-04 23:10:20,325 HealthCheck                      Error    File in use F:\Program Files (x86)\Websense\Data Security\/./Data-Batch-Server/service-container/container/logs/dbs\hibernate.log and will not be deleted
2026-02-04 23:10:20,326 HealthCheck                      Error    File in use F:\Program Files (x86)\Websense\Data Security\/./Data-Batch-Server/service-container/container/logs/dbs\jetty.log and will not be deleted
2026-02-04 23:10:20,328 HealthCheck                      Error    File in use F:\Program Files (x86)\Websense\Data Security\/./Data-Batch-Server/service-container/container/logs/dbs\ldap.log and will not be deleted
2026-02-04 23:10:20,330 HealthCheck                      Error    File in use F:\Program Files (x86)\Websense\Data Security\/./Data-Batch-Server/service-container/container/logs/dbs\rap.log and will not be deleted
2026-02-04 23:10:20,331 HealthCheck                      Error    File in use F:\Program Files (x86)\Websense\Data Security\/./Data-Batch-Server/service-container/container/logs/dbs\spring.log and will not be deleted
2026-02-04 23:10:20,335 HealthCheck                      Error    File in use F:\Program Files (x86)\Websense\Data Security\/./Data-Batch-Server/service-container/container/logs/dbs\telemetry.log and will not be deleted
2026-02-04 23:10:20,337 HealthCheck                      Error    File in use F:\Program Files (x86)\Websense\Data Security\/./Data-Batch-Server/service-container/container/logs/rap-etl\rap-etl-all.log and will not be deleted
2026-02-04 23:10:20,338 HealthCheck                      Error    File in use F:\Program Files (x86)\Websense\Data Security\/./Data-Batch-Server/service-container/container/logs/service_logs\DSSBatchServer.2025-12-02.log and will not be deleted
2026-02-04 23:14:09,505 HealthCheck                      Error    FPR Test FPRRunDummyDetection Failed
2026-02-04 23:14:09,508 HealthCheck                      Error    FPRRunDummyDetection failed but counter is  [1<=4] so no action was taken
2026-02-04 23:19:10,617 HealthCheck                      Error    FPR Test FPRRunDummyDetection Failed
2026-02-04 23:19:10,620 HealthCheck                      Error    FPRRunDummyDetection failed but counter is  [1<=4] so no action was taken
2026-02-04 23:24:09,891 HealthCheck                      Error    FPR Test FPRRunDummyDetection Failed
2026-02-04 23:24:09,894 HealthCheck                      Error    FPRRunDummyDetection failed but counter is  [1<=4] so no action was taken
2026-02-04 23:29:10,799 HealthCheck                      Error    FPR Test FPRRunDummyDetection Failed
2026-02-04 23:29:10,803 HealthCheck                      Error    FPRRunDummyDetection failed but counter is  [1<=4] so no action was taken
2026-02-04 23:34:09,439 HealthCheck                      Error    FPR Test FPRRunDummyDetection Failed
2026-02-04 23:34:09,441 HealthCheck                      Error    FPRRunDummyDetection failed but counter is  [1<=4] so no action was taken
2026-02-04 23:39:11,898 HealthCheck                      Error    FPR Test FPRRunDummyDetection Failed
2026-02-04 23:39:11,900 HealthCheck                      Error    FPRRunDummyDetection failed but counter is  [1<=4] so no action was taken
2026-02-04 23:44:10,904 HealthCheck                      Error    FPR Test FPRRunDummyDetection Failed
2026-02-04 23:44:10,905 HealthCheck                      Error    FPRRunDummyDetection failed but counter is  [1<=4] so no action was taken
2026-02-04 23:49:11,552 HealthCheck                      Error    FPR Test FPRRunDummyDetection Failed
2026-02-04 23:49:11,555 HealthCheck                      Error    FPRRunDummyDetection failed but counter is  [1<=4] so no action was taken
2026-02-04 23:54:11,170 HealthCheck                      Error    FPR Test FPRRunDummyDetection Failed
2026-02-04 23:54:11,173 HealthCheck                      Error    FPRRunDummyDetection failed but counter is  [1<=4] so no action was taken
2026-02-04 23:59:11,567 HealthCheck                      Error    FPR Test FPRRunDummyDetection Failed
2026-02-04 23:59:11,569 HealthCheck                      Error    FPRRunDummyDetection failed but counter is  [1<=4] so no action was taken
2026-02-05 00:04:10,081 HealthCheck                      Error    FPR Test FPRRunDummyDetection Failed
2026-02-05 00:04:10,083 HealthCheck                      Error    FPRRunDummyDetection failed but counter is  [1<=4] so no action was taken
2026-02-05 00:09:10,413 HealthCheck                      Error    FPR Test FPRRunDummyDetection Failed
2026-02-05 00:09:10,415 HealthCheck                      Error    FPRRunDummyDetection failed but counter is  [1<=4] so no action was taken
2026-02-05 00:14:09,981 HealthCheck                      Error    FPR Test FPRRunDummyDetection Failed
2026-02-05 00:14:09,983 HealthCheck                      Error    FPRRunDummyDetection failed but counter is  [1<=4] so no action was taken
2026-02-05 00:19:10,468 HealthCheck                      Error    FPR Test FPRRunDummyDetection Failed
2026-02-05 00:19:10,470 HealthCheck                      Error    FPRRunDummyDetection failed but counter is  [1<=4] so no action was taken
2026-02-05 00:24:12,608 HealthCheck                      Error    FPR Test FPRRunDummyDetection Failed
2026-02-05 00:24:12,611 HealthCheck                      Error    FPRRunDummyDetection failed but counter is  [1<=4] so no action was taken
2026-02-05 00:29:10,404 HealthCheck                      Error    FPR Test FPRRunDummyDetection Failed
2026-02-05 00:29:10,406 HealthCheck                      Error    FPRRunDummyDetection failed but counter is  [1<=4] so no action was taken
2026-02-05 00:34:10,002 HealthCheck                      Error    FPR Test FPRRunDummyDetection Failed
2026-02-05 00:34:10,005 HealthCheck                      Error    FPRRunDummyDetection failed but counter is  [1<=4] so no action was taken
2026-02-05 00:39:10,979 HealthCheck                      Error    FPR Test FPRRunDummyDetection Failed
2026-02-05 00:39:10,981 HealthCheck                      Error    FPRRunDummyDetection failed but counter is  [1<=4] so no action was taken
2026-02-05 00:44:11,161 HealthCheck                      Error    FPR Test FPRRunDummyDetection Failed
2026-02-05 00:44:11,163 HealthCheck                      Error    FPRRunDummyDetection failed but counter is  [1<=4] so no action was taken
2026-02-05 00:49:11,656 HealthCheck                      Error    FPR Test FPRRunDummyDetection Failed
2026-02-05 00:49:11,660 HealthCheck                      Error    FPRRunDummyDetection failed but counter is  [1<=4] so no action was taken
2026-02-05 00:54:11,310 HealthCheck                      Error    FPR Test FPRRunDummyDetection Failed
2026-02-05 00:54:11,313 HealthCheck                      Error    FPRRunDummyDetection failed but counter is  [1<=4] so no action was taken
2026-02-05 00:59:14,774 HealthCheck                      Error    FPR Test FPRRunDummyDetection Failed
2026-02-05 00:59:14,777 HealthCheck                      Error    FPRRunDummyDetection failed but counter is  [1<=4] so no action was taken
2026-02-05 01:04:10,487 HealthCheck                      Error    FPR Test FPRRunDummyDetection Failed
2026-02-05 01:04:10,490 HealthCheck                      Error    FPRRunDummyDetection failed but counter is  [1<=4] so no action was taken
2026-02-05 01:09:11,433 HealthCheck                      Error    FPR Test FPRRunDummyDetection Failed
2026-02-05 01:09:11,435 HealthCheck                      Error    FPRRunDummyDetection failed but counter is  [1<=4] so no action was taken
2026-02-05 01:14:10,576 HealthCheck                      Error    FPR Test FPRRunDummyDetection Failed
2026-02-05 01:14:10,579 HealthCheck                      Error    FPRRunDummyDetection failed but counter is  [1<=4] so no action was taken
2026-02-05 01:19:10,819 HealthCheck                      Error    FPR Test FPRRunDummyDetection Failed
2026-02-05 01:19:10,822 HealthCheck                      Error    FPRRunDummyDetection failed but counter is  [1<=4] so no action was taken
2026-02-05 01:24:09,887 HealthCheck                      Error    FPR Test FPRRunDummyDetection Failed
2026-02-05 01:24:09,889 HealthCheck                      Error    FPRRunDummyDetection failed but counter is  [1<=4] so no action was taken
2026-02-05 01:29:10,951 HealthCheck                      Error    FPR Test FPRRunDummyDetection Failed
2026-02-05 01:29:10,954 HealthCheck                      Error    FPRRunDummyDetection failed but counter is  [1<=4] so no action was taken
2026-02-05 01:34:09,915 HealthCheck                      Error    FPR Test FPRRunDummyDetection Failed
2026-02-05 01:34:09,918 HealthCheck                      Error    FPRRunDummyDetection failed but counter is  [1<=4] so no action was taken
2026-02-05 01:39:10,995 HealthCheck                      Error    FPR Test FPRRunDummyDetection Failed
2026-02-05 01:39:10,997 HealthCheck                      Error    FPRRunDummyDetection failed but counter is  [1<=4] so no action was taken
2026-02-05 01:44:10,399 HealthCheck                      Error    FPR Test FPRRunDummyDetection Failed
2026-02-05 01:44:10,402 HealthCheck                      Error    FPRRunDummyDetection failed but counter is  [1<=4] so no action was taken
2026-02-05 01:49:11,190 HealthCheck                      Error    FPR Test FPRRunDummyDetection Failed
2026-02-05 01:49:11,193 HealthCheck                      Error    FPRRunDummyDetection failed but counter is  [1<=4] so no action was taken
2026-02-05 01:54:11,377 HealthCheck                      Error    FPR Test FPRRunDummyDetection Failed
2026-02-05 01:54:11,380 HealthCheck                      Error    FPRRunDummyDetection failed but counter is  [1<=4] so no action was taken
2026-02-05 01:59:11,835 HealthCheck                      Error    FPR Test FPRRunDummyDetection Failed
2026-02-05 01:59:11,838 HealthCheck                      Error    FPRRunDummyDetection failed but counter is  [1<=4] so no action was taken
2026-02-05 02:04:11,113 HealthCheck                      Error    FPR Test FPRRunDummyDetection Failed
2026-02-05 02:04:11,117 HealthCheck                      Error    FPRRunDummyDetection failed but counter is  [1<=4] so no action was taken
2026-02-05 02:09:11,968 HealthCheck                      Error    FPR Test FPRRunDummyDetection Failed
2026-02-05 02:09:11,971 HealthCheck                      Error    FPRRunDummyDetection failed but counter is  [1<=4] so no action was taken
2026-02-05 02:14:11,338 HealthCheck                      Error    FPR Test FPRRunDummyDetection Failed
2026-02-05 02:14:11,341 HealthCheck                      Error    FPRRunDummyDetection failed but counter is  [1<=4] so no action was taken
2026-02-05 02:19:11,470 HealthCheck                      Error    FPR Test FPRRunDummyDetection Failed
2026-02-05 02:19:11,472 HealthCheck                      Error    FPRRunDummyDetection failed but counter is  [1<=4] so no action was taken
2026-02-05 02:24:13,353 HealthCheck                      Error    FPR Test FPRRunDummyDetection Failed
2026-02-05 02:24:13,356 HealthCheck                      Error    FPRRunDummyDetection failed but counter is  [1<=4] so no action was taken
2026-02-05 02:29:10,443 HealthCheck                      Error    FPR Test FPRRunDummyDetection Failed
2026-02-05 02:29:10,446 HealthCheck                      Error    FPRRunDummyDetection failed but counter is  [1<=4] so no action was taken
2026-02-05 02:34:10,030 HealthCheck                      Error    FPR Test FPRRunDummyDetection Failed
2026-02-05 02:34:10,033 HealthCheck                      Error    FPRRunDummyDetection failed but counter is  [1<=4] so no action was taken
2026-02-05 02:39:10,975 HealthCheck                      Error    FPR Test FPRRunDummyDetection Failed
2026-02-05 02:39:10,978 HealthCheck                      Error    FPRRunDummyDetection failed but counter is  [1<=4] so no action was taken
2026-02-05 02:44:10,342 HealthCheck                      Error    FPR Test FPRRunDummyDetection Failed
2026-02-05 02:44:10,345 HealthCheck                      Error    FPRRunDummyDetection failed but counter is  [1<=4] so no action was taken
2026-02-05 02:49:11,047 HealthCheck                      Error    FPR Test FPRRunDummyDetection Failed
2026-02-05 02:49:11,049 HealthCheck                      Error    FPRRunDummyDetection failed but counter is  [1<=4] so no action was taken
2026-02-05 02:54:11,409 HealthCheck                      Error    FPR Test FPRRunDummyDetection Failed
2026-02-05 02:54:11,412 HealthCheck                      Error    FPRRunDummyDetection failed but counter is  [1<=4] so no action was taken
2026-02-05 02:59:14,764 HealthCheck                      Error    FPR Test FPRRunDummyDetection Failed
2026-02-05 02:59:14,768 HealthCheck                      Error    FPRRunDummyDetection failed but counter is  [1<=4] so no action was taken
2026-02-05 03:04:11,287 HealthCheck                      Error    FPR Test FPRRunDummyDetection Failed
2026-02-05 03:04:11,290 HealthCheck                      Error    FPRRunDummyDetection failed but counter is  [1<=4] so no action was taken
2026-02-05 03:09:11,425 HealthCheck                      Error    FPR Test FPRRunDummyDetection Failed
2026-02-05 03:09:11,429 HealthCheck                      Error    FPRRunDummyDetection failed but counter is  [1<=4] so no action was taken
2026-02-05 03:14:11,259 HealthCheck                      Error    FPR Test FPRRunDummyDetection Failed
2026-02-05 03:14:11,262 HealthCheck                      Error    FPRRunDummyDetection failed but counter is  [1<=4] so no action was taken
2026-02-05 03:19:11,190 HealthCheck                      Error    FPR Test FPRRunDummyDetection Failed
2026-02-05 03:19:11,193 HealthCheck                      Error    FPRRunDummyDetection failed but counter is  [1<=4] so no action was taken
2026-02-05 03:24:10,124 HealthCheck                      Error    FPR Test FPRRunDummyDetection Failed
2026-02-05 03:24:10,126 HealthCheck                      Error    FPRRunDummyDetection failed but counter is  [1<=4] so no action was taken
2026-02-05 03:29:10,614 HealthCheck                      Error    FPR Test FPRRunDummyDetection Failed
2026-02-05 03:29:10,617 HealthCheck                      Error    FPRRunDummyDetection failed but counter is  [1<=4] so no action was taken
2026-02-05 03:34:09,795 HealthCheck                      Error    FPR Test FPRRunDummyDetection Failed
2026-02-05 03:34:09,798 HealthCheck                      Error    FPRRunDummyDetection failed but counter is  [1<=4] so no action was taken
2026-02-05 03:39:10,987 HealthCheck                      Error    FPR Test FPRRunDummyDetection Failed
2026-02-05 03:39:10,990 HealthCheck                      Error    FPRRunDummyDetection failed but counter is  [1<=4] so no action was taken
2026-02-05 03:44:10,518 HealthCheck                      Error    FPR Test FPRRunDummyDetection Failed
2026-02-05 03:44:10,520 HealthCheck                      Error    FPRRunDummyDetection failed but counter is  [1<=4] so no action was taken
2026-02-05 03:45:12,225 HealthCheck                      Error    Failed sending DummyDetection Request
2026-02-05 03:45:12,227 HealthCheck                      Error    FPR Test FPRRunDummyDetection Failed
2026-02-05 03:45:12,229 HealthCheck                      Error    FPRRunDummyDetection failed but counter is  [1<=4] so no action was taken
2026-02-05 03:50:11,826 HealthCheck                      Error    Failed sending DummyDetection Request
2026-02-05 03:50:11,827 HealthCheck                      Error    FPR Test FPRRunDummyDetection Failed
2026-02-05 03:50:11,828 HealthCheck                      Error    FPRRunDummyDetection failed but counter is  [2<=4] so no action was taken
2026-02-05 03:55:13,162 HealthCheck                      Error    Failed sending DummyDetection Request
2026-02-05 03:55:13,163 HealthCheck                      Error    FPR Test FPRRunDummyDetection Failed
2026-02-05 03:55:13,164 HealthCheck                      Error    FPRRunDummyDetection failed but counter is  [3<=4] so no action was taken
2026-02-05 04:00:12,514 HealthCheck                      Error    Failed sending DummyDetection Request
2026-02-05 04:00:12,517 HealthCheck                      Error    FPR Test FPRRunDummyDetection Failed
2026-02-05 04:00:12,519 HealthCheck                      Error    FPRRunDummyDetection failed but counter is  [4<=4] so no action was taken
2026-02-05 04:05:12,196 HealthCheck                      Error    Failed sending DummyDetection Request
2026-02-05 04:05:12,197 HealthCheck                      Error    FPR Test FPRRunDummyDetection Failed
2026-02-05 04:05:12,202 HealthCheck                      Error    Stopping process: PAFPREP
2026-02-05 04:05:15,007 Utils.SystemLogging              Error    [Th:Thread-3 (CheckDetection)] Posting error to system Log
2026-02-05 04:05:15,009 Utils.SystemLogging              Error    [Th:Thread-3 (CheckDetection)] Posted error to system Log
2026-02-05 04:05:26,273 HealthCheck                      Error    There are processes holding port 17505 that will be killed: [17432]
2026-02-05 04:05:26,618 HealthCheck                      Error    killing process  with ID 17432
2026-02-05 04:05:32,720 HealthCheck                      Error    There are processes holding port 17505 that will be killed: [17432]
2026-02-05 04:05:33,092 HealthCheck                      Error    killing process  with ID 17432
2026-02-05 04:05:39,668 HealthCheck                      Error    There are processes holding port 17505 that will be killed: [17432]
2026-02-05 04:05:40,039 HealthCheck                      Error    killing process  with ID 17432
2026-02-05 04:05:43,179 Utils.SystemLogging              Error    [Th:Thread-3 (CheckDetection)] Posting error to system Log
2026-02-05 04:05:43,181 Utils.SystemLogging              Error    [Th:Thread-3 (CheckDetection)] Posted error to system Log
2026-02-05 04:05:46,703 HealthCheck                      Error    There are processes holding port 17505 that will be killed: [17432]
2026-02-05 04:05:46,990 HealthCheck                      Error    killing process  with ID 17432
2026-02-05 04:05:53,210 HealthCheck                      Error    There are processes holding port 17505 that will be killed: [17432]
2026-02-05 04:05:53,531 HealthCheck                      Error    killing process  with ID 17432
2026-02-05 04:06:00,042 HealthCheck                      Error    There are processes holding port 17505 that will be killed: [17432]
2026-02-05 04:06:00,408 HealthCheck                      Error    killing process  with ID 17432
2026-02-05 04:06:07,577 HealthCheck                      Error    There are processes holding port 17505 that will be killed: [17432]
2026-02-05 04:06:07,982 HealthCheck                      Error    killing process  with ID 17432
2026-02-05 04:06:15,178 HealthCheck                      Error    There are processes holding port 17505 that will be killed: [17432]
2026-02-05 04:06:15,536 HealthCheck                      Error    killing process  with ID 17432
2026-02-05 04:06:22,842 HealthCheck                      Error    There are processes holding port 17505 that will be killed: [17432]
2026-02-05 04:06:23,252 HealthCheck                      Error    killing process  with ID 17432
2026-02-05 04:06:29,774 HealthCheck                      Error    There are processes holding port 17505 that will be killed: [17432]
2026-02-05 04:06:30,057 HealthCheck                      Error    killing process  with ID 17432
2026-02-05 23:10:23,053 HealthCheck                      Error    File in use F:\Program Files (x86)\Websense\Data Security\/./Logs\Scripts_PE.log and will not be deleted
2026-02-05 23:10:23,068 HealthCheck                      Error    File in use F:\Program Files (x86)\Websense\Data Security\/./EPS_CAMEL/data/service_logs\epsconnector-stderr.2025-12-02.log and will not be deleted
2026-02-05 23:10:23,068 HealthCheck                      Error    File in use F:\Program Files (x86)\Websense\Data Security\/./EPS_CAMEL/data/service_logs\epsconnector-stdout.2025-12-02.log and will not be deleted
2026-02-05 23:10:23,068 HealthCheck                      Error    File in use F:\Program Files (x86)\Websense\Data Security\/./EPS_CAMEL/data/service_logs\EPSConnector.2025-12-02.log and will not be deleted
2026-02-05 23:10:23,068 HealthCheck                      Error    File in use F:\Program Files (x86)\Websense\Data Security\/./tomcat/logs/dlp\dlp-login.log and will not be deleted
2026-02-05 23:10:23,068 HealthCheck                      Error    File in use F:\Program Files (x86)\Websense\Data Security\/./tomcat/logs/dlp\dlp-policies-import-export.log and will not be deleted
2026-02-05 23:10:23,068 HealthCheck                      Error    File in use F:\Program Files (x86)\Websense\Data Security\/./tomcat/logs/dlp\dlp-spring.log and will not be deleted
2026-02-05 23:10:23,068 HealthCheck                      Error    File in use F:\Program Files (x86)\Websense\Data Security\/./tomcat/logs/dlp\dlp-tomcat.log and will not be deleted
2026-02-05 23:10:23,068 HealthCheck                      Error    File in use F:\Program Files (x86)\Websense\Data Security\/./tomcat/logs/dlp\policy_update.log and will not be deleted
2026-02-05 23:10:23,084 HealthCheck                      Error    File in use F:\Program Files (x86)\Websense\Data Security\/./tomcat/logs/forensics\forensics-spring.log and will not be deleted
2026-02-05 23:10:23,084 HealthCheck                      Error    File in use F:\Program Files (x86)\Websense\Data Security\/./tomcat/logs/forensics\forensics-tomcat.log and will not be deleted
2026-02-05 23:10:23,084 HealthCheck                      Error    File in use F:\Program Files (x86)\Websense\Data Security\/./tomcat/logs/tomcat\all.log and will not be deleted
2026-02-05 23:10:23,084 HealthCheck                      Error    File in use F:\Program Files (x86)\Websense\Data Security\/./Data-Batch-Server/service-container/container/logs/dbs\ae.log and will not be deleted
2026-02-05 23:10:23,084 HealthCheck                      Error    File in use F:\Program Files (x86)\Websense\Data Security\/./Data-Batch-Server/service-container/container/logs/dbs\endpoint.log and will not be deleted
2026-02-05 23:10:23,084 HealthCheck                      Error    File in use F:\Program Files (x86)\Websense\Data Security\/./Data-Batch-Server/service-container/container/logs/dbs\events.log and will not be deleted
2026-02-05 23:10:23,084 HealthCheck                      Error    File in use F:\Program Files (x86)\Websense\Data Security\/./Data-Batch-Server/service-container/container/logs/dbs\hibernate.log and will not be deleted
2026-02-05 23:10:23,084 HealthCheck                      Error    File in use F:\Program Files (x86)\Websense\Data Security\/./Data-Batch-Server/service-container/container/logs/dbs\jetty.log and will not be deleted
2026-02-05 23:10:23,084 HealthCheck                      Error    File in use F:\Program Files (x86)\Websense\Data Security\/./Data-Batch-Server/service-container/container/logs/dbs\ldap.log and will not be deleted
2026-02-05 23:10:23,084 HealthCheck                      Error    File in use F:\Program Files (x86)\Websense\Data Security\/./Data-Batch-Server/service-container/container/logs/dbs\rap.log and will not be deleted
2026-02-05 23:10:23,084 HealthCheck                      Error    File in use F:\Program Files (x86)\Websense\Data Security\/./Data-Batch-Server/service-container/container/logs/dbs\spring.log and will not be deleted
2026-02-05 23:10:23,084 HealthCheck                      Error    File in use F:\Program Files (x86)\Websense\Data Security\/./Data-Batch-Server/service-container/container/logs/dbs\telemetry.log and will not be deleted
2026-02-05 23:10:23,084 HealthCheck                      Error    File in use F:\Program Files (x86)\Websense\Data Security\/./Data-Batch-Server/service-container/container/logs/rap-etl\rap-etl-all.log and will not be deleted
2026-02-05 23:10:23,100 HealthCheck                      Error    File in use F:\Program Files (x86)\Websense\Data Security\/./Data-Batch-Server/service-container/container/logs/service_logs\DSSBatchServer.2025-12-02.log and will not be deleted
2026-02-06 23:10:23,142 HealthCheck                      Error    File in use F:\Program Files (x86)\Websense\Data Security\/./Logs\Scripts_PE.log and will not be deleted
2026-02-06 23:10:23,148 HealthCheck                      Error    File in use F:\Program Files (x86)\Websense\Data Security\/./EPS_CAMEL/data/service_logs\epsconnector-stderr.2025-12-02.log and will not be deleted
2026-02-06 23:10:23,151 HealthCheck                      Error    File in use F:\Program Files (x86)\Websense\Data Security\/./EPS_CAMEL/data/service_logs\epsconnector-stdout.2025-12-02.log and will not be deleted
2026-02-06 23:10:23,153 HealthCheck                      Error    File in use F:\Program Files (x86)\Websense\Data Security\/./EPS_CAMEL/data/service_logs\EPSConnector.2025-12-02.log and will not be deleted
2026-02-06 23:10:23,158 HealthCheck                      Error    File in use F:\Program Files (x86)\Websense\Data Security\/./tomcat/logs/dlp\dlp-login.log and will not be deleted
2026-02-06 23:10:23,161 HealthCheck                      Error    File in use F:\Program Files (x86)\Websense\Data Security\/./tomcat/logs/dlp\dlp-policies-import-export.log and will not be deleted
2026-02-06 23:10:23,163 HealthCheck                      Error    File in use F:\Program Files (x86)\Websense\Data Security\/./tomcat/logs/dlp\dlp-spring.log and will not be deleted
2026-02-06 23:10:23,165 HealthCheck                      Error    File in use F:\Program Files (x86)\Websense\Data Security\/./tomcat/logs/dlp\dlp-tomcat.log and will not be deleted
2026-02-06 23:10:23,168 HealthCheck                      Error    File in use F:\Program Files (x86)\Websense\Data Security\/./tomcat/logs/dlp\policy_update.log and will not be deleted
2026-02-06 23:10:23,172 HealthCheck                      Error    File in use F:\Program Files (x86)\Websense\Data Security\/./tomcat/logs/forensics\forensics-spring.log and will not be deleted
2026-02-06 23:10:23,174 HealthCheck                      Error    File in use F:\Program Files (x86)\Websense\Data Security\/./tomcat/logs/forensics\forensics-tomcat.log and will not be deleted
2026-02-06 23:10:23,176 HealthCheck                      Error    File in use F:\Program Files (x86)\Websense\Data Security\/./tomcat/logs/tomcat\all.log and will not be deleted
2026-02-06 23:10:23,180 HealthCheck                      Error    File in use F:\Program Files (x86)\Websense\Data Security\/./Data-Batch-Server/service-container/container/logs/dbs\ae.log and will not be deleted
2026-02-06 23:10:23,182 HealthCheck                      Error    File in use F:\Program Files (x86)\Websense\Data Security\/./Data-Batch-Server/service-container/container/logs/dbs\endpoint.log and will not be deleted
2026-02-06 23:10:23,184 HealthCheck                      Error    File in use F:\Program Files (x86)\Websense\Data Security\/./Data-Batch-Server/service-container/container/logs/dbs\events.log and will not be deleted
2026-02-06 23:10:23,185 HealthCheck                      Error    File in use F:\Program Files (x86)\Websense\Data Security\/./Data-Batch-Server/service-container/container/logs/dbs\hibernate.log and will not be deleted
2026-02-06 23:10:23,187 HealthCheck                      Error    File in use F:\Program Files (x86)\Websense\Data Security\/./Data-Batch-Server/service-container/container/logs/dbs\jetty.log and will not be deleted
2026-02-06 23:10:23,188 HealthCheck                      Error    File in use F:\Program Files (x86)\Websense\Data Security\/./Data-Batch-Server/service-container/container/logs/dbs\ldap.log and will not be deleted
2026-02-06 23:10:23,190 HealthCheck                      Error    File in use F:\Program Files (x86)\Websense\Data Security\/./Data-Batch-Server/service-container/container/logs/dbs\rap.log and will not be deleted
2026-02-06 23:10:23,191 HealthCheck                      Error    File in use F:\Program Files (x86)\Websense\Data Security\/./Data-Batch-Server/service-container/container/logs/dbs\spring.log and will not be deleted
2026-02-06 23:10:23,192 HealthCheck                      Error    File in use F:\Program Files (x86)\Websense\Data Security\/./Data-Batch-Server/service-container/container/logs/dbs\telemetry.log and will not be deleted
2026-02-06 23:10:23,195 HealthCheck                      Error    File in use F:\Program Files (x86)\Websense\Data Security\/./Data-Batch-Server/service-container/container/logs/rap-etl\rap-etl-all.log and will not be deleted
2026-02-06 23:10:23,196 HealthCheck                      Error    File in use F:\Program Files (x86)\Websense\Data Security\/./Data-Batch-Server/service-container/container/logs/service_logs\DSSBatchServer.2025-12-02.log and will not be deleted
2026-02-07 23:10:22,854 HealthCheck                      Error    File in use F:\Program Files (x86)\Websense\Data Security\/./Logs\Scripts_PE.log and will not be deleted
2026-02-07 23:10:22,857 HealthCheck                      Error    File in use F:\Program Files (x86)\Websense\Data Security\/./EPS_CAMEL/data/service_logs\epsconnector-stderr.2025-12-02.log and will not be deleted
2026-02-07 23:10:22,859 HealthCheck                      Error    File in use F:\Program Files (x86)\Websense\Data Security\/./EPS_CAMEL/data/service_logs\epsconnector-stdout.2025-12-02.log and will not be deleted
2026-02-07 23:10:22,860 HealthCheck                      Error    File in use F:\Program Files (x86)\Websense\Data Security\/./EPS_CAMEL/data/service_logs\EPSConnector.2025-12-02.log and will not be deleted
2026-02-07 23:10:22,865 HealthCheck                      Error    File in use F:\Program Files (x86)\Websense\Data Security\/./tomcat/logs/dlp\dlp-login.log and will not be deleted
2026-02-07 23:10:22,869 HealthCheck                      Error    File in use F:\Program Files (x86)\Websense\Data Security\/./tomcat/logs/dlp\dlp-policies-import-export.log and will not be deleted
2026-02-07 23:10:22,872 HealthCheck                      Error    File in use F:\Program Files (x86)\Websense\Data Security\/./tomcat/logs/dlp\dlp-spring.log and will not be deleted
2026-02-07 23:10:22,873 HealthCheck                      Error    File in use F:\Program Files (x86)\Websense\Data Security\/./tomcat/logs/dlp\dlp-tomcat.log and will not be deleted
2026-02-07 23:10:22,875 HealthCheck                      Error    File in use F:\Program Files (x86)\Websense\Data Security\/./tomcat/logs/dlp\policy_update.log and will not be deleted
2026-02-07 23:10:22,879 HealthCheck                      Error    File in use F:\Program Files (x86)\Websense\Data Security\/./tomcat/logs/forensics\forensics-spring.log and will not be deleted
2026-02-07 23:10:22,880 HealthCheck                      Error    File in use F:\Program Files (x86)\Websense\Data Security\/./tomcat/logs/forensics\forensics-tomcat.log and will not be deleted
2026-02-07 23:10:22,882 HealthCheck                      Error    File in use F:\Program Files (x86)\Websense\Data Security\/./tomcat/logs/tomcat\all.log and will not be deleted
2026-02-07 23:10:22,886 HealthCheck                      Error    File in use F:\Program Files (x86)\Websense\Data Security\/./Data-Batch-Server/service-container/container/logs/dbs\ae.log and will not be deleted
2026-02-07 23:10:22,889 HealthCheck                      Error    File in use F:\Program Files (x86)\Websense\Data Security\/./Data-Batch-Server/service-container/container/logs/dbs\endpoint.log and will not be deleted
2026-02-07 23:10:22,891 HealthCheck                      Error    File in use F:\Program Files (x86)\Websense\Data Security\/./Data-Batch-Server/service-container/container/logs/dbs\events.log and will not be deleted
2026-02-07 23:10:22,893 HealthCheck                      Error    File in use F:\Program Files (x86)\Websense\Data Security\/./Data-Batch-Server/service-container/container/logs/dbs\hibernate.log and will not be deleted
2026-02-07 23:10:22,894 HealthCheck                      Error    File in use F:\Program Files (x86)\Websense\Data Security\/./Data-Batch-Server/service-container/container/logs/dbs\jetty.log and will not be deleted
2026-02-07 23:10:22,897 HealthCheck                      Error    File in use F:\Program Files (x86)\Websense\Data Security\/./Data-Batch-Server/service-container/container/logs/dbs\ldap.log and will not be deleted
2026-02-07 23:10:22,899 HealthCheck                      Error    File in use F:\Program Files (x86)\Websense\Data Security\/./Data-Batch-Server/service-container/container/logs/dbs\rap.log and will not be deleted
2026-02-07 23:10:22,901 HealthCheck                      Error    File in use F:\Program Files (x86)\Websense\Data Security\/./Data-Batch-Server/service-container/container/logs/dbs\spring.log and will not be deleted
2026-02-07 23:10:22,903 HealthCheck                      Error    File in use F:\Program Files (x86)\Websense\Data Security\/./Data-Batch-Server/service-container/container/logs/dbs\telemetry.log and will not be deleted
2026-02-07 23:10:22,905 HealthCheck                      Error    File in use F:\Program Files (x86)\Websense\Data Security\/./Data-Batch-Server/service-container/container/logs/rap-etl\rap-etl-all.log and will not be deleted
2026-02-07 23:10:22,908 HealthCheck                      Error    File in use F:\Program Files (x86)\Websense\Data Security\/./Data-Batch-Server/service-container/container/logs/service_logs\DSSBatchServer.2025-12-02.log and will not be deleted
2026-02-08 23:10:22,015 HealthCheck                      Error    File in use F:\Program Files (x86)\Websense\Data Security\/./Logs\Scripts_PE.log and will not be deleted
2026-02-08 23:10:22,021 HealthCheck                      Error    File in use F:\Program Files (x86)\Websense\Data Security\/./EPS_CAMEL/data/service_logs\epsconnector-stderr.2025-12-02.log and will not be deleted
2026-02-08 23:10:22,022 HealthCheck                      Error    File in use F:\Program Files (x86)\Websense\Data Security\/./EPS_CAMEL/data/service_logs\epsconnector-stdout.2025-12-02.log and will not be deleted
2026-02-08 23:10:22,024 HealthCheck                      Error    File in use F:\Program Files (x86)\Websense\Data Security\/./EPS_CAMEL/data/service_logs\EPSConnector.2025-12-02.log and will not be deleted
2026-02-08 23:10:22,030 HealthCheck                      Error    File in use F:\Program Files (x86)\Websense\Data Security\/./tomcat/logs/dlp\dlp-login.log and will not be deleted
2026-02-08 23:10:22,033 HealthCheck                      Error    File in use F:\Program Files (x86)\Websense\Data Security\/./tomcat/logs/dlp\dlp-policies-import-export.log and will not be deleted
2026-02-08 23:10:22,037 HealthCheck                      Error    File in use F:\Program Files (x86)\Websense\Data Security\/./tomcat/logs/dlp\dlp-spring.log and will not be deleted
2026-02-08 23:10:22,038 HealthCheck                      Error    File in use F:\Program Files (x86)\Websense\Data Security\/./tomcat/logs/dlp\dlp-tomcat.log and will not be deleted
2026-02-08 23:10:22,040 HealthCheck                      Error    File in use F:\Program Files (x86)\Websense\Data Security\/./tomcat/logs/dlp\policy_update.log and will not be deleted
2026-02-08 23:10:22,042 HealthCheck                      Error    File in use F:\Program Files (x86)\Websense\Data Security\/./tomcat/logs/forensics\forensics-spring.log and will not be deleted
2026-02-08 23:10:22,043 HealthCheck                      Error    File in use F:\Program Files (x86)\Websense\Data Security\/./tomcat/logs/forensics\forensics-tomcat.log and will not be deleted
2026-02-08 23:10:22,044 HealthCheck                      Error    File in use F:\Program Files (x86)\Websense\Data Security\/./tomcat/logs/tomcat\all.log and will not be deleted
2026-02-08 23:10:22,047 HealthCheck                      Error    File in use F:\Program Files (x86)\Websense\Data Security\/./Data-Batch-Server/service-container/container/logs/dbs\ae.log and will not be deleted
2026-02-08 23:10:22,050 HealthCheck                      Error    File in use F:\Program Files (x86)\Websense\Data Security\/./Data-Batch-Server/service-container/container/logs/dbs\endpoint.log and will not be deleted
2026-02-08 23:10:22,051 HealthCheck                      Error    File in use F:\Program Files (x86)\Websense\Data Security\/./Data-Batch-Server/service-container/container/logs/dbs\events.log and will not be deleted
2026-02-08 23:10:22,054 HealthCheck                      Error    File in use F:\Program Files (x86)\Websense\Data Security\/./Data-Batch-Server/service-container/container/logs/dbs\hibernate.log and will not be deleted
2026-02-08 23:10:22,055 HealthCheck                      Error    File in use F:\Program Files (x86)\Websense\Data Security\/./Data-Batch-Server/service-container/container/logs/dbs\jetty.log and will not be deleted
2026-02-08 23:10:22,056 HealthCheck                      Error    File in use F:\Program Files (x86)\Websense\Data Security\/./Data-Batch-Server/service-container/container/logs/dbs\ldap.log and will not be deleted
2026-02-08 23:10:22,057 HealthCheck                      Error    File in use F:\Program Files (x86)\Websense\Data Security\/./Data-Batch-Server/service-container/container/logs/dbs\rap.log and will not be deleted
2026-02-08 23:10:22,059 HealthCheck                      Error    File in use F:\Program Files (x86)\Websense\Data Security\/./Data-Batch-Server/service-container/container/logs/dbs\spring.log and will not be deleted
2026-02-08 23:10:22,060 HealthCheck                      Error    File in use F:\Program Files (x86)\Websense\Data Security\/./Data-Batch-Server/service-container/container/logs/dbs\telemetry.log and will not be deleted
2026-02-08 23:10:22,061 HealthCheck                      Error    File in use F:\Program Files (x86)\Websense\Data Security\/./Data-Batch-Server/service-container/container/logs/rap-etl\rap-etl-all.log and will not be deleted
2026-02-08 23:10:22,064 HealthCheck                      Error    File in use F:\Program Files (x86)\Websense\Data Security\/./Data-Batch-Server/service-container/container/logs/service_logs\DSSBatchServer.2025-12-02.log and will not be deleted
2026-02-09 23:10:22,742 HealthCheck                      Error    File in use F:\Program Files (x86)\Websense\Data Security\/./Logs\Scripts_PE.log and will not be deleted
2026-02-09 23:10:22,745 HealthCheck                      Error    File in use F:\Program Files (x86)\Websense\Data Security\/./EPS_CAMEL/data/service_logs\epsconnector-stderr.2025-12-02.log and will not be deleted
2026-02-09 23:10:22,747 HealthCheck                      Error    File in use F:\Program Files (x86)\Websense\Data Security\/./EPS_CAMEL/data/service_logs\epsconnector-stdout.2025-12-02.log and will not be deleted
2026-02-09 23:10:22,748 HealthCheck                      Error    File in use F:\Program Files (x86)\Websense\Data Security\/./EPS_CAMEL/data/service_logs\EPSConnector.2025-12-02.log and will not be deleted
2026-02-09 23:10:22,752 HealthCheck                      Error    File in use F:\Program Files (x86)\Websense\Data Security\/./tomcat/logs/dlp\dlp-login.log and will not be deleted
2026-02-09 23:10:22,754 HealthCheck                      Error    File in use F:\Program Files (x86)\Websense\Data Security\/./tomcat/logs/dlp\dlp-policies-import-export.log and will not be deleted
2026-02-09 23:10:22,756 HealthCheck                      Error    File in use F:\Program Files (x86)\Websense\Data Security\/./tomcat/logs/dlp\dlp-spring.log and will not be deleted
2026-02-09 23:10:22,757 HealthCheck                      Error    File in use F:\Program Files (x86)\Websense\Data Security\/./tomcat/logs/dlp\dlp-tomcat.log and will not be deleted
2026-02-09 23:10:22,758 HealthCheck                      Error    File in use F:\Program Files (x86)\Websense\Data Security\/./tomcat/logs/dlp\policy_update.log and will not be deleted
2026-02-09 23:10:22,760 HealthCheck                      Error    File in use F:\Program Files (x86)\Websense\Data Security\/./tomcat/logs/forensics\forensics-spring.log and will not be deleted
2026-02-09 23:10:22,761 HealthCheck                      Error    File in use F:\Program Files (x86)\Websense\Data Security\/./tomcat/logs/forensics\forensics-tomcat.log and will not be deleted
2026-02-09 23:10:22,762 HealthCheck                      Error    File in use F:\Program Files (x86)\Websense\Data Security\/./tomcat/logs/tomcat\all.log and will not be deleted
2026-02-09 23:10:22,764 HealthCheck                      Error    File in use F:\Program Files (x86)\Websense\Data Security\/./Data-Batch-Server/service-container/container/logs/dbs\ae.log and will not be deleted
2026-02-09 23:10:22,766 HealthCheck                      Error    File in use F:\Program Files (x86)\Websense\Data Security\/./Data-Batch-Server/service-container/container/logs/dbs\endpoint.log and will not be deleted
2026-02-09 23:10:22,767 HealthCheck                      Error    File in use F:\Program Files (x86)\Websense\Data Security\/./Data-Batch-Server/service-container/container/logs/dbs\events.log and will not be deleted
2026-02-09 23:10:22,768 HealthCheck                      Error    File in use F:\Program Files (x86)\Websense\Data Security\/./Data-Batch-Server/service-container/container/logs/dbs\hibernate.log and will not be deleted
2026-02-09 23:10:22,770 HealthCheck                      Error    File in use F:\Program Files (x86)\Websense\Data Security\/./Data-Batch-Server/service-container/container/logs/dbs\jetty.log and will not be deleted
2026-02-09 23:10:22,771 HealthCheck                      Error    File in use F:\Program Files (x86)\Websense\Data Security\/./Data-Batch-Server/service-container/container/logs/dbs\ldap.log and will not be deleted
2026-02-09 23:10:22,772 HealthCheck                      Error    File in use F:\Program Files (x86)\Websense\Data Security\/./Data-Batch-Server/service-container/container/logs/dbs\rap.log and will not be deleted
2026-02-09 23:10:22,773 HealthCheck                      Error    File in use F:\Program Files (x86)\Websense\Data Security\/./Data-Batch-Server/service-container/container/logs/dbs\spring.log and will not be deleted
2026-02-09 23:10:22,773 HealthCheck                      Error    File in use F:\Program Files (x86)\Websense\Data Security\/./Data-Batch-Server/service-container/container/logs/dbs\telemetry.log and will not be deleted
2026-02-09 23:10:22,774 HealthCheck                      Error    File in use F:\Program Files (x86)\Websense\Data Security\/./Data-Batch-Server/service-container/container/logs/rap-etl\rap-etl-all.log and will not be deleted
2026-02-09 23:10:22,775 HealthCheck                      Error    File in use F:\Program Files (x86)\Websense\Data Security\/./Data-Batch-Server/service-container/container/logs/service_logs\DSSBatchServer.2025-12-02.log and will not be deleted
2026-02-10 23:10:26,858 HealthCheck                      Error    File in use F:\Program Files (x86)\Websense\Data Security\/./Logs\Scripts_PE.log and will not be deleted
2026-02-10 23:10:26,862 HealthCheck                      Error    File in use F:\Program Files (x86)\Websense\Data Security\/./EPS_CAMEL/data/service_logs\epsconnector-stderr.2025-12-02.log and will not be deleted
2026-02-10 23:10:26,863 HealthCheck                      Error    File in use F:\Program Files (x86)\Websense\Data Security\/./EPS_CAMEL/data/service_logs\epsconnector-stdout.2025-12-02.log and will not be deleted
2026-02-10 23:10:26,864 HealthCheck                      Error    File in use F:\Program Files (x86)\Websense\Data Security\/./EPS_CAMEL/data/service_logs\EPSConnector.2025-12-02.log and will not be deleted
2026-02-10 23:10:26,870 HealthCheck                      Error    File in use F:\Program Files (x86)\Websense\Data Security\/./tomcat/logs/dlp\dlp-login.log and will not be deleted
2026-02-10 23:10:26,872 HealthCheck                      Error    File in use F:\Program Files (x86)\Websense\Data Security\/./tomcat/logs/dlp\dlp-policies-import-export.log and will not be deleted
2026-02-10 23:10:26,874 HealthCheck                      Error    File in use F:\Program Files (x86)\Websense\Data Security\/./tomcat/logs/dlp\dlp-spring.log and will not be deleted
2026-02-10 23:10:26,875 HealthCheck                      Error    File in use F:\Program Files (x86)\Websense\Data Security\/./tomcat/logs/dlp\dlp-tomcat.log and will not be deleted
2026-02-10 23:10:26,877 HealthCheck                      Error    File in use F:\Program Files (x86)\Websense\Data Security\/./tomcat/logs/dlp\policy_update.log and will not be deleted
2026-02-10 23:10:26,879 HealthCheck                      Error    File in use F:\Program Files (x86)\Websense\Data Security\/./tomcat/logs/forensics\forensics-spring.log and will not be deleted
2026-02-10 23:10:26,881 HealthCheck                      Error    File in use F:\Program Files (x86)\Websense\Data Security\/./tomcat/logs/forensics\forensics-tomcat.log and will not be deleted
2026-02-10 23:10:26,882 HealthCheck                      Error    File in use F:\Program Files (x86)\Websense\Data Security\/./tomcat/logs/tomcat\all.log and will not be deleted
2026-02-10 23:10:26,885 HealthCheck                      Error    File in use F:\Program Files (x86)\Websense\Data Security\/./Data-Batch-Server/service-container/container/logs/dbs\ae.log and will not be deleted
2026-02-10 23:10:26,887 HealthCheck                      Error    File in use F:\Program Files (x86)\Websense\Data Security\/./Data-Batch-Server/service-container/container/logs/dbs\endpoint.log and will not be deleted
2026-02-10 23:10:26,888 HealthCheck                      Error    File in use F:\Program Files (x86)\Websense\Data Security\/./Data-Batch-Server/service-container/container/logs/dbs\events.log and will not be deleted
2026-02-10 23:10:26,889 HealthCheck                      Error    File in use F:\Program Files (x86)\Websense\Data Security\/./Data-Batch-Server/service-container/container/logs/dbs\hibernate.log and will not be deleted
2026-02-10 23:10:26,891 HealthCheck                      Error    File in use F:\Program Files (x86)\Websense\Data Security\/./Data-Batch-Server/service-container/container/logs/dbs\jetty.log and will not be deleted
2026-02-10 23:10:26,892 HealthCheck                      Error    File in use F:\Program Files (x86)\Websense\Data Security\/./Data-Batch-Server/service-container/container/logs/dbs\ldap.log and will not be deleted
2026-02-10 23:10:26,893 HealthCheck                      Error    File in use F:\Program Files (x86)\Websense\Data Security\/./Data-Batch-Server/service-container/container/logs/dbs\rap.log and will not be deleted
2026-02-10 23:10:26,894 HealthCheck                      Error    File in use F:\Program Files (x86)\Websense\Data Security\/./Data-Batch-Server/service-container/container/logs/dbs\spring.log and will not be deleted
2026-02-10 23:10:26,895 HealthCheck                      Error    File in use F:\Program Files (x86)\Websense\Data Security\/./Data-Batch-Server/service-container/container/logs/dbs\telemetry.log and will not be deleted
2026-02-10 23:10:26,896 HealthCheck                      Error    File in use F:\Program Files (x86)\Websense\Data Security\/./Data-Batch-Server/service-container/container/logs/rap-etl\rap-etl-all.log and will not be deleted
2026-02-10 23:10:26,898 HealthCheck                      Error    File in use F:\Program Files (x86)\Websense\Data Security\/./Data-Batch-Server/service-container/container/logs/service_logs\DSSBatchServer.2025-12-02.log and will not be deleted
2026-02-11 23:10:25,228 HealthCheck                      Error    File in use F:\Program Files (x86)\Websense\Data Security\/./Logs\Scripts_PE.log and will not be deleted
2026-02-11 23:10:25,233 HealthCheck                      Error    File in use F:\Program Files (x86)\Websense\Data Security\/./EPS_CAMEL/data/service_logs\epsconnector-stderr.2025-12-02.log and will not be deleted
2026-02-11 23:10:25,235 HealthCheck                      Error    File in use F:\Program Files (x86)\Websense\Data Security\/./EPS_CAMEL/data/service_logs\epsconnector-stdout.2025-12-02.log and will not be deleted
2026-02-11 23:10:25,236 HealthCheck                      Error    File in use F:\Program Files (x86)\Websense\Data Security\/./EPS_CAMEL/data/service_logs\EPSConnector.2025-12-02.log and will not be deleted
2026-02-11 23:10:25,240 HealthCheck                      Error    File in use F:\Program Files (x86)\Websense\Data Security\/./tomcat/logs/dlp\dlp-login.log and will not be deleted
2026-02-11 23:10:25,242 HealthCheck                      Error    File in use F:\Program Files (x86)\Websense\Data Security\/./tomcat/logs/dlp\dlp-policies-import-export.log and will not be deleted
2026-02-11 23:10:25,244 HealthCheck                      Error    File in use F:\Program Files (x86)\Websense\Data Security\/./tomcat/logs/dlp\dlp-spring.log and will not be deleted
2026-02-11 23:10:25,245 HealthCheck                      Error    File in use F:\Program Files (x86)\Websense\Data Security\/./tomcat/logs/dlp\dlp-tomcat.log and will not be deleted
2026-02-11 23:10:25,246 HealthCheck                      Error    File in use F:\Program Files (x86)\Websense\Data Security\/./tomcat/logs/dlp\policy_update.log and will not be deleted
2026-02-11 23:10:25,248 HealthCheck                      Error    File in use F:\Program Files (x86)\Websense\Data Security\/./tomcat/logs/forensics\forensics-spring.log and will not be deleted
2026-02-11 23:10:25,250 HealthCheck                      Error    File in use F:\Program Files (x86)\Websense\Data Security\/./tomcat/logs/forensics\forensics-tomcat.log and will not be deleted
2026-02-11 23:10:25,251 HealthCheck                      Error    File in use F:\Program Files (x86)\Websense\Data Security\/./tomcat/logs/tomcat\all.log and will not be deleted
2026-02-11 23:10:25,256 HealthCheck                      Error    File in use F:\Program Files (x86)\Websense\Data Security\/./Data-Batch-Server/service-container/container/logs/dbs\ae.log and will not be deleted
2026-02-11 23:10:25,258 HealthCheck                      Error    File in use F:\Program Files (x86)\Websense\Data Security\/./Data-Batch-Server/service-container/container/logs/dbs\endpoint.log and will not be deleted
2026-02-11 23:10:25,259 HealthCheck                      Error    File in use F:\Program Files (x86)\Websense\Data Security\/./Data-Batch-Server/service-container/container/logs/dbs\events.log and will not be deleted
2026-02-11 23:10:25,260 HealthCheck                      Error    File in use F:\Program Files (x86)\Websense\Data Security\/./Data-Batch-Server/service-container/container/logs/dbs\hibernate.log and will not be deleted
2026-02-11 23:10:25,262 HealthCheck                      Error    File in use F:\Program Files (x86)\Websense\Data Security\/./Data-Batch-Server/service-container/container/logs/dbs\jetty.log and will not be deleted
2026-02-11 23:10:25,263 HealthCheck                      Error    File in use F:\Program Files (x86)\Websense\Data Security\/./Data-Batch-Server/service-container/container/logs/dbs\ldap.log and will not be deleted
2026-02-11 23:10:25,264 HealthCheck                      Error    File in use F:\Program Files (x86)\Websense\Data Security\/./Data-Batch-Server/service-container/container/logs/dbs\rap.log and will not be deleted
2026-02-11 23:10:25,266 HealthCheck                      Error    File in use F:\Program Files (x86)\Websense\Data Security\/./Data-Batch-Server/service-container/container/logs/dbs\spring.log and will not be deleted
2026-02-11 23:10:25,267 HealthCheck                      Error    File in use F:\Program Files (x86)\Websense\Data Security\/./Data-Batch-Server/service-container/container/logs/dbs\telemetry.log and will not be deleted
2026-02-11 23:10:25,269 HealthCheck                      Error    File in use F:\Program Files (x86)\Websense\Data Security\/./Data-Batch-Server/service-container/container/logs/rap-etl\rap-etl-all.log and will not be deleted
2026-02-11 23:10:25,270 HealthCheck                      Error    File in use F:\Program Files (x86)\Websense\Data Security\/./Data-Batch-Server/service-container/container/logs/service_logs\DSSBatchServer.2025-12-02.log and will not be deleted
2026-02-12 23:10:23,350 HealthCheck                      Error    File in use F:\Program Files (x86)\Websense\Data Security\/./Logs\Scripts_PE.log and will not be deleted
2026-02-12 23:10:23,355 HealthCheck                      Error    File in use F:\Program Files (x86)\Websense\Data Security\/./EPS_CAMEL/data/service_logs\epsconnector-stderr.2025-12-02.log and will not be deleted
2026-02-12 23:10:23,357 HealthCheck                      Error    File in use F:\Program Files (x86)\Websense\Data Security\/./EPS_CAMEL/data/service_logs\epsconnector-stdout.2025-12-02.log and will not be deleted
2026-02-12 23:10:23,359 HealthCheck                      Error    File in use F:\Program Files (x86)\Websense\Data Security\/./EPS_CAMEL/data/service_logs\EPSConnector.2025-12-02.log and will not be deleted
2026-02-12 23:10:23,362 HealthCheck                      Error    File in use F:\Program Files (x86)\Websense\Data Security\/./tomcat/logs/dlp\dlp-login.log and will not be deleted
2026-02-12 23:10:23,364 HealthCheck                      Error    File in use F:\Program Files (x86)\Websense\Data Security\/./tomcat/logs/dlp\dlp-policies-import-export.log and will not be deleted
2026-02-12 23:10:23,366 HealthCheck                      Error    File in use F:\Program Files (x86)\Websense\Data Security\/./tomcat/logs/dlp\dlp-spring.log and will not be deleted
2026-02-12 23:10:23,368 HealthCheck                      Error    File in use F:\Program Files (x86)\Websense\Data Security\/./tomcat/logs/dlp\dlp-tomcat.log and will not be deleted
2026-02-12 23:10:23,369 HealthCheck                      Error    File in use F:\Program Files (x86)\Websense\Data Security\/./tomcat/logs/dlp\policy_update.log and will not be deleted
2026-02-12 23:10:23,371 HealthCheck                      Error    File in use F:\Program Files (x86)\Websense\Data Security\/./tomcat/logs/forensics\forensics-spring.log and will not be deleted
2026-02-12 23:10:23,373 HealthCheck                      Error    File in use F:\Program Files (x86)\Websense\Data Security\/./tomcat/logs/forensics\forensics-tomcat.log and will not be deleted
2026-02-12 23:10:23,374 HealthCheck                      Error    File in use F:\Program Files (x86)\Websense\Data Security\/./tomcat/logs/tomcat\all.log and will not be deleted
2026-02-12 23:10:23,377 HealthCheck                      Error    File in use F:\Program Files (x86)\Websense\Data Security\/./Data-Batch-Server/service-container/container/logs/dbs\ae.log and will not be deleted
2026-02-12 23:10:23,378 HealthCheck                      Error    File in use F:\Program Files (x86)\Websense\Data Security\/./Data-Batch-Server/service-container/container/logs/dbs\endpoint.log and will not be deleted
2026-02-12 23:10:23,380 HealthCheck                      Error    File in use F:\Program Files (x86)\Websense\Data Security\/./Data-Batch-Server/service-container/container/logs/dbs\events.log and will not be deleted
2026-02-12 23:10:23,381 HealthCheck                      Error    File in use F:\Program Files (x86)\Websense\Data Security\/./Data-Batch-Server/service-container/container/logs/dbs\hibernate.log and will not be deleted
2026-02-12 23:10:23,382 HealthCheck                      Error    File in use F:\Program Files (x86)\Websense\Data Security\/./Data-Batch-Server/service-container/container/logs/dbs\jetty.log and will not be deleted
2026-02-12 23:10:23,383 HealthCheck                      Error    File in use F:\Program Files (x86)\Websense\Data Security\/./Data-Batch-Server/service-container/container/logs/dbs\ldap.log and will not be deleted
2026-02-12 23:10:23,384 HealthCheck                      Error    File in use F:\Program Files (x86)\Websense\Data Security\/./Data-Batch-Server/service-container/container/logs/dbs\rap.log and will not be deleted
2026-02-12 23:10:23,385 HealthCheck                      Error    File in use F:\Program Files (x86)\Websense\Data Security\/./Data-Batch-Server/service-container/container/logs/dbs\spring.log and will not be deleted
2026-02-12 23:10:23,386 HealthCheck                      Error    File in use F:\Program Files (x86)\Websense\Data Security\/./Data-Batch-Server/service-container/container/logs/dbs\telemetry.log and will not be deleted
2026-02-12 23:10:23,387 HealthCheck                      Error    File in use F:\Program Files (x86)\Websense\Data Security\/./Data-Batch-Server/service-container/container/logs/rap-etl\rap-etl-all.log and will not be deleted
2026-02-12 23:10:23,388 HealthCheck                      Error    File in use F:\Program Files (x86)\Websense\Data Security\/./Data-Batch-Server/service-container/container/logs/service_logs\DSSBatchServer.2025-12-02.log and will not be deleted
2026-02-13 23:10:23,672 HealthCheck                      Error    File in use F:\Program Files (x86)\Websense\Data Security\/./Logs\Scripts_PE.log and will not be deleted
2026-02-13 23:10:23,678 HealthCheck                      Error    File in use F:\Program Files (x86)\Websense\Data Security\/./EPS_CAMEL/data/service_logs\epsconnector-stderr.2025-12-02.log and will not be deleted
2026-02-13 23:10:23,679 HealthCheck                      Error    File in use F:\Program Files (x86)\Websense\Data Security\/./EPS_CAMEL/data/service_logs\epsconnector-stdout.2025-12-02.log and will not be deleted
2026-02-13 23:10:23,681 HealthCheck                      Error    File in use F:\Program Files (x86)\Websense\Data Security\/./EPS_CAMEL/data/service_logs\EPSConnector.2025-12-02.log and will not be deleted
2026-02-13 23:10:23,687 HealthCheck                      Error    File in use F:\Program Files (x86)\Websense\Data Security\/./tomcat/logs/dlp\dlp-login.log and will not be deleted
2026-02-13 23:10:23,689 HealthCheck                      Error    File in use F:\Program Files (x86)\Websense\Data Security\/./tomcat/logs/dlp\dlp-policies-import-export.log and will not be deleted
2026-02-13 23:10:23,692 HealthCheck                      Error    File in use F:\Program Files (x86)\Websense\Data Security\/./tomcat/logs/dlp\dlp-spring.log and will not be deleted
2026-02-13 23:10:23,693 HealthCheck                      Error    File in use F:\Program Files (x86)\Websense\Data Security\/./tomcat/logs/dlp\dlp-tomcat.log and will not be deleted
2026-02-13 23:10:23,695 HealthCheck                      Error    File in use F:\Program Files (x86)\Websense\Data Security\/./tomcat/logs/dlp\policy_update.log and will not be deleted
2026-02-13 23:10:23,697 HealthCheck                      Error    File in use F:\Program Files (x86)\Websense\Data Security\/./tomcat/logs/forensics\forensics-spring.log and will not be deleted
2026-02-13 23:10:23,698 HealthCheck                      Error    File in use F:\Program Files (x86)\Websense\Data Security\/./tomcat/logs/forensics\forensics-tomcat.log and will not be deleted
2026-02-13 23:10:23,700 HealthCheck                      Error    File in use F:\Program Files (x86)\Websense\Data Security\/./tomcat/logs/tomcat\all.log and will not be deleted
2026-02-13 23:10:23,704 HealthCheck                      Error    File in use F:\Program Files (x86)\Websense\Data Security\/./Data-Batch-Server/service-container/container/logs/dbs\ae.log and will not be deleted
2026-02-13 23:10:23,709 HealthCheck                      Error    File in use F:\Program Files (x86)\Websense\Data Security\/./Data-Batch-Server/service-container/container/logs/dbs\endpoint.log and will not be deleted
2026-02-13 23:10:23,710 HealthCheck                      Error    File in use F:\Program Files (x86)\Websense\Data Security\/./Data-Batch-Server/service-container/container/logs/dbs\events.log and will not be deleted
2026-02-13 23:10:23,712 HealthCheck                      Error    File in use F:\Program Files (x86)\Websense\Data Security\/./Data-Batch-Server/service-container/container/logs/dbs\hibernate.log and will not be deleted
2026-02-13 23:10:23,714 HealthCheck                      Error    File in use F:\Program Files (x86)\Websense\Data Security\/./Data-Batch-Server/service-container/container/logs/dbs\jetty.log and will not be deleted
2026-02-13 23:10:23,716 HealthCheck                      Error    File in use F:\Program Files (x86)\Websense\Data Security\/./Data-Batch-Server/service-container/container/logs/dbs\ldap.log and will not be deleted
2026-02-13 23:10:23,718 HealthCheck                      Error    File in use F:\Program Files (x86)\Websense\Data Security\/./Data-Batch-Server/service-container/container/logs/dbs\rap.log and will not be deleted
2026-02-13 23:10:23,719 HealthCheck                      Error    File in use F:\Program Files (x86)\Websense\Data Security\/./Data-Batch-Server/service-container/container/logs/dbs\spring.log and will not be deleted
2026-02-13 23:10:23,721 HealthCheck                      Error    File in use F:\Program Files (x86)\Websense\Data Security\/./Data-Batch-Server/service-container/container/logs/dbs\telemetry.log and will not be deleted
2026-02-13 23:10:23,722 HealthCheck                      Error    File in use F:\Program Files (x86)\Websense\Data Security\/./Data-Batch-Server/service-container/container/logs/rap-etl\rap-etl-all.log and will not be deleted
2026-02-13 23:10:23,724 HealthCheck                      Error    File in use F:\Program Files (x86)\Websense\Data Security\/./Data-Batch-Server/service-container/container/logs/service_logs\DSSBatchServer.2025-12-02.log and will not be deleted
2026-02-14 23:10:23,548 HealthCheck                      Error    File in use F:\Program Files (x86)\Websense\Data Security\/./Logs\Scripts_PE.log and will not be deleted
2026-02-14 23:10:23,552 HealthCheck                      Error    File in use F:\Program Files (x86)\Websense\Data Security\/./EPS_CAMEL/data/service_logs\epsconnector-stderr.2025-12-02.log and will not be deleted
2026-02-14 23:10:23,553 HealthCheck                      Error    File in use F:\Program Files (x86)\Websense\Data Security\/./EPS_CAMEL/data/service_logs\epsconnector-stdout.2025-12-02.log and will not be deleted
2026-02-14 23:10:23,556 HealthCheck                      Error    File in use F:\Program Files (x86)\Websense\Data Security\/./EPS_CAMEL/data/service_logs\EPSConnector.2025-12-02.log and will not be deleted
2026-02-14 23:10:23,559 HealthCheck                      Error    File in use F:\Program Files (x86)\Websense\Data Security\/./tomcat/logs/dlp\dlp-login.log and will not be deleted
2026-02-14 23:10:23,560 HealthCheck                      Error    File in use F:\Program Files (x86)\Websense\Data Security\/./tomcat/logs/dlp\dlp-policies-import-export.log and will not be deleted
2026-02-14 23:10:23,562 HealthCheck                      Error    File in use F:\Program Files (x86)\Websense\Data Security\/./tomcat/logs/dlp\dlp-spring.log and will not be deleted
2026-02-14 23:10:23,563 HealthCheck                      Error    File in use F:\Program Files (x86)\Websense\Data Security\/./tomcat/logs/dlp\dlp-tomcat.log and will not be deleted
2026-02-14 23:10:23,564 HealthCheck                      Error    File in use F:\Program Files (x86)\Websense\Data Security\/./tomcat/logs/dlp\policy_update.log and will not be deleted
2026-02-14 23:10:23,567 HealthCheck                      Error    File in use F:\Program Files (x86)\Websense\Data Security\/./tomcat/logs/forensics\forensics-spring.log and will not be deleted
2026-02-14 23:10:23,568 HealthCheck                      Error    File in use F:\Program Files (x86)\Websense\Data Security\/./tomcat/logs/forensics\forensics-tomcat.log and will not be deleted
2026-02-14 23:10:23,570 HealthCheck                      Error    File in use F:\Program Files (x86)\Websense\Data Security\/./tomcat/logs/tomcat\all.log and will not be deleted
2026-02-14 23:10:23,572 HealthCheck                      Error    File in use F:\Program Files (x86)\Websense\Data Security\/./Data-Batch-Server/service-container/container/logs/dbs\ae.log and will not be deleted
2026-02-14 23:10:23,573 HealthCheck                      Error    File in use F:\Program Files (x86)\Websense\Data Security\/./Data-Batch-Server/service-container/container/logs/dbs\endpoint.log and will not be deleted
2026-02-14 23:10:23,574 HealthCheck                      Error    File in use F:\Program Files (x86)\Websense\Data Security\/./Data-Batch-Server/service-container/container/logs/dbs\events.log and will not be deleted
2026-02-14 23:10:23,575 HealthCheck                      Error    File in use F:\Program Files (x86)\Websense\Data Security\/./Data-Batch-Server/service-container/container/logs/dbs\hibernate.log and will not be deleted
2026-02-14 23:10:23,576 HealthCheck                      Error    File in use F:\Program Files (x86)\Websense\Data Security\/./Data-Batch-Server/service-container/container/logs/dbs\jetty.log and will not be deleted
2026-02-14 23:10:23,577 HealthCheck                      Error    File in use F:\Program Files (x86)\Websense\Data Security\/./Data-Batch-Server/service-container/container/logs/dbs\ldap.log and will not be deleted
2026-02-14 23:10:23,578 HealthCheck                      Error    File in use F:\Program Files (x86)\Websense\Data Security\/./Data-Batch-Server/service-container/container/logs/dbs\rap.log and will not be deleted
2026-02-14 23:10:23,579 HealthCheck                      Error    File in use F:\Program Files (x86)\Websense\Data Security\/./Data-Batch-Server/service-container/container/logs/dbs\spring.log and will not be deleted
2026-02-14 23:10:23,580 HealthCheck                      Error    File in use F:\Program Files (x86)\Websense\Data Security\/./Data-Batch-Server/service-container/container/logs/dbs\telemetry.log and will not be deleted
2026-02-14 23:10:23,581 HealthCheck                      Error    File in use F:\Program Files (x86)\Websense\Data Security\/./Data-Batch-Server/service-container/container/logs/rap-etl\rap-etl-all.log and will not be deleted
2026-02-14 23:10:23,581 HealthCheck                      Error    File in use F:\Program Files (x86)\Websense\Data Security\/./Data-Batch-Server/service-container/container/logs/service_logs\DSSBatchServer.2025-12-02.log and will not be deleted
2026-02-15 23:10:23,118 HealthCheck                      Error    File in use F:\Program Files (x86)\Websense\Data Security\/./Logs\Scripts_PE.log and will not be deleted
2026-02-15 23:10:23,123 HealthCheck                      Error    File in use F:\Program Files (x86)\Websense\Data Security\/./EPS_CAMEL/data/service_logs\epsconnector-stderr.2025-12-02.log and will not be deleted
2026-02-15 23:10:23,125 HealthCheck                      Error    File in use F:\Program Files (x86)\Websense\Data Security\/./EPS_CAMEL/data/service_logs\epsconnector-stdout.2025-12-02.log and will not be deleted
2026-02-15 23:10:23,127 HealthCheck                      Error    File in use F:\Program Files (x86)\Websense\Data Security\/./EPS_CAMEL/data/service_logs\EPSConnector.2025-12-02.log and will not be deleted
2026-02-15 23:10:23,129 HealthCheck                      Error    File in use F:\Program Files (x86)\Websense\Data Security\/./tomcat/logs/dlp\dlp-login.log and will not be deleted
2026-02-15 23:10:23,131 HealthCheck                      Error    File in use F:\Program Files (x86)\Websense\Data Security\/./tomcat/logs/dlp\dlp-policies-import-export.log and will not be deleted
2026-02-15 23:10:23,133 HealthCheck                      Error    File in use F:\Program Files (x86)\Websense\Data Security\/./tomcat/logs/dlp\dlp-spring.log and will not be deleted
2026-02-15 23:10:23,134 HealthCheck                      Error    File in use F:\Program Files (x86)\Websense\Data Security\/./tomcat/logs/dlp\dlp-tomcat.log and will not be deleted
2026-02-15 23:10:23,135 HealthCheck                      Error    File in use F:\Program Files (x86)\Websense\Data Security\/./tomcat/logs/dlp\policy_update.log and will not be deleted
2026-02-15 23:10:23,137 HealthCheck                      Error    File in use F:\Program Files (x86)\Websense\Data Security\/./tomcat/logs/forensics\forensics-spring.log and will not be deleted
2026-02-15 23:10:23,138 HealthCheck                      Error    File in use F:\Program Files (x86)\Websense\Data Security\/./tomcat/logs/forensics\forensics-tomcat.log and will not be deleted
2026-02-15 23:10:23,140 HealthCheck                      Error    File in use F:\Program Files (x86)\Websense\Data Security\/./tomcat/logs/tomcat\all.log and will not be deleted
2026-02-15 23:10:23,142 HealthCheck                      Error    File in use F:\Program Files (x86)\Websense\Data Security\/./Data-Batch-Server/service-container/container/logs/dbs\ae.log and will not be deleted
2026-02-15 23:10:23,144 HealthCheck                      Error    File in use F:\Program Files (x86)\Websense\Data Security\/./Data-Batch-Server/service-container/container/logs/dbs\endpoint.log and will not be deleted
2026-02-15 23:10:23,145 HealthCheck                      Error    File in use F:\Program Files (x86)\Websense\Data Security\/./Data-Batch-Server/service-container/container/logs/dbs\events.log and will not be deleted
2026-02-15 23:10:23,147 HealthCheck                      Error    File in use F:\Program Files (x86)\Websense\Data Security\/./Data-Batch-Server/service-container/container/logs/dbs\hibernate.log and will not be deleted
2026-02-15 23:10:23,150 HealthCheck                      Error    File in use F:\Program Files (x86)\Websense\Data Security\/./Data-Batch-Server/service-container/container/logs/dbs\jetty.log and will not be deleted
2026-02-15 23:10:23,152 HealthCheck                      Error    File in use F:\Program Files (x86)\Websense\Data Security\/./Data-Batch-Server/service-container/container/logs/dbs\ldap.log and will not be deleted
2026-02-15 23:10:23,155 HealthCheck                      Error    File in use F:\Program Files (x86)\Websense\Data Security\/./Data-Batch-Server/service-container/container/logs/dbs\rap.log and will not be deleted
2026-02-15 23:10:23,157 HealthCheck                      Error    File in use F:\Program Files (x86)\Websense\Data Security\/./Data-Batch-Server/service-container/container/logs/dbs\spring.log and will not be deleted
2026-02-15 23:10:23,158 HealthCheck                      Error    File in use F:\Program Files (x86)\Websense\Data Security\/./Data-Batch-Server/service-container/container/logs/dbs\telemetry.log and will not be deleted
2026-02-15 23:10:23,160 HealthCheck                      Error    File in use F:\Program Files (x86)\Websense\Data Security\/./Data-Batch-Server/service-container/container/logs/rap-etl\rap-etl-all.log and will not be deleted
2026-02-15 23:10:23,161 HealthCheck                      Error    File in use F:\Program Files (x86)\Websense\Data Security\/./Data-Batch-Server/service-container/container/logs/service_logs\DSSBatchServer.2025-12-02.log and will not be deleted
2026-02-16 23:10:24,472 HealthCheck                      Error    File in use F:\Program Files (x86)\Websense\Data Security\/./Logs\Scripts_PE.log and will not be deleted
2026-02-16 23:10:24,476 HealthCheck                      Error    File in use F:\Program Files (x86)\Websense\Data Security\/./EPS_CAMEL/data/service_logs\epsconnector-stderr.2025-12-02.log and will not be deleted
2026-02-16 23:10:24,477 HealthCheck                      Error    File in use F:\Program Files (x86)\Websense\Data Security\/./EPS_CAMEL/data/service_logs\epsconnector-stdout.2025-12-02.log and will not be deleted
2026-02-16 23:10:24,478 HealthCheck                      Error    File in use F:\Program Files (x86)\Websense\Data Security\/./EPS_CAMEL/data/service_logs\EPSConnector.2025-12-02.log and will not be deleted
2026-02-16 23:10:24,480 HealthCheck                      Error    File in use F:\Program Files (x86)\Websense\Data Security\/./tomcat/logs/dlp\dlp-login.log and will not be deleted
2026-02-16 23:10:24,485 HealthCheck                      Error    File in use F:\Program Files (x86)\Websense\Data Security\/./tomcat/logs/dlp\dlp-policies-import-export.log and will not be deleted
2026-02-16 23:10:24,487 HealthCheck                      Error    File in use F:\Program Files (x86)\Websense\Data Security\/./tomcat/logs/dlp\dlp-spring.log and will not be deleted
2026-02-16 23:10:24,488 HealthCheck                      Error    File in use F:\Program Files (x86)\Websense\Data Security\/./tomcat/logs/dlp\dlp-tomcat.log and will not be deleted
2026-02-16 23:10:24,489 HealthCheck                      Error    File in use F:\Program Files (x86)\Websense\Data Security\/./tomcat/logs/dlp\policy_update.log and will not be deleted
2026-02-16 23:10:24,490 HealthCheck                      Error    File in use F:\Program Files (x86)\Websense\Data Security\/./tomcat/logs/forensics\forensics-spring.log and will not be deleted
2026-02-16 23:10:24,492 HealthCheck                      Error    File in use F:\Program Files (x86)\Websense\Data Security\/./tomcat/logs/forensics\forensics-tomcat.log and will not be deleted
2026-02-16 23:10:24,493 HealthCheck                      Error    File in use F:\Program Files (x86)\Websense\Data Security\/./tomcat/logs/tomcat\all.log and will not be deleted
2026-02-16 23:10:24,495 HealthCheck                      Error    File in use F:\Program Files (x86)\Websense\Data Security\/./Data-Batch-Server/service-container/container/logs/dbs\ae.log and will not be deleted
2026-02-16 23:10:24,497 HealthCheck                      Error    File in use F:\Program Files (x86)\Websense\Data Security\/./Data-Batch-Server/service-container/container/logs/dbs\endpoint.log and will not be deleted
2026-02-16 23:10:24,498 HealthCheck                      Error    File in use F:\Program Files (x86)\Websense\Data Security\/./Data-Batch-Server/service-container/container/logs/dbs\events.log and will not be deleted
2026-02-16 23:10:24,499 HealthCheck                      Error    File in use F:\Program Files (x86)\Websense\Data Security\/./Data-Batch-Server/service-container/container/logs/dbs\hibernate.log and will not be deleted
2026-02-16 23:10:24,500 HealthCheck                      Error    File in use F:\Program Files (x86)\Websense\Data Security\/./Data-Batch-Server/service-container/container/logs/dbs\jetty.log and will not be deleted
2026-02-16 23:10:24,501 HealthCheck                      Error    File in use F:\Program Files (x86)\Websense\Data Security\/./Data-Batch-Server/service-container/container/logs/dbs\ldap.log and will not be deleted
2026-02-16 23:10:24,502 HealthCheck                      Error    File in use F:\Program Files (x86)\Websense\Data Security\/./Data-Batch-Server/service-container/container/logs/dbs\rap.log and will not be deleted
2026-02-16 23:10:24,503 HealthCheck                      Error    File in use F:\Program Files (x86)\Websense\Data Security\/./Data-Batch-Server/service-container/container/logs/dbs\spring.log and will not be deleted
2026-02-16 23:10:24,504 HealthCheck                      Error    File in use F:\Program Files (x86)\Websense\Data Security\/./Data-Batch-Server/service-container/container/logs/dbs\telemetry.log and will not be deleted
2026-02-16 23:10:24,505 HealthCheck                      Error    File in use F:\Program Files (x86)\Websense\Data Security\/./Data-Batch-Server/service-container/container/logs/rap-etl\rap-etl-all.log and will not be deleted
2026-02-16 23:10:24,506 HealthCheck                      Error    File in use F:\Program Files (x86)\Websense\Data Security\/./Data-Batch-Server/service-container/container/logs/service_logs\DSSBatchServer.2025-12-02.log and will not be deleted
2026-02-17 23:10:22,758 HealthCheck                      Error    File in use F:\Program Files (x86)\Websense\Data Security\/./Logs\Scripts_PE.log and will not be deleted
2026-02-17 23:10:22,758 HealthCheck                      Error    File in use F:\Program Files (x86)\Websense\Data Security\/./EPS_CAMEL/data/service_logs\epsconnector-stderr.2025-12-02.log and will not be deleted
2026-02-17 23:10:22,758 HealthCheck                      Error    File in use F:\Program Files (x86)\Websense\Data Security\/./EPS_CAMEL/data/service_logs\epsconnector-stdout.2025-12-02.log and will not be deleted
2026-02-17 23:10:22,758 HealthCheck                      Error    File in use F:\Program Files (x86)\Websense\Data Security\/./EPS_CAMEL/data/service_logs\EPSConnector.2025-12-02.log and will not be deleted
2026-02-17 23:10:22,758 HealthCheck                      Error    File in use F:\Program Files (x86)\Websense\Data Security\/./tomcat/logs/dlp\dlp-login.log and will not be deleted
2026-02-17 23:10:22,758 HealthCheck                      Error    File in use F:\Program Files (x86)\Websense\Data Security\/./tomcat/logs/dlp\dlp-policies-import-export.log and will not be deleted
2026-02-17 23:10:22,758 HealthCheck                      Error    File in use F:\Program Files (x86)\Websense\Data Security\/./tomcat/logs/dlp\dlp-spring.log and will not be deleted
2026-02-17 23:10:22,774 HealthCheck                      Error    File in use F:\Program Files (x86)\Websense\Data Security\/./tomcat/logs/dlp\dlp-tomcat.log and will not be deleted
2026-02-17 23:10:22,775 HealthCheck                      Error    File in use F:\Program Files (x86)\Websense\Data Security\/./tomcat/logs/dlp\policy_update.log and will not be deleted
2026-02-17 23:10:22,775 HealthCheck                      Error    File in use F:\Program Files (x86)\Websense\Data Security\/./tomcat/logs/forensics\forensics-spring.log and will not be deleted
2026-02-17 23:10:22,775 HealthCheck                      Error    File in use F:\Program Files (x86)\Websense\Data Security\/./tomcat/logs/forensics\forensics-tomcat.log and will not be deleted
2026-02-17 23:10:22,775 HealthCheck                      Error    File in use F:\Program Files (x86)\Websense\Data Security\/./tomcat/logs/tomcat\all.log and will not be deleted
2026-02-17 23:10:22,775 HealthCheck                      Error    File in use F:\Program Files (x86)\Websense\Data Security\/./Data-Batch-Server/service-container/container/logs/dbs\ae.log and will not be deleted
2026-02-17 23:10:22,775 HealthCheck                      Error    File in use F:\Program Files (x86)\Websense\Data Security\/./Data-Batch-Server/service-container/container/logs/dbs\endpoint.log and will not be deleted
2026-02-17 23:10:22,775 HealthCheck                      Error    File in use F:\Program Files (x86)\Websense\Data Security\/./Data-Batch-Server/service-container/container/logs/dbs\events.log and will not be deleted
2026-02-17 23:10:22,775 HealthCheck                      Error    File in use F:\Program Files (x86)\Websense\Data Security\/./Data-Batch-Server/service-container/container/logs/dbs\hibernate.log and will not be deleted
2026-02-17 23:10:22,775 HealthCheck                      Error    File in use F:\Program Files (x86)\Websense\Data Security\/./Data-Batch-Server/service-container/container/logs/dbs\jetty.log and will not be deleted
2026-02-17 23:10:22,775 HealthCheck                      Error    File in use F:\Program Files (x86)\Websense\Data Security\/./Data-Batch-Server/service-container/container/logs/dbs\ldap.log and will not be deleted
2026-02-17 23:10:22,775 HealthCheck                      Error    File in use F:\Program Files (x86)\Websense\Data Security\/./Data-Batch-Server/service-container/container/logs/dbs\rap.log and will not be deleted
2026-02-17 23:10:22,775 HealthCheck                      Error    File in use F:\Program Files (x86)\Websense\Data Security\/./Data-Batch-Server/service-container/container/logs/dbs\spring.log and will not be deleted
2026-02-17 23:10:22,790 HealthCheck                      Error    File in use F:\Program Files (x86)\Websense\Data Security\/./Data-Batch-Server/service-container/container/logs/dbs\telemetry.log and will not be deleted
2026-02-17 23:10:22,790 HealthCheck                      Error    File in use F:\Program Files (x86)\Websense\Data Security\/./Data-Batch-Server/service-container/container/logs/rap-etl\rap-etl-all.log and will not be deleted
2026-02-17 23:10:22,790 HealthCheck                      Error    File in use F:\Program Files (x86)\Websense\Data Security\/./Data-Batch-Server/service-container/container/logs/service_logs\DSSBatchServer.2025-12-02.log and will not be deleted
2026-02-18 23:10:22,212 HealthCheck                      Error    File in use F:\Program Files (x86)\Websense\Data Security\/./Logs\Scripts_PE.log and will not be deleted
2026-02-18 23:10:22,216 HealthCheck                      Error    File in use F:\Program Files (x86)\Websense\Data Security\/./EPS_CAMEL/data/service_logs\epsconnector-stderr.2025-12-02.log and will not be deleted
2026-02-18 23:10:22,217 HealthCheck                      Error    File in use F:\Program Files (x86)\Websense\Data Security\/./EPS_CAMEL/data/service_logs\epsconnector-stdout.2025-12-02.log and will not be deleted
2026-02-18 23:10:22,218 HealthCheck                      Error    File in use F:\Program Files (x86)\Websense\Data Security\/./EPS_CAMEL/data/service_logs\EPSConnector.2025-12-02.log and will not be deleted
2026-02-18 23:10:22,221 HealthCheck                      Error    File in use F:\Program Files (x86)\Websense\Data Security\/./tomcat/logs/dlp\dlp-login.log and will not be deleted
2026-02-18 23:10:22,223 HealthCheck                      Error    File in use F:\Program Files (x86)\Websense\Data Security\/./tomcat/logs/dlp\dlp-policies-import-export.log and will not be deleted
2026-02-18 23:10:22,224 HealthCheck                      Error    File in use F:\Program Files (x86)\Websense\Data Security\/./tomcat/logs/dlp\dlp-spring.log and will not be deleted
2026-02-18 23:10:22,225 HealthCheck                      Error    File in use F:\Program Files (x86)\Websense\Data Security\/./tomcat/logs/dlp\dlp-tomcat.log and will not be deleted
2026-02-18 23:10:22,227 HealthCheck                      Error    File in use F:\Program Files (x86)\Websense\Data Security\/./tomcat/logs/dlp\policy_update.log and will not be deleted
2026-02-18 23:10:22,228 HealthCheck                      Error    File in use F:\Program Files (x86)\Websense\Data Security\/./tomcat/logs/forensics\forensics-spring.log and will not be deleted
2026-02-18 23:10:22,229 HealthCheck                      Error    File in use F:\Program Files (x86)\Websense\Data Security\/./tomcat/logs/forensics\forensics-tomcat.log and will not be deleted
2026-02-18 23:10:22,230 HealthCheck                      Error    File in use F:\Program Files (x86)\Websense\Data Security\/./tomcat/logs/tomcat\all.log and will not be deleted
2026-02-18 23:10:22,233 HealthCheck                      Error    File in use F:\Program Files (x86)\Websense\Data Security\/./Data-Batch-Server/service-container/container/logs/dbs\ae.log and will not be deleted
2026-02-18 23:10:22,234 HealthCheck                      Error    File in use F:\Program Files (x86)\Websense\Data Security\/./Data-Batch-Server/service-container/container/logs/dbs\endpoint.log and will not be deleted
2026-02-18 23:10:22,236 HealthCheck                      Error    File in use F:\Program Files (x86)\Websense\Data Security\/./Data-Batch-Server/service-container/container/logs/dbs\events.log and will not be deleted
2026-02-18 23:10:22,237 HealthCheck                      Error    File in use F:\Program Files (x86)\Websense\Data Security\/./Data-Batch-Server/service-container/container/logs/dbs\hibernate.log and will not be deleted
2026-02-18 23:10:22,238 HealthCheck                      Error    File in use F:\Program Files (x86)\Websense\Data Security\/./Data-Batch-Server/service-container/container/logs/dbs\jetty.log and will not be deleted
2026-02-18 23:10:22,239 HealthCheck                      Error    File in use F:\Program Files (x86)\Websense\Data Security\/./Data-Batch-Server/service-container/container/logs/dbs\ldap.log and will not be deleted
2026-02-18 23:10:22,240 HealthCheck                      Error    File in use F:\Program Files (x86)\Websense\Data Security\/./Data-Batch-Server/service-container/container/logs/dbs\rap.log and will not be deleted
2026-02-18 23:10:22,241 HealthCheck                      Error    File in use F:\Program Files (x86)\Websense\Data Security\/./Data-Batch-Server/service-container/container/logs/dbs\spring.log and will not be deleted
2026-02-18 23:10:22,242 HealthCheck                      Error    File in use F:\Program Files (x86)\Websense\Data Security\/./Data-Batch-Server/service-container/container/logs/dbs\telemetry.log and will not be deleted
2026-02-18 23:10:22,243 HealthCheck                      Error    File in use F:\Program Files (x86)\Websense\Data Security\/./Data-Batch-Server/service-container/container/logs/rap-etl\rap-etl-all.log and will not be deleted
2026-02-18 23:10:22,246 HealthCheck                      Error    File in use F:\Program Files (x86)\Websense\Data Security\/./Data-Batch-Server/service-container/container/logs/service_logs\DSSBatchServer.2025-12-02.log and will not be deleted
2026-02-19 23:10:23,275 HealthCheck                      Error    File in use F:\Program Files (x86)\Websense\Data Security\/./Logs\Scripts_PE.log and will not be deleted
2026-02-19 23:10:23,280 HealthCheck                      Error    File in use F:\Program Files (x86)\Websense\Data Security\/./EPS_CAMEL/data/service_logs\epsconnector-stderr.2025-12-02.log and will not be deleted
2026-02-19 23:10:23,281 HealthCheck                      Error    File in use F:\Program Files (x86)\Websense\Data Security\/./EPS_CAMEL/data/service_logs\epsconnector-stdout.2025-12-02.log and will not be deleted
2026-02-19 23:10:23,282 HealthCheck                      Error    File in use F:\Program Files (x86)\Websense\Data Security\/./EPS_CAMEL/data/service_logs\EPSConnector.2025-12-02.log and will not be deleted
2026-02-19 23:10:23,286 HealthCheck                      Error    File in use F:\Program Files (x86)\Websense\Data Security\/./tomcat/logs/dlp\dlp-login.log and will not be deleted
2026-02-19 23:10:23,287 HealthCheck                      Error    File in use F:\Program Files (x86)\Websense\Data Security\/./tomcat/logs/dlp\dlp-policies-import-export.log and will not be deleted
2026-02-19 23:10:23,290 HealthCheck                      Error    File in use F:\Program Files (x86)\Websense\Data Security\/./tomcat/logs/dlp\dlp-spring.log and will not be deleted
2026-02-19 23:10:23,291 HealthCheck                      Error    File in use F:\Program Files (x86)\Websense\Data Security\/./tomcat/logs/dlp\dlp-tomcat.log and will not be deleted
2026-02-19 23:10:23,292 HealthCheck                      Error    File in use F:\Program Files (x86)\Websense\Data Security\/./tomcat/logs/dlp\policy_update.log and will not be deleted
2026-02-19 23:10:23,293 HealthCheck                      Error    File in use F:\Program Files (x86)\Websense\Data Security\/./tomcat/logs/forensics\forensics-spring.log and will not be deleted
2026-02-19 23:10:23,294 HealthCheck                      Error    File in use F:\Program Files (x86)\Websense\Data Security\/./tomcat/logs/forensics\forensics-tomcat.log and will not be deleted
2026-02-19 23:10:23,295 HealthCheck                      Error    File in use F:\Program Files (x86)\Websense\Data Security\/./tomcat/logs/tomcat\all.log and will not be deleted
2026-02-19 23:10:23,297 HealthCheck                      Error    File in use F:\Program Files (x86)\Websense\Data Security\/./Data-Batch-Server/service-container/container/logs/dbs\ae.log and will not be deleted
2026-02-19 23:10:23,299 HealthCheck                      Error    File in use F:\Program Files (x86)\Websense\Data Security\/./Data-Batch-Server/service-container/container/logs/dbs\endpoint.log and will not be deleted
2026-02-19 23:10:23,300 HealthCheck                      Error    File in use F:\Program Files (x86)\Websense\Data Security\/./Data-Batch-Server/service-container/container/logs/dbs\events.log and will not be deleted
2026-02-19 23:10:23,301 HealthCheck                      Error    File in use F:\Program Files (x86)\Websense\Data Security\/./Data-Batch-Server/service-container/container/logs/dbs\hibernate.log and will not be deleted
2026-02-19 23:10:23,302 HealthCheck                      Error    File in use F:\Program Files (x86)\Websense\Data Security\/./Data-Batch-Server/service-container/container/logs/dbs\jetty.log and will not be deleted
2026-02-19 23:10:23,306 HealthCheck                      Error    File in use F:\Program Files (x86)\Websense\Data Security\/./Data-Batch-Server/service-container/container/logs/dbs\ldap.log and will not be deleted
2026-02-19 23:10:23,307 HealthCheck                      Error    File in use F:\Program Files (x86)\Websense\Data Security\/./Data-Batch-Server/service-container/container/logs/dbs\rap.log and will not be deleted
2026-02-19 23:10:23,308 HealthCheck                      Error    File in use F:\Program Files (x86)\Websense\Data Security\/./Data-Batch-Server/service-container/container/logs/dbs\spring.log and will not be deleted
2026-02-19 23:10:23,309 HealthCheck                      Error    File in use F:\Program Files (x86)\Websense\Data Security\/./Data-Batch-Server/service-container/container/logs/dbs\telemetry.log and will not be deleted
2026-02-19 23:10:23,310 HealthCheck                      Error    File in use F:\Program Files (x86)\Websense\Data Security\/./Data-Batch-Server/service-container/container/logs/rap-etl\rap-etl-all.log and will not be deleted
2026-02-19 23:10:23,311 HealthCheck                      Error    File in use F:\Program Files (x86)\Websense\Data Security\/./Data-Batch-Server/service-container/container/logs/service_logs\DSSBatchServer.2025-12-02.log and will not be deleted
2026-02-20 23:10:23,820 HealthCheck                      Error    File in use F:\Program Files (x86)\Websense\Data Security\/./Logs\Scripts_PE.log and will not be deleted
2026-02-20 23:10:23,825 HealthCheck                      Error    File in use F:\Program Files (x86)\Websense\Data Security\/./EPS_CAMEL/data/service_logs\epsconnector-stderr.2025-12-02.log and will not be deleted
2026-02-20 23:10:23,826 HealthCheck                      Error    File in use F:\Program Files (x86)\Websense\Data Security\/./EPS_CAMEL/data/service_logs\epsconnector-stdout.2025-12-02.log and will not be deleted
2026-02-20 23:10:23,827 HealthCheck                      Error    File in use F:\Program Files (x86)\Websense\Data Security\/./EPS_CAMEL/data/service_logs\EPSConnector.2025-12-02.log and will not be deleted
2026-02-20 23:10:23,831 HealthCheck                      Error    File in use F:\Program Files (x86)\Websense\Data Security\/./tomcat/logs/dlp\dlp-login.log and will not be deleted
2026-02-20 23:10:23,833 HealthCheck                      Error    File in use F:\Program Files (x86)\Websense\Data Security\/./tomcat/logs/dlp\dlp-policies-import-export.log and will not be deleted
2026-02-20 23:10:23,836 HealthCheck                      Error    File in use F:\Program Files (x86)\Websense\Data Security\/./tomcat/logs/dlp\dlp-spring.log and will not be deleted
2026-02-20 23:10:23,837 HealthCheck                      Error    File in use F:\Program Files (x86)\Websense\Data Security\/./tomcat/logs/dlp\dlp-tomcat.log and will not be deleted
2026-02-20 23:10:23,838 HealthCheck                      Error    File in use F:\Program Files (x86)\Websense\Data Security\/./tomcat/logs/dlp\policy_update.log and will not be deleted
2026-02-20 23:10:23,840 HealthCheck                      Error    File in use F:\Program Files (x86)\Websense\Data Security\/./tomcat/logs/forensics\forensics-spring.log and will not be deleted
2026-02-20 23:10:23,841 HealthCheck                      Error    File in use F:\Program Files (x86)\Websense\Data Security\/./tomcat/logs/forensics\forensics-tomcat.log and will not be deleted
2026-02-20 23:10:23,843 HealthCheck                      Error    File in use F:\Program Files (x86)\Websense\Data Security\/./tomcat/logs/tomcat\all.log and will not be deleted
2026-02-20 23:10:23,845 HealthCheck                      Error    File in use F:\Program Files (x86)\Websense\Data Security\/./Data-Batch-Server/service-container/container/logs/dbs\ae.log and will not be deleted
2026-02-20 23:10:23,848 HealthCheck                      Error    File in use F:\Program Files (x86)\Websense\Data Security\/./Data-Batch-Server/service-container/container/logs/dbs\endpoint.log and will not be deleted
2026-02-20 23:10:23,849 HealthCheck                      Error    File in use F:\Program Files (x86)\Websense\Data Security\/./Data-Batch-Server/service-container/container/logs/dbs\events.log and will not be deleted
2026-02-20 23:10:23,850 HealthCheck                      Error    File in use F:\Program Files (x86)\Websense\Data Security\/./Data-Batch-Server/service-container/container/logs/dbs\hibernate.log and will not be deleted
2026-02-20 23:10:23,851 HealthCheck                      Error    File in use F:\Program Files (x86)\Websense\Data Security\/./Data-Batch-Server/service-container/container/logs/dbs\jetty.log and will not be deleted
2026-02-20 23:10:23,852 HealthCheck                      Error    File in use F:\Program Files (x86)\Websense\Data Security\/./Data-Batch-Server/service-container/container/logs/dbs\ldap.log and will not be deleted
2026-02-20 23:10:23,854 HealthCheck                      Error    File in use F:\Program Files (x86)\Websense\Data Security\/./Data-Batch-Server/service-container/container/logs/dbs\rap.log and will not be deleted
2026-02-20 23:10:23,855 HealthCheck                      Error    File in use F:\Program Files (x86)\Websense\Data Security\/./Data-Batch-Server/service-container/container/logs/dbs\spring.log and will not be deleted
2026-02-20 23:10:23,856 HealthCheck                      Error    File in use F:\Program Files (x86)\Websense\Data Security\/./Data-Batch-Server/service-container/container/logs/dbs\telemetry.log and will not be deleted
2026-02-20 23:10:23,857 HealthCheck                      Error    File in use F:\Program Files (x86)\Websense\Data Security\/./Data-Batch-Server/service-container/container/logs/rap-etl\rap-etl-all.log and will not be deleted
2026-02-20 23:10:23,858 HealthCheck                      Error    File in use F:\Program Files (x86)\Websense\Data Security\/./Data-Batch-Server/service-container/container/logs/service_logs\DSSBatchServer.2025-12-02.log and will not be deleted
2026-02-21 23:10:23,112 HealthCheck                      Error    File in use F:\Program Files (x86)\Websense\Data Security\/./Logs\Scripts_PE.log and will not be deleted
2026-02-21 23:10:23,117 HealthCheck                      Error    File in use F:\Program Files (x86)\Websense\Data Security\/./EPS_CAMEL/data/service_logs\epsconnector-stderr.2025-12-02.log and will not be deleted
2026-02-21 23:10:23,119 HealthCheck                      Error    File in use F:\Program Files (x86)\Websense\Data Security\/./EPS_CAMEL/data/service_logs\epsconnector-stdout.2025-12-02.log and will not be deleted
2026-02-21 23:10:23,120 HealthCheck                      Error    File in use F:\Program Files (x86)\Websense\Data Security\/./EPS_CAMEL/data/service_logs\EPSConnector.2025-12-02.log and will not be deleted
2026-02-21 23:10:23,125 HealthCheck                      Error    File in use F:\Program Files (x86)\Websense\Data Security\/./tomcat/logs/dlp\dlp-login.log and will not be deleted
2026-02-21 23:10:23,128 HealthCheck                      Error    File in use F:\Program Files (x86)\Websense\Data Security\/./tomcat/logs/dlp\dlp-policies-import-export.log and will not be deleted
2026-02-21 23:10:23,131 HealthCheck                      Error    File in use F:\Program Files (x86)\Websense\Data Security\/./tomcat/logs/dlp\dlp-spring.log and will not be deleted
2026-02-21 23:10:23,132 HealthCheck                      Error    File in use F:\Program Files (x86)\Websense\Data Security\/./tomcat/logs/dlp\dlp-tomcat.log and will not be deleted
2026-02-21 23:10:23,134 HealthCheck                      Error    File in use F:\Program Files (x86)\Websense\Data Security\/./tomcat/logs/dlp\policy_update.log and will not be deleted
2026-02-21 23:10:23,137 HealthCheck                      Error    File in use F:\Program Files (x86)\Websense\Data Security\/./tomcat/logs/forensics\forensics-spring.log and will not be deleted
2026-02-21 23:10:23,138 HealthCheck                      Error    File in use F:\Program Files (x86)\Websense\Data Security\/./tomcat/logs/forensics\forensics-tomcat.log and will not be deleted
2026-02-21 23:10:23,141 HealthCheck                      Error    File in use F:\Program Files (x86)\Websense\Data Security\/./tomcat/logs/tomcat\all.log and will not be deleted
2026-02-21 23:10:23,144 HealthCheck                      Error    File in use F:\Program Files (x86)\Websense\Data Security\/./Data-Batch-Server/service-container/container/logs/dbs\ae.log and will not be deleted
2026-02-21 23:10:23,147 HealthCheck                      Error    File in use F:\Program Files (x86)\Websense\Data Security\/./Data-Batch-Server/service-container/container/logs/dbs\endpoint.log and will not be deleted
2026-02-21 23:10:23,149 HealthCheck                      Error    File in use F:\Program Files (x86)\Websense\Data Security\/./Data-Batch-Server/service-container/container/logs/dbs\events.log and will not be deleted
2026-02-21 23:10:23,151 HealthCheck                      Error    File in use F:\Program Files (x86)\Websense\Data Security\/./Data-Batch-Server/service-container/container/logs/dbs\hibernate.log and will not be deleted
2026-02-21 23:10:23,153 HealthCheck                      Error    File in use F:\Program Files (x86)\Websense\Data Security\/./Data-Batch-Server/service-container/container/logs/dbs\jetty.log and will not be deleted
2026-02-21 23:10:23,154 HealthCheck                      Error    File in use F:\Program Files (x86)\Websense\Data Security\/./Data-Batch-Server/service-container/container/logs/dbs\ldap.log and will not be deleted
2026-02-21 23:10:23,156 HealthCheck                      Error    File in use F:\Program Files (x86)\Websense\Data Security\/./Data-Batch-Server/service-container/container/logs/dbs\rap.log and will not be deleted
2026-02-21 23:10:23,157 HealthCheck                      Error    File in use F:\Program Files (x86)\Websense\Data Security\/./Data-Batch-Server/service-container/container/logs/dbs\spring.log and will not be deleted
2026-02-21 23:10:23,159 HealthCheck                      Error    File in use F:\Program Files (x86)\Websense\Data Security\/./Data-Batch-Server/service-container/container/logs/dbs\telemetry.log and will not be deleted
2026-02-21 23:10:23,161 HealthCheck                      Error    File in use F:\Program Files (x86)\Websense\Data Security\/./Data-Batch-Server/service-container/container/logs/rap-etl\rap-etl-all.log and will not be deleted
2026-02-21 23:10:23,162 HealthCheck                      Error    File in use F:\Program Files (x86)\Websense\Data Security\/./Data-Batch-Server/service-container/container/logs/service_logs\DSSBatchServer.2025-12-02.log and will not be deleted
2026-02-22 01:15:09,623 HealthCheck                      Error    DSSMessageBroker:Result from 'Service Health Check Status' is FAILED, as of status file [incidentServiceDiscovery.txt]
2026-02-22 01:15:09,625 HealthCheck                      Error    DSSMessageBroker: restarting DSSMessageBroker
2026-02-22 01:15:09,627 HealthCheck                      Error    Stopping process: DSSMessageBroker
2026-02-22 01:15:12,408 Utils.SystemLogging              Error    [Th:MainThread] Posting error to system Log
2026-02-22 01:15:12,410 Utils.SystemLogging              Error    [Th:MainThread] Posted error to system Log
2026-02-22 01:15:20,486 HealthCheck                      Error    DSSMessageBroker: starting DSSMessageBroker
2026-02-22 01:15:33,230 Utils.SystemLogging              Error    [Th:MainThread] Posting error to system Log
2026-02-22 01:15:33,232 Utils.SystemLogging              Error    [Th:MainThread] Posted error to system Log
2026-02-22 01:15:56,043 HealthCheck                      Error    DSSBatchServer: Result from 'Service Health Check Status' is FAILED, as of status file [incidentServiceDiscovery.txt]
2026-02-22 01:15:56,045 HealthCheck                      Error    DSSBatchServer: restarting the DSSBatchServer
2026-02-22 01:15:56,047 HealthCheck                      Error    Stopping process: DSSBatchServer
2026-02-22 01:15:58,679 Utils.SystemLogging              Error    [Th:MainThread] Posting error to system Log
2026-02-22 01:15:58,682 Utils.SystemLogging              Error    [Th:MainThread] Posted error to system Log
2026-02-22 01:16:11,756 HealthCheck                      Error    DSSBatchServer: starting the DSSBatchServer
2026-02-22 01:16:21,860 Utils.SystemLogging              Error    [Th:MainThread] Posting error to system Log
2026-02-22 01:16:21,862 Utils.SystemLogging              Error    [Th:MainThread] Posted error to system Log
2026-02-22 01:16:21,864 HealthCheck                      Error    DSSBatchServer:Updating [aeHealthDiscovery.yaml] status to ANALYZED
2026-02-22 01:16:21,876 HealthCheck                      Error    DSSBatchServer:Updating [incidentServiceDiscovery.txt] status to ANALYZED
2026-02-22 23:10:22,797 HealthCheck                      Error    File in use F:\Program Files (x86)\Websense\Data Security\/./Logs\Scripts_PE.log and will not be deleted
2026-02-22 23:10:22,797 HealthCheck                      Error    File in use F:\Program Files (x86)\Websense\Data Security\/./EPS_CAMEL/data/service_logs\epsconnector-stderr.2025-12-02.log and will not be deleted
2026-02-22 23:10:22,797 HealthCheck                      Error    File in use F:\Program Files (x86)\Websense\Data Security\/./EPS_CAMEL/data/service_logs\epsconnector-stdout.2025-12-02.log and will not be deleted
2026-02-22 23:10:22,812 HealthCheck                      Error    File in use F:\Program Files (x86)\Websense\Data Security\/./EPS_CAMEL/data/service_logs\EPSConnector.2025-12-02.log and will not be deleted
2026-02-22 23:10:22,812 HealthCheck                      Error    File in use F:\Program Files (x86)\Websense\Data Security\/./tomcat/logs/dlp\dlp-login.log and will not be deleted
2026-02-22 23:10:22,812 HealthCheck                      Error    File in use F:\Program Files (x86)\Websense\Data Security\/./tomcat/logs/dlp\dlp-policies-import-export.log and will not be deleted
2026-02-22 23:10:22,812 HealthCheck                      Error    File in use F:\Program Files (x86)\Websense\Data Security\/./tomcat/logs/dlp\dlp-tomcat.log and will not be deleted
2026-02-22 23:10:22,812 HealthCheck                      Error    File in use F:\Program Files (x86)\Websense\Data Security\/./tomcat/logs/dlp\policy_update.log and will not be deleted
2026-02-22 23:10:22,828 HealthCheck                      Error    File in use F:\Program Files (x86)\Websense\Data Security\/./tomcat/logs/forensics\forensics-spring.log and will not be deleted
2026-02-22 23:10:22,828 HealthCheck                      Error    File in use F:\Program Files (x86)\Websense\Data Security\/./tomcat/logs/forensics\forensics-tomcat.log and will not be deleted
2026-02-22 23:10:22,828 HealthCheck                      Error    File in use F:\Program Files (x86)\Websense\Data Security\/./tomcat/logs/tomcat\all.log and will not be deleted
2026-02-22 23:10:22,828 HealthCheck                      Error    File in use F:\Program Files (x86)\Websense\Data Security\/./Data-Batch-Server/service-container/container/logs/dbs\ae.log and will not be deleted
2026-02-22 23:10:22,828 HealthCheck                      Error    File in use F:\Program Files (x86)\Websense\Data Security\/./Data-Batch-Server/service-container/container/logs/dbs\endpoint.log and will not be deleted
2026-02-22 23:10:22,828 HealthCheck                      Error    File in use F:\Program Files (x86)\Websense\Data Security\/./Data-Batch-Server/service-container/container/logs/dbs\events.log and will not be deleted
2026-02-22 23:10:22,843 HealthCheck                      Error    File in use F:\Program Files (x86)\Websense\Data Security\/./Data-Batch-Server/service-container/container/logs/dbs\ldap.log and will not be deleted
2026-02-22 23:10:22,843 HealthCheck                      Error    File in use F:\Program Files (x86)\Websense\Data Security\/./Data-Batch-Server/service-container/container/logs/dbs\rap.log and will not be deleted
2026-02-22 23:10:22,843 HealthCheck                      Error    File in use F:\Program Files (x86)\Websense\Data Security\/./Data-Batch-Server/service-container/container/logs/dbs\spring.log and will not be deleted
2026-02-22 23:10:22,843 HealthCheck                      Error    File in use F:\Program Files (x86)\Websense\Data Security\/./Data-Batch-Server/service-container/container/logs/dbs\telemetry.log and will not be deleted
2026-02-23 00:00:15,422 HealthCheck                      Error    Cannot read file StateMachinePolicyEngine.pickle
2026-02-23 23:10:22,301 HealthCheck                      Error    File in use F:\Program Files (x86)\Websense\Data Security\/./Logs\Scripts_PE.log and will not be deleted
2026-02-23 23:10:22,304 HealthCheck                      Error    File in use F:\Program Files (x86)\Websense\Data Security\/./EPS_CAMEL/data/service_logs\epsconnector-stderr.2025-12-02.log and will not be deleted
2026-02-23 23:10:22,306 HealthCheck                      Error    File in use F:\Program Files (x86)\Websense\Data Security\/./EPS_CAMEL/data/service_logs\epsconnector-stdout.2025-12-02.log and will not be deleted
2026-02-23 23:10:22,307 HealthCheck                      Error    File in use F:\Program Files (x86)\Websense\Data Security\/./EPS_CAMEL/data/service_logs\EPSConnector.2025-12-02.log and will not be deleted
2026-02-23 23:10:22,311 HealthCheck                      Error    File in use F:\Program Files (x86)\Websense\Data Security\/./tomcat/logs/dlp\dlp-login.log and will not be deleted
2026-02-23 23:10:22,313 HealthCheck                      Error    File in use F:\Program Files (x86)\Websense\Data Security\/./tomcat/logs/dlp\dlp-policies-import-export.log and will not be deleted
2026-02-23 23:10:22,315 HealthCheck                      Error    File in use F:\Program Files (x86)\Websense\Data Security\/./tomcat/logs/dlp\dlp-tomcat.log and will not be deleted
2026-02-23 23:10:22,317 HealthCheck                      Error    File in use F:\Program Files (x86)\Websense\Data Security\/./tomcat/logs/dlp\policy_update.log and will not be deleted
2026-02-23 23:10:22,319 HealthCheck                      Error    File in use F:\Program Files (x86)\Websense\Data Security\/./tomcat/logs/forensics\forensics-spring.log and will not be deleted
2026-02-23 23:10:22,320 HealthCheck                      Error    File in use F:\Program Files (x86)\Websense\Data Security\/./tomcat/logs/forensics\forensics-tomcat.log and will not be deleted
2026-02-23 23:10:22,321 HealthCheck                      Error    File in use F:\Program Files (x86)\Websense\Data Security\/./tomcat/logs/tomcat\all.log and will not be deleted
2026-02-23 23:10:22,324 HealthCheck                      Error    File in use F:\Program Files (x86)\Websense\Data Security\/./Data-Batch-Server/service-container/container/logs/dbs\ae.log and will not be deleted
2026-02-23 23:10:22,326 HealthCheck                      Error    File in use F:\Program Files (x86)\Websense\Data Security\/./Data-Batch-Server/service-container/container/logs/dbs\endpoint.log and will not be deleted
2026-02-23 23:10:22,327 HealthCheck                      Error    File in use F:\Program Files (x86)\Websense\Data Security\/./Data-Batch-Server/service-container/container/logs/dbs\events.log and will not be deleted
2026-02-23 23:10:22,329 HealthCheck                      Error    File in use F:\Program Files (x86)\Websense\Data Security\/./Data-Batch-Server/service-container/container/logs/dbs\ldap.log and will not be deleted
2026-02-23 23:10:22,330 HealthCheck                      Error    File in use F:\Program Files (x86)\Websense\Data Security\/./Data-Batch-Server/service-container/container/logs/dbs\rap.log and will not be deleted
2026-02-23 23:10:22,331 HealthCheck                      Error    File in use F:\Program Files (x86)\Websense\Data Security\/./Data-Batch-Server/service-container/container/logs/dbs\spring.log and will not be deleted
2026-02-23 23:10:22,332 HealthCheck                      Error    File in use F:\Program Files (x86)\Websense\Data Security\/./Data-Batch-Server/service-container/container/logs/dbs\telemetry.log and will not be deleted
2026-02-24 23:10:23,006 HealthCheck                      Error    File in use F:\Program Files (x86)\Websense\Data Security\/./Logs\Scripts_PE.log and will not be deleted
2026-02-24 23:10:23,011 HealthCheck                      Error    File in use F:\Program Files (x86)\Websense\Data Security\/./EPS_CAMEL/data/service_logs\epsconnector-stderr.2025-12-02.log and will not be deleted
2026-02-24 23:10:23,014 HealthCheck                      Error    File in use F:\Program Files (x86)\Websense\Data Security\/./EPS_CAMEL/data/service_logs\epsconnector-stdout.2025-12-02.log and will not be deleted
2026-02-24 23:10:23,016 HealthCheck                      Error    File in use F:\Program Files (x86)\Websense\Data Security\/./EPS_CAMEL/data/service_logs\EPSConnector.2025-12-02.log and will not be deleted
2026-02-24 23:10:23,019 HealthCheck                      Error    File in use F:\Program Files (x86)\Websense\Data Security\/./tomcat/logs/dlp\dlp-login.log and will not be deleted
2026-02-24 23:10:23,021 HealthCheck                      Error    File in use F:\Program Files (x86)\Websense\Data Security\/./tomcat/logs/dlp\dlp-policies-import-export.log and will not be deleted
2026-02-24 23:10:23,023 HealthCheck                      Error    File in use F:\Program Files (x86)\Websense\Data Security\/./tomcat/logs/dlp\dlp-tomcat.log and will not be deleted
2026-02-24 23:10:23,026 HealthCheck                      Error    File in use F:\Program Files (x86)\Websense\Data Security\/./tomcat/logs/dlp\policy_update.log and will not be deleted
2026-02-24 23:10:23,030 HealthCheck                      Error    File in use F:\Program Files (x86)\Websense\Data Security\/./tomcat/logs/forensics\forensics-spring.log and will not be deleted
2026-02-24 23:10:23,032 HealthCheck                      Error    File in use F:\Program Files (x86)\Websense\Data Security\/./tomcat/logs/forensics\forensics-tomcat.log and will not be deleted
2026-02-24 23:10:23,034 HealthCheck                      Error    File in use F:\Program Files (x86)\Websense\Data Security\/./tomcat/logs/tomcat\all.log and will not be deleted
2026-02-24 23:10:23,038 HealthCheck                      Error    File in use F:\Program Files (x86)\Websense\Data Security\/./Data-Batch-Server/service-container/container/logs/dbs\ae.log and will not be deleted
2026-02-24 23:10:23,040 HealthCheck                      Error    File in use F:\Program Files (x86)\Websense\Data Security\/./Data-Batch-Server/service-container/container/logs/dbs\endpoint.log and will not be deleted
2026-02-24 23:10:23,042 HealthCheck                      Error    File in use F:\Program Files (x86)\Websense\Data Security\/./Data-Batch-Server/service-container/container/logs/dbs\events.log and will not be deleted
2026-02-24 23:10:23,043 HealthCheck                      Error    File in use F:\Program Files (x86)\Websense\Data Security\/./Data-Batch-Server/service-container/container/logs/dbs\ldap.log and will not be deleted
2026-02-24 23:10:23,044 HealthCheck                      Error    File in use F:\Program Files (x86)\Websense\Data Security\/./Data-Batch-Server/service-container/container/logs/dbs\rap.log and will not be deleted
2026-02-24 23:10:23,045 HealthCheck                      Error    File in use F:\Program Files (x86)\Websense\Data Security\/./Data-Batch-Server/service-container/container/logs/dbs\spring.log and will not be deleted
2026-02-24 23:10:23,046 HealthCheck                      Error    File in use F:\Program Files (x86)\Websense\Data Security\/./Data-Batch-Server/service-container/container/logs/dbs\telemetry.log and will not be deleted
2026-02-25 23:10:23,674 HealthCheck                      Error    File in use F:\Program Files (x86)\Websense\Data Security\/./Logs\Scripts_PE.log and will not be deleted
2026-02-25 23:10:23,678 HealthCheck                      Error    File in use F:\Program Files (x86)\Websense\Data Security\/./EPS_CAMEL/data/service_logs\epsconnector-stderr.2025-12-02.log and will not be deleted
2026-02-25 23:10:23,680 HealthCheck                      Error    File in use F:\Program Files (x86)\Websense\Data Security\/./EPS_CAMEL/data/service_logs\epsconnector-stdout.2025-12-02.log and will not be deleted
2026-02-25 23:10:23,681 HealthCheck                      Error    File in use F:\Program Files (x86)\Websense\Data Security\/./EPS_CAMEL/data/service_logs\EPSConnector.2025-12-02.log and will not be deleted
2026-02-25 23:10:23,686 HealthCheck                      Error    File in use F:\Program Files (x86)\Websense\Data Security\/./tomcat/logs/dlp\dlp-login.log and will not be deleted
2026-02-25 23:10:23,688 HealthCheck                      Error    File in use F:\Program Files (x86)\Websense\Data Security\/./tomcat/logs/dlp\dlp-policies-import-export.log and will not be deleted
2026-02-25 23:10:23,689 HealthCheck                      Error    File in use F:\Program Files (x86)\Websense\Data Security\/./tomcat/logs/dlp\dlp-tomcat.log and will not be deleted
2026-02-25 23:10:23,690 HealthCheck                      Error    File in use F:\Program Files (x86)\Websense\Data Security\/./tomcat/logs/dlp\policy_update.log and will not be deleted
2026-02-25 23:10:23,692 HealthCheck                      Error    File in use F:\Program Files (x86)\Websense\Data Security\/./tomcat/logs/forensics\forensics-spring.log and will not be deleted
2026-02-25 23:10:23,693 HealthCheck                      Error    File in use F:\Program Files (x86)\Websense\Data Security\/./tomcat/logs/forensics\forensics-tomcat.log and will not be deleted
2026-02-25 23:10:23,695 HealthCheck                      Error    File in use F:\Program Files (x86)\Websense\Data Security\/./tomcat/logs/tomcat\all.log and will not be deleted
2026-02-25 23:10:23,697 HealthCheck                      Error    File in use F:\Program Files (x86)\Websense\Data Security\/./Data-Batch-Server/service-container/container/logs/dbs\ae.log and will not be deleted
2026-02-25 23:10:23,699 HealthCheck                      Error    File in use F:\Program Files (x86)\Websense\Data Security\/./Data-Batch-Server/service-container/container/logs/dbs\endpoint.log and will not be deleted
2026-02-25 23:10:23,701 HealthCheck                      Error    File in use F:\Program Files (x86)\Websense\Data Security\/./Data-Batch-Server/service-container/container/logs/dbs\events.log and will not be deleted
2026-02-25 23:10:23,702 HealthCheck                      Error    File in use F:\Program Files (x86)\Websense\Data Security\/./Data-Batch-Server/service-container/container/logs/dbs\ldap.log and will not be deleted
2026-02-25 23:10:23,703 HealthCheck                      Error    File in use F:\Program Files (x86)\Websense\Data Security\/./Data-Batch-Server/service-container/container/logs/dbs\rap.log and will not be deleted
2026-02-25 23:10:23,704 HealthCheck                      Error    File in use F:\Program Files (x86)\Websense\Data Security\/./Data-Batch-Server/service-container/container/logs/dbs\spring.log and will not be deleted
2026-02-25 23:10:23,705 HealthCheck                      Error    File in use F:\Program Files (x86)\Websense\Data Security\/./Data-Batch-Server/service-container/container/logs/dbs\telemetry.log and will not be deleted
2026-02-26 23:10:22,411 HealthCheck                      Error    File in use F:\Program Files (x86)\Websense\Data Security\/./Logs\Scripts_PE.log and will not be deleted
2026-02-26 23:10:22,416 HealthCheck                      Error    File in use F:\Program Files (x86)\Websense\Data Security\/./EPS_CAMEL/data/service_logs\epsconnector-stderr.2025-12-02.log and will not be deleted
2026-02-26 23:10:22,418 HealthCheck                      Error    File in use F:\Program Files (x86)\Websense\Data Security\/./EPS_CAMEL/data/service_logs\epsconnector-stdout.2025-12-02.log and will not be deleted
2026-02-26 23:10:22,419 HealthCheck                      Error    File in use F:\Program Files (x86)\Websense\Data Security\/./EPS_CAMEL/data/service_logs\EPSConnector.2025-12-02.log and will not be deleted
2026-02-26 23:10:22,422 HealthCheck                      Error    File in use F:\Program Files (x86)\Websense\Data Security\/./tomcat/logs/dlp\dlp-login.log and will not be deleted
2026-02-26 23:10:22,424 HealthCheck                      Error    File in use F:\Program Files (x86)\Websense\Data Security\/./tomcat/logs/dlp\dlp-policies-import-export.log and will not be deleted
2026-02-26 23:10:22,425 HealthCheck                      Error    File in use F:\Program Files (x86)\Websense\Data Security\/./tomcat/logs/dlp\dlp-tomcat.log and will not be deleted
2026-02-26 23:10:22,427 HealthCheck                      Error    File in use F:\Program Files (x86)\Websense\Data Security\/./tomcat/logs/dlp\policy_update.log and will not be deleted
2026-02-26 23:10:22,428 HealthCheck                      Error    File in use F:\Program Files (x86)\Websense\Data Security\/./tomcat/logs/forensics\forensics-spring.log and will not be deleted
2026-02-26 23:10:22,430 HealthCheck                      Error    File in use F:\Program Files (x86)\Websense\Data Security\/./tomcat/logs/forensics\forensics-tomcat.log and will not be deleted
2026-02-26 23:10:22,431 HealthCheck                      Error    File in use F:\Program Files (x86)\Websense\Data Security\/./tomcat/logs/tomcat\all.log and will not be deleted
2026-02-26 23:10:22,433 HealthCheck                      Error    File in use F:\Program Files (x86)\Websense\Data Security\/./Data-Batch-Server/service-container/container/logs/dbs\ae.log and will not be deleted
2026-02-26 23:10:22,434 HealthCheck                      Error    File in use F:\Program Files (x86)\Websense\Data Security\/./Data-Batch-Server/service-container/container/logs/dbs\endpoint.log and will not be deleted
2026-02-26 23:10:22,435 HealthCheck                      Error    File in use F:\Program Files (x86)\Websense\Data Security\/./Data-Batch-Server/service-container/container/logs/dbs\events.log and will not be deleted
2026-02-26 23:10:22,437 HealthCheck                      Error    File in use F:\Program Files (x86)\Websense\Data Security\/./Data-Batch-Server/service-container/container/logs/dbs\ldap.log and will not be deleted
2026-02-26 23:10:22,438 HealthCheck                      Error    File in use F:\Program Files (x86)\Websense\Data Security\/./Data-Batch-Server/service-container/container/logs/dbs\rap.log and will not be deleted
2026-02-26 23:10:22,439 HealthCheck                      Error    File in use F:\Program Files (x86)\Websense\Data Security\/./Data-Batch-Server/service-container/container/logs/dbs\spring.log and will not be deleted
2026-02-26 23:10:22,440 HealthCheck                      Error    File in use F:\Program Files (x86)\Websense\Data Security\/./Data-Batch-Server/service-container/container/logs/dbs\telemetry.log and will not be deleted
2026-02-27 23:10:22,327 HealthCheck                      Error    File in use F:\Program Files (x86)\Websense\Data Security\/./Logs\Scripts_PE.log and will not be deleted
2026-02-27 23:10:22,332 HealthCheck                      Error    File in use F:\Program Files (x86)\Websense\Data Security\/./EPS_CAMEL/data/service_logs\epsconnector-stderr.2025-12-02.log and will not be deleted
2026-02-27 23:10:22,333 HealthCheck                      Error    File in use F:\Program Files (x86)\Websense\Data Security\/./EPS_CAMEL/data/service_logs\epsconnector-stdout.2025-12-02.log and will not be deleted
2026-02-27 23:10:22,334 HealthCheck                      Error    File in use F:\Program Files (x86)\Websense\Data Security\/./EPS_CAMEL/data/service_logs\EPSConnector.2025-12-02.log and will not be deleted
2026-02-27 23:10:22,336 HealthCheck                      Error    File in use F:\Program Files (x86)\Websense\Data Security\/./tomcat/logs/dlp\dlp-login.log and will not be deleted
2026-02-27 23:10:22,338 HealthCheck                      Error    File in use F:\Program Files (x86)\Websense\Data Security\/./tomcat/logs/dlp\dlp-policies-import-export.log and will not be deleted
2026-02-27 23:10:22,339 HealthCheck                      Error    File in use F:\Program Files (x86)\Websense\Data Security\/./tomcat/logs/dlp\dlp-tomcat.log and will not be deleted
2026-02-27 23:10:22,340 HealthCheck                      Error    File in use F:\Program Files (x86)\Websense\Data Security\/./tomcat/logs/dlp\policy_update.log and will not be deleted
2026-02-27 23:10:22,342 HealthCheck                      Error    File in use F:\Program Files (x86)\Websense\Data Security\/./tomcat/logs/forensics\forensics-spring.log and will not be deleted
2026-02-27 23:10:22,343 HealthCheck                      Error    File in use F:\Program Files (x86)\Websense\Data Security\/./tomcat/logs/forensics\forensics-tomcat.log and will not be deleted
2026-02-27 23:10:22,344 HealthCheck                      Error    File in use F:\Program Files (x86)\Websense\Data Security\/./tomcat/logs/tomcat\all.log and will not be deleted
2026-02-27 23:10:22,346 HealthCheck                      Error    File in use F:\Program Files (x86)\Websense\Data Security\/./Data-Batch-Server/service-container/container/logs/dbs\ae.log and will not be deleted
2026-02-27 23:10:22,348 HealthCheck                      Error    File in use F:\Program Files (x86)\Websense\Data Security\/./Data-Batch-Server/service-container/container/logs/dbs\endpoint.log and will not be deleted
2026-02-27 23:10:22,349 HealthCheck                      Error    File in use F:\Program Files (x86)\Websense\Data Security\/./Data-Batch-Server/service-container/container/logs/dbs\events.log and will not be deleted
2026-02-27 23:10:22,350 HealthCheck                      Error    File in use F:\Program Files (x86)\Websense\Data Security\/./Data-Batch-Server/service-container/container/logs/dbs\ldap.log and will not be deleted
2026-02-27 23:10:22,353 HealthCheck                      Error    File in use F:\Program Files (x86)\Websense\Data Security\/./Data-Batch-Server/service-container/container/logs/dbs\rap.log and will not be deleted
2026-02-27 23:10:22,355 HealthCheck                      Error    File in use F:\Program Files (x86)\Websense\Data Security\/./Data-Batch-Server/service-container/container/logs/dbs\spring.log and will not be deleted
2026-02-27 23:10:22,357 HealthCheck                      Error    File in use F:\Program Files (x86)\Websense\Data Security\/./Data-Batch-Server/service-container/container/logs/dbs\telemetry.log and will not be deleted
2026-02-28 23:10:21,531 HealthCheck                      Error    File in use F:\Program Files (x86)\Websense\Data Security\/./Logs\Scripts_PE.log and will not be deleted
2026-02-28 23:10:21,538 HealthCheck                      Error    File in use F:\Program Files (x86)\Websense\Data Security\/./EPS_CAMEL/data/service_logs\epsconnector-stderr.2025-12-02.log and will not be deleted
2026-02-28 23:10:21,540 HealthCheck                      Error    File in use F:\Program Files (x86)\Websense\Data Security\/./EPS_CAMEL/data/service_logs\epsconnector-stdout.2025-12-02.log and will not be deleted
2026-02-28 23:10:21,542 HealthCheck                      Error    File in use F:\Program Files (x86)\Websense\Data Security\/./EPS_CAMEL/data/service_logs\EPSConnector.2025-12-02.log and will not be deleted
2026-02-28 23:10:21,550 HealthCheck                      Error    File in use F:\Program Files (x86)\Websense\Data Security\/./tomcat/logs/dlp\dlp-login.log and will not be deleted
2026-02-28 23:10:21,553 HealthCheck                      Error    File in use F:\Program Files (x86)\Websense\Data Security\/./tomcat/logs/dlp\dlp-policies-import-export.log and will not be deleted
2026-02-28 23:10:21,557 HealthCheck                      Error    File in use F:\Program Files (x86)\Websense\Data Security\/./tomcat/logs/dlp\dlp-tomcat.log and will not be deleted
2026-02-28 23:10:21,558 HealthCheck                      Error    File in use F:\Program Files (x86)\Websense\Data Security\/./tomcat/logs/dlp\policy_update.log and will not be deleted
2026-02-28 23:10:21,564 HealthCheck                      Error    File in use F:\Program Files (x86)\Websense\Data Security\/./tomcat/logs/forensics\forensics-spring.log and will not be deleted
2026-02-28 23:10:21,567 HealthCheck                      Error    File in use F:\Program Files (x86)\Websense\Data Security\/./tomcat/logs/forensics\forensics-tomcat.log and will not be deleted
2026-02-28 23:10:21,568 HealthCheck                      Error    File in use F:\Program Files (x86)\Websense\Data Security\/./tomcat/logs/tomcat\all.log and will not be deleted
2026-02-28 23:10:21,571 HealthCheck                      Error    File in use F:\Program Files (x86)\Websense\Data Security\/./Data-Batch-Server/service-container/container/logs/dbs\ae.log and will not be deleted
2026-02-28 23:10:21,574 HealthCheck                      Error    File in use F:\Program Files (x86)\Websense\Data Security\/./Data-Batch-Server/service-container/container/logs/dbs\endpoint.log and will not be deleted
2026-02-28 23:10:21,575 HealthCheck                      Error    File in use F:\Program Files (x86)\Websense\Data Security\/./Data-Batch-Server/service-container/container/logs/dbs\events.log and will not be deleted
2026-02-28 23:10:21,577 HealthCheck                      Error    File in use F:\Program Files (x86)\Websense\Data Security\/./Data-Batch-Server/service-container/container/logs/dbs\ldap.log and will not be deleted
2026-02-28 23:10:21,578 HealthCheck                      Error    File in use F:\Program Files (x86)\Websense\Data Security\/./Data-Batch-Server/service-container/container/logs/dbs\rap.log and will not be deleted
2026-02-28 23:10:21,579 HealthCheck                      Error    File in use F:\Program Files (x86)\Websense\Data Security\/./Data-Batch-Server/service-container/container/logs/dbs\spring.log and will not be deleted
2026-02-28 23:10:21,581 HealthCheck                      Error    File in use F:\Program Files (x86)\Websense\Data Security\/./Data-Batch-Server/service-container/container/logs/dbs\telemetry.log and will not be deleted
2026-03-01 23:10:21,065 HealthCheck                      Error    File in use F:\Program Files (x86)\Websense\Data Security\/./Logs\Scripts_PE.log and will not be deleted
2026-03-01 23:10:21,068 HealthCheck                      Error    File in use F:\Program Files (x86)\Websense\Data Security\/./EPS_CAMEL/data/service_logs\epsconnector-stderr.2025-12-02.log and will not be deleted
2026-03-01 23:10:21,070 HealthCheck                      Error    File in use F:\Program Files (x86)\Websense\Data Security\/./EPS_CAMEL/data/service_logs\epsconnector-stdout.2025-12-02.log and will not be deleted
2026-03-01 23:10:21,071 HealthCheck                      Error    File in use F:\Program Files (x86)\Websense\Data Security\/./EPS_CAMEL/data/service_logs\EPSConnector.2025-12-02.log and will not be deleted
2026-03-01 23:10:21,074 HealthCheck                      Error    File in use F:\Program Files (x86)\Websense\Data Security\/./tomcat/logs/dlp\dlp-login.log and will not be deleted
2026-03-01 23:10:21,076 HealthCheck                      Error    File in use F:\Program Files (x86)\Websense\Data Security\/./tomcat/logs/dlp\dlp-policies-import-export.log and will not be deleted
2026-03-01 23:10:21,077 HealthCheck                      Error    File in use F:\Program Files (x86)\Websense\Data Security\/./tomcat/logs/dlp\dlp-tomcat.log and will not be deleted
2026-03-01 23:10:21,079 HealthCheck                      Error    File in use F:\Program Files (x86)\Websense\Data Security\/./tomcat/logs/dlp\policy_update.log and will not be deleted
2026-03-01 23:10:21,082 HealthCheck                      Error    File in use F:\Program Files (x86)\Websense\Data Security\/./tomcat/logs/forensics\forensics-spring.log and will not be deleted
2026-03-01 23:10:21,083 HealthCheck                      Error    File in use F:\Program Files (x86)\Websense\Data Security\/./tomcat/logs/forensics\forensics-tomcat.log and will not be deleted
2026-03-01 23:10:21,085 HealthCheck                      Error    File in use F:\Program Files (x86)\Websense\Data Security\/./tomcat/logs/tomcat\all.log and will not be deleted
2026-03-01 23:10:21,088 HealthCheck                      Error    File in use F:\Program Files (x86)\Websense\Data Security\/./Data-Batch-Server/service-container/container/logs/dbs\ae.log and will not be deleted
2026-03-01 23:10:21,092 HealthCheck                      Error    File in use F:\Program Files (x86)\Websense\Data Security\/./Data-Batch-Server/service-container/container/logs/dbs\endpoint.log and will not be deleted
2026-03-01 23:10:21,095 HealthCheck                      Error    File in use F:\Program Files (x86)\Websense\Data Security\/./Data-Batch-Server/service-container/container/logs/dbs\events.log and will not be deleted
2026-03-01 23:10:21,098 HealthCheck                      Error    File in use F:\Program Files (x86)\Websense\Data Security\/./Data-Batch-Server/service-container/container/logs/dbs\ldap.log and will not be deleted
2026-03-01 23:10:21,100 HealthCheck                      Error    File in use F:\Program Files (x86)\Websense\Data Security\/./Data-Batch-Server/service-container/container/logs/dbs\rap.log and will not be deleted
2026-03-01 23:10:21,102 HealthCheck                      Error    File in use F:\Program Files (x86)\Websense\Data Security\/./Data-Batch-Server/service-container/container/logs/dbs\spring.log and will not be deleted
2026-03-01 23:10:21,104 HealthCheck                      Error    File in use F:\Program Files (x86)\Websense\Data Security\/./Data-Batch-Server/service-container/container/logs/dbs\telemetry.log and will not be deleted
2026-03-02 23:10:21,885 HealthCheck                      Error    File in use F:\Program Files (x86)\Websense\Data Security\/./Logs\Scripts_PE.log and will not be deleted
2026-03-02 23:10:21,888 HealthCheck                      Error    File in use F:\Program Files (x86)\Websense\Data Security\/./EPS_CAMEL/data/service_logs\epsconnector-stderr.2025-12-02.log and will not be deleted
2026-03-02 23:10:21,890 HealthCheck                      Error    File in use F:\Program Files (x86)\Websense\Data Security\/./EPS_CAMEL/data/service_logs\epsconnector-stdout.2025-12-02.log and will not be deleted
2026-03-02 23:10:21,891 HealthCheck                      Error    File in use F:\Program Files (x86)\Websense\Data Security\/./EPS_CAMEL/data/service_logs\EPSConnector.2025-12-02.log and will not be deleted
2026-03-02 23:10:21,893 HealthCheck                      Error    File in use F:\Program Files (x86)\Websense\Data Security\/./tomcat/logs/dlp\dlp-login.log and will not be deleted
2026-03-02 23:10:21,896 HealthCheck                      Error    File in use F:\Program Files (x86)\Websense\Data Security\/./tomcat/logs/dlp\dlp-policies-import-export.log and will not be deleted
2026-03-02 23:10:21,899 HealthCheck                      Error    File in use F:\Program Files (x86)\Websense\Data Security\/./tomcat/logs/dlp\dlp-tomcat.log and will not be deleted
2026-03-02 23:10:21,901 HealthCheck                      Error    File in use F:\Program Files (x86)\Websense\Data Security\/./tomcat/logs/dlp\policy_update.log and will not be deleted
2026-03-02 23:10:21,905 HealthCheck                      Error    File in use F:\Program Files (x86)\Websense\Data Security\/./tomcat/logs/forensics\forensics-spring.log and will not be deleted
2026-03-02 23:10:21,907 HealthCheck                      Error    File in use F:\Program Files (x86)\Websense\Data Security\/./tomcat/logs/forensics\forensics-tomcat.log and will not be deleted
2026-03-02 23:10:21,909 HealthCheck                      Error    File in use F:\Program Files (x86)\Websense\Data Security\/./tomcat/logs/tomcat\all.log and will not be deleted
2026-03-02 23:10:21,912 HealthCheck                      Error    File in use F:\Program Files (x86)\Websense\Data Security\/./Data-Batch-Server/service-container/container/logs/dbs\ae.log and will not be deleted
2026-03-02 23:10:21,916 HealthCheck                      Error    File in use F:\Program Files (x86)\Websense\Data Security\/./Data-Batch-Server/service-container/container/logs/dbs\endpoint.log and will not be deleted
2026-03-02 23:10:21,918 HealthCheck                      Error    File in use F:\Program Files (x86)\Websense\Data Security\/./Data-Batch-Server/service-container/container/logs/dbs\events.log and will not be deleted
2026-03-02 23:10:21,920 HealthCheck                      Error    File in use F:\Program Files (x86)\Websense\Data Security\/./Data-Batch-Server/service-container/container/logs/dbs\ldap.log and will not be deleted
2026-03-02 23:10:21,922 HealthCheck                      Error    File in use F:\Program Files (x86)\Websense\Data Security\/./Data-Batch-Server/service-container/container/logs/dbs\rap.log and will not be deleted
2026-03-02 23:10:21,923 HealthCheck                      Error    File in use F:\Program Files (x86)\Websense\Data Security\/./Data-Batch-Server/service-container/container/logs/dbs\spring.log and will not be deleted
2026-03-02 23:10:21,925 HealthCheck                      Error    File in use F:\Program Files (x86)\Websense\Data Security\/./Data-Batch-Server/service-container/container/logs/dbs\telemetry.log and will not be deleted
2026-03-03 23:10:22,063 HealthCheck                      Error    File in use F:\Program Files (x86)\Websense\Data Security\/./Logs\Scripts_PE.log and will not be deleted
2026-03-03 23:10:22,070 HealthCheck                      Error    File in use F:\Program Files (x86)\Websense\Data Security\/./EPS_CAMEL/data/service_logs\epsconnector-stderr.2025-12-02.log and will not be deleted
2026-03-03 23:10:22,073 HealthCheck                      Error    File in use F:\Program Files (x86)\Websense\Data Security\/./EPS_CAMEL/data/service_logs\epsconnector-stdout.2025-12-02.log and will not be deleted
2026-03-03 23:10:22,076 HealthCheck                      Error    File in use F:\Program Files (x86)\Websense\Data Security\/./EPS_CAMEL/data/service_logs\EPSConnector.2025-12-02.log and will not be deleted
2026-03-03 23:10:22,081 HealthCheck                      Error    File in use F:\Program Files (x86)\Websense\Data Security\/./tomcat/logs/dlp\dlp-login.log and will not be deleted
2026-03-03 23:10:22,085 HealthCheck                      Error    File in use F:\Program Files (x86)\Websense\Data Security\/./tomcat/logs/dlp\dlp-policies-import-export.log and will not be deleted
2026-03-03 23:10:22,088 HealthCheck                      Error    File in use F:\Program Files (x86)\Websense\Data Security\/./tomcat/logs/dlp\dlp-tomcat.log and will not be deleted
2026-03-03 23:10:22,088 HealthCheck                      Error    File in use F:\Program Files (x86)\Websense\Data Security\/./tomcat/logs/dlp\policy_update.log and will not be deleted
2026-03-03 23:10:22,090 HealthCheck                      Error    File in use F:\Program Files (x86)\Websense\Data Security\/./tomcat/logs/forensics\forensics-spring.log and will not be deleted
2026-03-03 23:10:22,091 HealthCheck                      Error    File in use F:\Program Files (x86)\Websense\Data Security\/./tomcat/logs/forensics\forensics-tomcat.log and will not be deleted
2026-03-03 23:10:22,092 HealthCheck                      Error    File in use F:\Program Files (x86)\Websense\Data Security\/./tomcat/logs/tomcat\all.log and will not be deleted
2026-03-03 23:10:22,094 HealthCheck                      Error    File in use F:\Program Files (x86)\Websense\Data Security\/./Data-Batch-Server/service-container/container/logs/dbs\ae.log and will not be deleted
2026-03-03 23:10:22,095 HealthCheck                      Error    File in use F:\Program Files (x86)\Websense\Data Security\/./Data-Batch-Server/service-container/container/logs/dbs\endpoint.log and will not be deleted
2026-03-03 23:10:22,096 HealthCheck                      Error    File in use F:\Program Files (x86)\Websense\Data Security\/./Data-Batch-Server/service-container/container/logs/dbs\events.log and will not be deleted
2026-03-03 23:10:22,097 HealthCheck                      Error    File in use F:\Program Files (x86)\Websense\Data Security\/./Data-Batch-Server/service-container/container/logs/dbs\ldap.log and will not be deleted
2026-03-03 23:10:22,098 HealthCheck                      Error    File in use F:\Program Files (x86)\Websense\Data Security\/./Data-Batch-Server/service-container/container/logs/dbs\rap.log and will not be deleted
2026-03-03 23:10:22,099 HealthCheck                      Error    File in use F:\Program Files (x86)\Websense\Data Security\/./Data-Batch-Server/service-container/container/logs/dbs\spring.log and will not be deleted
2026-03-03 23:10:22,100 HealthCheck                      Error    File in use F:\Program Files (x86)\Websense\Data Security\/./Data-Batch-Server/service-container/container/logs/dbs\telemetry.log and will not be deleted
2026-03-04 23:10:21,721 HealthCheck                      Error    File in use F:\Program Files (x86)\Websense\Data Security\/./Logs\Scripts_PE.log and will not be deleted
2026-03-04 23:10:21,725 HealthCheck                      Error    File in use F:\Program Files (x86)\Websense\Data Security\/./EPS_CAMEL/data/service_logs\epsconnector-stderr.2025-12-02.log and will not be deleted
2026-03-04 23:10:21,726 HealthCheck                      Error    File in use F:\Program Files (x86)\Websense\Data Security\/./EPS_CAMEL/data/service_logs\epsconnector-stdout.2025-12-02.log and will not be deleted
2026-03-04 23:10:21,727 HealthCheck                      Error    File in use F:\Program Files (x86)\Websense\Data Security\/./EPS_CAMEL/data/service_logs\EPSConnector.2025-12-02.log and will not be deleted
2026-03-04 23:10:21,731 HealthCheck                      Error    File in use F:\Program Files (x86)\Websense\Data Security\/./tomcat/logs/dlp\dlp-login.log and will not be deleted
2026-03-04 23:10:21,734 HealthCheck                      Error    File in use F:\Program Files (x86)\Websense\Data Security\/./tomcat/logs/dlp\dlp-policies-import-export.log and will not be deleted
2026-03-04 23:10:21,735 HealthCheck                      Error    File in use F:\Program Files (x86)\Websense\Data Security\/./tomcat/logs/dlp\dlp-tomcat.log and will not be deleted
2026-03-04 23:10:21,736 HealthCheck                      Error    File in use F:\Program Files (x86)\Websense\Data Security\/./tomcat/logs/dlp\policy_update.log and will not be deleted
2026-03-04 23:10:21,739 HealthCheck                      Error    File in use F:\Program Files (x86)\Websense\Data Security\/./tomcat/logs/forensics\forensics-spring.log and will not be deleted
2026-03-04 23:10:21,740 HealthCheck                      Error    File in use F:\Program Files (x86)\Websense\Data Security\/./tomcat/logs/forensics\forensics-tomcat.log and will not be deleted
2026-03-04 23:10:21,741 HealthCheck                      Error    File in use F:\Program Files (x86)\Websense\Data Security\/./tomcat/logs/tomcat\all.log and will not be deleted
2026-03-04 23:10:21,743 HealthCheck                      Error    File in use F:\Program Files (x86)\Websense\Data Security\/./Data-Batch-Server/service-container/container/logs/dbs\ae.log and will not be deleted
2026-03-04 23:10:21,745 HealthCheck                      Error    File in use F:\Program Files (x86)\Websense\Data Security\/./Data-Batch-Server/service-container/container/logs/dbs\endpoint.log and will not be deleted
2026-03-04 23:10:21,747 HealthCheck                      Error    File in use F:\Program Files (x86)\Websense\Data Security\/./Data-Batch-Server/service-container/container/logs/dbs\events.log and will not be deleted
2026-03-04 23:10:21,748 HealthCheck                      Error    File in use F:\Program Files (x86)\Websense\Data Security\/./Data-Batch-Server/service-container/container/logs/dbs\ldap.log and will not be deleted
2026-03-04 23:10:21,749 HealthCheck                      Error    File in use F:\Program Files (x86)\Websense\Data Security\/./Data-Batch-Server/service-container/container/logs/dbs\rap.log and will not be deleted
2026-03-04 23:10:21,750 HealthCheck                      Error    File in use F:\Program Files (x86)\Websense\Data Security\/./Data-Batch-Server/service-container/container/logs/dbs\spring.log and will not be deleted
2026-03-04 23:10:21,751 HealthCheck                      Error    File in use F:\Program Files (x86)\Websense\Data Security\/./Data-Batch-Server/service-container/container/logs/dbs\telemetry.log and will not be deleted
2026-03-05 23:10:22,036 HealthCheck                      Error    File in use F:\Program Files (x86)\Websense\Data Security\/./Logs\Scripts_PE.log and will not be deleted
2026-03-05 23:10:22,042 HealthCheck                      Error    File in use F:\Program Files (x86)\Websense\Data Security\/./EPS_CAMEL/data/service_logs\epsconnector-stderr.2025-12-02.log and will not be deleted
2026-03-05 23:10:22,044 HealthCheck                      Error    File in use F:\Program Files (x86)\Websense\Data Security\/./EPS_CAMEL/data/service_logs\epsconnector-stdout.2025-12-02.log and will not be deleted
2026-03-05 23:10:22,047 HealthCheck                      Error    File in use F:\Program Files (x86)\Websense\Data Security\/./EPS_CAMEL/data/service_logs\EPSConnector.2025-12-02.log and will not be deleted
2026-03-05 23:10:22,051 HealthCheck                      Error    File in use F:\Program Files (x86)\Websense\Data Security\/./tomcat/logs/dlp\dlp-login.log and will not be deleted
2026-03-05 23:10:22,053 HealthCheck                      Error    File in use F:\Program Files (x86)\Websense\Data Security\/./tomcat/logs/dlp\dlp-policies-import-export.log and will not be deleted
2026-03-05 23:10:22,055 HealthCheck                      Error    File in use F:\Program Files (x86)\Websense\Data Security\/./tomcat/logs/dlp\dlp-tomcat.log and will not be deleted
2026-03-05 23:10:22,056 HealthCheck                      Error    File in use F:\Program Files (x86)\Websense\Data Security\/./tomcat/logs/dlp\policy_update.log and will not be deleted
2026-03-05 23:10:22,061 HealthCheck                      Error    File in use F:\Program Files (x86)\Websense\Data Security\/./tomcat/logs/forensics\forensics-spring.log and will not be deleted
2026-03-05 23:10:22,063 HealthCheck                      Error    File in use F:\Program Files (x86)\Websense\Data Security\/./tomcat/logs/forensics\forensics-tomcat.log and will not be deleted
2026-03-05 23:10:22,064 HealthCheck                      Error    File in use F:\Program Files (x86)\Websense\Data Security\/./tomcat/logs/tomcat\all.log and will not be deleted
2026-03-05 23:10:22,067 HealthCheck                      Error    File in use F:\Program Files (x86)\Websense\Data Security\/./Data-Batch-Server/service-container/container/logs/dbs\ae.log and will not be deleted
2026-03-05 23:10:22,071 HealthCheck                      Error    File in use F:\Program Files (x86)\Websense\Data Security\/./Data-Batch-Server/service-container/container/logs/dbs\endpoint.log and will not be deleted
2026-03-05 23:10:22,072 HealthCheck                      Error    File in use F:\Program Files (x86)\Websense\Data Security\/./Data-Batch-Server/service-container/container/logs/dbs\events.log and will not be deleted
2026-03-05 23:10:22,074 HealthCheck                      Error    File in use F:\Program Files (x86)\Websense\Data Security\/./Data-Batch-Server/service-container/container/logs/dbs\ldap.log and will not be deleted
2026-03-05 23:10:22,076 HealthCheck                      Error    File in use F:\Program Files (x86)\Websense\Data Security\/./Data-Batch-Server/service-container/container/logs/dbs\rap.log and will not be deleted
2026-03-05 23:10:22,077 HealthCheck                      Error    File in use F:\Program Files (x86)\Websense\Data Security\/./Data-Batch-Server/service-container/container/logs/dbs\spring.log and will not be deleted
2026-03-05 23:10:22,078 HealthCheck                      Error    File in use F:\Program Files (x86)\Websense\Data Security\/./Data-Batch-Server/service-container/container/logs/dbs\telemetry.log and will not be deleted
2026-03-06 08:09:13,467 HealthCheck                      Error    FPR Test FPRRunDummyDetection Failed
2026-03-06 08:09:13,469 HealthCheck                      Error    FPRRunDummyDetection failed but counter is  [1<=4] so no action was taken
2026-03-06 08:14:10,521 HealthCheck                      Error    FPR Test FPRRunDummyDetection Failed
2026-03-06 08:14:10,524 HealthCheck                      Error    FPRRunDummyDetection failed but counter is  [1<=4] so no action was taken
2026-03-06 08:19:10,808 HealthCheck                      Error    FPR Test FPRRunDummyDetection Failed
2026-03-06 08:19:10,810 HealthCheck                      Error    FPRRunDummyDetection failed but counter is  [1<=4] so no action was taken
2026-03-06 08:24:10,391 HealthCheck                      Error    FPR Test FPRRunDummyDetection Failed
2026-03-06 08:24:10,394 HealthCheck                      Error    FPRRunDummyDetection failed but counter is  [1<=4] so no action was taken
2026-03-06 08:29:10,392 HealthCheck                      Error    FPR Test FPRRunDummyDetection Failed
2026-03-06 08:29:10,395 HealthCheck                      Error    FPRRunDummyDetection failed but counter is  [1<=4] so no action was taken
2026-03-06 08:34:10,416 HealthCheck                      Error    FPR Test FPRRunDummyDetection Failed
2026-03-06 08:34:10,418 HealthCheck                      Error    FPRRunDummyDetection failed but counter is  [1<=4] so no action was taken
2026-03-06 08:39:10,646 HealthCheck                      Error    FPR Test FPRRunDummyDetection Failed
2026-03-06 08:39:10,649 HealthCheck                      Error    FPRRunDummyDetection failed but counter is  [1<=4] so no action was taken
2026-03-06 08:44:11,388 HealthCheck                      Error    FPR Test FPRRunDummyDetection Failed
2026-03-06 08:44:11,391 HealthCheck                      Error    FPRRunDummyDetection failed but counter is  [1<=4] so no action was taken
2026-03-06 08:49:09,218 HealthCheck                      Error    FPR Test FPRRunDummyDetection Failed
2026-03-06 08:49:09,221 HealthCheck                      Error    FPRRunDummyDetection failed but counter is  [1<=4] so no action was taken
2026-03-06 08:54:09,192 HealthCheck                      Error    FPR Test FPRRunDummyDetection Failed
2026-03-06 08:54:09,193 HealthCheck                      Error    FPRRunDummyDetection failed but counter is  [1<=4] so no action was taken
2026-03-06 08:59:09,941 HealthCheck                      Error    FPR Test FPRRunDummyDetection Failed
2026-03-06 08:59:09,943 HealthCheck                      Error    FPRRunDummyDetection failed but counter is  [1<=4] so no action was taken
2026-03-06 09:04:09,605 HealthCheck                      Error    FPR Test FPRRunDummyDetection Failed
2026-03-06 09:04:09,606 HealthCheck                      Error    FPRRunDummyDetection failed but counter is  [1<=4] so no action was taken
2026-03-06 09:09:10,484 HealthCheck                      Error    FPR Test FPRRunDummyDetection Failed
2026-03-06 09:09:10,487 HealthCheck                      Error    FPRRunDummyDetection failed but counter is  [1<=4] so no action was taken
2026-03-06 09:14:10,356 HealthCheck                      Error    FPR Test FPRRunDummyDetection Failed
2026-03-06 09:14:10,359 HealthCheck                      Error    FPRRunDummyDetection failed but counter is  [1<=4] so no action was taken
2026-03-06 09:19:10,159 HealthCheck                      Error    FPR Test FPRRunDummyDetection Failed
2026-03-06 09:19:10,164 HealthCheck                      Error    FPRRunDummyDetection failed but counter is  [1<=4] so no action was taken
2026-03-06 09:24:10,447 HealthCheck                      Error    FPR Test FPRRunDummyDetection Failed
2026-03-06 09:24:10,449 HealthCheck                      Error    FPRRunDummyDetection failed but counter is  [1<=4] so no action was taken
2026-03-06 09:29:10,280 HealthCheck                      Error    FPR Test FPRRunDummyDetection Failed
2026-03-06 09:29:10,283 HealthCheck                      Error    FPRRunDummyDetection failed but counter is  [1<=4] so no action was taken
2026-03-06 09:34:11,127 HealthCheck                      Error    FPR Test FPRRunDummyDetection Failed
2026-03-06 09:34:11,129 HealthCheck                      Error    FPRRunDummyDetection failed but counter is  [1<=4] so no action was taken
2026-03-06 09:39:10,280 HealthCheck                      Error    FPR Test FPRRunDummyDetection Failed
2026-03-06 09:39:10,283 HealthCheck                      Error    FPRRunDummyDetection failed but counter is  [1<=4] so no action was taken
2026-03-06 09:44:10,226 HealthCheck                      Error    FPR Test FPRRunDummyDetection Failed
2026-03-06 09:44:10,228 HealthCheck                      Error    FPRRunDummyDetection failed but counter is  [1<=4] so no action was taken
2026-03-06 09:49:09,735 HealthCheck                      Error    FPR Test FPRRunDummyDetection Failed
2026-03-06 09:49:09,738 HealthCheck                      Error    FPRRunDummyDetection failed but counter is  [1<=4] so no action was taken
2026-03-06 09:54:09,013 HealthCheck                      Error    FPR Test FPRRunDummyDetection Failed
2026-03-06 09:54:09,016 HealthCheck                      Error    FPRRunDummyDetection failed but counter is  [1<=4] so no action was taken
2026-03-06 09:59:09,208 HealthCheck                      Error    FPR Test FPRRunDummyDetection Failed
2026-03-06 09:59:09,211 HealthCheck                      Error    FPRRunDummyDetection failed but counter is  [1<=4] so no action was taken
2026-03-06 10:04:10,057 HealthCheck                      Error    FPR Test FPRRunDummyDetection Failed
2026-03-06 10:04:10,059 HealthCheck                      Error    FPRRunDummyDetection failed but counter is  [1<=4] so no action was taken
2026-03-06 10:09:09,899 HealthCheck                      Error    FPR Test FPRRunDummyDetection Failed
2026-03-06 10:09:09,901 HealthCheck                      Error    FPRRunDummyDetection failed but counter is  [1<=4] so no action was taken
2026-03-06 10:14:10,077 HealthCheck                      Error    FPR Test FPRRunDummyDetection Failed
2026-03-06 10:14:10,081 HealthCheck                      Error    FPRRunDummyDetection failed but counter is  [1<=4] so no action was taken
2026-03-06 10:19:09,188 HealthCheck                      Error    FPR Test FPRRunDummyDetection Failed
2026-03-06 10:19:09,191 HealthCheck                      Error    FPRRunDummyDetection failed but counter is  [1<=4] so no action was taken
2026-03-06 10:24:09,950 HealthCheck                      Error    FPR Test FPRRunDummyDetection Failed
2026-03-06 10:24:09,953 HealthCheck                      Error    FPRRunDummyDetection failed but counter is  [1<=4] so no action was taken
2026-03-06 10:29:10,119 HealthCheck                      Error    FPR Test FPRRunDummyDetection Failed
2026-03-06 10:29:10,123 HealthCheck                      Error    FPRRunDummyDetection failed but counter is  [1<=4] so no action was taken
2026-03-06 10:34:10,587 HealthCheck                      Error    FPR Test FPRRunDummyDetection Failed
2026-03-06 10:34:10,592 HealthCheck                      Error    FPRRunDummyDetection failed but counter is  [1<=4] so no action was taken
2026-03-06 10:39:10,459 HealthCheck                      Error    FPR Test FPRRunDummyDetection Failed
2026-03-06 10:39:10,461 HealthCheck                      Error    FPRRunDummyDetection failed but counter is  [1<=4] so no action was taken
2026-03-06 10:44:11,538 HealthCheck                      Error    FPR Test FPRRunDummyDetection Failed
2026-03-06 10:44:11,543 HealthCheck                      Error    FPRRunDummyDetection failed but counter is  [1<=4] so no action was taken
2026-03-06 10:49:10,282 HealthCheck                      Error    FPR Test FPRRunDummyDetection Failed
2026-03-06 10:49:10,286 HealthCheck                      Error    FPRRunDummyDetection failed but counter is  [1<=4] so no action was taken
2026-03-06 10:54:10,361 HealthCheck                      Error    FPR Test FPRRunDummyDetection Failed
2026-03-06 10:54:10,365 HealthCheck                      Error    FPRRunDummyDetection failed but counter is  [1<=4] so no action was taken
2026-03-06 10:59:09,971 HealthCheck                      Error    FPR Test FPRRunDummyDetection Failed
2026-03-06 10:59:09,974 HealthCheck                      Error    FPRRunDummyDetection failed but counter is  [1<=4] so no action was taken
2026-03-06 11:04:10,603 HealthCheck                      Error    FPR Test FPRRunDummyDetection Failed
2026-03-06 11:04:10,605 HealthCheck                      Error    FPRRunDummyDetection failed but counter is  [1<=4] so no action was taken
2026-03-06 11:09:10,275 HealthCheck                      Error    FPR Test FPRRunDummyDetection Failed
2026-03-06 11:09:10,275 HealthCheck                      Error    FPRRunDummyDetection failed but counter is  [1<=4] so no action was taken
2026-03-06 11:14:10,323 HealthCheck                      Error    FPR Test FPRRunDummyDetection Failed
2026-03-06 11:14:10,327 HealthCheck                      Error    FPRRunDummyDetection failed but counter is  [1<=4] so no action was taken
2026-03-06 11:19:10,030 HealthCheck                      Error    FPR Test FPRRunDummyDetection Failed
2026-03-06 11:19:10,034 HealthCheck                      Error    FPRRunDummyDetection failed but counter is  [1<=4] so no action was taken
2026-03-06 11:24:09,315 HealthCheck                      Error    FPR Test FPRRunDummyDetection Failed
2026-03-06 11:24:09,319 HealthCheck                      Error    FPRRunDummyDetection failed but counter is  [1<=4] so no action was taken
2026-03-06 11:29:09,659 HealthCheck                      Error    FPR Test FPRRunDummyDetection Failed
2026-03-06 11:29:09,661 HealthCheck                      Error    FPRRunDummyDetection failed but counter is  [1<=4] so no action was taken
2026-03-06 11:34:11,377 HealthCheck                      Error    FPR Test FPRRunDummyDetection Failed
2026-03-06 11:34:11,380 HealthCheck                      Error    FPRRunDummyDetection failed but counter is  [1<=4] so no action was taken
2026-03-06 11:39:10,386 HealthCheck                      Error    FPR Test FPRRunDummyDetection Failed
2026-03-06 11:39:10,389 HealthCheck                      Error    FPRRunDummyDetection failed but counter is  [1<=4] so no action was taken
2026-03-06 11:44:10,140 HealthCheck                      Error    FPR Test FPRRunDummyDetection Failed
2026-03-06 11:44:10,144 HealthCheck                      Error    FPRRunDummyDetection failed but counter is  [1<=4] so no action was taken
2026-03-06 11:45:10,932 HealthCheck                      Error    Failed sending DummyDetection Request
2026-03-06 11:45:10,935 HealthCheck                      Error    FPR Test FPRRunDummyDetection Failed
2026-03-06 11:45:10,938 HealthCheck                      Error    FPRRunDummyDetection failed but counter is  [1<=4] so no action was taken
2026-03-06 11:50:10,752 HealthCheck                      Error    Failed sending DummyDetection Request
2026-03-06 11:50:10,753 HealthCheck                      Error    FPR Test FPRRunDummyDetection Failed
2026-03-06 11:50:10,754 HealthCheck                      Error    FPRRunDummyDetection failed but counter is  [2<=4] so no action was taken
2026-03-06 11:55:11,132 HealthCheck                      Error    Failed sending DummyDetection Request
2026-03-06 11:55:11,135 HealthCheck                      Error    FPR Test FPRRunDummyDetection Failed
2026-03-06 11:55:11,136 HealthCheck                      Error    FPRRunDummyDetection failed but counter is  [3<=4] so no action was taken
2026-03-06 12:00:11,061 HealthCheck                      Error    Failed sending DummyDetection Request
2026-03-06 12:00:11,063 HealthCheck                      Error    FPR Test FPRRunDummyDetection Failed
2026-03-06 12:00:11,065 HealthCheck                      Error    FPRRunDummyDetection failed but counter is  [4<=4] so no action was taken
2026-03-06 12:05:11,806 HealthCheck                      Error    Failed sending DummyDetection Request
2026-03-06 12:05:11,808 HealthCheck                      Error    FPR Test FPRRunDummyDetection Failed
2026-03-06 12:05:11,811 HealthCheck                      Error    Stopping process: PAFPREP
2026-03-06 12:05:14,657 Utils.SystemLogging              Error    [Th:Thread-3 (CheckDetection)] Posting error to system Log
2026-03-06 12:05:14,658 Utils.SystemLogging              Error    [Th:Thread-3 (CheckDetection)] Posted error to system Log
2026-03-06 12:05:45,144 Utils.SystemLogging              Error    [Th:Thread-3 (CheckDetection)] Posting error to system Log
2026-03-06 12:05:45,146 Utils.SystemLogging              Error    [Th:Thread-3 (CheckDetection)] Posted error to system Log
2026-03-06 23:10:23,372 HealthCheck                      Error    File in use F:\Program Files (x86)\Websense\Data Security\/./Logs\Scripts_PE.log and will not be deleted
2026-03-06 23:10:23,376 HealthCheck                      Error    File in use F:\Program Files (x86)\Websense\Data Security\/./EPS_CAMEL/data/service_logs\epsconnector-stderr.2025-12-02.log and will not be deleted
2026-03-06 23:10:23,378 HealthCheck                      Error    File in use F:\Program Files (x86)\Websense\Data Security\/./EPS_CAMEL/data/service_logs\epsconnector-stdout.2025-12-02.log and will not be deleted
2026-03-06 23:10:23,379 HealthCheck                      Error    File in use F:\Program Files (x86)\Websense\Data Security\/./EPS_CAMEL/data/service_logs\EPSConnector.2025-12-02.log and will not be deleted
2026-03-06 23:10:23,384 HealthCheck                      Error    File in use F:\Program Files (x86)\Websense\Data Security\/./tomcat/logs/dlp\dlp-login.log and will not be deleted
2026-03-06 23:10:23,387 HealthCheck                      Error    File in use F:\Program Files (x86)\Websense\Data Security\/./tomcat/logs/dlp\dlp-policies-import-export.log and will not be deleted
2026-03-06 23:10:23,389 HealthCheck                      Error    File in use F:\Program Files (x86)\Websense\Data Security\/./tomcat/logs/dlp\dlp-tomcat.log and will not be deleted
2026-03-06 23:10:23,391 HealthCheck                      Error    File in use F:\Program Files (x86)\Websense\Data Security\/./tomcat/logs/dlp\policy_update.log and will not be deleted
2026-03-06 23:10:23,395 HealthCheck                      Error    File in use F:\Program Files (x86)\Websense\Data Security\/./tomcat/logs/forensics\forensics-spring.log and will not be deleted
2026-03-06 23:10:23,396 HealthCheck                      Error    File in use F:\Program Files (x86)\Websense\Data Security\/./tomcat/logs/forensics\forensics-tomcat.log and will not be deleted
2026-03-06 23:10:23,397 HealthCheck                      Error    File in use F:\Program Files (x86)\Websense\Data Security\/./tomcat/logs/tomcat\all.log and will not be deleted
2026-03-06 23:10:23,400 HealthCheck                      Error    File in use F:\Program Files (x86)\Websense\Data Security\/./Data-Batch-Server/service-container/container/logs/dbs\ae.log and will not be deleted
2026-03-06 23:10:23,403 HealthCheck                      Error    File in use F:\Program Files (x86)\Websense\Data Security\/./Data-Batch-Server/service-container/container/logs/dbs\endpoint.log and will not be deleted
2026-03-06 23:10:23,404 HealthCheck                      Error    File in use F:\Program Files (x86)\Websense\Data Security\/./Data-Batch-Server/service-container/container/logs/dbs\events.log and will not be deleted
2026-03-06 23:10:23,405 HealthCheck                      Error    File in use F:\Program Files (x86)\Websense\Data Security\/./Data-Batch-Server/service-container/container/logs/dbs\ldap.log and will not be deleted
2026-03-06 23:10:23,407 HealthCheck                      Error    File in use F:\Program Files (x86)\Websense\Data Security\/./Data-Batch-Server/service-container/container/logs/dbs\rap.log and will not be deleted
2026-03-06 23:10:23,408 HealthCheck                      Error    File in use F:\Program Files (x86)\Websense\Data Security\/./Data-Batch-Server/service-container/container/logs/dbs\spring.log and will not be deleted
2026-03-06 23:10:23,409 HealthCheck                      Error    File in use F:\Program Files (x86)\Websense\Data Security\/./Data-Batch-Server/service-container/container/logs/dbs\telemetry.log and will not be deleted
2026-03-07 23:10:23,650 HealthCheck                      Error    File in use F:\Program Files (x86)\Websense\Data Security\/./Logs\Scripts_PE.log and will not be deleted
2026-03-07 23:10:23,656 HealthCheck                      Error    File in use F:\Program Files (x86)\Websense\Data Security\/./EPS_CAMEL/data/service_logs\epsconnector-stderr.2025-12-02.log and will not be deleted
2026-03-07 23:10:23,658 HealthCheck                      Error    File in use F:\Program Files (x86)\Websense\Data Security\/./EPS_CAMEL/data/service_logs\epsconnector-stdout.2025-12-02.log and will not be deleted
2026-03-07 23:10:23,660 HealthCheck                      Error    File in use F:\Program Files (x86)\Websense\Data Security\/./EPS_CAMEL/data/service_logs\EPSConnector.2025-12-02.log and will not be deleted
2026-03-07 23:10:23,664 HealthCheck                      Error    File in use F:\Program Files (x86)\Websense\Data Security\/./tomcat/logs/dlp\dlp-login.log and will not be deleted
2026-03-07 23:10:23,667 HealthCheck                      Error    File in use F:\Program Files (x86)\Websense\Data Security\/./tomcat/logs/dlp\dlp-policies-import-export.log and will not be deleted
2026-03-07 23:10:23,669 HealthCheck                      Error    File in use F:\Program Files (x86)\Websense\Data Security\/./tomcat/logs/dlp\dlp-tomcat.log and will not be deleted
2026-03-07 23:10:23,671 HealthCheck                      Error    File in use F:\Program Files (x86)\Websense\Data Security\/./tomcat/logs/dlp\policy_update.log and will not be deleted
2026-03-07 23:10:23,674 HealthCheck                      Error    File in use F:\Program Files (x86)\Websense\Data Security\/./tomcat/logs/forensics\forensics-spring.log and will not be deleted
2026-03-07 23:10:23,675 HealthCheck                      Error    File in use F:\Program Files (x86)\Websense\Data Security\/./tomcat/logs/forensics\forensics-tomcat.log and will not be deleted
2026-03-07 23:10:23,677 HealthCheck                      Error    File in use F:\Program Files (x86)\Websense\Data Security\/./tomcat/logs/tomcat\all.log and will not be deleted
2026-03-07 23:10:23,679 HealthCheck                      Error    File in use F:\Program Files (x86)\Websense\Data Security\/./Data-Batch-Server/service-container/container/logs/dbs\ae.log and will not be deleted
2026-03-07 23:10:23,682 HealthCheck                      Error    File in use F:\Program Files (x86)\Websense\Data Security\/./Data-Batch-Server/service-container/container/logs/dbs\endpoint.log and will not be deleted
2026-03-07 23:10:23,683 HealthCheck                      Error    File in use F:\Program Files (x86)\Websense\Data Security\/./Data-Batch-Server/service-container/container/logs/dbs\events.log and will not be deleted
2026-03-07 23:10:23,685 HealthCheck                      Error    File in use F:\Program Files (x86)\Websense\Data Security\/./Data-Batch-Server/service-container/container/logs/dbs\ldap.log and will not be deleted
2026-03-07 23:10:23,686 HealthCheck                      Error    File in use F:\Program Files (x86)\Websense\Data Security\/./Data-Batch-Server/service-container/container/logs/dbs\rap.log and will not be deleted
2026-03-07 23:10:23,687 HealthCheck                      Error    File in use F:\Program Files (x86)\Websense\Data Security\/./Data-Batch-Server/service-container/container/logs/dbs\spring.log and will not be deleted
2026-03-07 23:10:23,688 HealthCheck                      Error    File in use F:\Program Files (x86)\Websense\Data Security\/./Data-Batch-Server/service-container/container/logs/dbs\telemetry.log and will not be deleted
2026-03-08 23:10:22,729 HealthCheck                      Error    File in use F:\Program Files (x86)\Websense\Data Security\/./Logs\Scripts_PE.log and will not be deleted
2026-03-08 23:10:22,735 HealthCheck                      Error    File in use F:\Program Files (x86)\Websense\Data Security\/./EPS_CAMEL/data/service_logs\epsconnector-stderr.2025-12-02.log and will not be deleted
2026-03-08 23:10:22,737 HealthCheck                      Error    File in use F:\Program Files (x86)\Websense\Data Security\/./EPS_CAMEL/data/service_logs\epsconnector-stdout.2025-12-02.log and will not be deleted
2026-03-08 23:10:22,739 HealthCheck                      Error    File in use F:\Program Files (x86)\Websense\Data Security\/./EPS_CAMEL/data/service_logs\EPSConnector.2025-12-02.log and will not be deleted
2026-03-08 23:10:22,744 HealthCheck                      Error    File in use F:\Program Files (x86)\Websense\Data Security\/./tomcat/logs/dlp\dlp-login.log and will not be deleted
2026-03-08 23:10:22,747 HealthCheck                      Error    File in use F:\Program Files (x86)\Websense\Data Security\/./tomcat/logs/dlp\dlp-policies-import-export.log and will not be deleted
2026-03-08 23:10:22,750 HealthCheck                      Error    File in use F:\Program Files (x86)\Websense\Data Security\/./tomcat/logs/dlp\dlp-tomcat.log and will not be deleted
2026-03-08 23:10:22,751 HealthCheck                      Error    File in use F:\Program Files (x86)\Websense\Data Security\/./tomcat/logs/dlp\policy_update.log and will not be deleted
2026-03-08 23:10:22,755 HealthCheck                      Error    File in use F:\Program Files (x86)\Websense\Data Security\/./tomcat/logs/forensics\forensics-spring.log and will not be deleted
2026-03-08 23:10:22,756 HealthCheck                      Error    File in use F:\Program Files (x86)\Websense\Data Security\/./tomcat/logs/forensics\forensics-tomcat.log and will not be deleted
2026-03-08 23:10:22,758 HealthCheck                      Error    File in use F:\Program Files (x86)\Websense\Data Security\/./tomcat/logs/tomcat\all.log and will not be deleted
2026-03-08 23:10:22,761 HealthCheck                      Error    File in use F:\Program Files (x86)\Websense\Data Security\/./Data-Batch-Server/service-container/container/logs/dbs\ae.log and will not be deleted
2026-03-08 23:10:22,765 HealthCheck                      Error    File in use F:\Program Files (x86)\Websense\Data Security\/./Data-Batch-Server/service-container/container/logs/dbs\endpoint.log and will not be deleted
2026-03-08 23:10:22,767 HealthCheck                      Error    File in use F:\Program Files (x86)\Websense\Data Security\/./Data-Batch-Server/service-container/container/logs/dbs\events.log and will not be deleted
2026-03-08 23:10:22,768 HealthCheck                      Error    File in use F:\Program Files (x86)\Websense\Data Security\/./Data-Batch-Server/service-container/container/logs/dbs\ldap.log and will not be deleted
2026-03-08 23:10:22,769 HealthCheck                      Error    File in use F:\Program Files (x86)\Websense\Data Security\/./Data-Batch-Server/service-container/container/logs/dbs\rap.log and will not be deleted
2026-03-08 23:10:22,771 HealthCheck                      Error    File in use F:\Program Files (x86)\Websense\Data Security\/./Data-Batch-Server/service-container/container/logs/dbs\spring.log and will not be deleted
2026-03-08 23:10:22,772 HealthCheck                      Error    File in use F:\Program Files (x86)\Websense\Data Security\/./Data-Batch-Server/service-container/container/logs/dbs\telemetry.log and will not be deleted
2026-03-09 23:10:22,181 HealthCheck                      Error    File in use F:\Program Files (x86)\Websense\Data Security\/./Logs\Scripts_PE.log and will not be deleted
2026-03-09 23:10:22,190 HealthCheck                      Error    File in use F:\Program Files (x86)\Websense\Data Security\/./EPS_CAMEL/data/service_logs\epsconnector-stderr.2025-12-02.log and will not be deleted
2026-03-09 23:10:22,192 HealthCheck                      Error    File in use F:\Program Files (x86)\Websense\Data Security\/./EPS_CAMEL/data/service_logs\epsconnector-stdout.2025-12-02.log and will not be deleted
2026-03-09 23:10:22,194 HealthCheck                      Error    File in use F:\Program Files (x86)\Websense\Data Security\/./EPS_CAMEL/data/service_logs\EPSConnector.2025-12-02.log and will not be deleted
2026-03-09 23:10:22,199 HealthCheck                      Error    File in use F:\Program Files (x86)\Websense\Data Security\/./tomcat/logs/dlp\dlp-login.log and will not be deleted
2026-03-09 23:10:22,202 HealthCheck                      Error    File in use F:\Program Files (x86)\Websense\Data Security\/./tomcat/logs/dlp\dlp-policies-import-export.log and will not be deleted
2026-03-09 23:10:22,205 HealthCheck                      Error    File in use F:\Program Files (x86)\Websense\Data Security\/./tomcat/logs/dlp\dlp-tomcat.log and will not be deleted
2026-03-09 23:10:22,206 HealthCheck                      Error    File in use F:\Program Files (x86)\Websense\Data Security\/./tomcat/logs/dlp\policy_update.log and will not be deleted
2026-03-09 23:10:22,210 HealthCheck                      Error    File in use F:\Program Files (x86)\Websense\Data Security\/./tomcat/logs/forensics\forensics-spring.log and will not be deleted
2026-03-09 23:10:22,212 HealthCheck                      Error    File in use F:\Program Files (x86)\Websense\Data Security\/./tomcat/logs/forensics\forensics-tomcat.log and will not be deleted
2026-03-09 23:10:22,214 HealthCheck                      Error    File in use F:\Program Files (x86)\Websense\Data Security\/./tomcat/logs/tomcat\all.log and will not be deleted
2026-03-09 23:10:22,217 HealthCheck                      Error    File in use F:\Program Files (x86)\Websense\Data Security\/./Data-Batch-Server/service-container/container/logs/dbs\ae.log and will not be deleted
2026-03-09 23:10:22,220 HealthCheck                      Error    File in use F:\Program Files (x86)\Websense\Data Security\/./Data-Batch-Server/service-container/container/logs/dbs\endpoint.log and will not be deleted
2026-03-09 23:10:22,221 HealthCheck                      Error    File in use F:\Program Files (x86)\Websense\Data Security\/./Data-Batch-Server/service-container/container/logs/dbs\events.log and will not be deleted
2026-03-09 23:10:22,223 HealthCheck                      Error    File in use F:\Program Files (x86)\Websense\Data Security\/./Data-Batch-Server/service-container/container/logs/dbs\ldap.log and will not be deleted
2026-03-09 23:10:22,225 HealthCheck                      Error    File in use F:\Program Files (x86)\Websense\Data Security\/./Data-Batch-Server/service-container/container/logs/dbs\rap.log and will not be deleted
2026-03-09 23:10:22,226 HealthCheck                      Error    File in use F:\Program Files (x86)\Websense\Data Security\/./Data-Batch-Server/service-container/container/logs/dbs\spring.log and will not be deleted
2026-03-09 23:10:22,227 HealthCheck                      Error    File in use F:\Program Files (x86)\Websense\Data Security\/./Data-Batch-Server/service-container/container/logs/dbs\telemetry.log and will not be deleted
2026-03-10 23:10:22,554 HealthCheck                      Error    File in use F:\Program Files (x86)\Websense\Data Security\/./Logs\Scripts_PE.log and will not be deleted
2026-03-10 23:10:22,560 HealthCheck                      Error    File in use F:\Program Files (x86)\Websense\Data Security\/./EPS_CAMEL/data/service_logs\epsconnector-stderr.2025-12-02.log and will not be deleted
2026-03-10 23:10:22,562 HealthCheck                      Error    File in use F:\Program Files (x86)\Websense\Data Security\/./EPS_CAMEL/data/service_logs\epsconnector-stdout.2025-12-02.log and will not be deleted
2026-03-10 23:10:22,564 HealthCheck                      Error    File in use F:\Program Files (x86)\Websense\Data Security\/./EPS_CAMEL/data/service_logs\EPSConnector.2025-12-02.log and will not be deleted
2026-03-10 23:10:22,567 HealthCheck                      Error    File in use F:\Program Files (x86)\Websense\Data Security\/./tomcat/logs/dlp\dlp-login.log and will not be deleted
2026-03-10 23:10:22,569 HealthCheck                      Error    File in use F:\Program Files (x86)\Websense\Data Security\/./tomcat/logs/dlp\dlp-policies-import-export.log and will not be deleted
2026-03-10 23:10:22,570 HealthCheck                      Error    File in use F:\Program Files (x86)\Websense\Data Security\/./tomcat/logs/dlp\dlp-tomcat.log and will not be deleted
2026-03-10 23:10:22,571 HealthCheck                      Error    File in use F:\Program Files (x86)\Websense\Data Security\/./tomcat/logs/dlp\policy_update.log and will not be deleted
2026-03-10 23:10:22,574 HealthCheck                      Error    File in use F:\Program Files (x86)\Websense\Data Security\/./tomcat/logs/forensics\forensics-spring.log and will not be deleted
2026-03-10 23:10:22,575 HealthCheck                      Error    File in use F:\Program Files (x86)\Websense\Data Security\/./tomcat/logs/forensics\forensics-tomcat.log and will not be deleted
2026-03-10 23:10:22,576 HealthCheck                      Error    File in use F:\Program Files (x86)\Websense\Data Security\/./tomcat/logs/tomcat\all.log and will not be deleted
2026-03-10 23:10:22,578 HealthCheck                      Error    File in use F:\Program Files (x86)\Websense\Data Security\/./Data-Batch-Server/service-container/container/logs/dbs\ae.log and will not be deleted
2026-03-10 23:10:22,582 HealthCheck                      Error    File in use F:\Program Files (x86)\Websense\Data Security\/./Data-Batch-Server/service-container/container/logs/dbs\endpoint.log and will not be deleted
2026-03-10 23:10:22,583 HealthCheck                      Error    File in use F:\Program Files (x86)\Websense\Data Security\/./Data-Batch-Server/service-container/container/logs/dbs\events.log and will not be deleted
2026-03-10 23:10:22,585 HealthCheck                      Error    File in use F:\Program Files (x86)\Websense\Data Security\/./Data-Batch-Server/service-container/container/logs/dbs\ldap.log and will not be deleted
2026-03-10 23:10:22,587 HealthCheck                      Error    File in use F:\Program Files (x86)\Websense\Data Security\/./Data-Batch-Server/service-container/container/logs/dbs\rap.log and will not be deleted
2026-03-10 23:10:22,588 HealthCheck                      Error    File in use F:\Program Files (x86)\Websense\Data Security\/./Data-Batch-Server/service-container/container/logs/dbs\spring.log and will not be deleted
2026-03-10 23:10:22,591 HealthCheck                      Error    File in use F:\Program Files (x86)\Websense\Data Security\/./Data-Batch-Server/service-container/container/logs/dbs\telemetry.log and will not be deleted
2026-03-11 23:10:21,663 HealthCheck                      Error    File in use F:\Program Files (x86)\Websense\Data Security\/./Logs\Scripts_PE.log and will not be deleted
2026-03-11 23:10:21,668 HealthCheck                      Error    File in use F:\Program Files (x86)\Websense\Data Security\/./EPS_CAMEL/data/service_logs\epsconnector-stderr.2025-12-02.log and will not be deleted
2026-03-11 23:10:21,670 HealthCheck                      Error    File in use F:\Program Files (x86)\Websense\Data Security\/./EPS_CAMEL/data/service_logs\epsconnector-stdout.2025-12-02.log and will not be deleted
2026-03-11 23:10:21,671 HealthCheck                      Error    File in use F:\Program Files (x86)\Websense\Data Security\/./EPS_CAMEL/data/service_logs\EPSConnector.2025-12-02.log and will not be deleted
2026-03-11 23:10:21,675 HealthCheck                      Error    File in use F:\Program Files (x86)\Websense\Data Security\/./tomcat/logs/dlp\dlp-login.log and will not be deleted
2026-03-11 23:10:21,677 HealthCheck                      Error    File in use F:\Program Files (x86)\Websense\Data Security\/./tomcat/logs/dlp\dlp-policies-import-export.log and will not be deleted
2026-03-11 23:10:21,679 HealthCheck                      Error    File in use F:\Program Files (x86)\Websense\Data Security\/./tomcat/logs/dlp\dlp-tomcat.log and will not be deleted
2026-03-11 23:10:21,680 HealthCheck                      Error    File in use F:\Program Files (x86)\Websense\Data Security\/./tomcat/logs/dlp\policy_update.log and will not be deleted
2026-03-11 23:10:21,683 HealthCheck                      Error    File in use F:\Program Files (x86)\Websense\Data Security\/./tomcat/logs/forensics\forensics-spring.log and will not be deleted
2026-03-11 23:10:21,684 HealthCheck                      Error    File in use F:\Program Files (x86)\Websense\Data Security\/./tomcat/logs/forensics\forensics-tomcat.log and will not be deleted
2026-03-11 23:10:21,686 HealthCheck                      Error    File in use F:\Program Files (x86)\Websense\Data Security\/./tomcat/logs/tomcat\all.log and will not be deleted
2026-03-11 23:10:21,688 HealthCheck                      Error    File in use F:\Program Files (x86)\Websense\Data Security\/./Data-Batch-Server/service-container/container/logs/dbs\ae.log and will not be deleted
2026-03-11 23:10:21,690 HealthCheck                      Error    File in use F:\Program Files (x86)\Websense\Data Security\/./Data-Batch-Server/service-container/container/logs/dbs\endpoint.log and will not be deleted
2026-03-11 23:10:21,691 HealthCheck                      Error    File in use F:\Program Files (x86)\Websense\Data Security\/./Data-Batch-Server/service-container/container/logs/dbs\events.log and will not be deleted
2026-03-11 23:10:21,692 HealthCheck                      Error    File in use F:\Program Files (x86)\Websense\Data Security\/./Data-Batch-Server/service-container/container/logs/dbs\ldap.log and will not be deleted
2026-03-11 23:10:21,694 HealthCheck                      Error    File in use F:\Program Files (x86)\Websense\Data Security\/./Data-Batch-Server/service-container/container/logs/dbs\rap.log and will not be deleted
2026-03-11 23:10:21,695 HealthCheck                      Error    File in use F:\Program Files (x86)\Websense\Data Security\/./Data-Batch-Server/service-container/container/logs/dbs\spring.log and will not be deleted
2026-03-11 23:10:21,696 HealthCheck                      Error    File in use F:\Program Files (x86)\Websense\Data Security\/./Data-Batch-Server/service-container/container/logs/dbs\telemetry.log and will not be deleted
2026-03-12 23:10:21,070 HealthCheck                      Error    File in use F:\Program Files (x86)\Websense\Data Security\/./Logs\Scripts_PE.log and will not be deleted
2026-03-12 23:10:21,074 HealthCheck                      Error    File in use F:\Program Files (x86)\Websense\Data Security\/./EPS_CAMEL/data/service_logs\epsconnector-stderr.2025-12-02.log and will not be deleted
2026-03-12 23:10:21,076 HealthCheck                      Error    File in use F:\Program Files (x86)\Websense\Data Security\/./EPS_CAMEL/data/service_logs\epsconnector-stdout.2025-12-02.log and will not be deleted
2026-03-12 23:10:21,077 HealthCheck                      Error    File in use F:\Program Files (x86)\Websense\Data Security\/./EPS_CAMEL/data/service_logs\EPSConnector.2025-12-02.log and will not be deleted
2026-03-12 23:10:21,080 HealthCheck                      Error    File in use F:\Program Files (x86)\Websense\Data Security\/./tomcat/logs/dlp\dlp-login.log and will not be deleted
2026-03-12 23:10:21,083 HealthCheck                      Error    File in use F:\Program Files (x86)\Websense\Data Security\/./tomcat/logs/dlp\dlp-policies-import-export.log and will not be deleted
2026-03-12 23:10:21,084 HealthCheck                      Error    File in use F:\Program Files (x86)\Websense\Data Security\/./tomcat/logs/dlp\dlp-tomcat.log and will not be deleted
2026-03-12 23:10:21,087 HealthCheck                      Error    File in use F:\Program Files (x86)\Websense\Data Security\/./tomcat/logs/dlp\policy_update.log and will not be deleted
2026-03-12 23:10:21,092 HealthCheck                      Error    File in use F:\Program Files (x86)\Websense\Data Security\/./tomcat/logs/forensics\forensics-spring.log and will not be deleted
2026-03-12 23:10:21,093 HealthCheck                      Error    File in use F:\Program Files (x86)\Websense\Data Security\/./tomcat/logs/forensics\forensics-tomcat.log and will not be deleted
2026-03-12 23:10:21,096 HealthCheck                      Error    File in use F:\Program Files (x86)\Websense\Data Security\/./tomcat/logs/tomcat\all.log and will not be deleted
2026-03-12 23:10:21,099 HealthCheck                      Error    File in use F:\Program Files (x86)\Websense\Data Security\/./Data-Batch-Server/service-container/container/logs/dbs\ae.log and will not be deleted
2026-03-12 23:10:21,102 HealthCheck                      Error    File in use F:\Program Files (x86)\Websense\Data Security\/./Data-Batch-Server/service-container/container/logs/dbs\endpoint.log and will not be deleted
2026-03-12 23:10:21,104 HealthCheck                      Error    File in use F:\Program Files (x86)\Websense\Data Security\/./Data-Batch-Server/service-container/container/logs/dbs\events.log and will not be deleted
2026-03-12 23:10:21,105 HealthCheck                      Error    File in use F:\Program Files (x86)\Websense\Data Security\/./Data-Batch-Server/service-container/container/logs/dbs\ldap.log and will not be deleted
2026-03-12 23:10:21,107 HealthCheck                      Error    File in use F:\Program Files (x86)\Websense\Data Security\/./Data-Batch-Server/service-container/container/logs/dbs\rap.log and will not be deleted
2026-03-12 23:10:21,109 HealthCheck                      Error    File in use F:\Program Files (x86)\Websense\Data Security\/./Data-Batch-Server/service-container/container/logs/dbs\spring.log and will not be deleted
2026-03-12 23:10:21,111 HealthCheck                      Error    File in use F:\Program Files (x86)\Websense\Data Security\/./Data-Batch-Server/service-container/container/logs/dbs\telemetry.log and will not be deleted
2026-03-13 23:10:22,613 HealthCheck                      Error    File in use F:\Program Files (x86)\Websense\Data Security\/./Logs\Scripts_PE.log and will not be deleted
2026-03-13 23:10:22,620 HealthCheck                      Error    File in use F:\Program Files (x86)\Websense\Data Security\/./EPS_CAMEL/data/service_logs\epsconnector-stderr.2025-12-02.log and will not be deleted
2026-03-13 23:10:22,622 HealthCheck                      Error    File in use F:\Program Files (x86)\Websense\Data Security\/./EPS_CAMEL/data/service_logs\epsconnector-stdout.2025-12-02.log and will not be deleted
2026-03-13 23:10:22,623 HealthCheck                      Error    File in use F:\Program Files (x86)\Websense\Data Security\/./EPS_CAMEL/data/service_logs\EPSConnector.2025-12-02.log and will not be deleted
2026-03-13 23:10:22,626 HealthCheck                      Error    File in use F:\Program Files (x86)\Websense\Data Security\/./tomcat/logs/dlp\dlp-login.log and will not be deleted
2026-03-13 23:10:22,630 HealthCheck                      Error    File in use F:\Program Files (x86)\Websense\Data Security\/./tomcat/logs/dlp\dlp-policies-import-export.log and will not be deleted
2026-03-13 23:10:22,632 HealthCheck                      Error    File in use F:\Program Files (x86)\Websense\Data Security\/./tomcat/logs/dlp\dlp-tomcat.log and will not be deleted
2026-03-13 23:10:22,633 HealthCheck                      Error    File in use F:\Program Files (x86)\Websense\Data Security\/./tomcat/logs/dlp\policy_update.log and will not be deleted
2026-03-13 23:10:22,637 HealthCheck                      Error    File in use F:\Program Files (x86)\Websense\Data Security\/./tomcat/logs/forensics\forensics-spring.log and will not be deleted
2026-03-13 23:10:22,638 HealthCheck                      Error    File in use F:\Program Files (x86)\Websense\Data Security\/./tomcat/logs/forensics\forensics-tomcat.log and will not be deleted
2026-03-13 23:10:22,639 HealthCheck                      Error    File in use F:\Program Files (x86)\Websense\Data Security\/./tomcat/logs/tomcat\all.log and will not be deleted
2026-03-13 23:10:22,642 HealthCheck                      Error    File in use F:\Program Files (x86)\Websense\Data Security\/./Data-Batch-Server/service-container/container/logs/dbs\ae.log and will not be deleted
2026-03-13 23:10:22,645 HealthCheck                      Error    File in use F:\Program Files (x86)\Websense\Data Security\/./Data-Batch-Server/service-container/container/logs/dbs\endpoint.log and will not be deleted
2026-03-13 23:10:22,646 HealthCheck                      Error    File in use F:\Program Files (x86)\Websense\Data Security\/./Data-Batch-Server/service-container/container/logs/dbs\events.log and will not be deleted
2026-03-13 23:10:22,648 HealthCheck                      Error    File in use F:\Program Files (x86)\Websense\Data Security\/./Data-Batch-Server/service-container/container/logs/dbs\ldap.log and will not be deleted
2026-03-13 23:10:22,649 HealthCheck                      Error    File in use F:\Program Files (x86)\Websense\Data Security\/./Data-Batch-Server/service-container/container/logs/dbs\rap.log and will not be deleted
2026-03-13 23:10:22,650 HealthCheck                      Error    File in use F:\Program Files (x86)\Websense\Data Security\/./Data-Batch-Server/service-container/container/logs/dbs\spring.log and will not be deleted
2026-03-13 23:10:22,651 HealthCheck                      Error    File in use F:\Program Files (x86)\Websense\Data Security\/./Data-Batch-Server/service-container/container/logs/dbs\telemetry.log and will not be deleted
2026-03-14 23:10:21,777 HealthCheck                      Error    File in use F:\Program Files (x86)\Websense\Data Security\/./Logs\Scripts_PE.log and will not be deleted
2026-03-14 23:10:21,783 HealthCheck                      Error    File in use F:\Program Files (x86)\Websense\Data Security\/./EPS_CAMEL/data/service_logs\epsconnector-stderr.2025-12-02.log and will not be deleted
2026-03-14 23:10:21,785 HealthCheck                      Error    File in use F:\Program Files (x86)\Websense\Data Security\/./EPS_CAMEL/data/service_logs\epsconnector-stdout.2025-12-02.log and will not be deleted
2026-03-14 23:10:21,787 HealthCheck                      Error    File in use F:\Program Files (x86)\Websense\Data Security\/./EPS_CAMEL/data/service_logs\EPSConnector.2025-12-02.log and will not be deleted
2026-03-14 23:10:21,792 HealthCheck                      Error    File in use F:\Program Files (x86)\Websense\Data Security\/./tomcat/logs/dlp\dlp-login.log and will not be deleted
2026-03-14 23:10:21,795 HealthCheck                      Error    File in use F:\Program Files (x86)\Websense\Data Security\/./tomcat/logs/dlp\dlp-policies-import-export.log and will not be deleted
2026-03-14 23:10:21,797 HealthCheck                      Error    File in use F:\Program Files (x86)\Websense\Data Security\/./tomcat/logs/dlp\dlp-tomcat.log and will not be deleted
2026-03-14 23:10:21,799 HealthCheck                      Error    File in use F:\Program Files (x86)\Websense\Data Security\/./tomcat/logs/dlp\policy_update.log and will not be deleted
2026-03-14 23:10:21,802 HealthCheck                      Error    File in use F:\Program Files (x86)\Websense\Data Security\/./tomcat/logs/forensics\forensics-spring.log and will not be deleted
2026-03-14 23:10:21,803 HealthCheck                      Error    File in use F:\Program Files (x86)\Websense\Data Security\/./tomcat/logs/forensics\forensics-tomcat.log and will not be deleted
2026-03-14 23:10:21,805 HealthCheck                      Error    File in use F:\Program Files (x86)\Websense\Data Security\/./tomcat/logs/tomcat\all.log and will not be deleted
2026-03-14 23:10:21,808 HealthCheck                      Error    File in use F:\Program Files (x86)\Websense\Data Security\/./Data-Batch-Server/service-container/container/logs/dbs\ae.log and will not be deleted
2026-03-14 23:10:21,810 HealthCheck                      Error    File in use F:\Program Files (x86)\Websense\Data Security\/./Data-Batch-Server/service-container/container/logs/dbs\endpoint.log and will not be deleted
2026-03-14 23:10:21,811 HealthCheck                      Error    File in use F:\Program Files (x86)\Websense\Data Security\/./Data-Batch-Server/service-container/container/logs/dbs\events.log and will not be deleted
2026-03-14 23:10:21,813 HealthCheck                      Error    File in use F:\Program Files (x86)\Websense\Data Security\/./Data-Batch-Server/service-container/container/logs/dbs\ldap.log and will not be deleted
2026-03-14 23:10:21,814 HealthCheck                      Error    File in use F:\Program Files (x86)\Websense\Data Security\/./Data-Batch-Server/service-container/container/logs/dbs\rap.log and will not be deleted
2026-03-14 23:10:21,815 HealthCheck                      Error    File in use F:\Program Files (x86)\Websense\Data Security\/./Data-Batch-Server/service-container/container/logs/dbs\spring.log and will not be deleted
2026-03-14 23:10:21,816 HealthCheck                      Error    File in use F:\Program Files (x86)\Websense\Data Security\/./Data-Batch-Server/service-container/container/logs/dbs\telemetry.log and will not be deleted
2026-03-15 23:10:21,242 HealthCheck                      Error    File in use F:\Program Files (x86)\Websense\Data Security\/./Logs\Scripts_PE.log and will not be deleted
2026-03-15 23:10:21,248 HealthCheck                      Error    File in use F:\Program Files (x86)\Websense\Data Security\/./EPS_CAMEL/data/service_logs\epsconnector-stderr.2025-12-02.log and will not be deleted
2026-03-15 23:10:21,249 HealthCheck                      Error    File in use F:\Program Files (x86)\Websense\Data Security\/./EPS_CAMEL/data/service_logs\epsconnector-stdout.2025-12-02.log and will not be deleted
2026-03-15 23:10:21,251 HealthCheck                      Error    File in use F:\Program Files (x86)\Websense\Data Security\/./EPS_CAMEL/data/service_logs\EPSConnector.2025-12-02.log and will not be deleted
2026-03-15 23:10:21,255 HealthCheck                      Error    File in use F:\Program Files (x86)\Websense\Data Security\/./tomcat/logs/dlp\dlp-login.log and will not be deleted
2026-03-15 23:10:21,257 HealthCheck                      Error    File in use F:\Program Files (x86)\Websense\Data Security\/./tomcat/logs/dlp\dlp-policies-import-export.log and will not be deleted
2026-03-15 23:10:21,260 HealthCheck                      Error    File in use F:\Program Files (x86)\Websense\Data Security\/./tomcat/logs/dlp\dlp-tomcat.log and will not be deleted
2026-03-15 23:10:21,261 HealthCheck                      Error    File in use F:\Program Files (x86)\Websense\Data Security\/./tomcat/logs/dlp\policy_update.log and will not be deleted
2026-03-15 23:10:21,263 HealthCheck                      Error    File in use F:\Program Files (x86)\Websense\Data Security\/./tomcat/logs/forensics\forensics-spring.log and will not be deleted
2026-03-15 23:10:21,264 HealthCheck                      Error    File in use F:\Program Files (x86)\Websense\Data Security\/./tomcat/logs/forensics\forensics-tomcat.log and will not be deleted
2026-03-15 23:10:21,265 HealthCheck                      Error    File in use F:\Program Files (x86)\Websense\Data Security\/./tomcat/logs/tomcat\all.log and will not be deleted
2026-03-15 23:10:21,267 HealthCheck                      Error    File in use F:\Program Files (x86)\Websense\Data Security\/./Data-Batch-Server/service-container/container/logs/dbs\ae.log and will not be deleted
2026-03-15 23:10:21,270 HealthCheck                      Error    File in use F:\Program Files (x86)\Websense\Data Security\/./Data-Batch-Server/service-container/container/logs/dbs\endpoint.log and will not be deleted
2026-03-15 23:10:21,271 HealthCheck                      Error    File in use F:\Program Files (x86)\Websense\Data Security\/./Data-Batch-Server/service-container/container/logs/dbs\events.log and will not be deleted
2026-03-15 23:10:21,272 HealthCheck                      Error    File in use F:\Program Files (x86)\Websense\Data Security\/./Data-Batch-Server/service-container/container/logs/dbs\ldap.log and will not be deleted
2026-03-15 23:10:21,273 HealthCheck                      Error    File in use F:\Program Files (x86)\Websense\Data Security\/./Data-Batch-Server/service-container/container/logs/dbs\rap.log and will not be deleted
2026-03-15 23:10:21,274 HealthCheck                      Error    File in use F:\Program Files (x86)\Websense\Data Security\/./Data-Batch-Server/service-container/container/logs/dbs\spring.log and will not be deleted
2026-03-15 23:10:21,275 HealthCheck                      Error    File in use F:\Program Files (x86)\Websense\Data Security\/./Data-Batch-Server/service-container/container/logs/dbs\telemetry.log and will not be deleted
2026-03-16 23:10:22,353 HealthCheck                      Error    File in use F:\Program Files (x86)\Websense\Data Security\/./Logs\Scripts_PE.log and will not be deleted
2026-03-16 23:10:22,360 HealthCheck                      Error    File in use F:\Program Files (x86)\Websense\Data Security\/./EPS_CAMEL/data/service_logs\epsconnector-stderr.2025-12-02.log and will not be deleted
2026-03-16 23:10:22,363 HealthCheck                      Error    File in use F:\Program Files (x86)\Websense\Data Security\/./EPS_CAMEL/data/service_logs\epsconnector-stdout.2025-12-02.log and will not be deleted
2026-03-16 23:10:22,364 HealthCheck                      Error    File in use F:\Program Files (x86)\Websense\Data Security\/./EPS_CAMEL/data/service_logs\EPSConnector.2025-12-02.log and will not be deleted
2026-03-16 23:10:22,367 HealthCheck                      Error    File in use F:\Program Files (x86)\Websense\Data Security\/./tomcat/logs/dlp\dlp-login.log and will not be deleted
2026-03-16 23:10:22,370 HealthCheck                      Error    File in use F:\Program Files (x86)\Websense\Data Security\/./tomcat/logs/dlp\dlp-policies-import-export.log and will not be deleted
2026-03-16 23:10:22,372 HealthCheck                      Error    File in use F:\Program Files (x86)\Websense\Data Security\/./tomcat/logs/dlp\dlp-tomcat.log and will not be deleted
2026-03-16 23:10:22,374 HealthCheck                      Error    File in use F:\Program Files (x86)\Websense\Data Security\/./tomcat/logs/dlp\policy_update.log and will not be deleted
2026-03-16 23:10:22,376 HealthCheck                      Error    File in use F:\Program Files (x86)\Websense\Data Security\/./tomcat/logs/forensics\forensics-spring.log and will not be deleted
2026-03-16 23:10:22,377 HealthCheck                      Error    File in use F:\Program Files (x86)\Websense\Data Security\/./tomcat/logs/forensics\forensics-tomcat.log and will not be deleted
2026-03-16 23:10:22,379 HealthCheck                      Error    File in use F:\Program Files (x86)\Websense\Data Security\/./tomcat/logs/tomcat\all.log and will not be deleted
2026-03-16 23:10:22,381 HealthCheck                      Error    File in use F:\Program Files (x86)\Websense\Data Security\/./Data-Batch-Server/service-container/container/logs/dbs\ae.log and will not be deleted
2026-03-16 23:10:22,385 HealthCheck                      Error    File in use F:\Program Files (x86)\Websense\Data Security\/./Data-Batch-Server/service-container/container/logs/dbs\endpoint.log and will not be deleted
2026-03-16 23:10:22,386 HealthCheck                      Error    File in use F:\Program Files (x86)\Websense\Data Security\/./Data-Batch-Server/service-container/container/logs/dbs\events.log and will not be deleted
2026-03-16 23:10:22,388 HealthCheck                      Error    File in use F:\Program Files (x86)\Websense\Data Security\/./Data-Batch-Server/service-container/container/logs/dbs\ldap.log and will not be deleted
2026-03-16 23:10:22,388 HealthCheck                      Error    File in use F:\Program Files (x86)\Websense\Data Security\/./Data-Batch-Server/service-container/container/logs/dbs\rap.log and will not be deleted
2026-03-16 23:10:22,391 HealthCheck                      Error    File in use F:\Program Files (x86)\Websense\Data Security\/./Data-Batch-Server/service-container/container/logs/dbs\spring.log and will not be deleted
2026-03-16 23:10:22,392 HealthCheck                      Error    File in use F:\Program Files (x86)\Websense\Data Security\/./Data-Batch-Server/service-container/container/logs/dbs\telemetry.log and will not be deleted
2026-03-17 23:10:22,335 HealthCheck                      Error    File in use F:\Program Files (x86)\Websense\Data Security\/./Logs\Scripts_PE.log and will not be deleted
2026-03-17 23:10:22,343 HealthCheck                      Error    File in use F:\Program Files (x86)\Websense\Data Security\/./EPS_CAMEL/data/service_logs\epsconnector-stderr.2025-12-02.log and will not be deleted
2026-03-17 23:10:22,346 HealthCheck                      Error    File in use F:\Program Files (x86)\Websense\Data Security\/./EPS_CAMEL/data/service_logs\epsconnector-stdout.2025-12-02.log and will not be deleted
2026-03-17 23:10:22,348 HealthCheck                      Error    File in use F:\Program Files (x86)\Websense\Data Security\/./EPS_CAMEL/data/service_logs\EPSConnector.2025-12-02.log and will not be deleted
2026-03-17 23:10:22,354 HealthCheck                      Error    File in use F:\Program Files (x86)\Websense\Data Security\/./tomcat/logs/dlp\dlp-login.log and will not be deleted
2026-03-17 23:10:22,357 HealthCheck                      Error    File in use F:\Program Files (x86)\Websense\Data Security\/./tomcat/logs/dlp\dlp-policies-import-export.log and will not be deleted
2026-03-17 23:10:22,360 HealthCheck                      Error    File in use F:\Program Files (x86)\Websense\Data Security\/./tomcat/logs/dlp\dlp-tomcat.log and will not be deleted
2026-03-17 23:10:22,361 HealthCheck                      Error    File in use F:\Program Files (x86)\Websense\Data Security\/./tomcat/logs/dlp\policy_update.log and will not be deleted
2026-03-17 23:10:22,366 HealthCheck                      Error    File in use F:\Program Files (x86)\Websense\Data Security\/./tomcat/logs/forensics\forensics-spring.log and will not be deleted
2026-03-17 23:10:22,368 HealthCheck                      Error    File in use F:\Program Files (x86)\Websense\Data Security\/./tomcat/logs/forensics\forensics-tomcat.log and will not be deleted
2026-03-17 23:10:22,371 HealthCheck                      Error    File in use F:\Program Files (x86)\Websense\Data Security\/./tomcat/logs/tomcat\all.log and will not be deleted
2026-03-17 23:10:22,375 HealthCheck                      Error    File in use F:\Program Files (x86)\Websense\Data Security\/./Data-Batch-Server/service-container/container/logs/dbs\ae.log and will not be deleted
2026-03-17 23:10:22,380 HealthCheck                      Error    File in use F:\Program Files (x86)\Websense\Data Security\/./Data-Batch-Server/service-container/container/logs/dbs\endpoint.log and will not be deleted
2026-03-17 23:10:22,382 HealthCheck                      Error    File in use F:\Program Files (x86)\Websense\Data Security\/./Data-Batch-Server/service-container/container/logs/dbs\events.log and will not be deleted
2026-03-17 23:10:22,384 HealthCheck                      Error    File in use F:\Program Files (x86)\Websense\Data Security\/./Data-Batch-Server/service-container/container/logs/dbs\ldap.log and will not be deleted
2026-03-17 23:10:22,386 HealthCheck                      Error    File in use F:\Program Files (x86)\Websense\Data Security\/./Data-Batch-Server/service-container/container/logs/dbs\rap.log and will not be deleted
2026-03-17 23:10:22,387 HealthCheck                      Error    File in use F:\Program Files (x86)\Websense\Data Security\/./Data-Batch-Server/service-container/container/logs/dbs\spring.log and will not be deleted
2026-03-17 23:10:22,391 HealthCheck                      Error    File in use F:\Program Files (x86)\Websense\Data Security\/./Data-Batch-Server/service-container/container/logs/dbs\telemetry.log and will not be deleted
2026-03-18 23:10:22,283 HealthCheck                      Error    File in use F:\Program Files (x86)\Websense\Data Security\/./Logs\Scripts_PE.log and will not be deleted
2026-03-18 23:10:22,290 HealthCheck                      Error    File in use F:\Program Files (x86)\Websense\Data Security\/./EPS_CAMEL/data/service_logs\epsconnector-stderr.2025-12-02.log and will not be deleted
2026-03-18 23:10:22,293 HealthCheck                      Error    File in use F:\Program Files (x86)\Websense\Data Security\/./EPS_CAMEL/data/service_logs\epsconnector-stdout.2025-12-02.log and will not be deleted
2026-03-18 23:10:22,294 HealthCheck                      Error    File in use F:\Program Files (x86)\Websense\Data Security\/./EPS_CAMEL/data/service_logs\EPSConnector.2025-12-02.log and will not be deleted
2026-03-18 23:10:22,299 HealthCheck                      Error    File in use F:\Program Files (x86)\Websense\Data Security\/./tomcat/logs/dlp\dlp-login.log and will not be deleted
2026-03-18 23:10:22,301 HealthCheck                      Error    File in use F:\Program Files (x86)\Websense\Data Security\/./tomcat/logs/dlp\dlp-policies-import-export.log and will not be deleted
2026-03-18 23:10:22,304 HealthCheck                      Error    File in use F:\Program Files (x86)\Websense\Data Security\/./tomcat/logs/dlp\dlp-tomcat.log and will not be deleted
2026-03-18 23:10:22,306 HealthCheck                      Error    File in use F:\Program Files (x86)\Websense\Data Security\/./tomcat/logs/dlp\policy_update.log and will not be deleted
2026-03-18 23:10:22,308 HealthCheck                      Error    File in use F:\Program Files (x86)\Websense\Data Security\/./tomcat/logs/forensics\forensics-spring.log and will not be deleted
2026-03-18 23:10:22,310 HealthCheck                      Error    File in use F:\Program Files (x86)\Websense\Data Security\/./tomcat/logs/forensics\forensics-tomcat.log and will not be deleted
2026-03-18 23:10:22,312 HealthCheck                      Error    File in use F:\Program Files (x86)\Websense\Data Security\/./tomcat/logs/tomcat\all.log and will not be deleted
2026-03-18 23:10:22,315 HealthCheck                      Error    File in use F:\Program Files (x86)\Websense\Data Security\/./Data-Batch-Server/service-container/container/logs/dbs\ae.log and will not be deleted
2026-03-18 23:10:22,317 HealthCheck                      Error    File in use F:\Program Files (x86)\Websense\Data Security\/./Data-Batch-Server/service-container/container/logs/dbs\endpoint.log and will not be deleted
2026-03-18 23:10:22,318 HealthCheck                      Error    File in use F:\Program Files (x86)\Websense\Data Security\/./Data-Batch-Server/service-container/container/logs/dbs\events.log and will not be deleted
2026-03-18 23:10:22,320 HealthCheck                      Error    File in use F:\Program Files (x86)\Websense\Data Security\/./Data-Batch-Server/service-container/container/logs/dbs\ldap.log and will not be deleted
2026-03-18 23:10:22,321 HealthCheck                      Error    File in use F:\Program Files (x86)\Websense\Data Security\/./Data-Batch-Server/service-container/container/logs/dbs\rap.log and will not be deleted
2026-03-18 23:10:22,323 HealthCheck                      Error    File in use F:\Program Files (x86)\Websense\Data Security\/./Data-Batch-Server/service-container/container/logs/dbs\spring.log and will not be deleted
2026-03-18 23:10:22,324 HealthCheck                      Error    File in use F:\Program Files (x86)\Websense\Data Security\/./Data-Batch-Server/service-container/container/logs/dbs\telemetry.log and will not be deleted
2026-03-19 23:10:22,891 HealthCheck                      Error    File in use F:\Program Files (x86)\Websense\Data Security\/./Logs\Scripts_PE.log and will not be deleted
2026-03-19 23:10:22,896 HealthCheck                      Error    File in use F:\Program Files (x86)\Websense\Data Security\/./EPS_CAMEL/data/service_logs\epsconnector-stderr.2025-12-02.log and will not be deleted
2026-03-19 23:10:22,898 HealthCheck                      Error    File in use F:\Program Files (x86)\Websense\Data Security\/./EPS_CAMEL/data/service_logs\epsconnector-stdout.2025-12-02.log and will not be deleted
2026-03-19 23:10:22,899 HealthCheck                      Error    File in use F:\Program Files (x86)\Websense\Data Security\/./EPS_CAMEL/data/service_logs\EPSConnector.2025-12-02.log and will not be deleted
2026-03-19 23:10:22,902 HealthCheck                      Error    File in use F:\Program Files (x86)\Websense\Data Security\/./tomcat/logs/dlp\dlp-login.log and will not be deleted
2026-03-19 23:10:22,905 HealthCheck                      Error    File in use F:\Program Files (x86)\Websense\Data Security\/./tomcat/logs/dlp\dlp-policies-import-export.log and will not be deleted
2026-03-19 23:10:22,907 HealthCheck                      Error    File in use F:\Program Files (x86)\Websense\Data Security\/./tomcat/logs/dlp\dlp-tomcat.log and will not be deleted
2026-03-19 23:10:22,908 HealthCheck                      Error    File in use F:\Program Files (x86)\Websense\Data Security\/./tomcat/logs/dlp\policy_update.log and will not be deleted
2026-03-19 23:10:22,912 HealthCheck                      Error    File in use F:\Program Files (x86)\Websense\Data Security\/./tomcat/logs/forensics\forensics-spring.log and will not be deleted
2026-03-19 23:10:22,914 HealthCheck                      Error    File in use F:\Program Files (x86)\Websense\Data Security\/./tomcat/logs/forensics\forensics-tomcat.log and will not be deleted
2026-03-19 23:10:22,916 HealthCheck                      Error    File in use F:\Program Files (x86)\Websense\Data Security\/./tomcat/logs/tomcat\all.log and will not be deleted
2026-03-19 23:10:22,918 HealthCheck                      Error    File in use F:\Program Files (x86)\Websense\Data Security\/./Data-Batch-Server/service-container/container/logs/dbs\ae.log and will not be deleted
2026-03-19 23:10:22,920 HealthCheck                      Error    File in use F:\Program Files (x86)\Websense\Data Security\/./Data-Batch-Server/service-container/container/logs/dbs\endpoint.log and will not be deleted
2026-03-19 23:10:22,921 HealthCheck                      Error    File in use F:\Program Files (x86)\Websense\Data Security\/./Data-Batch-Server/service-container/container/logs/dbs\events.log and will not be deleted
2026-03-19 23:10:22,923 HealthCheck                      Error    File in use F:\Program Files (x86)\Websense\Data Security\/./Data-Batch-Server/service-container/container/logs/dbs\ldap.log and will not be deleted
2026-03-19 23:10:22,924 HealthCheck                      Error    File in use F:\Program Files (x86)\Websense\Data Security\/./Data-Batch-Server/service-container/container/logs/dbs\rap.log and will not be deleted
2026-03-19 23:10:22,926 HealthCheck                      Error    File in use F:\Program Files (x86)\Websense\Data Security\/./Data-Batch-Server/service-container/container/logs/dbs\spring.log and will not be deleted
2026-03-19 23:10:22,927 HealthCheck                      Error    File in use F:\Program Files (x86)\Websense\Data Security\/./Data-Batch-Server/service-container/container/logs/dbs\telemetry.log and will not be deleted
2026-03-20 23:10:23,373 HealthCheck                      Error    File in use F:\Program Files (x86)\Websense\Data Security\/./Logs\Scripts_PE.log and will not be deleted
2026-03-20 23:10:23,378 HealthCheck                      Error    File in use F:\Program Files (x86)\Websense\Data Security\/./EPS_CAMEL/data/service_logs\epsconnector-stderr.2025-12-02.log and will not be deleted
2026-03-20 23:10:23,380 HealthCheck                      Error    File in use F:\Program Files (x86)\Websense\Data Security\/./EPS_CAMEL/data/service_logs\epsconnector-stdout.2025-12-02.log and will not be deleted
2026-03-20 23:10:23,381 HealthCheck                      Error    File in use F:\Program Files (x86)\Websense\Data Security\/./EPS_CAMEL/data/service_logs\EPSConnector.2025-12-02.log and will not be deleted
2026-03-20 23:10:23,384 HealthCheck                      Error    File in use F:\Program Files (x86)\Websense\Data Security\/./tomcat/logs/dlp\dlp-login.log and will not be deleted
2026-03-20 23:10:23,386 HealthCheck                      Error    File in use F:\Program Files (x86)\Websense\Data Security\/./tomcat/logs/dlp\dlp-policies-import-export.log and will not be deleted
2026-03-20 23:10:23,388 HealthCheck                      Error    File in use F:\Program Files (x86)\Websense\Data Security\/./tomcat/logs/dlp\dlp-tomcat.log and will not be deleted
2026-03-20 23:10:23,389 HealthCheck                      Error    File in use F:\Program Files (x86)\Websense\Data Security\/./tomcat/logs/dlp\policy_update.log and will not be deleted
2026-03-20 23:10:23,391 HealthCheck                      Error    File in use F:\Program Files (x86)\Websense\Data Security\/./tomcat/logs/forensics\forensics-spring.log and will not be deleted
2026-03-20 23:10:23,392 HealthCheck                      Error    File in use F:\Program Files (x86)\Websense\Data Security\/./tomcat/logs/forensics\forensics-tomcat.log and will not be deleted
2026-03-20 23:10:23,393 HealthCheck                      Error    File in use F:\Program Files (x86)\Websense\Data Security\/./tomcat/logs/tomcat\all.log and will not be deleted
2026-03-20 23:10:23,395 HealthCheck                      Error    File in use F:\Program Files (x86)\Websense\Data Security\/./Data-Batch-Server/service-container/container/logs/dbs\ae.log and will not be deleted
2026-03-20 23:10:23,397 HealthCheck                      Error    File in use F:\Program Files (x86)\Websense\Data Security\/./Data-Batch-Server/service-container/container/logs/dbs\endpoint.log and will not be deleted
2026-03-20 23:10:23,398 HealthCheck                      Error    File in use F:\Program Files (x86)\Websense\Data Security\/./Data-Batch-Server/service-container/container/logs/dbs\events.log and will not be deleted
2026-03-20 23:10:23,400 HealthCheck                      Error    File in use F:\Program Files (x86)\Websense\Data Security\/./Data-Batch-Server/service-container/container/logs/dbs\ldap.log and will not be deleted
2026-03-20 23:10:23,401 HealthCheck                      Error    File in use F:\Program Files (x86)\Websense\Data Security\/./Data-Batch-Server/service-container/container/logs/dbs\rap.log and will not be deleted
2026-03-20 23:10:23,403 HealthCheck                      Error    File in use F:\Program Files (x86)\Websense\Data Security\/./Data-Batch-Server/service-container/container/logs/dbs\spring.log and will not be deleted
2026-03-20 23:10:23,405 HealthCheck                      Error    File in use F:\Program Files (x86)\Websense\Data Security\/./Data-Batch-Server/service-container/container/logs/dbs\telemetry.log and will not be deleted
2026-03-21 23:10:22,709 HealthCheck                      Error    File in use F:\Program Files (x86)\Websense\Data Security\/./Logs\Scripts_PE.log and will not be deleted
2026-03-21 23:10:22,715 HealthCheck                      Error    File in use F:\Program Files (x86)\Websense\Data Security\/./EPS_CAMEL/data/service_logs\epsconnector-stderr.2025-12-02.log and will not be deleted
2026-03-21 23:10:22,717 HealthCheck                      Error    File in use F:\Program Files (x86)\Websense\Data Security\/./EPS_CAMEL/data/service_logs\epsconnector-stdout.2025-12-02.log and will not be deleted
2026-03-21 23:10:22,718 HealthCheck                      Error    File in use F:\Program Files (x86)\Websense\Data Security\/./EPS_CAMEL/data/service_logs\EPSConnector.2025-12-02.log and will not be deleted
2026-03-21 23:10:22,723 HealthCheck                      Error    File in use F:\Program Files (x86)\Websense\Data Security\/./tomcat/logs/dlp\dlp-login.log and will not be deleted
2026-03-21 23:10:22,725 HealthCheck                      Error    File in use F:\Program Files (x86)\Websense\Data Security\/./tomcat/logs/dlp\dlp-policies-import-export.log and will not be deleted
2026-03-21 23:10:22,728 HealthCheck                      Error    File in use F:\Program Files (x86)\Websense\Data Security\/./tomcat/logs/dlp\dlp-tomcat.log and will not be deleted
2026-03-21 23:10:22,729 HealthCheck                      Error    File in use F:\Program Files (x86)\Websense\Data Security\/./tomcat/logs/dlp\policy_update.log and will not be deleted
2026-03-21 23:10:22,733 HealthCheck                      Error    File in use F:\Program Files (x86)\Websense\Data Security\/./tomcat/logs/forensics\forensics-spring.log and will not be deleted
2026-03-21 23:10:22,734 HealthCheck                      Error    File in use F:\Program Files (x86)\Websense\Data Security\/./tomcat/logs/forensics\forensics-tomcat.log and will not be deleted
2026-03-21 23:10:22,736 HealthCheck                      Error    File in use F:\Program Files (x86)\Websense\Data Security\/./tomcat/logs/tomcat\all.log and will not be deleted
2026-03-21 23:10:22,738 HealthCheck                      Error    File in use F:\Program Files (x86)\Websense\Data Security\/./Data-Batch-Server/service-container/container/logs/dbs\ae.log and will not be deleted
2026-03-21 23:10:22,742 HealthCheck                      Error    File in use F:\Program Files (x86)\Websense\Data Security\/./Data-Batch-Server/service-container/container/logs/dbs\endpoint.log and will not be deleted
2026-03-21 23:10:22,743 HealthCheck                      Error    File in use F:\Program Files (x86)\Websense\Data Security\/./Data-Batch-Server/service-container/container/logs/dbs\events.log and will not be deleted
2026-03-21 23:10:22,744 HealthCheck                      Error    File in use F:\Program Files (x86)\Websense\Data Security\/./Data-Batch-Server/service-container/container/logs/dbs\ldap.log and will not be deleted
2026-03-21 23:10:22,746 HealthCheck                      Error    File in use F:\Program Files (x86)\Websense\Data Security\/./Data-Batch-Server/service-container/container/logs/dbs\rap.log and will not be deleted
2026-03-21 23:10:22,747 HealthCheck                      Error    File in use F:\Program Files (x86)\Websense\Data Security\/./Data-Batch-Server/service-container/container/logs/dbs\spring.log and will not be deleted
2026-03-21 23:10:22,748 HealthCheck                      Error    File in use F:\Program Files (x86)\Websense\Data Security\/./Data-Batch-Server/service-container/container/logs/dbs\telemetry.log and will not be deleted
2026-03-22 23:10:22,477 HealthCheck                      Error    File in use F:\Program Files (x86)\Websense\Data Security\/./Logs\Scripts_PE.log and will not be deleted
2026-03-22 23:10:22,482 HealthCheck                      Error    File in use F:\Program Files (x86)\Websense\Data Security\/./EPS_CAMEL/data/service_logs\epsconnector-stderr.2025-12-02.log and will not be deleted
2026-03-22 23:10:22,483 HealthCheck                      Error    File in use F:\Program Files (x86)\Websense\Data Security\/./EPS_CAMEL/data/service_logs\epsconnector-stdout.2025-12-02.log and will not be deleted
2026-03-22 23:10:22,484 HealthCheck                      Error    File in use F:\Program Files (x86)\Websense\Data Security\/./EPS_CAMEL/data/service_logs\EPSConnector.2025-12-02.log and will not be deleted
2026-03-22 23:10:22,486 HealthCheck                      Error    File in use F:\Program Files (x86)\Websense\Data Security\/./tomcat/logs/dlp\dlp-login.log and will not be deleted
2026-03-22 23:10:22,488 HealthCheck                      Error    File in use F:\Program Files (x86)\Websense\Data Security\/./tomcat/logs/dlp\dlp-policies-import-export.log and will not be deleted
2026-03-22 23:10:22,489 HealthCheck                      Error    File in use F:\Program Files (x86)\Websense\Data Security\/./tomcat/logs/dlp\dlp-tomcat.log and will not be deleted
2026-03-22 23:10:22,490 HealthCheck                      Error    File in use F:\Program Files (x86)\Websense\Data Security\/./tomcat/logs/dlp\policy_update.log and will not be deleted
2026-03-22 23:10:22,491 HealthCheck                      Error    File in use F:\Program Files (x86)\Websense\Data Security\/./tomcat/logs/forensics\forensics-spring.log and will not be deleted
2026-03-22 23:10:22,492 HealthCheck                      Error    File in use F:\Program Files (x86)\Websense\Data Security\/./tomcat/logs/forensics\forensics-tomcat.log and will not be deleted
2026-03-22 23:10:22,493 HealthCheck                      Error    File in use F:\Program Files (x86)\Websense\Data Security\/./tomcat/logs/tomcat\all.log and will not be deleted
2026-03-22 23:10:22,495 HealthCheck                      Error    File in use F:\Program Files (x86)\Websense\Data Security\/./Data-Batch-Server/service-container/container/logs/dbs\ae.log and will not be deleted
2026-03-22 23:10:22,497 HealthCheck                      Error    File in use F:\Program Files (x86)\Websense\Data Security\/./Data-Batch-Server/service-container/container/logs/dbs\endpoint.log and will not be deleted
2026-03-22 23:10:22,498 HealthCheck                      Error    File in use F:\Program Files (x86)\Websense\Data Security\/./Data-Batch-Server/service-container/container/logs/dbs\events.log and will not be deleted
2026-03-22 23:10:22,499 HealthCheck                      Error    File in use F:\Program Files (x86)\Websense\Data Security\/./Data-Batch-Server/service-container/container/logs/dbs\ldap.log and will not be deleted
2026-03-22 23:10:22,500 HealthCheck                      Error    File in use F:\Program Files (x86)\Websense\Data Security\/./Data-Batch-Server/service-container/container/logs/dbs\rap.log and will not be deleted
2026-03-22 23:10:22,500 HealthCheck                      Error    File in use F:\Program Files (x86)\Websense\Data Security\/./Data-Batch-Server/service-container/container/logs/dbs\spring.log and will not be deleted
2026-03-22 23:10:22,501 HealthCheck                      Error    File in use F:\Program Files (x86)\Websense\Data Security\/./Data-Batch-Server/service-container/container/logs/dbs\telemetry.log and will not be deleted
2026-03-23 23:10:23,546 HealthCheck                      Error    File in use F:\Program Files (x86)\Websense\Data Security\/./Logs\Scripts_PE.log and will not be deleted
2026-03-23 23:10:23,552 HealthCheck                      Error    File in use F:\Program Files (x86)\Websense\Data Security\/./EPS_CAMEL/data/service_logs\epsconnector-stderr.2025-12-02.log and will not be deleted
2026-03-23 23:10:23,553 HealthCheck                      Error    File in use F:\Program Files (x86)\Websense\Data Security\/./EPS_CAMEL/data/service_logs\epsconnector-stdout.2025-12-02.log and will not be deleted
2026-03-23 23:10:23,556 HealthCheck                      Error    File in use F:\Program Files (x86)\Websense\Data Security\/./EPS_CAMEL/data/service_logs\EPSConnector.2025-12-02.log and will not be deleted
2026-03-23 23:10:23,562 HealthCheck                      Error    File in use F:\Program Files (x86)\Websense\Data Security\/./tomcat/logs/dlp\dlp-login.log and will not be deleted
2026-03-23 23:10:23,564 HealthCheck                      Error    File in use F:\Program Files (x86)\Websense\Data Security\/./tomcat/logs/dlp\dlp-policies-import-export.log and will not be deleted
2026-03-23 23:10:23,567 HealthCheck                      Error    File in use F:\Program Files (x86)\Websense\Data Security\/./tomcat/logs/dlp\dlp-tomcat.log and will not be deleted
2026-03-23 23:10:23,568 HealthCheck                      Error    File in use F:\Program Files (x86)\Websense\Data Security\/./tomcat/logs/dlp\policy_update.log and will not be deleted
2026-03-23 23:10:23,570 HealthCheck                      Error    File in use F:\Program Files (x86)\Websense\Data Security\/./tomcat/logs/forensics\forensics-spring.log and will not be deleted
2026-03-23 23:10:23,571 HealthCheck                      Error    File in use F:\Program Files (x86)\Websense\Data Security\/./tomcat/logs/forensics\forensics-tomcat.log and will not be deleted
2026-03-23 23:10:23,573 HealthCheck                      Error    File in use F:\Program Files (x86)\Websense\Data Security\/./tomcat/logs/tomcat\all.log and will not be deleted
2026-03-23 23:10:23,575 HealthCheck                      Error    File in use F:\Program Files (x86)\Websense\Data Security\/./Data-Batch-Server/service-container/container/logs/dbs\ae.log and will not be deleted
2026-03-23 23:10:23,579 HealthCheck                      Error    File in use F:\Program Files (x86)\Websense\Data Security\/./Data-Batch-Server/service-container/container/logs/dbs\endpoint.log and will not be deleted
2026-03-23 23:10:23,580 HealthCheck                      Error    File in use F:\Program Files (x86)\Websense\Data Security\/./Data-Batch-Server/service-container/container/logs/dbs\events.log and will not be deleted
2026-03-23 23:10:23,582 HealthCheck                      Error    File in use F:\Program Files (x86)\Websense\Data Security\/./Data-Batch-Server/service-container/container/logs/dbs\ldap.log and will not be deleted
2026-03-23 23:10:23,583 HealthCheck                      Error    File in use F:\Program Files (x86)\Websense\Data Security\/./Data-Batch-Server/service-container/container/logs/dbs\rap.log and will not be deleted
2026-03-23 23:10:23,584 HealthCheck                      Error    File in use F:\Program Files (x86)\Websense\Data Security\/./Data-Batch-Server/service-container/container/logs/dbs\spring.log and will not be deleted
2026-03-23 23:10:23,585 HealthCheck                      Error    File in use F:\Program Files (x86)\Websense\Data Security\/./Data-Batch-Server/service-container/container/logs/dbs\telemetry.log and will not be deleted
2026-03-24 23:10:22,827 HealthCheck                      Error    File in use F:\Program Files (x86)\Websense\Data Security\/./Logs\Scripts_PE.log and will not be deleted
2026-03-24 23:10:22,834 HealthCheck                      Error    File in use F:\Program Files (x86)\Websense\Data Security\/./EPS_CAMEL/data/service_logs\epsconnector-stderr.2025-12-02.log and will not be deleted
2026-03-24 23:10:22,835 HealthCheck                      Error    File in use F:\Program Files (x86)\Websense\Data Security\/./EPS_CAMEL/data/service_logs\epsconnector-stdout.2025-12-02.log and will not be deleted
2026-03-24 23:10:22,837 HealthCheck                      Error    File in use F:\Program Files (x86)\Websense\Data Security\/./EPS_CAMEL/data/service_logs\EPSConnector.2025-12-02.log and will not be deleted
2026-03-24 23:10:22,843 HealthCheck                      Error    File in use F:\Program Files (x86)\Websense\Data Security\/./tomcat/logs/dlp\dlp-login.log and will not be deleted
2026-03-24 23:10:22,847 HealthCheck                      Error    File in use F:\Program Files (x86)\Websense\Data Security\/./tomcat/logs/dlp\dlp-policies-import-export.log and will not be deleted
2026-03-24 23:10:22,849 HealthCheck                      Error    File in use F:\Program Files (x86)\Websense\Data Security\/./tomcat/logs/dlp\dlp-spring.log and will not be deleted
2026-03-24 23:10:22,850 HealthCheck                      Error    File in use F:\Program Files (x86)\Websense\Data Security\/./tomcat/logs/dlp\dlp-tomcat.log and will not be deleted
2026-03-24 23:10:22,852 HealthCheck                      Error    File in use F:\Program Files (x86)\Websense\Data Security\/./tomcat/logs/dlp\policy_update.log and will not be deleted
2026-03-24 23:10:22,855 HealthCheck                      Error    File in use F:\Program Files (x86)\Websense\Data Security\/./tomcat/logs/forensics\forensics-spring.log and will not be deleted
2026-03-24 23:10:22,856 HealthCheck                      Error    File in use F:\Program Files (x86)\Websense\Data Security\/./tomcat/logs/forensics\forensics-tomcat.log and will not be deleted
2026-03-24 23:10:22,858 HealthCheck                      Error    File in use F:\Program Files (x86)\Websense\Data Security\/./tomcat/logs/tomcat\all.log and will not be deleted
2026-03-24 23:10:22,860 HealthCheck                      Error    File in use F:\Program Files (x86)\Websense\Data Security\/./Data-Batch-Server/service-container/container/logs/dbs\ae.log and will not be deleted
2026-03-24 23:10:22,864 HealthCheck                      Error    File in use F:\Program Files (x86)\Websense\Data Security\/./Data-Batch-Server/service-container/container/logs/dbs\endpoint.log and will not be deleted
2026-03-24 23:10:22,866 HealthCheck                      Error    File in use F:\Program Files (x86)\Websense\Data Security\/./Data-Batch-Server/service-container/container/logs/dbs\events.log and will not be deleted
2026-03-24 23:10:22,869 HealthCheck                      Error    File in use F:\Program Files (x86)\Websense\Data Security\/./Data-Batch-Server/service-container/container/logs/dbs\jetty.log and will not be deleted
2026-03-24 23:10:22,870 HealthCheck                      Error    File in use F:\Program Files (x86)\Websense\Data Security\/./Data-Batch-Server/service-container/container/logs/dbs\ldap.log and will not be deleted
2026-03-24 23:10:22,872 HealthCheck                      Error    File in use F:\Program Files (x86)\Websense\Data Security\/./Data-Batch-Server/service-container/container/logs/dbs\rap.log and will not be deleted
2026-03-24 23:10:22,873 HealthCheck                      Error    File in use F:\Program Files (x86)\Websense\Data Security\/./Data-Batch-Server/service-container/container/logs/dbs\spring.log and will not be deleted
2026-03-24 23:10:22,874 HealthCheck                      Error    File in use F:\Program Files (x86)\Websense\Data Security\/./Data-Batch-Server/service-container/container/logs/dbs\telemetry.log and will not be deleted
2026-03-24 23:10:22,876 HealthCheck                      Error    File in use F:\Program Files (x86)\Websense\Data Security\/./Data-Batch-Server/service-container/container/logs/rap-etl\rap-etl-all.log and will not be deleted
2026-03-24 23:10:22,877 HealthCheck                      Error    File in use F:\Program Files (x86)\Websense\Data Security\/./Data-Batch-Server/service-container/container/logs/service_logs\DSSBatchServer.2026-02-22.log and will not be deleted
2026-03-25 23:10:23,101 HealthCheck                      Error    File in use F:\Program Files (x86)\Websense\Data Security\/./Logs\Scripts_PE.log and will not be deleted
2026-03-25 23:10:23,110 HealthCheck                      Error    File in use F:\Program Files (x86)\Websense\Data Security\/./EPS_CAMEL/data/service_logs\epsconnector-stderr.2025-12-02.log and will not be deleted
2026-03-25 23:10:23,111 HealthCheck                      Error    File in use F:\Program Files (x86)\Websense\Data Security\/./EPS_CAMEL/data/service_logs\epsconnector-stdout.2025-12-02.log and will not be deleted
2026-03-25 23:10:23,114 HealthCheck                      Error    File in use F:\Program Files (x86)\Websense\Data Security\/./EPS_CAMEL/data/service_logs\EPSConnector.2025-12-02.log and will not be deleted
2026-03-25 23:10:23,121 HealthCheck                      Error    File in use F:\Program Files (x86)\Websense\Data Security\/./tomcat/logs/dlp\dlp-login.log and will not be deleted
2026-03-25 23:10:23,125 HealthCheck                      Error    File in use F:\Program Files (x86)\Websense\Data Security\/./tomcat/logs/dlp\dlp-policies-import-export.log and will not be deleted
2026-03-25 23:10:23,128 HealthCheck                      Error    File in use F:\Program Files (x86)\Websense\Data Security\/./tomcat/logs/dlp\dlp-spring.log and will not be deleted
2026-03-25 23:10:23,129 HealthCheck                      Error    File in use F:\Program Files (x86)\Websense\Data Security\/./tomcat/logs/dlp\dlp-tomcat.log and will not be deleted
2026-03-25 23:10:23,131 HealthCheck                      Error    File in use F:\Program Files (x86)\Websense\Data Security\/./tomcat/logs/dlp\policy_update.log and will not be deleted
2026-03-25 23:10:23,135 HealthCheck                      Error    File in use F:\Program Files (x86)\Websense\Data Security\/./tomcat/logs/forensics\forensics-spring.log and will not be deleted
2026-03-25 23:10:23,137 HealthCheck                      Error    File in use F:\Program Files (x86)\Websense\Data Security\/./tomcat/logs/forensics\forensics-tomcat.log and will not be deleted
2026-03-25 23:10:23,139 HealthCheck                      Error    File in use F:\Program Files (x86)\Websense\Data Security\/./tomcat/logs/tomcat\all.log and will not be deleted
2026-03-25 23:10:23,142 HealthCheck                      Error    File in use F:\Program Files (x86)\Websense\Data Security\/./Data-Batch-Server/service-container/container/logs/dbs\ae.log and will not be deleted
2026-03-25 23:10:23,145 HealthCheck                      Error    File in use F:\Program Files (x86)\Websense\Data Security\/./Data-Batch-Server/service-container/container/logs/dbs\endpoint.log and will not be deleted
2026-03-25 23:10:23,147 HealthCheck                      Error    File in use F:\Program Files (x86)\Websense\Data Security\/./Data-Batch-Server/service-container/container/logs/dbs\events.log and will not be deleted
2026-03-25 23:10:23,149 HealthCheck                      Error    File in use F:\Program Files (x86)\Websense\Data Security\/./Data-Batch-Server/service-container/container/logs/dbs\jetty.log and will not be deleted
2026-03-25 23:10:23,151 HealthCheck                      Error    File in use F:\Program Files (x86)\Websense\Data Security\/./Data-Batch-Server/service-container/container/logs/dbs\ldap.log and will not be deleted
2026-03-25 23:10:23,152 HealthCheck                      Error    File in use F:\Program Files (x86)\Websense\Data Security\/./Data-Batch-Server/service-container/container/logs/dbs\rap.log and will not be deleted
2026-03-25 23:10:23,153 HealthCheck                      Error    File in use F:\Program Files (x86)\Websense\Data Security\/./Data-Batch-Server/service-container/container/logs/dbs\spring.log and will not be deleted
2026-03-25 23:10:23,154 HealthCheck                      Error    File in use F:\Program Files (x86)\Websense\Data Security\/./Data-Batch-Server/service-container/container/logs/dbs\telemetry.log and will not be deleted
2026-03-25 23:10:23,156 HealthCheck                      Error    File in use F:\Program Files (x86)\Websense\Data Security\/./Data-Batch-Server/service-container/container/logs/rap-etl\rap-etl-all.log and will not be deleted
2026-03-25 23:10:23,157 HealthCheck                      Error    File in use F:\Program Files (x86)\Websense\Data Security\/./Data-Batch-Server/service-container/container/logs/service_logs\DSSBatchServer.2026-02-22.log and will not be deleted
2026-03-26 23:10:23,602 HealthCheck                      Error    File in use F:\Program Files (x86)\Websense\Data Security\/./Logs\Scripts_PE.log and will not be deleted
2026-03-26 23:10:23,609 HealthCheck                      Error    File in use F:\Program Files (x86)\Websense\Data Security\/./EPS_CAMEL/data/service_logs\epsconnector-stderr.2025-12-02.log and will not be deleted
2026-03-26 23:10:23,611 HealthCheck                      Error    File in use F:\Program Files (x86)\Websense\Data Security\/./EPS_CAMEL/data/service_logs\epsconnector-stdout.2025-12-02.log and will not be deleted
2026-03-26 23:10:23,613 HealthCheck                      Error    File in use F:\Program Files (x86)\Websense\Data Security\/./EPS_CAMEL/data/service_logs\EPSConnector.2025-12-02.log and will not be deleted
2026-03-26 23:10:23,618 HealthCheck                      Error    File in use F:\Program Files (x86)\Websense\Data Security\/./tomcat/logs/dlp\dlp-login.log and will not be deleted
2026-03-26 23:10:23,620 HealthCheck                      Error    File in use F:\Program Files (x86)\Websense\Data Security\/./tomcat/logs/dlp\dlp-policies-import-export.log and will not be deleted
2026-03-26 23:10:23,622 HealthCheck                      Error    File in use F:\Program Files (x86)\Websense\Data Security\/./tomcat/logs/dlp\dlp-spring.log and will not be deleted
2026-03-26 23:10:23,623 HealthCheck                      Error    File in use F:\Program Files (x86)\Websense\Data Security\/./tomcat/logs/dlp\dlp-tomcat.log and will not be deleted
2026-03-26 23:10:23,624 HealthCheck                      Error    File in use F:\Program Files (x86)\Websense\Data Security\/./tomcat/logs/dlp\policy_update.log and will not be deleted
2026-03-26 23:10:23,626 HealthCheck                      Error    File in use F:\Program Files (x86)\Websense\Data Security\/./tomcat/logs/forensics\forensics-spring.log and will not be deleted
2026-03-26 23:10:23,627 HealthCheck                      Error    File in use F:\Program Files (x86)\Websense\Data Security\/./tomcat/logs/forensics\forensics-tomcat.log and will not be deleted
2026-03-26 23:10:23,629 HealthCheck                      Error    File in use F:\Program Files (x86)\Websense\Data Security\/./tomcat/logs/tomcat\all.log and will not be deleted
2026-03-26 23:10:23,631 HealthCheck                      Error    File in use F:\Program Files (x86)\Websense\Data Security\/./Data-Batch-Server/service-container/container/logs/dbs\ae.log and will not be deleted
2026-03-26 23:10:23,634 HealthCheck                      Error    File in use F:\Program Files (x86)\Websense\Data Security\/./Data-Batch-Server/service-container/container/logs/dbs\endpoint.log and will not be deleted
2026-03-26 23:10:23,635 HealthCheck                      Error    File in use F:\Program Files (x86)\Websense\Data Security\/./Data-Batch-Server/service-container/container/logs/dbs\events.log and will not be deleted
2026-03-26 23:10:23,638 HealthCheck                      Error    File in use F:\Program Files (x86)\Websense\Data Security\/./Data-Batch-Server/service-container/container/logs/dbs\jetty.log and will not be deleted
2026-03-26 23:10:23,640 HealthCheck                      Error    File in use F:\Program Files (x86)\Websense\Data Security\/./Data-Batch-Server/service-container/container/logs/dbs\ldap.log and will not be deleted
2026-03-26 23:10:23,641 HealthCheck                      Error    File in use F:\Program Files (x86)\Websense\Data Security\/./Data-Batch-Server/service-container/container/logs/dbs\rap.log and will not be deleted
2026-03-26 23:10:23,641 HealthCheck                      Error    File in use F:\Program Files (x86)\Websense\Data Security\/./Data-Batch-Server/service-container/container/logs/dbs\spring.log and will not be deleted
2026-03-26 23:10:23,642 HealthCheck                      Error    File in use F:\Program Files (x86)\Websense\Data Security\/./Data-Batch-Server/service-container/container/logs/dbs\telemetry.log and will not be deleted
2026-03-26 23:10:23,644 HealthCheck                      Error    File in use F:\Program Files (x86)\Websense\Data Security\/./Data-Batch-Server/service-container/container/logs/rap-etl\rap-etl-all.log and will not be deleted
2026-03-26 23:10:23,646 HealthCheck                      Error    File in use F:\Program Files (x86)\Websense\Data Security\/./Data-Batch-Server/service-container/container/logs/service_logs\DSSBatchServer.2026-02-22.log and will not be deleted
2026-03-27 23:10:23,336 HealthCheck                      Error    File in use F:\Program Files (x86)\Websense\Data Security\/./Logs\Scripts_PE.log and will not be deleted
2026-03-27 23:10:23,344 HealthCheck                      Error    File in use F:\Program Files (x86)\Websense\Data Security\/./EPS_CAMEL/data/service_logs\epsconnector-stderr.2025-12-02.log and will not be deleted
2026-03-27 23:10:23,345 HealthCheck                      Error    File in use F:\Program Files (x86)\Websense\Data Security\/./EPS_CAMEL/data/service_logs\epsconnector-stdout.2025-12-02.log and will not be deleted
2026-03-27 23:10:23,347 HealthCheck                      Error    File in use F:\Program Files (x86)\Websense\Data Security\/./EPS_CAMEL/data/service_logs\EPSConnector.2025-12-02.log and will not be deleted
2026-03-27 23:10:23,352 HealthCheck                      Error    File in use F:\Program Files (x86)\Websense\Data Security\/./tomcat/logs/dlp\dlp-login.log and will not be deleted
2026-03-27 23:10:23,354 HealthCheck                      Error    File in use F:\Program Files (x86)\Websense\Data Security\/./tomcat/logs/dlp\dlp-policies-import-export.log and will not be deleted
2026-03-27 23:10:23,357 HealthCheck                      Error    File in use F:\Program Files (x86)\Websense\Data Security\/./tomcat/logs/dlp\dlp-spring.log and will not be deleted
2026-03-27 23:10:23,358 HealthCheck                      Error    File in use F:\Program Files (x86)\Websense\Data Security\/./tomcat/logs/dlp\dlp-tomcat.log and will not be deleted
2026-03-27 23:10:23,359 HealthCheck                      Error    File in use F:\Program Files (x86)\Websense\Data Security\/./tomcat/logs/dlp\policy_update.log and will not be deleted
2026-03-27 23:10:23,361 HealthCheck                      Error    File in use F:\Program Files (x86)\Websense\Data Security\/./tomcat/logs/forensics\forensics-spring.log and will not be deleted
2026-03-27 23:10:23,362 HealthCheck                      Error    File in use F:\Program Files (x86)\Websense\Data Security\/./tomcat/logs/forensics\forensics-tomcat.log and will not be deleted
2026-03-27 23:10:23,365 HealthCheck                      Error    File in use F:\Program Files (x86)\Websense\Data Security\/./tomcat/logs/tomcat\all.log and will not be deleted
2026-03-27 23:10:23,370 HealthCheck                      Error    File in use F:\Program Files (x86)\Websense\Data Security\/./Data-Batch-Server/service-container/container/logs/dbs\ae.log and will not be deleted
2026-03-27 23:10:23,374 HealthCheck                      Error    File in use F:\Program Files (x86)\Websense\Data Security\/./Data-Batch-Server/service-container/container/logs/dbs\endpoint.log and will not be deleted
2026-03-27 23:10:23,376 HealthCheck                      Error    File in use F:\Program Files (x86)\Websense\Data Security\/./Data-Batch-Server/service-container/container/logs/dbs\events.log and will not be deleted
2026-03-27 23:10:23,378 HealthCheck                      Error    File in use F:\Program Files (x86)\Websense\Data Security\/./Data-Batch-Server/service-container/container/logs/dbs\jetty.log and will not be deleted
2026-03-27 23:10:23,380 HealthCheck                      Error    File in use F:\Program Files (x86)\Websense\Data Security\/./Data-Batch-Server/service-container/container/logs/dbs\ldap.log and will not be deleted
2026-03-27 23:10:23,382 HealthCheck                      Error    File in use F:\Program Files (x86)\Websense\Data Security\/./Data-Batch-Server/service-container/container/logs/dbs\rap.log and will not be deleted
2026-03-27 23:10:23,384 HealthCheck                      Error    File in use F:\Program Files (x86)\Websense\Data Security\/./Data-Batch-Server/service-container/container/logs/dbs\spring.log and will not be deleted
2026-03-27 23:10:23,386 HealthCheck                      Error    File in use F:\Program Files (x86)\Websense\Data Security\/./Data-Batch-Server/service-container/container/logs/dbs\telemetry.log and will not be deleted
2026-03-27 23:10:23,387 HealthCheck                      Error    File in use F:\Program Files (x86)\Websense\Data Security\/./Data-Batch-Server/service-container/container/logs/rap-etl\rap-etl-all.log and will not be deleted
2026-03-27 23:10:23,389 HealthCheck                      Error    File in use F:\Program Files (x86)\Websense\Data Security\/./Data-Batch-Server/service-container/container/logs/service_logs\DSSBatchServer.2026-02-22.log and will not be deleted
2026-03-28 23:10:23,060 HealthCheck                      Error    File in use F:\Program Files (x86)\Websense\Data Security\/./Logs\Scripts_PE.log and will not be deleted
2026-03-28 23:10:23,072 HealthCheck                      Error    File in use F:\Program Files (x86)\Websense\Data Security\/./EPS_CAMEL/data/service_logs\epsconnector-stderr.2025-12-02.log and will not be deleted
2026-03-28 23:10:23,074 HealthCheck                      Error    File in use F:\Program Files (x86)\Websense\Data Security\/./EPS_CAMEL/data/service_logs\epsconnector-stdout.2025-12-02.log and will not be deleted
2026-03-28 23:10:23,076 HealthCheck                      Error    File in use F:\Program Files (x86)\Websense\Data Security\/./EPS_CAMEL/data/service_logs\EPSConnector.2025-12-02.log and will not be deleted
2026-03-28 23:10:23,085 HealthCheck                      Error    File in use F:\Program Files (x86)\Websense\Data Security\/./tomcat/logs/dlp\dlp-login.log and will not be deleted
2026-03-28 23:10:23,089 HealthCheck                      Error    File in use F:\Program Files (x86)\Websense\Data Security\/./tomcat/logs/dlp\dlp-policies-import-export.log and will not be deleted
2026-03-28 23:10:23,092 HealthCheck                      Error    File in use F:\Program Files (x86)\Websense\Data Security\/./tomcat/logs/dlp\dlp-spring.log and will not be deleted
2026-03-28 23:10:23,094 HealthCheck                      Error    File in use F:\Program Files (x86)\Websense\Data Security\/./tomcat/logs/dlp\dlp-tomcat.log and will not be deleted
2026-03-28 23:10:23,096 HealthCheck                      Error    File in use F:\Program Files (x86)\Websense\Data Security\/./tomcat/logs/dlp\policy_update.log and will not be deleted
2026-03-28 23:10:23,101 HealthCheck                      Error    File in use F:\Program Files (x86)\Websense\Data Security\/./tomcat/logs/forensics\forensics-spring.log and will not be deleted
2026-03-28 23:10:23,103 HealthCheck                      Error    File in use F:\Program Files (x86)\Websense\Data Security\/./tomcat/logs/forensics\forensics-tomcat.log and will not be deleted
2026-03-28 23:10:23,106 HealthCheck                      Error    File in use F:\Program Files (x86)\Websense\Data Security\/./tomcat/logs/tomcat\all.log and will not be deleted
2026-03-28 23:10:23,111 HealthCheck                      Error    File in use F:\Program Files (x86)\Websense\Data Security\/./Data-Batch-Server/service-container/container/logs/dbs\ae.log and will not be deleted
2026-03-28 23:10:23,116 HealthCheck                      Error    File in use F:\Program Files (x86)\Websense\Data Security\/./Data-Batch-Server/service-container/container/logs/dbs\endpoint.log and will not be deleted
2026-03-28 23:10:23,117 HealthCheck                      Error    File in use F:\Program Files (x86)\Websense\Data Security\/./Data-Batch-Server/service-container/container/logs/dbs\events.log and will not be deleted
2026-03-28 23:10:23,119 HealthCheck                      Error    File in use F:\Program Files (x86)\Websense\Data Security\/./Data-Batch-Server/service-container/container/logs/dbs\jetty.log and will not be deleted
2026-03-28 23:10:23,121 HealthCheck                      Error    File in use F:\Program Files (x86)\Websense\Data Security\/./Data-Batch-Server/service-container/container/logs/dbs\ldap.log and will not be deleted
2026-03-28 23:10:23,123 HealthCheck                      Error    File in use F:\Program Files (x86)\Websense\Data Security\/./Data-Batch-Server/service-container/container/logs/dbs\rap.log and will not be deleted
2026-03-28 23:10:23,125 HealthCheck                      Error    File in use F:\Program Files (x86)\Websense\Data Security\/./Data-Batch-Server/service-container/container/logs/dbs\spring.log and will not be deleted
2026-03-28 23:10:23,126 HealthCheck                      Error    File in use F:\Program Files (x86)\Websense\Data Security\/./Data-Batch-Server/service-container/container/logs/dbs\telemetry.log and will not be deleted
2026-03-28 23:10:23,128 HealthCheck                      Error    File in use F:\Program Files (x86)\Websense\Data Security\/./Data-Batch-Server/service-container/container/logs/rap-etl\rap-etl-all.log and will not be deleted
2026-03-28 23:10:23,129 HealthCheck                      Error    File in use F:\Program Files (x86)\Websense\Data Security\/./Data-Batch-Server/service-container/container/logs/service_logs\DSSBatchServer.2026-02-22.log and will not be deleted
2026-03-29 23:10:22,935 HealthCheck                      Error    File in use F:\Program Files (x86)\Websense\Data Security\/./Logs\Scripts_PE.log and will not be deleted
2026-03-29 23:10:22,944 HealthCheck                      Error    File in use F:\Program Files (x86)\Websense\Data Security\/./EPS_CAMEL/data/service_logs\epsconnector-stderr.2025-12-02.log and will not be deleted
2026-03-29 23:10:22,945 HealthCheck                      Error    File in use F:\Program Files (x86)\Websense\Data Security\/./EPS_CAMEL/data/service_logs\epsconnector-stdout.2025-12-02.log and will not be deleted
2026-03-29 23:10:22,946 HealthCheck                      Error    File in use F:\Program Files (x86)\Websense\Data Security\/./EPS_CAMEL/data/service_logs\EPSConnector.2025-12-02.log and will not be deleted
2026-03-29 23:10:22,952 HealthCheck                      Error    File in use F:\Program Files (x86)\Websense\Data Security\/./tomcat/logs/dlp\dlp-login.log and will not be deleted
2026-03-29 23:10:22,954 HealthCheck                      Error    File in use F:\Program Files (x86)\Websense\Data Security\/./tomcat/logs/dlp\dlp-policies-import-export.log and will not be deleted
2026-03-29 23:10:22,958 HealthCheck                      Error    File in use F:\Program Files (x86)\Websense\Data Security\/./tomcat/logs/dlp\dlp-spring.log and will not be deleted
2026-03-29 23:10:22,960 HealthCheck                      Error    File in use F:\Program Files (x86)\Websense\Data Security\/./tomcat/logs/dlp\dlp-tomcat.log and will not be deleted
2026-03-29 23:10:22,962 HealthCheck                      Error    File in use F:\Program Files (x86)\Websense\Data Security\/./tomcat/logs/dlp\policy_update.log and will not be deleted
2026-03-29 23:10:22,965 HealthCheck                      Error    File in use F:\Program Files (x86)\Websense\Data Security\/./tomcat/logs/forensics\forensics-spring.log and will not be deleted
2026-03-29 23:10:22,967 HealthCheck                      Error    File in use F:\Program Files (x86)\Websense\Data Security\/./tomcat/logs/forensics\forensics-tomcat.log and will not be deleted
2026-03-29 23:10:22,968 HealthCheck                      Error    File in use F:\Program Files (x86)\Websense\Data Security\/./tomcat/logs/tomcat\all.log and will not be deleted
2026-03-29 23:10:22,972 HealthCheck                      Error    File in use F:\Program Files (x86)\Websense\Data Security\/./Data-Batch-Server/service-container/container/logs/dbs\ae.log and will not be deleted
2026-03-29 23:10:22,975 HealthCheck                      Error    File in use F:\Program Files (x86)\Websense\Data Security\/./Data-Batch-Server/service-container/container/logs/dbs\endpoint.log and will not be deleted
2026-03-29 23:10:22,977 HealthCheck                      Error    File in use F:\Program Files (x86)\Websense\Data Security\/./Data-Batch-Server/service-container/container/logs/dbs\events.log and will not be deleted
2026-03-29 23:10:22,979 HealthCheck                      Error    File in use F:\Program Files (x86)\Websense\Data Security\/./Data-Batch-Server/service-container/container/logs/dbs\hibernate.log and will not be deleted
2026-03-29 23:10:22,980 HealthCheck                      Error    File in use F:\Program Files (x86)\Websense\Data Security\/./Data-Batch-Server/service-container/container/logs/dbs\jetty.log and will not be deleted
2026-03-29 23:10:22,982 HealthCheck                      Error    File in use F:\Program Files (x86)\Websense\Data Security\/./Data-Batch-Server/service-container/container/logs/dbs\ldap.log and will not be deleted
2026-03-29 23:10:22,983 HealthCheck                      Error    File in use F:\Program Files (x86)\Websense\Data Security\/./Data-Batch-Server/service-container/container/logs/dbs\rap.log and will not be deleted
2026-03-29 23:10:22,984 HealthCheck                      Error    File in use F:\Program Files (x86)\Websense\Data Security\/./Data-Batch-Server/service-container/container/logs/dbs\spring.log and will not be deleted
2026-03-29 23:10:22,986 HealthCheck                      Error    File in use F:\Program Files (x86)\Websense\Data Security\/./Data-Batch-Server/service-container/container/logs/dbs\telemetry.log and will not be deleted
2026-03-29 23:10:22,987 HealthCheck                      Error    File in use F:\Program Files (x86)\Websense\Data Security\/./Data-Batch-Server/service-container/container/logs/rap-etl\rap-etl-all.log and will not be deleted
2026-03-29 23:10:22,988 HealthCheck                      Error    File in use F:\Program Files (x86)\Websense\Data Security\/./Data-Batch-Server/service-container/container/logs/service_logs\DSSBatchServer.2026-02-22.log and will not be deleted
2026-03-30 23:10:22,176 HealthCheck                      Error    File in use F:\Program Files (x86)\Websense\Data Security\/./Logs\Scripts_PE.log and will not be deleted
2026-03-30 23:10:22,182 HealthCheck                      Error    File in use F:\Program Files (x86)\Websense\Data Security\/./EPS_CAMEL/data/service_logs\epsconnector-stderr.2025-12-02.log and will not be deleted
2026-03-30 23:10:22,183 HealthCheck                      Error    File in use F:\Program Files (x86)\Websense\Data Security\/./EPS_CAMEL/data/service_logs\epsconnector-stdout.2025-12-02.log and will not be deleted
2026-03-30 23:10:22,184 HealthCheck                      Error    File in use F:\Program Files (x86)\Websense\Data Security\/./EPS_CAMEL/data/service_logs\EPSConnector.2025-12-02.log and will not be deleted
2026-03-30 23:10:22,188 HealthCheck                      Error    File in use F:\Program Files (x86)\Websense\Data Security\/./tomcat/logs/dlp\dlp-login.log and will not be deleted
2026-03-30 23:10:22,190 HealthCheck                      Error    File in use F:\Program Files (x86)\Websense\Data Security\/./tomcat/logs/dlp\dlp-policies-import-export.log and will not be deleted
2026-03-30 23:10:22,191 HealthCheck                      Error    File in use F:\Program Files (x86)\Websense\Data Security\/./tomcat/logs/dlp\dlp-spring.log and will not be deleted
2026-03-30 23:10:22,192 HealthCheck                      Error    File in use F:\Program Files (x86)\Websense\Data Security\/./tomcat/logs/dlp\dlp-tomcat.log and will not be deleted
2026-03-30 23:10:22,193 HealthCheck                      Error    File in use F:\Program Files (x86)\Websense\Data Security\/./tomcat/logs/dlp\policy_update.log and will not be deleted
2026-03-30 23:10:22,196 HealthCheck                      Error    File in use F:\Program Files (x86)\Websense\Data Security\/./tomcat/logs/forensics\forensics-spring.log and will not be deleted
2026-03-30 23:10:22,197 HealthCheck                      Error    File in use F:\Program Files (x86)\Websense\Data Security\/./tomcat/logs/forensics\forensics-tomcat.log and will not be deleted
2026-03-30 23:10:22,198 HealthCheck                      Error    File in use F:\Program Files (x86)\Websense\Data Security\/./tomcat/logs/tomcat\all.log and will not be deleted
2026-03-30 23:10:22,201 HealthCheck                      Error    File in use F:\Program Files (x86)\Websense\Data Security\/./Data-Batch-Server/service-container/container/logs/dbs\ae.log and will not be deleted
2026-03-30 23:10:22,203 HealthCheck                      Error    File in use F:\Program Files (x86)\Websense\Data Security\/./Data-Batch-Server/service-container/container/logs/dbs\endpoint.log and will not be deleted
2026-03-30 23:10:22,204 HealthCheck                      Error    File in use F:\Program Files (x86)\Websense\Data Security\/./Data-Batch-Server/service-container/container/logs/dbs\events.log and will not be deleted
2026-03-30 23:10:22,205 HealthCheck                      Error    File in use F:\Program Files (x86)\Websense\Data Security\/./Data-Batch-Server/service-container/container/logs/dbs\hibernate.log and will not be deleted
2026-03-30 23:10:22,206 HealthCheck                      Error    File in use F:\Program Files (x86)\Websense\Data Security\/./Data-Batch-Server/service-container/container/logs/dbs\jetty.log and will not be deleted
2026-03-30 23:10:22,207 HealthCheck                      Error    File in use F:\Program Files (x86)\Websense\Data Security\/./Data-Batch-Server/service-container/container/logs/dbs\ldap.log and will not be deleted
2026-03-30 23:10:22,208 HealthCheck                      Error    File in use F:\Program Files (x86)\Websense\Data Security\/./Data-Batch-Server/service-container/container/logs/dbs\rap.log and will not be deleted
2026-03-30 23:10:22,209 HealthCheck                      Error    File in use F:\Program Files (x86)\Websense\Data Security\/./Data-Batch-Server/service-container/container/logs/dbs\spring.log and will not be deleted
2026-03-30 23:10:22,210 HealthCheck                      Error    File in use F:\Program Files (x86)\Websense\Data Security\/./Data-Batch-Server/service-container/container/logs/dbs\telemetry.log and will not be deleted
2026-03-30 23:10:22,211 HealthCheck                      Error    File in use F:\Program Files (x86)\Websense\Data Security\/./Data-Batch-Server/service-container/container/logs/rap-etl\rap-etl-all.log and will not be deleted
2026-03-30 23:10:22,213 HealthCheck                      Error    File in use F:\Program Files (x86)\Websense\Data Security\/./Data-Batch-Server/service-container/container/logs/service_logs\DSSBatchServer.2026-02-22.log and will not be deleted
2026-03-31 23:10:23,524 HealthCheck                      Error    File in use F:\Program Files (x86)\Websense\Data Security\/./Logs\Scripts_PE.log and will not be deleted
2026-03-31 23:10:23,530 HealthCheck                      Error    File in use F:\Program Files (x86)\Websense\Data Security\/./EPS_CAMEL/data/service_logs\epsconnector-stderr.2025-12-02.log and will not be deleted
2026-03-31 23:10:23,532 HealthCheck                      Error    File in use F:\Program Files (x86)\Websense\Data Security\/./EPS_CAMEL/data/service_logs\epsconnector-stdout.2025-12-02.log and will not be deleted
2026-03-31 23:10:23,534 HealthCheck                      Error    File in use F:\Program Files (x86)\Websense\Data Security\/./EPS_CAMEL/data/service_logs\EPSConnector.2025-12-02.log and will not be deleted
2026-03-31 23:10:23,538 HealthCheck                      Error    File in use F:\Program Files (x86)\Websense\Data Security\/./tomcat/logs/dlp\dlp-login.log and will not be deleted
2026-03-31 23:10:23,540 HealthCheck                      Error    File in use F:\Program Files (x86)\Websense\Data Security\/./tomcat/logs/dlp\dlp-policies-import-export.log and will not be deleted
2026-03-31 23:10:23,543 HealthCheck                      Error    File in use F:\Program Files (x86)\Websense\Data Security\/./tomcat/logs/dlp\dlp-tomcat.log and will not be deleted
2026-03-31 23:10:23,546 HealthCheck                      Error    File in use F:\Program Files (x86)\Websense\Data Security\/./tomcat/logs/forensics\forensics-spring.log and will not be deleted
2026-03-31 23:10:23,547 HealthCheck                      Error    File in use F:\Program Files (x86)\Websense\Data Security\/./tomcat/logs/forensics\forensics-tomcat.log and will not be deleted
2026-03-31 23:10:23,549 HealthCheck                      Error    File in use F:\Program Files (x86)\Websense\Data Security\/./tomcat/logs/tomcat\all.log and will not be deleted
2026-03-31 23:10:23,552 HealthCheck                      Error    File in use F:\Program Files (x86)\Websense\Data Security\/./Data-Batch-Server/service-container/container/logs/dbs\ae.log and will not be deleted
2026-03-31 23:10:23,556 HealthCheck                      Error    File in use F:\Program Files (x86)\Websense\Data Security\/./Data-Batch-Server/service-container/container/logs/dbs\endpoint.log and will not be deleted
2026-03-31 23:10:23,558 HealthCheck                      Error    File in use F:\Program Files (x86)\Websense\Data Security\/./Data-Batch-Server/service-container/container/logs/dbs\events.log and will not be deleted
2026-03-31 23:10:23,561 HealthCheck                      Error    File in use F:\Program Files (x86)\Websense\Data Security\/./Data-Batch-Server/service-container/container/logs/dbs\ldap.log and will not be deleted
2026-03-31 23:10:23,563 HealthCheck                      Error    File in use F:\Program Files (x86)\Websense\Data Security\/./Data-Batch-Server/service-container/container/logs/dbs\rap.log and will not be deleted
2026-03-31 23:10:23,564 HealthCheck                      Error    File in use F:\Program Files (x86)\Websense\Data Security\/./Data-Batch-Server/service-container/container/logs/dbs\spring.log and will not be deleted
2026-03-31 23:10:23,566 HealthCheck                      Error    File in use F:\Program Files (x86)\Websense\Data Security\/./Data-Batch-Server/service-container/container/logs/dbs\telemetry.log and will not be deleted
2026-04-01 23:10:22,896 HealthCheck                      Error    File in use F:\Program Files (x86)\Websense\Data Security\/./Logs\Scripts_PE.log and will not be deleted
2026-04-01 23:10:22,914 HealthCheck                      Error    File in use F:\Program Files (x86)\Websense\Data Security\/./tomcat/logs/dlp\dlp-login.log and will not be deleted
2026-04-01 23:10:22,918 HealthCheck                      Error    File in use F:\Program Files (x86)\Websense\Data Security\/./tomcat/logs/dlp\dlp-policies-import-export.log and will not be deleted
2026-04-01 23:10:22,924 HealthCheck                      Error    File in use F:\Program Files (x86)\Websense\Data Security\/./tomcat/logs/dlp\dlp-tomcat.log and will not be deleted
2026-04-01 23:10:22,928 HealthCheck                      Error    File in use F:\Program Files (x86)\Websense\Data Security\/./tomcat/logs/forensics\forensics-spring.log and will not be deleted
2026-04-01 23:10:22,931 HealthCheck                      Error    File in use F:\Program Files (x86)\Websense\Data Security\/./tomcat/logs/forensics\forensics-tomcat.log and will not be deleted
2026-04-01 23:10:22,932 HealthCheck                      Error    File in use F:\Program Files (x86)\Websense\Data Security\/./tomcat/logs/tomcat\all.log and will not be deleted
2026-04-01 23:10:22,937 HealthCheck                      Error    File in use F:\Program Files (x86)\Websense\Data Security\/./Data-Batch-Server/service-container/container/logs/dbs\ae.log and will not be deleted
2026-04-01 23:10:22,941 HealthCheck                      Error    File in use F:\Program Files (x86)\Websense\Data Security\/./Data-Batch-Server/service-container/container/logs/dbs\endpoint.log and will not be deleted
2026-04-01 23:10:22,943 HealthCheck                      Error    File in use F:\Program Files (x86)\Websense\Data Security\/./Data-Batch-Server/service-container/container/logs/dbs\events.log and will not be deleted
2026-04-01 23:10:22,944 HealthCheck                      Error    File in use F:\Program Files (x86)\Websense\Data Security\/./Data-Batch-Server/service-container/container/logs/dbs\ldap.log and will not be deleted
2026-04-01 23:10:22,946 HealthCheck                      Error    File in use F:\Program Files (x86)\Websense\Data Security\/./Data-Batch-Server/service-container/container/logs/dbs\rap.log and will not be deleted
2026-04-01 23:10:22,947 HealthCheck                      Error    File in use F:\Program Files (x86)\Websense\Data Security\/./Data-Batch-Server/service-container/container/logs/dbs\spring.log and will not be deleted
2026-04-01 23:10:22,949 HealthCheck                      Error    File in use F:\Program Files (x86)\Websense\Data Security\/./Data-Batch-Server/service-container/container/logs/dbs\telemetry.log and will not be deleted
2026-04-02 23:10:24,050 HealthCheck                      Error    File in use F:\Program Files (x86)\Websense\Data Security\/./Logs\Scripts_PE.log and will not be deleted
2026-04-02 23:10:24,065 HealthCheck                      Error    File in use F:\Program Files (x86)\Websense\Data Security\/./tomcat/logs/dlp\dlp-login.log and will not be deleted
2026-04-02 23:10:24,068 HealthCheck                      Error    File in use F:\Program Files (x86)\Websense\Data Security\/./tomcat/logs/dlp\dlp-policies-import-export.log and will not be deleted
2026-04-02 23:10:24,071 HealthCheck                      Error    File in use F:\Program Files (x86)\Websense\Data Security\/./tomcat/logs/dlp\dlp-tomcat.log and will not be deleted
2026-04-02 23:10:24,075 HealthCheck                      Error    File in use F:\Program Files (x86)\Websense\Data Security\/./tomcat/logs/forensics\forensics-spring.log and will not be deleted
2026-04-02 23:10:24,077 HealthCheck                      Error    File in use F:\Program Files (x86)\Websense\Data Security\/./tomcat/logs/forensics\forensics-tomcat.log and will not be deleted
2026-04-02 23:10:24,079 HealthCheck                      Error    File in use F:\Program Files (x86)\Websense\Data Security\/./tomcat/logs/tomcat\all.log and will not be deleted
2026-04-02 23:10:24,083 HealthCheck                      Error    File in use F:\Program Files (x86)\Websense\Data Security\/./Data-Batch-Server/service-container/container/logs/dbs\ae.log and will not be deleted
2026-04-02 23:10:24,085 HealthCheck                      Error    File in use F:\Program Files (x86)\Websense\Data Security\/./Data-Batch-Server/service-container/container/logs/dbs\endpoint.log and will not be deleted
2026-04-02 23:10:24,086 HealthCheck                      Error    File in use F:\Program Files (x86)\Websense\Data Security\/./Data-Batch-Server/service-container/container/logs/dbs\events.log and will not be deleted
2026-04-02 23:10:24,088 HealthCheck                      Error    File in use F:\Program Files (x86)\Websense\Data Security\/./Data-Batch-Server/service-container/container/logs/dbs\ldap.log and will not be deleted
2026-04-02 23:10:24,089 HealthCheck                      Error    File in use F:\Program Files (x86)\Websense\Data Security\/./Data-Batch-Server/service-container/container/logs/dbs\rap.log and will not be deleted
2026-04-02 23:10:24,091 HealthCheck                      Error    File in use F:\Program Files (x86)\Websense\Data Security\/./Data-Batch-Server/service-container/container/logs/dbs\spring.log and will not be deleted
2026-04-02 23:10:24,092 HealthCheck                      Error    File in use F:\Program Files (x86)\Websense\Data Security\/./Data-Batch-Server/service-container/container/logs/dbs\telemetry.log and will not be deleted
2026-04-03 23:10:25,705 HealthCheck                      Error    File in use F:\Program Files (x86)\Websense\Data Security\/./Logs\Scripts_PE.log and will not be deleted
2026-04-03 23:10:25,722 HealthCheck                      Error    File in use F:\Program Files (x86)\Websense\Data Security\/./tomcat/logs/dlp\dlp-login.log and will not be deleted
2026-04-03 23:10:25,724 HealthCheck                      Error    File in use F:\Program Files (x86)\Websense\Data Security\/./tomcat/logs/dlp\dlp-policies-import-export.log and will not be deleted
2026-04-03 23:10:25,727 HealthCheck                      Error    File in use F:\Program Files (x86)\Websense\Data Security\/./tomcat/logs/dlp\dlp-tomcat.log and will not be deleted
2026-04-03 23:10:25,733 HealthCheck                      Error    File in use F:\Program Files (x86)\Websense\Data Security\/./tomcat/logs/forensics\forensics-spring.log and will not be deleted
2026-04-03 23:10:25,734 HealthCheck                      Error    File in use F:\Program Files (x86)\Websense\Data Security\/./tomcat/logs/forensics\forensics-tomcat.log and will not be deleted
2026-04-03 23:10:25,736 HealthCheck                      Error    File in use F:\Program Files (x86)\Websense\Data Security\/./tomcat/logs/tomcat\all.log and will not be deleted
2026-04-03 23:10:25,741 HealthCheck                      Error    File in use F:\Program Files (x86)\Websense\Data Security\/./Data-Batch-Server/service-container/container/logs/dbs\ae.log and will not be deleted
2026-04-03 23:10:25,743 HealthCheck                      Error    File in use F:\Program Files (x86)\Websense\Data Security\/./Data-Batch-Server/service-container/container/logs/dbs\endpoint.log and will not be deleted
2026-04-03 23:10:25,745 HealthCheck                      Error    File in use F:\Program Files (x86)\Websense\Data Security\/./Data-Batch-Server/service-container/container/logs/dbs\events.log and will not be deleted
2026-04-03 23:10:25,746 HealthCheck                      Error    File in use F:\Program Files (x86)\Websense\Data Security\/./Data-Batch-Server/service-container/container/logs/dbs\ldap.log and will not be deleted
2026-04-03 23:10:25,748 HealthCheck                      Error    File in use F:\Program Files (x86)\Websense\Data Security\/./Data-Batch-Server/service-container/container/logs/dbs\rap.log and will not be deleted
2026-04-03 23:10:25,749 HealthCheck                      Error    File in use F:\Program Files (x86)\Websense\Data Security\/./Data-Batch-Server/service-container/container/logs/dbs\spring.log and will not be deleted
2026-04-03 23:10:25,750 HealthCheck                      Error    File in use F:\Program Files (x86)\Websense\Data Security\/./Data-Batch-Server/service-container/container/logs/dbs\telemetry.log and will not be deleted
2026-04-04 23:10:24,209 HealthCheck                      Error    File in use F:\Program Files (x86)\Websense\Data Security\/./Logs\Scripts_PE.log and will not be deleted
2026-04-04 23:10:24,221 HealthCheck                      Error    File in use F:\Program Files (x86)\Websense\Data Security\/./tomcat/logs/dlp\dlp-login.log and will not be deleted
2026-04-04 23:10:24,224 HealthCheck                      Error    File in use F:\Program Files (x86)\Websense\Data Security\/./tomcat/logs/dlp\dlp-policies-import-export.log and will not be deleted
2026-04-04 23:10:24,226 HealthCheck                      Error    File in use F:\Program Files (x86)\Websense\Data Security\/./tomcat/logs/dlp\dlp-tomcat.log and will not be deleted
2026-04-04 23:10:24,230 HealthCheck                      Error    File in use F:\Program Files (x86)\Websense\Data Security\/./tomcat/logs/forensics\forensics-spring.log and will not be deleted
2026-04-04 23:10:24,231 HealthCheck                      Error    File in use F:\Program Files (x86)\Websense\Data Security\/./tomcat/logs/forensics\forensics-tomcat.log and will not be deleted
2026-04-04 23:10:24,234 HealthCheck                      Error    File in use F:\Program Files (x86)\Websense\Data Security\/./tomcat/logs/tomcat\all.log and will not be deleted
2026-04-04 23:10:24,239 HealthCheck                      Error    File in use F:\Program Files (x86)\Websense\Data Security\/./Data-Batch-Server/service-container/container/logs/dbs\ae.log and will not be deleted
2026-04-04 23:10:24,241 HealthCheck                      Error    File in use F:\Program Files (x86)\Websense\Data Security\/./Data-Batch-Server/service-container/container/logs/dbs\endpoint.log and will not be deleted
2026-04-04 23:10:24,243 HealthCheck                      Error    File in use F:\Program Files (x86)\Websense\Data Security\/./Data-Batch-Server/service-container/container/logs/dbs\events.log and will not be deleted
2026-04-04 23:10:24,245 HealthCheck                      Error    File in use F:\Program Files (x86)\Websense\Data Security\/./Data-Batch-Server/service-container/container/logs/dbs\ldap.log and will not be deleted
2026-04-04 23:10:24,247 HealthCheck                      Error    File in use F:\Program Files (x86)\Websense\Data Security\/./Data-Batch-Server/service-container/container/logs/dbs\rap.log and will not be deleted
2026-04-04 23:10:24,248 HealthCheck                      Error    File in use F:\Program Files (x86)\Websense\Data Security\/./Data-Batch-Server/service-container/container/logs/dbs\spring.log and will not be deleted
2026-04-04 23:10:24,249 HealthCheck                      Error    File in use F:\Program Files (x86)\Websense\Data Security\/./Data-Batch-Server/service-container/container/logs/dbs\telemetry.log and will not be deleted
2026-04-05 23:10:22,784 HealthCheck                      Error    File in use F:\Program Files (x86)\Websense\Data Security\/./Logs\Scripts_PE.log and will not be deleted
2026-04-05 23:10:22,800 HealthCheck                      Error    File in use F:\Program Files (x86)\Websense\Data Security\/./tomcat/logs/dlp\dlp-login.log and will not be deleted
2026-04-05 23:10:22,803 HealthCheck                      Error    File in use F:\Program Files (x86)\Websense\Data Security\/./tomcat/logs/dlp\dlp-policies-import-export.log and will not be deleted
2026-04-05 23:10:22,806 HealthCheck                      Error    File in use F:\Program Files (x86)\Websense\Data Security\/./tomcat/logs/dlp\dlp-tomcat.log and will not be deleted
2026-04-05 23:10:22,811 HealthCheck                      Error    File in use F:\Program Files (x86)\Websense\Data Security\/./tomcat/logs/forensics\forensics-spring.log and will not be deleted
2026-04-05 23:10:22,813 HealthCheck                      Error    File in use F:\Program Files (x86)\Websense\Data Security\/./tomcat/logs/forensics\forensics-tomcat.log and will not be deleted
2026-04-05 23:10:22,816 HealthCheck                      Error    File in use F:\Program Files (x86)\Websense\Data Security\/./tomcat/logs/tomcat\all.log and will not be deleted
2026-04-05 23:10:22,821 HealthCheck                      Error    File in use F:\Program Files (x86)\Websense\Data Security\/./Data-Batch-Server/service-container/container/logs/dbs\ae.log and will not be deleted
2026-04-05 23:10:22,823 HealthCheck                      Error    File in use F:\Program Files (x86)\Websense\Data Security\/./Data-Batch-Server/service-container/container/logs/dbs\endpoint.log and will not be deleted
2026-04-05 23:10:22,825 HealthCheck                      Error    File in use F:\Program Files (x86)\Websense\Data Security\/./Data-Batch-Server/service-container/container/logs/dbs\events.log and will not be deleted
2026-04-05 23:10:22,826 HealthCheck                      Error    File in use F:\Program Files (x86)\Websense\Data Security\/./Data-Batch-Server/service-container/container/logs/dbs\ldap.log and will not be deleted
2026-04-05 23:10:22,828 HealthCheck                      Error    File in use F:\Program Files (x86)\Websense\Data Security\/./Data-Batch-Server/service-container/container/logs/dbs\rap.log and will not be deleted
2026-04-05 23:10:22,829 HealthCheck                      Error    File in use F:\Program Files (x86)\Websense\Data Security\/./Data-Batch-Server/service-container/container/logs/dbs\spring.log and will not be deleted
2026-04-05 23:10:22,831 HealthCheck                      Error    File in use F:\Program Files (x86)\Websense\Data Security\/./Data-Batch-Server/service-container/container/logs/dbs\telemetry.log and will not be deleted
2026-04-06 23:10:22,117 HealthCheck                      Error    File in use F:\Program Files (x86)\Websense\Data Security\/./Logs\Scripts_PE.log and will not be deleted
2026-04-06 23:10:22,136 HealthCheck                      Error    File in use F:\Program Files (x86)\Websense\Data Security\/./tomcat/logs/dlp\dlp-login.log and will not be deleted
2026-04-06 23:10:22,139 HealthCheck                      Error    File in use F:\Program Files (x86)\Websense\Data Security\/./tomcat/logs/dlp\dlp-policies-import-export.log and will not be deleted
2026-04-06 23:10:22,143 HealthCheck                      Error    File in use F:\Program Files (x86)\Websense\Data Security\/./tomcat/logs/dlp\dlp-tomcat.log and will not be deleted
2026-04-06 23:10:22,146 HealthCheck                      Error    File in use F:\Program Files (x86)\Websense\Data Security\/./tomcat/logs/forensics\forensics-spring.log and will not be deleted
2026-04-06 23:10:22,148 HealthCheck                      Error    File in use F:\Program Files (x86)\Websense\Data Security\/./tomcat/logs/forensics\forensics-tomcat.log and will not be deleted
2026-04-06 23:10:22,150 HealthCheck                      Error    File in use F:\Program Files (x86)\Websense\Data Security\/./tomcat/logs/tomcat\all.log and will not be deleted
2026-04-06 23:10:22,153 HealthCheck                      Error    File in use F:\Program Files (x86)\Websense\Data Security\/./Data-Batch-Server/service-container/container/logs/dbs\ae.log and will not be deleted
2026-04-06 23:10:22,157 HealthCheck                      Error    File in use F:\Program Files (x86)\Websense\Data Security\/./Data-Batch-Server/service-container/container/logs/dbs\endpoint.log and will not be deleted
2026-04-06 23:10:22,159 HealthCheck                      Error    File in use F:\Program Files (x86)\Websense\Data Security\/./Data-Batch-Server/service-container/container/logs/dbs\events.log and will not be deleted
2026-04-06 23:10:22,162 HealthCheck                      Error    File in use F:\Program Files (x86)\Websense\Data Security\/./Data-Batch-Server/service-container/container/logs/dbs\ldap.log and will not be deleted
2026-04-06 23:10:22,164 HealthCheck                      Error    File in use F:\Program Files (x86)\Websense\Data Security\/./Data-Batch-Server/service-container/container/logs/dbs\rap.log and will not be deleted
2026-04-06 23:10:22,166 HealthCheck                      Error    File in use F:\Program Files (x86)\Websense\Data Security\/./Data-Batch-Server/service-container/container/logs/dbs\spring.log and will not be deleted
2026-04-06 23:10:22,167 HealthCheck                      Error    File in use F:\Program Files (x86)\Websense\Data Security\/./Data-Batch-Server/service-container/container/logs/dbs\telemetry.log and will not be deleted
2026-04-07 23:10:21,209 HealthCheck                      Error    File in use F:\Program Files (x86)\Websense\Data Security\/./Logs\Scripts_PE.log and will not be deleted
2026-04-07 23:10:21,214 HealthCheck                      Error    File in use F:\Program Files (x86)\Websense\Data Security\/./tomcat/logs/dlp\dlp-login.log and will not be deleted
2026-04-07 23:10:21,216 HealthCheck                      Error    File in use F:\Program Files (x86)\Websense\Data Security\/./tomcat/logs/dlp\dlp-policies-import-export.log and will not be deleted
2026-04-07 23:10:21,217 HealthCheck                      Error    File in use F:\Program Files (x86)\Websense\Data Security\/./tomcat/logs/dlp\dlp-tomcat.log and will not be deleted
2026-04-07 23:10:21,219 HealthCheck                      Error    File in use F:\Program Files (x86)\Websense\Data Security\/./tomcat/logs/forensics\forensics-spring.log and will not be deleted
2026-04-07 23:10:21,220 HealthCheck                      Error    File in use F:\Program Files (x86)\Websense\Data Security\/./tomcat/logs/forensics\forensics-tomcat.log and will not be deleted
2026-04-07 23:10:21,221 HealthCheck                      Error    File in use F:\Program Files (x86)\Websense\Data Security\/./tomcat/logs/tomcat\all.log and will not be deleted
2026-04-07 23:10:21,227 HealthCheck                      Error    File in use F:\Program Files (x86)\Websense\Data Security\/./Data-Batch-Server/service-container/container/logs/dbs\ae.log and will not be deleted
2026-04-07 23:10:21,229 HealthCheck                      Error    File in use F:\Program Files (x86)\Websense\Data Security\/./Data-Batch-Server/service-container/container/logs/dbs\endpoint.log and will not be deleted
2026-04-07 23:10:21,230 HealthCheck                      Error    File in use F:\Program Files (x86)\Websense\Data Security\/./Data-Batch-Server/service-container/container/logs/dbs\events.log and will not be deleted
2026-04-07 23:10:21,232 HealthCheck                      Error    File in use F:\Program Files (x86)\Websense\Data Security\/./Data-Batch-Server/service-container/container/logs/dbs\ldap.log and will not be deleted
2026-04-07 23:10:21,233 HealthCheck                      Error    File in use F:\Program Files (x86)\Websense\Data Security\/./Data-Batch-Server/service-container/container/logs/dbs\rap.log and will not be deleted
2026-04-07 23:10:21,234 HealthCheck                      Error    File in use F:\Program Files (x86)\Websense\Data Security\/./Data-Batch-Server/service-container/container/logs/dbs\spring.log and will not be deleted
2026-04-07 23:10:21,235 HealthCheck                      Error    File in use F:\Program Files (x86)\Websense\Data Security\/./Data-Batch-Server/service-container/container/logs/dbs\telemetry.log and will not be deleted
2026-04-08 12:00:26,878 HealthCheck                      Error    There are processes holding port 17505 that will be killed: [5008]
2026-04-08 12:00:27,276 HealthCheck                      Error    killing process  with ID 5008
2026-04-08 12:00:33,974 HealthCheck                      Error    There are processes holding port 17505 that will be killed: [5008]
2026-04-08 12:00:34,279 HealthCheck                      Error    killing process  with ID 5008
2026-04-08 12:00:39,879 HealthCheck                      Error    There are processes holding port 17505 that will be killed: [5008]
2026-04-08 12:00:40,203 HealthCheck                      Error    killing process  with ID 5008
2026-04-08 12:00:46,893 HealthCheck                      Error    There are processes holding port 17505 that will be killed: [5008]
2026-04-08 12:00:47,288 HealthCheck                      Error    killing process  with ID 5008
2026-04-08 12:00:53,680 HealthCheck                      Error    There are processes holding port 17505 that will be killed: [5008]
2026-04-08 12:00:54,040 HealthCheck                      Error    killing process  with ID 5008
2026-04-08 12:01:00,655 HealthCheck                      Error    There are processes holding port 17505 that will be killed: [5008]
2026-04-08 12:01:01,008 HealthCheck                      Error    killing process  with ID 5008
2026-04-08 12:01:07,908 HealthCheck                      Error    There are processes holding port 17505 that will be killed: [5008]
2026-04-08 12:01:08,189 HealthCheck                      Error    killing process  with ID 5008
2026-04-08 12:01:14,061 HealthCheck                      Error    There are processes holding port 17505 that will be killed: [5008]
2026-04-08 12:01:14,442 HealthCheck                      Error    killing process  with ID 5008
2026-04-08 23:10:23,392 HealthCheck                      Error    File in use F:\Program Files (x86)\Websense\Data Security\/./Logs\Scripts_PE.log and will not be deleted
2026-04-08 23:10:23,401 HealthCheck                      Error    File in use F:\Program Files (x86)\Websense\Data Security\/./tomcat/logs/dlp\dlp-login.log and will not be deleted
2026-04-08 23:10:23,403 HealthCheck                      Error    File in use F:\Program Files (x86)\Websense\Data Security\/./tomcat/logs/dlp\dlp-policies-import-export.log and will not be deleted
2026-04-08 23:10:23,407 HealthCheck                      Error    File in use F:\Program Files (x86)\Websense\Data Security\/./tomcat/logs/dlp\dlp-tomcat.log and will not be deleted
2026-04-08 23:10:23,414 HealthCheck                      Error    File in use F:\Program Files (x86)\Websense\Data Security\/./tomcat/logs/forensics\forensics-spring.log and will not be deleted
2026-04-08 23:10:23,417 HealthCheck                      Error    File in use F:\Program Files (x86)\Websense\Data Security\/./tomcat/logs/forensics\forensics-tomcat.log and will not be deleted
2026-04-08 23:10:23,420 HealthCheck                      Error    File in use F:\Program Files (x86)\Websense\Data Security\/./tomcat/logs/tomcat\all.log and will not be deleted
2026-04-08 23:10:23,423 HealthCheck                      Error    File in use F:\Program Files (x86)\Websense\Data Security\/./Data-Batch-Server/service-container/container/logs/dbs\ae.log and will not be deleted
2026-04-08 23:10:23,428 HealthCheck                      Error    File in use F:\Program Files (x86)\Websense\Data Security\/./Data-Batch-Server/service-container/container/logs/dbs\endpoint.log and will not be deleted
2026-04-08 23:10:23,429 HealthCheck                      Error    File in use F:\Program Files (x86)\Websense\Data Security\/./Data-Batch-Server/service-container/container/logs/dbs\events.log and will not be deleted
2026-04-08 23:10:23,431 HealthCheck                      Error    File in use F:\Program Files (x86)\Websense\Data Security\/./Data-Batch-Server/service-container/container/logs/dbs\ldap.log and will not be deleted
2026-04-08 23:10:23,431 HealthCheck                      Error    File in use F:\Program Files (x86)\Websense\Data Security\/./Data-Batch-Server/service-container/container/logs/dbs\rap.log and will not be deleted
2026-04-08 23:10:23,432 HealthCheck                      Error    File in use F:\Program Files (x86)\Websense\Data Security\/./Data-Batch-Server/service-container/container/logs/dbs\spring.log and will not be deleted
2026-04-08 23:10:23,433 HealthCheck                      Error    File in use F:\Program Files (x86)\Websense\Data Security\/./Data-Batch-Server/service-container/container/logs/dbs\telemetry.log and will not be deleted
2026-04-09 23:10:22,325 HealthCheck                      Error    File in use F:\Program Files (x86)\Websense\Data Security\/./Logs\Scripts_PE.log and will not be deleted
2026-04-09 23:10:22,330 HealthCheck                      Error    File in use F:\Program Files (x86)\Websense\Data Security\/./tomcat/logs/dlp\dlp-login.log and will not be deleted
2026-04-09 23:10:22,332 HealthCheck                      Error    File in use F:\Program Files (x86)\Websense\Data Security\/./tomcat/logs/dlp\dlp-policies-import-export.log and will not be deleted
2026-04-09 23:10:22,335 HealthCheck                      Error    File in use F:\Program Files (x86)\Websense\Data Security\/./tomcat/logs/dlp\dlp-tomcat.log and will not be deleted
2026-04-09 23:10:22,337 HealthCheck                      Error    File in use F:\Program Files (x86)\Websense\Data Security\/./tomcat/logs/forensics\forensics-spring.log and will not be deleted
2026-04-09 23:10:22,338 HealthCheck                      Error    File in use F:\Program Files (x86)\Websense\Data Security\/./tomcat/logs/forensics\forensics-tomcat.log and will not be deleted
2026-04-09 23:10:22,339 HealthCheck                      Error    File in use F:\Program Files (x86)\Websense\Data Security\/./tomcat/logs/tomcat\all.log and will not be deleted
2026-04-09 23:10:22,341 HealthCheck                      Error    File in use F:\Program Files (x86)\Websense\Data Security\/./Data-Batch-Server/service-container/container/logs/dbs\ae.log and will not be deleted
2026-04-09 23:10:22,343 HealthCheck                      Error    File in use F:\Program Files (x86)\Websense\Data Security\/./Data-Batch-Server/service-container/container/logs/dbs\endpoint.log and will not be deleted
2026-04-09 23:10:22,344 HealthCheck                      Error    File in use F:\Program Files (x86)\Websense\Data Security\/./Data-Batch-Server/service-container/container/logs/dbs\events.log and will not be deleted
2026-04-09 23:10:22,345 HealthCheck                      Error    File in use F:\Program Files (x86)\Websense\Data Security\/./Data-Batch-Server/service-container/container/logs/dbs\ldap.log and will not be deleted
2026-04-09 23:10:22,346 HealthCheck                      Error    File in use F:\Program Files (x86)\Websense\Data Security\/./Data-Batch-Server/service-container/container/logs/dbs\rap.log and will not be deleted
2026-04-09 23:10:22,347 HealthCheck                      Error    File in use F:\Program Files (x86)\Websense\Data Security\/./Data-Batch-Server/service-container/container/logs/dbs\spring.log and will not be deleted
2026-04-09 23:10:22,348 HealthCheck                      Error    File in use F:\Program Files (x86)\Websense\Data Security\/./Data-Batch-Server/service-container/container/logs/dbs\telemetry.log and will not be deleted
2026-04-10 23:10:23,488 HealthCheck                      Error    File in use F:\Program Files (x86)\Websense\Data Security\/./Logs\Scripts_PE.log and will not be deleted
2026-04-10 23:10:23,492 HealthCheck                      Error    File in use F:\Program Files (x86)\Websense\Data Security\/./tomcat/logs/dlp\dlp-login.log and will not be deleted
2026-04-10 23:10:23,494 HealthCheck                      Error    File in use F:\Program Files (x86)\Websense\Data Security\/./tomcat/logs/dlp\dlp-policies-import-export.log and will not be deleted
2026-04-10 23:10:23,495 HealthCheck                      Error    File in use F:\Program Files (x86)\Websense\Data Security\/./tomcat/logs/dlp\dlp-tomcat.log and will not be deleted
2026-04-10 23:10:23,496 HealthCheck                      Error    File in use F:\Program Files (x86)\Websense\Data Security\/./tomcat/logs/forensics\forensics-spring.log and will not be deleted
2026-04-10 23:10:23,497 HealthCheck                      Error    File in use F:\Program Files (x86)\Websense\Data Security\/./tomcat/logs/forensics\forensics-tomcat.log and will not be deleted
2026-04-10 23:10:23,498 HealthCheck                      Error    File in use F:\Program Files (x86)\Websense\Data Security\/./tomcat/logs/tomcat\all.log and will not be deleted
2026-04-10 23:10:23,500 HealthCheck                      Error    File in use F:\Program Files (x86)\Websense\Data Security\/./Data-Batch-Server/service-container/container/logs/dbs\ae.log and will not be deleted
2026-04-10 23:10:23,502 HealthCheck                      Error    File in use F:\Program Files (x86)\Websense\Data Security\/./Data-Batch-Server/service-container/container/logs/dbs\endpoint.log and will not be deleted
2026-04-10 23:10:23,503 HealthCheck                      Error    File in use F:\Program Files (x86)\Websense\Data Security\/./Data-Batch-Server/service-container/container/logs/dbs\events.log and will not be deleted
2026-04-10 23:10:23,504 HealthCheck                      Error    File in use F:\Program Files (x86)\Websense\Data Security\/./Data-Batch-Server/service-container/container/logs/dbs\ldap.log and will not be deleted
2026-04-10 23:10:23,505 HealthCheck                      Error    File in use F:\Program Files (x86)\Websense\Data Security\/./Data-Batch-Server/service-container/container/logs/dbs\rap.log and will not be deleted
2026-04-10 23:10:23,506 HealthCheck                      Error    File in use F:\Program Files (x86)\Websense\Data Security\/./Data-Batch-Server/service-container/container/logs/dbs\spring.log and will not be deleted
2026-04-10 23:10:23,507 HealthCheck                      Error    File in use F:\Program Files (x86)\Websense\Data Security\/./Data-Batch-Server/service-container/container/logs/dbs\telemetry.log and will not be deleted
2026-04-11 23:10:23,636 HealthCheck                      Error    File in use F:\Program Files (x86)\Websense\Data Security\/./Logs\Scripts_PE.log and will not be deleted
2026-04-11 23:10:23,651 HealthCheck                      Error    File in use F:\Program Files (x86)\Websense\Data Security\/./tomcat/logs/dlp\dlp-login.log and will not be deleted
2026-04-11 23:10:23,654 HealthCheck                      Error    File in use F:\Program Files (x86)\Websense\Data Security\/./tomcat/logs/dlp\dlp-policies-import-export.log and will not be deleted
2026-04-11 23:10:23,659 HealthCheck                      Error    File in use F:\Program Files (x86)\Websense\Data Security\/./tomcat/logs/dlp\dlp-tomcat.log and will not be deleted
2026-04-11 23:10:23,667 HealthCheck                      Error    File in use F:\Program Files (x86)\Websense\Data Security\/./tomcat/logs/forensics\forensics-spring.log and will not be deleted
2026-04-11 23:10:23,670 HealthCheck                      Error    File in use F:\Program Files (x86)\Websense\Data Security\/./tomcat/logs/forensics\forensics-tomcat.log and will not be deleted
2026-04-11 23:10:23,672 HealthCheck                      Error    File in use F:\Program Files (x86)\Websense\Data Security\/./tomcat/logs/tomcat\all.log and will not be deleted
2026-04-11 23:10:23,675 HealthCheck                      Error    File in use F:\Program Files (x86)\Websense\Data Security\/./Data-Batch-Server/service-container/container/logs/dbs\ae.log and will not be deleted
2026-04-11 23:10:23,679 HealthCheck                      Error    File in use F:\Program Files (x86)\Websense\Data Security\/./Data-Batch-Server/service-container/container/logs/dbs\endpoint.log and will not be deleted
2026-04-11 23:10:23,681 HealthCheck                      Error    File in use F:\Program Files (x86)\Websense\Data Security\/./Data-Batch-Server/service-container/container/logs/dbs\events.log and will not be deleted
2026-04-11 23:10:23,682 HealthCheck                      Error    File in use F:\Program Files (x86)\Websense\Data Security\/./Data-Batch-Server/service-container/container/logs/dbs\ldap.log and will not be deleted
2026-04-11 23:10:23,685 HealthCheck                      Error    File in use F:\Program Files (x86)\Websense\Data Security\/./Data-Batch-Server/service-container/container/logs/dbs\rap.log and will not be deleted
2026-04-11 23:10:23,686 HealthCheck                      Error    File in use F:\Program Files (x86)\Websense\Data Security\/./Data-Batch-Server/service-container/container/logs/dbs\spring.log and will not be deleted
2026-04-11 23:10:23,688 HealthCheck                      Error    File in use F:\Program Files (x86)\Websense\Data Security\/./Data-Batch-Server/service-container/container/logs/dbs\telemetry.log and will not be deleted
2026-04-12 23:10:23,975 HealthCheck                      Error    File in use F:\Program Files (x86)\Websense\Data Security\/./Logs\Scripts_PE.log and will not be deleted
2026-04-12 23:10:23,989 HealthCheck                      Error    File in use F:\Program Files (x86)\Websense\Data Security\/./tomcat/logs/dlp\dlp-login.log and will not be deleted
2026-04-12 23:10:23,991 HealthCheck                      Error    File in use F:\Program Files (x86)\Websense\Data Security\/./tomcat/logs/dlp\dlp-policies-import-export.log and will not be deleted
2026-04-12 23:10:23,995 HealthCheck                      Error    File in use F:\Program Files (x86)\Websense\Data Security\/./tomcat/logs/dlp\dlp-tomcat.log and will not be deleted
2026-04-12 23:10:24,000 HealthCheck                      Error    File in use F:\Program Files (x86)\Websense\Data Security\/./tomcat/logs/forensics\forensics-spring.log and will not be deleted
2026-04-12 23:10:24,002 HealthCheck                      Error    File in use F:\Program Files (x86)\Websense\Data Security\/./tomcat/logs/forensics\forensics-tomcat.log and will not be deleted
2026-04-12 23:10:24,003 HealthCheck                      Error    File in use F:\Program Files (x86)\Websense\Data Security\/./tomcat/logs/tomcat\all.log and will not be deleted
2026-04-12 23:10:24,005 HealthCheck                      Error    File in use F:\Program Files (x86)\Websense\Data Security\/./Data-Batch-Server/service-container/container/logs/dbs\ae.log and will not be deleted
2026-04-12 23:10:24,010 HealthCheck                      Error    File in use F:\Program Files (x86)\Websense\Data Security\/./Data-Batch-Server/service-container/container/logs/dbs\endpoint.log and will not be deleted
2026-04-12 23:10:24,012 HealthCheck                      Error    File in use F:\Program Files (x86)\Websense\Data Security\/./Data-Batch-Server/service-container/container/logs/dbs\events.log and will not be deleted
2026-04-12 23:10:24,014 HealthCheck                      Error    File in use F:\Program Files (x86)\Websense\Data Security\/./Data-Batch-Server/service-container/container/logs/dbs\ldap.log and will not be deleted
2026-04-12 23:10:24,017 HealthCheck                      Error    File in use F:\Program Files (x86)\Websense\Data Security\/./Data-Batch-Server/service-container/container/logs/dbs\rap.log and will not be deleted
2026-04-12 23:10:24,019 HealthCheck                      Error    File in use F:\Program Files (x86)\Websense\Data Security\/./Data-Batch-Server/service-container/container/logs/dbs\spring.log and will not be deleted
2026-04-12 23:10:24,021 HealthCheck                      Error    File in use F:\Program Files (x86)\Websense\Data Security\/./Data-Batch-Server/service-container/container/logs/dbs\telemetry.log and will not be deleted
2026-04-13 11:30:25,610 HealthCheck                      Error    Stopping process: DSSManager
2026-04-13 11:30:37,153 HealthCheck                      Error    Exception Occurred running SystemLogger
2026-04-13 11:30:58,695 HealthCheck                      Error    Cannot stop process: DSSManager, killing it...
2026-04-13 11:31:09,815 HealthCheck                      Error    Exception Occurred running SystemLogger
2026-04-13 11:31:32,019 HealthCheck                      Error    Exception Occurred running SystemLogger
2026-04-13 23:10:26,709 HealthCheck                      Error    File in use F:\Program Files (x86)\Websense\Data Security\/./Logs\Scripts_PE.log and will not be deleted
2026-04-13 23:10:26,721 HealthCheck                      Error    File in use F:\Program Files (x86)\Websense\Data Security\/./tomcat/logs/dlp\dlp-login.log and will not be deleted
2026-04-13 23:10:26,723 HealthCheck                      Error    File in use F:\Program Files (x86)\Websense\Data Security\/./tomcat/logs/dlp\dlp-policies-import-export.log and will not be deleted
2026-04-13 23:10:26,726 HealthCheck                      Error    File in use F:\Program Files (x86)\Websense\Data Security\/./tomcat/logs/dlp\dlp-tomcat.log and will not be deleted
2026-04-13 23:10:26,730 HealthCheck                      Error    File in use F:\Program Files (x86)\Websense\Data Security\/./tomcat/logs/forensics\forensics-spring.log and will not be deleted
2026-04-13 23:10:26,732 HealthCheck                      Error    File in use F:\Program Files (x86)\Websense\Data Security\/./tomcat/logs/forensics\forensics-tomcat.log and will not be deleted
2026-04-13 23:10:26,734 HealthCheck                      Error    File in use F:\Program Files (x86)\Websense\Data Security\/./tomcat/logs/tomcat\all.log and will not be deleted
2026-04-13 23:10:26,738 HealthCheck                      Error    File in use F:\Program Files (x86)\Websense\Data Security\/./Data-Batch-Server/service-container/container/logs/dbs\ae.log and will not be deleted
2026-04-13 23:10:26,741 HealthCheck                      Error    File in use F:\Program Files (x86)\Websense\Data Security\/./Data-Batch-Server/service-container/container/logs/dbs\endpoint.log and will not be deleted
2026-04-13 23:10:26,742 HealthCheck                      Error    File in use F:\Program Files (x86)\Websense\Data Security\/./Data-Batch-Server/service-container/container/logs/dbs\events.log and will not be deleted
2026-04-13 23:10:26,744 HealthCheck                      Error    File in use F:\Program Files (x86)\Websense\Data Security\/./Data-Batch-Server/service-container/container/logs/dbs\ldap.log and will not be deleted
2026-04-13 23:10:26,745 HealthCheck                      Error    File in use F:\Program Files (x86)\Websense\Data Security\/./Data-Batch-Server/service-container/container/logs/dbs\rap.log and will not be deleted
2026-04-13 23:10:26,747 HealthCheck                      Error    File in use F:\Program Files (x86)\Websense\Data Security\/./Data-Batch-Server/service-container/container/logs/dbs\spring.log and will not be deleted
2026-04-13 23:10:26,748 HealthCheck                      Error    File in use F:\Program Files (x86)\Websense\Data Security\/./Data-Batch-Server/service-container/container/logs/dbs\telemetry.log and will not be deleted
2026-04-14 23:10:23,276 HealthCheck                      Error    File in use F:\Program Files (x86)\Websense\Data Security\/./Logs\Scripts_PE.log and will not be deleted
2026-04-14 23:10:23,284 HealthCheck                      Error    File in use F:\Program Files (x86)\Websense\Data Security\/./tomcat/logs/dlp\dlp-login.log and will not be deleted
2026-04-14 23:10:23,286 HealthCheck                      Error    File in use F:\Program Files (x86)\Websense\Data Security\/./tomcat/logs/dlp\dlp-policies-import-export.log and will not be deleted
2026-04-14 23:10:23,289 HealthCheck                      Error    File in use F:\Program Files (x86)\Websense\Data Security\/./tomcat/logs/dlp\dlp-tomcat.log and will not be deleted
2026-04-14 23:10:23,291 HealthCheck                      Error    File in use F:\Program Files (x86)\Websense\Data Security\/./tomcat/logs/forensics\forensics-spring.log and will not be deleted
2026-04-14 23:10:23,292 HealthCheck                      Error    File in use F:\Program Files (x86)\Websense\Data Security\/./tomcat/logs/forensics\forensics-tomcat.log and will not be deleted
2026-04-14 23:10:23,293 HealthCheck                      Error    File in use F:\Program Files (x86)\Websense\Data Security\/./tomcat/logs/tomcat\all.log and will not be deleted
2026-04-14 23:10:23,296 HealthCheck                      Error    File in use F:\Program Files (x86)\Websense\Data Security\/./Data-Batch-Server/service-container/container/logs/dbs\ae.log and will not be deleted
2026-04-14 23:10:23,299 HealthCheck                      Error    File in use F:\Program Files (x86)\Websense\Data Security\/./Data-Batch-Server/service-container/container/logs/dbs\endpoint.log and will not be deleted
2026-04-14 23:10:23,300 HealthCheck                      Error    File in use F:\Program Files (x86)\Websense\Data Security\/./Data-Batch-Server/service-container/container/logs/dbs\events.log and will not be deleted
2026-04-14 23:10:23,302 HealthCheck                      Error    File in use F:\Program Files (x86)\Websense\Data Security\/./Data-Batch-Server/service-container/container/logs/dbs\ldap.log and will not be deleted
2026-04-14 23:10:23,303 HealthCheck                      Error    File in use F:\Program Files (x86)\Websense\Data Security\/./Data-Batch-Server/service-container/container/logs/dbs\rap.log and will not be deleted
2026-04-14 23:10:23,304 HealthCheck                      Error    File in use F:\Program Files (x86)\Websense\Data Security\/./Data-Batch-Server/service-container/container/logs/dbs\spring.log and will not be deleted
2026-04-14 23:10:23,305 HealthCheck                      Error    File in use F:\Program Files (x86)\Websense\Data Security\/./Data-Batch-Server/service-container/container/logs/dbs\telemetry.log and will not be deleted
2026-04-15 19:30:09,764 HealthCheck                      Error    DSSMessageBroker:Result from 'Service Health Check Status' is FAILED, as of status file [incidentServiceDiscovery.txt]
2026-04-15 19:30:09,767 HealthCheck                      Error    DSSMessageBroker: restarting DSSMessageBroker
2026-04-15 19:30:09,768 HealthCheck                      Error    Stopping process: DSSMessageBroker
2026-04-15 19:30:12,675 Utils.SystemLogging              Error    [Th:MainThread] Posting error to system Log
2026-04-15 19:30:12,678 Utils.SystemLogging              Error    [Th:MainThread] Posted error to system Log
2026-04-15 19:30:20,781 HealthCheck                      Error    DSSMessageBroker: starting DSSMessageBroker
2026-04-15 19:30:31,210 Utils.SystemLogging              Error    [Th:MainThread] Posting error to system Log
2026-04-15 19:30:31,213 Utils.SystemLogging              Error    [Th:MainThread] Posted error to system Log
2026-04-15 19:30:55,300 HealthCheck                      Error    DSSBatchServer: Result from 'Service Health Check Status' is FAILED, as of status file [incidentServiceDiscovery.txt]
2026-04-15 19:30:55,302 HealthCheck                      Error    DSSBatchServer: restarting the DSSBatchServer
2026-04-15 19:30:55,304 HealthCheck                      Error    Stopping process: DSSBatchServer
2026-04-15 19:30:57,962 Utils.SystemLogging              Error    [Th:MainThread] Posting error to system Log
2026-04-15 19:30:57,965 Utils.SystemLogging              Error    [Th:MainThread] Posted error to system Log
2026-04-15 19:31:11,061 HealthCheck                      Error    DSSBatchServer: starting the DSSBatchServer
2026-04-15 19:31:21,304 Utils.SystemLogging              Error    [Th:MainThread] Posting error to system Log
2026-04-15 19:31:21,306 Utils.SystemLogging              Error    [Th:MainThread] Posted error to system Log
2026-04-15 19:31:21,308 HealthCheck                      Error    DSSBatchServer:Updating [aeHealthDiscovery.yaml] status to ANALYZED
2026-04-15 19:31:21,315 HealthCheck                      Error    DSSBatchServer:Updating [incidentServiceDiscovery.txt] status to ANALYZED
2026-04-15 23:10:25,128 HealthCheck                      Error    File in use F:\Program Files (x86)\Websense\Data Security\/./Logs\Scripts_PE.log and will not be deleted
2026-04-15 23:10:25,141 HealthCheck                      Error    File in use F:\Program Files (x86)\Websense\Data Security\/./tomcat/logs/dlp\dlp-login.log and will not be deleted
2026-04-15 23:10:25,143 HealthCheck                      Error    File in use F:\Program Files (x86)\Websense\Data Security\/./tomcat/logs/dlp\dlp-policies-import-export.log and will not be deleted
2026-04-15 23:10:25,146 HealthCheck                      Error    File in use F:\Program Files (x86)\Websense\Data Security\/./tomcat/logs/dlp\dlp-tomcat.log and will not be deleted
2026-04-15 23:10:25,151 HealthCheck                      Error    File in use F:\Program Files (x86)\Websense\Data Security\/./tomcat/logs/forensics\forensics-spring.log and will not be deleted
2026-04-15 23:10:25,152 HealthCheck                      Error    File in use F:\Program Files (x86)\Websense\Data Security\/./tomcat/logs/forensics\forensics-tomcat.log and will not be deleted
2026-04-15 23:10:25,156 HealthCheck                      Error    File in use F:\Program Files (x86)\Websense\Data Security\/./tomcat/logs/tomcat\all.log and will not be deleted
2026-04-15 23:10:25,159 HealthCheck                      Error    File in use F:\Program Files (x86)\Websense\Data Security\/./Data-Batch-Server/service-container/container/logs/dbs\ae.log and will not be deleted
2026-04-15 23:10:25,164 HealthCheck                      Error    File in use F:\Program Files (x86)\Websense\Data Security\/./Data-Batch-Server/service-container/container/logs/dbs\endpoint.log and will not be deleted
2026-04-15 23:10:25,165 HealthCheck                      Error    File in use F:\Program Files (x86)\Websense\Data Security\/./Data-Batch-Server/service-container/container/logs/dbs\events.log and will not be deleted
2026-04-15 23:10:25,167 HealthCheck                      Error    File in use F:\Program Files (x86)\Websense\Data Security\/./Data-Batch-Server/service-container/container/logs/dbs\ldap.log and will not be deleted
2026-04-15 23:10:25,169 HealthCheck                      Error    File in use F:\Program Files (x86)\Websense\Data Security\/./Data-Batch-Server/service-container/container/logs/dbs\rap.log and will not be deleted
2026-04-15 23:10:25,172 HealthCheck                      Error    File in use F:\Program Files (x86)\Websense\Data Security\/./Data-Batch-Server/service-container/container/logs/dbs\spring.log and will not be deleted
2026-04-15 23:10:25,173 HealthCheck                      Error    File in use F:\Program Files (x86)\Websense\Data Security\/./Data-Batch-Server/service-container/container/logs/dbs\telemetry.log and will not be deleted
2026-04-16 23:10:25,006 HealthCheck                      Error    File in use F:\Program Files (x86)\Websense\Data Security\/./Logs\Scripts_PE.log and will not be deleted
2026-04-16 23:10:25,012 HealthCheck                      Error    File in use F:\Program Files (x86)\Websense\Data Security\/./tomcat/logs/dlp\dlp-login.log and will not be deleted
2026-04-16 23:10:25,013 HealthCheck                      Error    File in use F:\Program Files (x86)\Websense\Data Security\/./tomcat/logs/dlp\dlp-policies-import-export.log and will not be deleted
2026-04-16 23:10:25,016 HealthCheck                      Error    File in use F:\Program Files (x86)\Websense\Data Security\/./tomcat/logs/dlp\dlp-tomcat.log and will not be deleted
2026-04-16 23:10:25,019 HealthCheck                      Error    File in use F:\Program Files (x86)\Websense\Data Security\/./tomcat/logs/forensics\forensics-spring.log and will not be deleted
2026-04-16 23:10:25,020 HealthCheck                      Error    File in use F:\Program Files (x86)\Websense\Data Security\/./tomcat/logs/forensics\forensics-tomcat.log and will not be deleted
2026-04-16 23:10:25,021 HealthCheck                      Error    File in use F:\Program Files (x86)\Websense\Data Security\/./tomcat/logs/tomcat\all.log and will not be deleted
2026-04-16 23:10:25,023 HealthCheck                      Error    File in use F:\Program Files (x86)\Websense\Data Security\/./Data-Batch-Server/service-container/container/logs/dbs\ae.log and will not be deleted
2026-04-16 23:10:25,025 HealthCheck                      Error    File in use F:\Program Files (x86)\Websense\Data Security\/./Data-Batch-Server/service-container/container/logs/dbs\endpoint.log and will not be deleted
2026-04-16 23:10:25,026 HealthCheck                      Error    File in use F:\Program Files (x86)\Websense\Data Security\/./Data-Batch-Server/service-container/container/logs/dbs\events.log and will not be deleted
2026-04-16 23:10:25,027 HealthCheck                      Error    File in use F:\Program Files (x86)\Websense\Data Security\/./Data-Batch-Server/service-container/container/logs/dbs\ldap.log and will not be deleted
2026-04-16 23:10:25,028 HealthCheck                      Error    File in use F:\Program Files (x86)\Websense\Data Security\/./Data-Batch-Server/service-container/container/logs/dbs\rap.log and will not be deleted
2026-04-16 23:10:25,029 HealthCheck                      Error    File in use F:\Program Files (x86)\Websense\Data Security\/./Data-Batch-Server/service-container/container/logs/dbs\spring.log and will not be deleted
2026-04-16 23:10:25,030 HealthCheck                      Error    File in use F:\Program Files (x86)\Websense\Data Security\/./Data-Batch-Server/service-container/container/logs/dbs\telemetry.log and will not be deleted
2026-04-17 23:10:24,643 HealthCheck                      Error    File in use F:\Program Files (x86)\Websense\Data Security\/./Logs\Scripts_PE.log and will not be deleted
2026-04-17 23:10:24,649 HealthCheck                      Error    File in use F:\Program Files (x86)\Websense\Data Security\/./tomcat/logs/dlp\dlp-login.log and will not be deleted
2026-04-17 23:10:24,650 HealthCheck                      Error    File in use F:\Program Files (x86)\Websense\Data Security\/./tomcat/logs/dlp\dlp-policies-import-export.log and will not be deleted
2026-04-17 23:10:24,652 HealthCheck                      Error    File in use F:\Program Files (x86)\Websense\Data Security\/./tomcat/logs/dlp\dlp-tomcat.log and will not be deleted
2026-04-17 23:10:24,654 HealthCheck                      Error    File in use F:\Program Files (x86)\Websense\Data Security\/./tomcat/logs/forensics\forensics-spring.log and will not be deleted
2026-04-17 23:10:24,655 HealthCheck                      Error    File in use F:\Program Files (x86)\Websense\Data Security\/./tomcat/logs/forensics\forensics-tomcat.log and will not be deleted
2026-04-17 23:10:24,656 HealthCheck                      Error    File in use F:\Program Files (x86)\Websense\Data Security\/./tomcat/logs/tomcat\all.log and will not be deleted
2026-04-17 23:10:24,658 HealthCheck                      Error    File in use F:\Program Files (x86)\Websense\Data Security\/./Data-Batch-Server/service-container/container/logs/dbs\ae.log and will not be deleted
2026-04-17 23:10:24,662 HealthCheck                      Error    File in use F:\Program Files (x86)\Websense\Data Security\/./Data-Batch-Server/service-container/container/logs/dbs\endpoint.log and will not be deleted
2026-04-17 23:10:24,663 HealthCheck                      Error    File in use F:\Program Files (x86)\Websense\Data Security\/./Data-Batch-Server/service-container/container/logs/dbs\events.log and will not be deleted
2026-04-17 23:10:24,664 HealthCheck                      Error    File in use F:\Program Files (x86)\Websense\Data Security\/./Data-Batch-Server/service-container/container/logs/dbs\ldap.log and will not be deleted
2026-04-17 23:10:24,666 HealthCheck                      Error    File in use F:\Program Files (x86)\Websense\Data Security\/./Data-Batch-Server/service-container/container/logs/dbs\rap.log and will not be deleted
2026-04-17 23:10:24,667 HealthCheck                      Error    File in use F:\Program Files (x86)\Websense\Data Security\/./Data-Batch-Server/service-container/container/logs/dbs\spring.log and will not be deleted
2026-04-17 23:10:24,668 HealthCheck                      Error    File in use F:\Program Files (x86)\Websense\Data Security\/./Data-Batch-Server/service-container/container/logs/dbs\telemetry.log and will not be deleted
2026-04-18 23:10:24,953 HealthCheck                      Error    File in use F:\Program Files (x86)\Websense\Data Security\/./Logs\Scripts_PE.log and will not be deleted
2026-04-18 23:10:24,960 HealthCheck                      Error    File in use F:\Program Files (x86)\Websense\Data Security\/./tomcat/logs/dlp\dlp-login.log and will not be deleted
2026-04-18 23:10:24,963 HealthCheck                      Error    File in use F:\Program Files (x86)\Websense\Data Security\/./tomcat/logs/dlp\dlp-policies-import-export.log and will not be deleted
2026-04-18 23:10:24,966 HealthCheck                      Error    File in use F:\Program Files (x86)\Websense\Data Security\/./tomcat/logs/dlp\dlp-tomcat.log and will not be deleted
2026-04-18 23:10:24,969 HealthCheck                      Error    File in use F:\Program Files (x86)\Websense\Data Security\/./tomcat/logs/forensics\forensics-spring.log and will not be deleted
2026-04-18 23:10:24,971 HealthCheck                      Error    File in use F:\Program Files (x86)\Websense\Data Security\/./tomcat/logs/forensics\forensics-tomcat.log and will not be deleted
2026-04-18 23:10:24,973 HealthCheck                      Error    File in use F:\Program Files (x86)\Websense\Data Security\/./tomcat/logs/tomcat\all.log and will not be deleted
2026-04-18 23:10:24,978 HealthCheck                      Error    File in use F:\Program Files (x86)\Websense\Data Security\/./Data-Batch-Server/service-container/container/logs/dbs\ae.log and will not be deleted
2026-04-18 23:10:24,981 HealthCheck                      Error    File in use F:\Program Files (x86)\Websense\Data Security\/./Data-Batch-Server/service-container/container/logs/dbs\endpoint.log and will not be deleted
2026-04-18 23:10:24,982 HealthCheck                      Error    File in use F:\Program Files (x86)\Websense\Data Security\/./Data-Batch-Server/service-container/container/logs/dbs\events.log and will not be deleted
2026-04-18 23:10:24,985 HealthCheck                      Error    File in use F:\Program Files (x86)\Websense\Data Security\/./Data-Batch-Server/service-container/container/logs/dbs\ldap.log and will not be deleted
2026-04-18 23:10:24,986 HealthCheck                      Error    File in use F:\Program Files (x86)\Websense\Data Security\/./Data-Batch-Server/service-container/container/logs/dbs\rap.log and will not be deleted
2026-04-18 23:10:24,988 HealthCheck                      Error    File in use F:\Program Files (x86)\Websense\Data Security\/./Data-Batch-Server/service-container/container/logs/dbs\spring.log and will not be deleted
2026-04-18 23:10:24,989 HealthCheck                      Error    File in use F:\Program Files (x86)\Websense\Data Security\/./Data-Batch-Server/service-container/container/logs/dbs\telemetry.log and will not be deleted
2026-04-19 23:10:25,941 HealthCheck                      Error    File in use F:\Program Files (x86)\Websense\Data Security\/./Logs\Scripts_PE.log and will not be deleted
2026-04-19 23:10:25,952 HealthCheck                      Error    File in use F:\Program Files (x86)\Websense\Data Security\/./tomcat/logs/dlp\dlp-login.log and will not be deleted
2026-04-19 23:10:25,955 HealthCheck                      Error    File in use F:\Program Files (x86)\Websense\Data Security\/./tomcat/logs/dlp\dlp-policies-import-export.log and will not be deleted
2026-04-19 23:10:25,960 HealthCheck                      Error    File in use F:\Program Files (x86)\Websense\Data Security\/./tomcat/logs/dlp\dlp-tomcat.log and will not be deleted
2026-04-19 23:10:25,963 HealthCheck                      Error    File in use F:\Program Files (x86)\Websense\Data Security\/./tomcat/logs/forensics\forensics-spring.log and will not be deleted
2026-04-19 23:10:25,965 HealthCheck                      Error    File in use F:\Program Files (x86)\Websense\Data Security\/./tomcat/logs/forensics\forensics-tomcat.log and will not be deleted
2026-04-19 23:10:25,968 HealthCheck                      Error    File in use F:\Program Files (x86)\Websense\Data Security\/./tomcat/logs/tomcat\all.log and will not be deleted
2026-04-19 23:10:25,973 HealthCheck                      Error    File in use F:\Program Files (x86)\Websense\Data Security\/./Data-Batch-Server/service-container/container/logs/dbs\ae.log and will not be deleted
2026-04-19 23:10:25,976 HealthCheck                      Error    File in use F:\Program Files (x86)\Websense\Data Security\/./Data-Batch-Server/service-container/container/logs/dbs\endpoint.log and will not be deleted
2026-04-19 23:10:25,979 HealthCheck                      Error    File in use F:\Program Files (x86)\Websense\Data Security\/./Data-Batch-Server/service-container/container/logs/dbs\events.log and will not be deleted
2026-04-19 23:10:25,981 HealthCheck                      Error    File in use F:\Program Files (x86)\Websense\Data Security\/./Data-Batch-Server/service-container/container/logs/dbs\ldap.log and will not be deleted
2026-04-19 23:10:25,983 HealthCheck                      Error    File in use F:\Program Files (x86)\Websense\Data Security\/./Data-Batch-Server/service-container/container/logs/dbs\rap.log and will not be deleted
2026-04-19 23:10:25,985 HealthCheck                      Error    File in use F:\Program Files (x86)\Websense\Data Security\/./Data-Batch-Server/service-container/container/logs/dbs\spring.log and will not be deleted
2026-04-19 23:10:25,987 HealthCheck                      Error    File in use F:\Program Files (x86)\Websense\Data Security\/./Data-Batch-Server/service-container/container/logs/dbs\telemetry.log and will not be deleted
2026-04-20 23:10:24,603 HealthCheck                      Error    File in use F:\Program Files (x86)\Websense\Data Security\/./Logs\Scripts_PE.log and will not be deleted
2026-04-20 23:10:24,607 HealthCheck                      Error    File in use F:\Program Files (x86)\Websense\Data Security\/./tomcat/logs/dlp\dlp-login.log and will not be deleted
2026-04-20 23:10:24,609 HealthCheck                      Error    File in use F:\Program Files (x86)\Websense\Data Security\/./tomcat/logs/dlp\dlp-policies-import-export.log and will not be deleted
2026-04-20 23:10:24,610 HealthCheck                      Error    File in use F:\Program Files (x86)\Websense\Data Security\/./tomcat/logs/dlp\dlp-tomcat.log and will not be deleted
2026-04-20 23:10:24,612 HealthCheck                      Error    File in use F:\Program Files (x86)\Websense\Data Security\/./tomcat/logs/forensics\forensics-spring.log and will not be deleted
2026-04-20 23:10:24,613 HealthCheck                      Error    File in use F:\Program Files (x86)\Websense\Data Security\/./tomcat/logs/forensics\forensics-tomcat.log and will not be deleted
2026-04-20 23:10:24,614 HealthCheck                      Error    File in use F:\Program Files (x86)\Websense\Data Security\/./tomcat/logs/tomcat\all.log and will not be deleted
2026-04-20 23:10:24,616 HealthCheck                      Error    File in use F:\Program Files (x86)\Websense\Data Security\/./Data-Batch-Server/service-container/container/logs/dbs\ae.log and will not be deleted
2026-04-20 23:10:24,618 HealthCheck                      Error    File in use F:\Program Files (x86)\Websense\Data Security\/./Data-Batch-Server/service-container/container/logs/dbs\endpoint.log and will not be deleted
2026-04-20 23:10:24,619 HealthCheck                      Error    File in use F:\Program Files (x86)\Websense\Data Security\/./Data-Batch-Server/service-container/container/logs/dbs\events.log and will not be deleted
2026-04-20 23:10:24,620 HealthCheck                      Error    File in use F:\Program Files (x86)\Websense\Data Security\/./Data-Batch-Server/service-container/container/logs/dbs\ldap.log and will not be deleted
2026-04-20 23:10:24,621 HealthCheck                      Error    File in use F:\Program Files (x86)\Websense\Data Security\/./Data-Batch-Server/service-container/container/logs/dbs\rap.log and will not be deleted
2026-04-20 23:10:24,622 HealthCheck                      Error    File in use F:\Program Files (x86)\Websense\Data Security\/./Data-Batch-Server/service-container/container/logs/dbs\spring.log and will not be deleted
2026-04-20 23:10:24,623 HealthCheck                      Error    File in use F:\Program Files (x86)\Websense\Data Security\/./Data-Batch-Server/service-container/container/logs/dbs\telemetry.log and will not be deleted
2026-04-21 23:10:26,601 HealthCheck                      Error    File in use F:\Program Files (x86)\Websense\Data Security\/./Logs\Scripts_PE.log and will not be deleted
2026-04-21 23:10:26,606 HealthCheck                      Error    File in use F:\Program Files (x86)\Websense\Data Security\/./tomcat/logs/dlp\dlp-login.log and will not be deleted
2026-04-21 23:10:26,608 HealthCheck                      Error    File in use F:\Program Files (x86)\Websense\Data Security\/./tomcat/logs/dlp\dlp-policies-import-export.log and will not be deleted
2026-04-21 23:10:26,610 HealthCheck                      Error    File in use F:\Program Files (x86)\Websense\Data Security\/./tomcat/logs/dlp\dlp-tomcat.log and will not be deleted
2026-04-21 23:10:26,612 HealthCheck                      Error    File in use F:\Program Files (x86)\Websense\Data Security\/./tomcat/logs/forensics\forensics-spring.log and will not be deleted
2026-04-21 23:10:26,613 HealthCheck                      Error    File in use F:\Program Files (x86)\Websense\Data Security\/./tomcat/logs/forensics\forensics-tomcat.log and will not be deleted
2026-04-21 23:10:26,614 HealthCheck                      Error    File in use F:\Program Files (x86)\Websense\Data Security\/./tomcat/logs/tomcat\all.log and will not be deleted
2026-04-21 23:10:26,616 HealthCheck                      Error    File in use F:\Program Files (x86)\Websense\Data Security\/./Data-Batch-Server/service-container/container/logs/dbs\ae.log and will not be deleted
2026-04-21 23:10:26,618 HealthCheck                      Error    File in use F:\Program Files (x86)\Websense\Data Security\/./Data-Batch-Server/service-container/container/logs/dbs\endpoint.log and will not be deleted
2026-04-21 23:10:26,619 HealthCheck                      Error    File in use F:\Program Files (x86)\Websense\Data Security\/./Data-Batch-Server/service-container/container/logs/dbs\events.log and will not be deleted
2026-04-21 23:10:26,620 HealthCheck                      Error    File in use F:\Program Files (x86)\Websense\Data Security\/./Data-Batch-Server/service-container/container/logs/dbs\ldap.log and will not be deleted
2026-04-21 23:10:26,622 HealthCheck                      Error    File in use F:\Program Files (x86)\Websense\Data Security\/./Data-Batch-Server/service-container/container/logs/dbs\rap.log and will not be deleted
2026-04-21 23:10:26,623 HealthCheck                      Error    File in use F:\Program Files (x86)\Websense\Data Security\/./Data-Batch-Server/service-container/container/logs/dbs\spring.log and will not be deleted
2026-04-21 23:10:26,624 HealthCheck                      Error    File in use F:\Program Files (x86)\Websense\Data Security\/./Data-Batch-Server/service-container/container/logs/dbs\telemetry.log and will not be deleted
2026-04-22 23:10:27,307 HealthCheck                      Error    File in use F:\Program Files (x86)\Websense\Data Security\/./Logs\Scripts_PE.log and will not be deleted
2026-04-22 23:10:27,314 HealthCheck                      Error    File in use F:\Program Files (x86)\Websense\Data Security\/./tomcat/logs/dlp\dlp-login.log and will not be deleted
2026-04-22 23:10:27,316 HealthCheck                      Error    File in use F:\Program Files (x86)\Websense\Data Security\/./tomcat/logs/dlp\dlp-policies-import-export.log and will not be deleted
2026-04-22 23:10:27,318 HealthCheck                      Error    File in use F:\Program Files (x86)\Websense\Data Security\/./tomcat/logs/dlp\dlp-tomcat.log and will not be deleted
2026-04-22 23:10:27,320 HealthCheck                      Error    File in use F:\Program Files (x86)\Websense\Data Security\/./tomcat/logs/forensics\forensics-spring.log and will not be deleted
2026-04-22 23:10:27,322 HealthCheck                      Error    File in use F:\Program Files (x86)\Websense\Data Security\/./tomcat/logs/forensics\forensics-tomcat.log and will not be deleted
2026-04-22 23:10:27,323 HealthCheck                      Error    File in use F:\Program Files (x86)\Websense\Data Security\/./tomcat/logs/tomcat\all.log and will not be deleted
2026-04-22 23:10:27,326 HealthCheck                      Error    File in use F:\Program Files (x86)\Websense\Data Security\/./Data-Batch-Server/service-container/container/logs/dbs\ae.log and will not be deleted
2026-04-22 23:10:27,328 HealthCheck                      Error    File in use F:\Program Files (x86)\Websense\Data Security\/./Data-Batch-Server/service-container/container/logs/dbs\endpoint.log and will not be deleted
2026-04-22 23:10:27,329 HealthCheck                      Error    File in use F:\Program Files (x86)\Websense\Data Security\/./Data-Batch-Server/service-container/container/logs/dbs\events.log and will not be deleted
2026-04-22 23:10:27,331 HealthCheck                      Error    File in use F:\Program Files (x86)\Websense\Data Security\/./Data-Batch-Server/service-container/container/logs/dbs\ldap.log and will not be deleted
2026-04-22 23:10:27,332 HealthCheck                      Error    File in use F:\Program Files (x86)\Websense\Data Security\/./Data-Batch-Server/service-container/container/logs/dbs\rap.log and will not be deleted
2026-04-22 23:10:27,334 HealthCheck                      Error    File in use F:\Program Files (x86)\Websense\Data Security\/./Data-Batch-Server/service-container/container/logs/dbs\spring.log and will not be deleted
2026-04-22 23:10:27,335 HealthCheck                      Error    File in use F:\Program Files (x86)\Websense\Data Security\/./Data-Batch-Server/service-container/container/logs/dbs\telemetry.log and will not be deleted
2026-04-23 23:10:26,121 HealthCheck                      Error    File in use F:\Program Files (x86)\Websense\Data Security\/./Logs\Scripts_PE.log and will not be deleted
2026-04-23 23:10:26,126 HealthCheck                      Error    File in use F:\Program Files (x86)\Websense\Data Security\/./tomcat/logs/dlp\dlp-login.log and will not be deleted
2026-04-23 23:10:26,129 HealthCheck                      Error    File in use F:\Program Files (x86)\Websense\Data Security\/./tomcat/logs/dlp\dlp-policies-import-export.log and will not be deleted
2026-04-23 23:10:26,131 HealthCheck                      Error    File in use F:\Program Files (x86)\Websense\Data Security\/./tomcat/logs/dlp\dlp-tomcat.log and will not be deleted
2026-04-23 23:10:26,134 HealthCheck                      Error    File in use F:\Program Files (x86)\Websense\Data Security\/./tomcat/logs/forensics\forensics-spring.log and will not be deleted
2026-04-23 23:10:26,135 HealthCheck                      Error    File in use F:\Program Files (x86)\Websense\Data Security\/./tomcat/logs/forensics\forensics-tomcat.log and will not be deleted
2026-04-23 23:10:26,137 HealthCheck                      Error    File in use F:\Program Files (x86)\Websense\Data Security\/./tomcat/logs/tomcat\all.log and will not be deleted
2026-04-23 23:10:26,139 HealthCheck                      Error    File in use F:\Program Files (x86)\Websense\Data Security\/./Data-Batch-Server/service-container/container/logs/dbs\ae.log and will not be deleted
2026-04-23 23:10:26,141 HealthCheck                      Error    File in use F:\Program Files (x86)\Websense\Data Security\/./Data-Batch-Server/service-container/container/logs/dbs\endpoint.log and will not be deleted
2026-04-23 23:10:26,143 HealthCheck                      Error    File in use F:\Program Files (x86)\Websense\Data Security\/./Data-Batch-Server/service-container/container/logs/dbs\events.log and will not be deleted
2026-04-23 23:10:26,145 HealthCheck                      Error    File in use F:\Program Files (x86)\Websense\Data Security\/./Data-Batch-Server/service-container/container/logs/dbs\ldap.log and will not be deleted
2026-04-23 23:10:26,146 HealthCheck                      Error    File in use F:\Program Files (x86)\Websense\Data Security\/./Data-Batch-Server/service-container/container/logs/dbs\rap.log and will not be deleted
2026-04-23 23:10:26,147 HealthCheck                      Error    File in use F:\Program Files (x86)\Websense\Data Security\/./Data-Batch-Server/service-container/container/logs/dbs\spring.log and will not be deleted
2026-04-23 23:10:26,148 HealthCheck                      Error    File in use F:\Program Files (x86)\Websense\Data Security\/./Data-Batch-Server/service-container/container/logs/dbs\telemetry.log and will not be deleted
2026-04-24 23:10:30,225 HealthCheck                      Error    File in use F:\Program Files (x86)\Websense\Data Security\/./Logs\Scripts_PE.log and will not be deleted
2026-04-24 23:10:30,230 HealthCheck                      Error    File in use F:\Program Files (x86)\Websense\Data Security\/./tomcat/logs/dlp\dlp-login.log and will not be deleted
2026-04-24 23:10:30,231 HealthCheck                      Error    File in use F:\Program Files (x86)\Websense\Data Security\/./tomcat/logs/dlp\dlp-policies-import-export.log and will not be deleted
2026-04-24 23:10:30,233 HealthCheck                      Error    File in use F:\Program Files (x86)\Websense\Data Security\/./tomcat/logs/dlp\dlp-tomcat.log and will not be deleted
2026-04-24 23:10:30,235 HealthCheck                      Error    File in use F:\Program Files (x86)\Websense\Data Security\/./tomcat/logs/forensics\forensics-spring.log and will not be deleted
2026-04-24 23:10:30,236 HealthCheck                      Error    File in use F:\Program Files (x86)\Websense\Data Security\/./tomcat/logs/forensics\forensics-tomcat.log and will not be deleted
2026-04-24 23:10:30,237 HealthCheck                      Error    File in use F:\Program Files (x86)\Websense\Data Security\/./tomcat/logs/tomcat\all.log and will not be deleted
2026-04-24 23:10:30,239 HealthCheck                      Error    File in use F:\Program Files (x86)\Websense\Data Security\/./Data-Batch-Server/service-container/container/logs/dbs\ae.log and will not be deleted
2026-04-24 23:10:30,241 HealthCheck                      Error    File in use F:\Program Files (x86)\Websense\Data Security\/./Data-Batch-Server/service-container/container/logs/dbs\endpoint.log and will not be deleted
2026-04-24 23:10:30,242 HealthCheck                      Error    File in use F:\Program Files (x86)\Websense\Data Security\/./Data-Batch-Server/service-container/container/logs/dbs\events.log and will not be deleted
2026-04-24 23:10:30,244 HealthCheck                      Error    File in use F:\Program Files (x86)\Websense\Data Security\/./Data-Batch-Server/service-container/container/logs/dbs\ldap.log and will not be deleted
2026-04-24 23:10:30,245 HealthCheck                      Error    File in use F:\Program Files (x86)\Websense\Data Security\/./Data-Batch-Server/service-container/container/logs/dbs\rap.log and will not be deleted
2026-04-24 23:10:30,246 HealthCheck                      Error    File in use F:\Program Files (x86)\Websense\Data Security\/./Data-Batch-Server/service-container/container/logs/dbs\spring.log and will not be deleted
2026-04-24 23:10:30,247 HealthCheck                      Error    File in use F:\Program Files (x86)\Websense\Data Security\/./Data-Batch-Server/service-container/container/logs/dbs\telemetry.log and will not be deleted
2026-04-25 23:10:31,023 HealthCheck                      Error    File in use F:\Program Files (x86)\Websense\Data Security\/./Logs\Scripts_PE.log and will not be deleted
2026-04-25 23:10:31,028 HealthCheck                      Error    File in use F:\Program Files (x86)\Websense\Data Security\/./tomcat/logs/dlp\dlp-login.log and will not be deleted
2026-04-25 23:10:31,030 HealthCheck                      Error    File in use F:\Program Files (x86)\Websense\Data Security\/./tomcat/logs/dlp\dlp-policies-import-export.log and will not be deleted
2026-04-25 23:10:31,032 HealthCheck                      Error    File in use F:\Program Files (x86)\Websense\Data Security\/./tomcat/logs/dlp\dlp-tomcat.log and will not be deleted
2026-04-25 23:10:31,034 HealthCheck                      Error    File in use F:\Program Files (x86)\Websense\Data Security\/./tomcat/logs/forensics\forensics-spring.log and will not be deleted
2026-04-25 23:10:31,035 HealthCheck                      Error    File in use F:\Program Files (x86)\Websense\Data Security\/./tomcat/logs/forensics\forensics-tomcat.log and will not be deleted
2026-04-25 23:10:31,037 HealthCheck                      Error    File in use F:\Program Files (x86)\Websense\Data Security\/./tomcat/logs/tomcat\all.log and will not be deleted
2026-04-25 23:10:31,039 HealthCheck                      Error    File in use F:\Program Files (x86)\Websense\Data Security\/./Data-Batch-Server/service-container/container/logs/dbs\ae.log and will not be deleted
2026-04-25 23:10:31,041 HealthCheck                      Error    File in use F:\Program Files (x86)\Websense\Data Security\/./Data-Batch-Server/service-container/container/logs/dbs\endpoint.log and will not be deleted
2026-04-25 23:10:31,042 HealthCheck                      Error    File in use F:\Program Files (x86)\Websense\Data Security\/./Data-Batch-Server/service-container/container/logs/dbs\events.log and will not be deleted
2026-04-25 23:10:31,043 HealthCheck                      Error    File in use F:\Program Files (x86)\Websense\Data Security\/./Data-Batch-Server/service-container/container/logs/dbs\ldap.log and will not be deleted
2026-04-25 23:10:31,045 HealthCheck                      Error    File in use F:\Program Files (x86)\Websense\Data Security\/./Data-Batch-Server/service-container/container/logs/dbs\rap.log and will not be deleted
2026-04-25 23:10:31,046 HealthCheck                      Error    File in use F:\Program Files (x86)\Websense\Data Security\/./Data-Batch-Server/service-container/container/logs/dbs\spring.log and will not be deleted
2026-04-25 23:10:31,047 HealthCheck                      Error    File in use F:\Program Files (x86)\Websense\Data Security\/./Data-Batch-Server/service-container/container/logs/dbs\telemetry.log and will not be deleted
2026-04-26 23:10:31,926 HealthCheck                      Error    File in use F:\Program Files (x86)\Websense\Data Security\/./Logs\Scripts_PE.log and will not be deleted
2026-04-26 23:10:31,935 HealthCheck                      Error    File in use F:\Program Files (x86)\Websense\Data Security\/./tomcat/logs/dlp\dlp-login.log and will not be deleted
2026-04-26 23:10:31,937 HealthCheck                      Error    File in use F:\Program Files (x86)\Websense\Data Security\/./tomcat/logs/dlp\dlp-policies-import-export.log and will not be deleted
2026-04-26 23:10:31,940 HealthCheck                      Error    File in use F:\Program Files (x86)\Websense\Data Security\/./tomcat/logs/dlp\dlp-tomcat.log and will not be deleted
2026-04-26 23:10:31,945 HealthCheck                      Error    File in use F:\Program Files (x86)\Websense\Data Security\/./tomcat/logs/forensics\forensics-spring.log and will not be deleted
2026-04-26 23:10:31,947 HealthCheck                      Error    File in use F:\Program Files (x86)\Websense\Data Security\/./tomcat/logs/forensics\forensics-tomcat.log and will not be deleted
2026-04-26 23:10:31,949 HealthCheck                      Error    File in use F:\Program Files (x86)\Websense\Data Security\/./tomcat/logs/tomcat\all.log and will not be deleted
2026-04-26 23:10:31,951 HealthCheck                      Error    File in use F:\Program Files (x86)\Websense\Data Security\/./Data-Batch-Server/service-container/container/logs/dbs\ae.log and will not be deleted
2026-04-26 23:10:31,953 HealthCheck                      Error    File in use F:\Program Files (x86)\Websense\Data Security\/./Data-Batch-Server/service-container/container/logs/dbs\endpoint.log and will not be deleted
2026-04-26 23:10:31,954 HealthCheck                      Error    File in use F:\Program Files (x86)\Websense\Data Security\/./Data-Batch-Server/service-container/container/logs/dbs\events.log and will not be deleted
2026-04-26 23:10:31,956 HealthCheck                      Error    File in use F:\Program Files (x86)\Websense\Data Security\/./Data-Batch-Server/service-container/container/logs/dbs\ldap.log and will not be deleted
2026-04-26 23:10:31,957 HealthCheck                      Error    File in use F:\Program Files (x86)\Websense\Data Security\/./Data-Batch-Server/service-container/container/logs/dbs\rap.log and will not be deleted
2026-04-26 23:10:31,958 HealthCheck                      Error    File in use F:\Program Files (x86)\Websense\Data Security\/./Data-Batch-Server/service-container/container/logs/dbs\spring.log and will not be deleted
2026-04-26 23:10:31,959 HealthCheck                      Error    File in use F:\Program Files (x86)\Websense\Data Security\/./Data-Batch-Server/service-container/container/logs/dbs\telemetry.log and will not be deleted
2026-04-27 23:10:27,433 HealthCheck                      Error    File in use F:\Program Files (x86)\Websense\Data Security\/./Logs\Scripts_PE.log and will not be deleted
2026-04-27 23:10:27,438 HealthCheck                      Error    File in use F:\Program Files (x86)\Websense\Data Security\/./tomcat/logs/dlp\dlp-login.log and will not be deleted
2026-04-27 23:10:27,440 HealthCheck                      Error    File in use F:\Program Files (x86)\Websense\Data Security\/./tomcat/logs/dlp\dlp-policies-import-export.log and will not be deleted
2026-04-27 23:10:27,441 HealthCheck                      Error    File in use F:\Program Files (x86)\Websense\Data Security\/./tomcat/logs/dlp\dlp-tomcat.log and will not be deleted
2026-04-27 23:10:27,443 HealthCheck                      Error    File in use F:\Program Files (x86)\Websense\Data Security\/./tomcat/logs/forensics\forensics-spring.log and will not be deleted
2026-04-27 23:10:27,444 HealthCheck                      Error    File in use F:\Program Files (x86)\Websense\Data Security\/./tomcat/logs/forensics\forensics-tomcat.log and will not be deleted
2026-04-27 23:10:27,445 HealthCheck                      Error    File in use F:\Program Files (x86)\Websense\Data Security\/./tomcat/logs/tomcat\all.log and will not be deleted
2026-04-27 23:10:27,447 HealthCheck                      Error    File in use F:\Program Files (x86)\Websense\Data Security\/./Data-Batch-Server/service-container/container/logs/dbs\ae.log and will not be deleted
2026-04-27 23:10:27,449 HealthCheck                      Error    File in use F:\Program Files (x86)\Websense\Data Security\/./Data-Batch-Server/service-container/container/logs/dbs\endpoint.log and will not be deleted
2026-04-27 23:10:27,450 HealthCheck                      Error    File in use F:\Program Files (x86)\Websense\Data Security\/./Data-Batch-Server/service-container/container/logs/dbs\events.log and will not be deleted
2026-04-27 23:10:27,452 HealthCheck                      Error    File in use F:\Program Files (x86)\Websense\Data Security\/./Data-Batch-Server/service-container/container/logs/dbs\ldap.log and will not be deleted
2026-04-27 23:10:27,453 HealthCheck                      Error    File in use F:\Program Files (x86)\Websense\Data Security\/./Data-Batch-Server/service-container/container/logs/dbs\rap.log and will not be deleted
2026-04-27 23:10:27,455 HealthCheck                      Error    File in use F:\Program Files (x86)\Websense\Data Security\/./Data-Batch-Server/service-container/container/logs/dbs\spring.log and will not be deleted
2026-04-27 23:10:27,455 HealthCheck                      Error    File in use F:\Program Files (x86)\Websense\Data Security\/./Data-Batch-Server/service-container/container/logs/dbs\telemetry.log and will not be deleted
2026-04-28 11:49:11,516 HealthCheck                      Error    FPR Test FPRRunDummyDetection Failed
2026-04-28 11:49:11,518 HealthCheck                      Error    FPRRunDummyDetection failed but counter is  [1<=4] so no action was taken
2026-04-28 11:54:11,494 HealthCheck                      Error    FPR Test FPRRunDummyDetection Failed
2026-04-28 11:54:11,497 HealthCheck                      Error    FPRRunDummyDetection failed but counter is  [1<=4] so no action was taken
2026-04-28 11:59:11,137 HealthCheck                      Error    FPR Test FPRRunDummyDetection Failed
2026-04-28 11:59:11,140 HealthCheck                      Error    FPRRunDummyDetection failed but counter is  [1<=4] so no action was taken
2026-04-28 12:04:11,588 HealthCheck                      Error    FPR Test FPRRunDummyDetection Failed
2026-04-28 12:04:11,591 HealthCheck                      Error    FPRRunDummyDetection failed but counter is  [1<=4] so no action was taken
2026-04-28 12:09:11,062 HealthCheck                      Error    FPR Test FPRRunDummyDetection Failed
2026-04-28 12:09:11,065 HealthCheck                      Error    FPRRunDummyDetection failed but counter is  [1<=4] so no action was taken
2026-04-28 12:14:10,408 HealthCheck                      Error    FPR Test FPRRunDummyDetection Failed
2026-04-28 12:14:10,410 HealthCheck                      Error    FPRRunDummyDetection failed but counter is  [1<=4] so no action was taken
2026-04-28 12:19:10,658 HealthCheck                      Error    FPR Test FPRRunDummyDetection Failed
2026-04-28 12:19:10,660 HealthCheck                      Error    FPRRunDummyDetection failed but counter is  [1<=4] so no action was taken
2026-04-28 12:24:13,118 HealthCheck                      Error    FPR Test FPRRunDummyDetection Failed
2026-04-28 12:24:13,121 HealthCheck                      Error    FPRRunDummyDetection failed but counter is  [1<=4] so no action was taken
2026-04-28 12:29:09,877 HealthCheck                      Error    FPR Test FPRRunDummyDetection Failed
2026-04-28 12:29:09,879 HealthCheck                      Error    FPRRunDummyDetection failed but counter is  [1<=4] so no action was taken
2026-04-28 12:34:10,892 HealthCheck                      Error    FPR Test FPRRunDummyDetection Failed
2026-04-28 12:34:10,894 HealthCheck                      Error    FPRRunDummyDetection failed but counter is  [1<=4] so no action was taken
2026-04-28 12:39:11,210 HealthCheck                      Error    FPR Test FPRRunDummyDetection Failed
2026-04-28 12:39:11,213 HealthCheck                      Error    FPRRunDummyDetection failed but counter is  [1<=4] so no action was taken
2026-04-28 12:44:11,098 HealthCheck                      Error    FPR Test FPRRunDummyDetection Failed
2026-04-28 12:44:11,100 HealthCheck                      Error    FPRRunDummyDetection failed but counter is  [1<=4] so no action was taken
2026-04-28 12:49:11,127 HealthCheck                      Error    FPR Test FPRRunDummyDetection Failed
2026-04-28 12:49:11,130 HealthCheck                      Error    FPRRunDummyDetection failed but counter is  [1<=4] so no action was taken
2026-04-28 12:54:11,431 HealthCheck                      Error    FPR Test FPRRunDummyDetection Failed
2026-04-28 12:54:11,434 HealthCheck                      Error    FPRRunDummyDetection failed but counter is  [1<=4] so no action was taken
2026-04-28 12:59:10,735 HealthCheck                      Error    FPR Test FPRRunDummyDetection Failed
2026-04-28 12:59:10,737 HealthCheck                      Error    FPRRunDummyDetection failed but counter is  [1<=4] so no action was taken
2026-04-28 13:04:11,902 HealthCheck                      Error    FPR Test FPRRunDummyDetection Failed
2026-04-28 13:04:11,904 HealthCheck                      Error    FPRRunDummyDetection failed but counter is  [1<=4] so no action was taken
2026-04-28 13:09:10,726 HealthCheck                      Error    FPR Test FPRRunDummyDetection Failed
2026-04-28 13:09:10,728 HealthCheck                      Error    FPRRunDummyDetection failed but counter is  [1<=4] so no action was taken
2026-04-28 13:14:11,213 HealthCheck                      Error    FPR Test FPRRunDummyDetection Failed
2026-04-28 13:14:11,215 HealthCheck                      Error    FPRRunDummyDetection failed but counter is  [1<=4] so no action was taken
2026-04-28 13:19:11,162 HealthCheck                      Error    FPR Test FPRRunDummyDetection Failed
2026-04-28 13:19:11,165 HealthCheck                      Error    FPRRunDummyDetection failed but counter is  [1<=4] so no action was taken
2026-04-28 13:24:11,703 HealthCheck                      Error    FPR Test FPRRunDummyDetection Failed
2026-04-28 13:24:11,706 HealthCheck                      Error    FPRRunDummyDetection failed but counter is  [1<=4] so no action was taken
2026-04-28 13:29:11,208 HealthCheck                      Error    FPR Test FPRRunDummyDetection Failed
2026-04-28 13:29:11,211 HealthCheck                      Error    FPRRunDummyDetection failed but counter is  [1<=4] so no action was taken
2026-04-28 13:34:11,767 HealthCheck                      Error    FPR Test FPRRunDummyDetection Failed
2026-04-28 13:34:11,770 HealthCheck                      Error    FPRRunDummyDetection failed but counter is  [1<=4] so no action was taken
2026-04-28 13:39:10,682 HealthCheck                      Error    FPR Test FPRRunDummyDetection Failed
2026-04-28 13:39:10,685 HealthCheck                      Error    FPRRunDummyDetection failed but counter is  [1<=4] so no action was taken
2026-04-28 13:44:11,868 HealthCheck                      Error    FPR Test FPRRunDummyDetection Failed
2026-04-28 13:44:11,871 HealthCheck                      Error    FPRRunDummyDetection failed but counter is  [1<=4] so no action was taken
2026-04-28 13:49:10,755 HealthCheck                      Error    FPR Test FPRRunDummyDetection Failed
2026-04-28 13:49:10,757 HealthCheck                      Error    FPRRunDummyDetection failed but counter is  [1<=4] so no action was taken
2026-04-28 13:54:11,943 HealthCheck                      Error    FPR Test FPRRunDummyDetection Failed
2026-04-28 13:54:11,945 HealthCheck                      Error    FPRRunDummyDetection failed but counter is  [1<=4] so no action was taken
2026-04-28 13:59:10,361 HealthCheck                      Error    FPR Test FPRRunDummyDetection Failed
2026-04-28 13:59:10,364 HealthCheck                      Error    FPRRunDummyDetection failed but counter is  [1<=4] so no action was taken
2026-04-28 14:04:11,644 HealthCheck                      Error    FPR Test FPRRunDummyDetection Failed
2026-04-28 14:04:11,646 HealthCheck                      Error    FPRRunDummyDetection failed but counter is  [1<=4] so no action was taken
2026-04-28 14:09:10,595 HealthCheck                      Error    FPR Test FPRRunDummyDetection Failed
2026-04-28 14:09:10,597 HealthCheck                      Error    FPRRunDummyDetection failed but counter is  [1<=4] so no action was taken
2026-04-28 14:14:12,155 HealthCheck                      Error    FPR Test FPRRunDummyDetection Failed
2026-04-28 14:14:12,157 HealthCheck                      Error    FPRRunDummyDetection failed but counter is  [1<=4] so no action was taken
2026-04-28 14:19:10,892 HealthCheck                      Error    FPR Test FPRRunDummyDetection Failed
2026-04-28 14:19:10,895 HealthCheck                      Error    FPRRunDummyDetection failed but counter is  [1<=4] so no action was taken
2026-04-28 14:24:10,567 HealthCheck                      Error    FPR Test FPRRunDummyDetection Failed
2026-04-28 14:24:10,570 HealthCheck                      Error    FPRRunDummyDetection failed but counter is  [1<=4] so no action was taken
2026-04-28 14:25:11,465 HealthCheck                      Error    Failed sending DummyDetection Request
2026-04-28 14:25:11,467 HealthCheck                      Error    FPR Test FPRRunDummyDetection Failed
2026-04-28 14:25:11,468 HealthCheck                      Error    FPRRunDummyDetection failed but counter is  [1<=4] so no action was taken
2026-04-28 14:30:10,629 HealthCheck                      Error    Failed sending DummyDetection Request
2026-04-28 14:30:10,630 HealthCheck                      Error    FPR Test FPRRunDummyDetection Failed
2026-04-28 14:30:10,631 HealthCheck                      Error    FPRRunDummyDetection failed but counter is  [2<=4] so no action was taken
2026-04-28 14:35:12,971 HealthCheck                      Error    Failed sending DummyDetection Request
2026-04-28 14:35:12,973 HealthCheck                      Error    FPR Test FPRRunDummyDetection Failed
2026-04-28 14:35:12,974 HealthCheck                      Error    FPRRunDummyDetection failed but counter is  [3<=4] so no action was taken
2026-04-28 14:40:11,652 HealthCheck                      Error    Failed sending DummyDetection Request
2026-04-28 14:40:11,653 HealthCheck                      Error    FPR Test FPRRunDummyDetection Failed
2026-04-28 14:40:11,654 HealthCheck                      Error    FPRRunDummyDetection failed but counter is  [4<=4] so no action was taken
2026-04-28 14:45:10,322 HealthCheck                      Error    Failed sending DummyDetection Request
2026-04-28 14:45:10,324 HealthCheck                      Error    FPR Test FPRRunDummyDetection Failed
2026-04-28 14:45:10,326 HealthCheck                      Error    Stopping process: PAFPREP
2026-04-28 14:45:13,007 Utils.SystemLogging              Error    [Th:Thread-3 (CheckDetection)] Posting error to system Log
2026-04-28 14:45:13,008 Utils.SystemLogging              Error    [Th:Thread-3 (CheckDetection)] Posted error to system Log
2026-04-28 14:45:22,855 HealthCheck                      Error    There are processes holding port 17505 that will be killed: [16584]
2026-04-28 14:45:23,166 HealthCheck                      Error    killing process  with ID 16584
2026-04-28 14:45:28,603 HealthCheck                      Error    There are processes holding port 17505 that will be killed: [16584]
2026-04-28 14:45:28,950 HealthCheck                      Error    killing process  with ID 16584
2026-04-28 14:45:35,320 HealthCheck                      Error    There are processes holding port 17505 that will be killed: [16584]
2026-04-28 14:45:35,715 HealthCheck                      Error    killing process  with ID 16584
2026-04-28 14:45:42,503 HealthCheck                      Error    There are processes holding port 17505 that will be killed: [16584]
2026-04-28 14:45:42,823 HealthCheck                      Error    killing process  with ID 16584
2026-04-28 14:45:43,207 Utils.SystemLogging              Error    [Th:Thread-3 (CheckDetection)] Posting error to system Log
2026-04-28 14:45:43,208 Utils.SystemLogging              Error    [Th:Thread-3 (CheckDetection)] Posted error to system Log
2026-04-28 14:45:49,324 HealthCheck                      Error    There are processes holding port 17505 that will be killed: [16584]
2026-04-28 14:45:49,660 HealthCheck                      Error    killing process  with ID 16584
2026-04-28 14:45:55,949 HealthCheck                      Error    There are processes holding port 17505 that will be killed: [16584]
2026-04-28 14:45:56,316 HealthCheck                      Error    killing process  with ID 16584
2026-04-28 14:46:02,626 HealthCheck                      Error    There are processes holding port 17505 that will be killed: [16584]
2026-04-28 14:46:02,986 HealthCheck                      Error    killing process  with ID 16584
2026-04-28 14:46:09,208 HealthCheck                      Error    There are processes holding port 17505 that will be killed: [16584]
2026-04-28 14:46:09,570 HealthCheck                      Error    killing process  with ID 16584
2026-04-28 14:46:15,937 HealthCheck                      Error    There are processes holding port 17505 that will be killed: [16584]
2026-04-28 14:46:16,287 HealthCheck                      Error    killing process  with ID 16584
2026-04-28 14:46:22,296 HealthCheck                      Error    There are processes holding port 17505 that will be killed: [16584]
2026-04-28 14:46:22,649 HealthCheck                      Error    killing process  with ID 16584
2026-04-28 23:10:27,875 HealthCheck                      Error    File in use F:\Program Files (x86)\Websense\Data Security\/./Logs\Scripts_PE.log and will not be deleted
2026-04-28 23:10:27,883 HealthCheck                      Error    File in use F:\Program Files (x86)\Websense\Data Security\/./tomcat/logs/dlp\dlp-login.log and will not be deleted
2026-04-28 23:10:27,886 HealthCheck                      Error    File in use F:\Program Files (x86)\Websense\Data Security\/./tomcat/logs/dlp\dlp-policies-import-export.log and will not be deleted
2026-04-28 23:10:27,888 HealthCheck                      Error    File in use F:\Program Files (x86)\Websense\Data Security\/./tomcat/logs/dlp\dlp-tomcat.log and will not be deleted
2026-04-28 23:10:27,891 HealthCheck                      Error    File in use F:\Program Files (x86)\Websense\Data Security\/./tomcat/logs/forensics\forensics-spring.log and will not be deleted
2026-04-28 23:10:27,892 HealthCheck                      Error    File in use F:\Program Files (x86)\Websense\Data Security\/./tomcat/logs/forensics\forensics-tomcat.log and will not be deleted
2026-04-28 23:10:27,894 HealthCheck                      Error    File in use F:\Program Files (x86)\Websense\Data Security\/./tomcat/logs/tomcat\all.log and will not be deleted
2026-04-28 23:10:27,898 HealthCheck                      Error    File in use F:\Program Files (x86)\Websense\Data Security\/./Data-Batch-Server/service-container/container/logs/dbs\ae.log and will not be deleted
2026-04-28 23:10:27,900 HealthCheck                      Error    File in use F:\Program Files (x86)\Websense\Data Security\/./Data-Batch-Server/service-container/container/logs/dbs\endpoint.log and will not be deleted
2026-04-28 23:10:27,902 HealthCheck                      Error    File in use F:\Program Files (x86)\Websense\Data Security\/./Data-Batch-Server/service-container/container/logs/dbs\events.log and will not be deleted
2026-04-28 23:10:27,904 HealthCheck                      Error    File in use F:\Program Files (x86)\Websense\Data Security\/./Data-Batch-Server/service-container/container/logs/dbs\ldap.log and will not be deleted
2026-04-28 23:10:27,906 HealthCheck                      Error    File in use F:\Program Files (x86)\Websense\Data Security\/./Data-Batch-Server/service-container/container/logs/dbs\rap.log and will not be deleted
2026-04-28 23:10:27,907 HealthCheck                      Error    File in use F:\Program Files (x86)\Websense\Data Security\/./Data-Batch-Server/service-container/container/logs/dbs\spring.log and will not be deleted
2026-04-28 23:10:27,908 HealthCheck                      Error    File in use F:\Program Files (x86)\Websense\Data Security\/./Data-Batch-Server/service-container/container/logs/dbs\telemetry.log and will not be deleted
2026-04-29 23:10:26,304 HealthCheck                      Error    File in use F:\Program Files (x86)\Websense\Data Security\/./Logs\Scripts_PE.log and will not be deleted
2026-04-29 23:10:26,311 HealthCheck                      Error    File in use F:\Program Files (x86)\Websense\Data Security\/./tomcat/logs/dlp\dlp-login.log and will not be deleted
2026-04-29 23:10:26,313 HealthCheck                      Error    File in use F:\Program Files (x86)\Websense\Data Security\/./tomcat/logs/dlp\dlp-policies-import-export.log and will not be deleted
2026-04-29 23:10:26,318 HealthCheck                      Error    File in use F:\Program Files (x86)\Websense\Data Security\/./tomcat/logs/dlp\dlp-tomcat.log and will not be deleted
2026-04-29 23:10:26,321 HealthCheck                      Error    File in use F:\Program Files (x86)\Websense\Data Security\/./tomcat/logs/forensics\forensics-spring.log and will not be deleted
2026-04-29 23:10:26,322 HealthCheck                      Error    File in use F:\Program Files (x86)\Websense\Data Security\/./tomcat/logs/forensics\forensics-tomcat.log and will not be deleted
2026-04-29 23:10:26,323 HealthCheck                      Error    File in use F:\Program Files (x86)\Websense\Data Security\/./tomcat/logs/tomcat\all.log and will not be deleted
2026-04-29 23:10:26,325 HealthCheck                      Error    File in use F:\Program Files (x86)\Websense\Data Security\/./Data-Batch-Server/service-container/container/logs/dbs\ae.log and will not be deleted
2026-04-29 23:10:26,329 HealthCheck                      Error    File in use F:\Program Files (x86)\Websense\Data Security\/./Data-Batch-Server/service-container/container/logs/dbs\endpoint.log and will not be deleted
2026-04-29 23:10:26,331 HealthCheck                      Error    File in use F:\Program Files (x86)\Websense\Data Security\/./Data-Batch-Server/service-container/container/logs/dbs\events.log and will not be deleted
2026-04-29 23:10:26,333 HealthCheck                      Error    File in use F:\Program Files (x86)\Websense\Data Security\/./Data-Batch-Server/service-container/container/logs/dbs\ldap.log and will not be deleted
2026-04-29 23:10:26,335 HealthCheck                      Error    File in use F:\Program Files (x86)\Websense\Data Security\/./Data-Batch-Server/service-container/container/logs/dbs\rap.log and will not be deleted
2026-04-29 23:10:26,336 HealthCheck                      Error    File in use F:\Program Files (x86)\Websense\Data Security\/./Data-Batch-Server/service-container/container/logs/dbs\spring.log and will not be deleted
2026-04-29 23:10:26,337 HealthCheck                      Error    File in use F:\Program Files (x86)\Websense\Data Security\/./Data-Batch-Server/service-container/container/logs/dbs\telemetry.log and will not be deleted
2026-04-30 23:10:29,669 HealthCheck                      Error    File in use F:\Program Files (x86)\Websense\Data Security\/./Logs\Scripts_PE.log and will not be deleted
2026-04-30 23:10:29,675 HealthCheck                      Error    File in use F:\Program Files (x86)\Websense\Data Security\/./tomcat/logs/dlp\dlp-login.log and will not be deleted
2026-04-30 23:10:29,676 HealthCheck                      Error    File in use F:\Program Files (x86)\Websense\Data Security\/./tomcat/logs/dlp\dlp-policies-import-export.log and will not be deleted
2026-04-30 23:10:29,678 HealthCheck                      Error    File in use F:\Program Files (x86)\Websense\Data Security\/./tomcat/logs/dlp\dlp-tomcat.log and will not be deleted
2026-04-30 23:10:29,682 HealthCheck                      Error    File in use F:\Program Files (x86)\Websense\Data Security\/./tomcat/logs/forensics\forensics-spring.log and will not be deleted
2026-04-30 23:10:29,684 HealthCheck                      Error    File in use F:\Program Files (x86)\Websense\Data Security\/./tomcat/logs/forensics\forensics-tomcat.log and will not be deleted
2026-04-30 23:10:29,685 HealthCheck                      Error    File in use F:\Program Files (x86)\Websense\Data Security\/./tomcat/logs/tomcat\all.log and will not be deleted
2026-04-30 23:10:29,688 HealthCheck                      Error    File in use F:\Program Files (x86)\Websense\Data Security\/./Data-Batch-Server/service-container/container/logs/dbs\ae.log and will not be deleted
2026-04-30 23:10:29,691 HealthCheck                      Error    File in use F:\Program Files (x86)\Websense\Data Security\/./Data-Batch-Server/service-container/container/logs/dbs\endpoint.log and will not be deleted
2026-04-30 23:10:29,695 HealthCheck                      Error    File in use F:\Program Files (x86)\Websense\Data Security\/./Data-Batch-Server/service-container/container/logs/dbs\events.log and will not be deleted
2026-04-30 23:10:29,698 HealthCheck                      Error    File in use F:\Program Files (x86)\Websense\Data Security\/./Data-Batch-Server/service-container/container/logs/dbs\ldap.log and will not be deleted
2026-04-30 23:10:29,700 HealthCheck                      Error    File in use F:\Program Files (x86)\Websense\Data Security\/./Data-Batch-Server/service-container/container/logs/dbs\rap.log and will not be deleted
2026-04-30 23:10:29,702 HealthCheck                      Error    File in use F:\Program Files (x86)\Websense\Data Security\/./Data-Batch-Server/service-container/container/logs/dbs\spring.log and will not be deleted
2026-04-30 23:10:29,703 HealthCheck                      Error    File in use F:\Program Files (x86)\Websense\Data Security\/./Data-Batch-Server/service-container/container/logs/dbs\telemetry.log and will not be deleted
2026-05-01 23:10:26,086 HealthCheck                      Error    File in use F:\Program Files (x86)\Websense\Data Security\/./Logs\Scripts_PE.log and will not be deleted
2026-05-01 23:10:26,093 HealthCheck                      Error    File in use F:\Program Files (x86)\Websense\Data Security\/./tomcat/logs/dlp\dlp-login.log and will not be deleted
2026-05-01 23:10:26,094 HealthCheck                      Error    File in use F:\Program Files (x86)\Websense\Data Security\/./tomcat/logs/dlp\dlp-policies-import-export.log and will not be deleted
2026-05-01 23:10:26,096 HealthCheck                      Error    File in use F:\Program Files (x86)\Websense\Data Security\/./tomcat/logs/dlp\dlp-tomcat.log and will not be deleted
2026-05-01 23:10:26,098 HealthCheck                      Error    File in use F:\Program Files (x86)\Websense\Data Security\/./tomcat/logs/forensics\forensics-spring.log and will not be deleted
2026-05-01 23:10:26,100 HealthCheck                      Error    File in use F:\Program Files (x86)\Websense\Data Security\/./tomcat/logs/forensics\forensics-tomcat.log and will not be deleted
2026-05-01 23:10:26,101 HealthCheck                      Error    File in use F:\Program Files (x86)\Websense\Data Security\/./tomcat/logs/tomcat\all.log and will not be deleted
2026-05-01 23:10:26,104 HealthCheck                      Error    File in use F:\Program Files (x86)\Websense\Data Security\/./Data-Batch-Server/service-container/container/logs/dbs\ae.log and will not be deleted
2026-05-01 23:10:26,106 HealthCheck                      Error    File in use F:\Program Files (x86)\Websense\Data Security\/./Data-Batch-Server/service-container/container/logs/dbs\endpoint.log and will not be deleted
2026-05-01 23:10:26,108 HealthCheck                      Error    File in use F:\Program Files (x86)\Websense\Data Security\/./Data-Batch-Server/service-container/container/logs/dbs\events.log and will not be deleted
2026-05-01 23:10:26,111 HealthCheck                      Error    File in use F:\Program Files (x86)\Websense\Data Security\/./Data-Batch-Server/service-container/container/logs/dbs\ldap.log and will not be deleted
2026-05-01 23:10:26,113 HealthCheck                      Error    File in use F:\Program Files (x86)\Websense\Data Security\/./Data-Batch-Server/service-container/container/logs/dbs\rap.log and will not be deleted
2026-05-01 23:10:26,115 HealthCheck                      Error    File in use F:\Program Files (x86)\Websense\Data Security\/./Data-Batch-Server/service-container/container/logs/dbs\spring.log and will not be deleted
2026-05-01 23:10:26,117 HealthCheck                      Error    File in use F:\Program Files (x86)\Websense\Data Security\/./Data-Batch-Server/service-container/container/logs/dbs\telemetry.log and will not be deleted
2026-05-02 23:10:27,456 HealthCheck                      Error    File in use F:\Program Files (x86)\Websense\Data Security\/./Logs\Scripts_PE.log and will not be deleted
2026-05-02 23:10:27,462 HealthCheck                      Error    File in use F:\Program Files (x86)\Websense\Data Security\/./tomcat/logs/dlp\dlp-login.log and will not be deleted
2026-05-02 23:10:27,465 HealthCheck                      Error    File in use F:\Program Files (x86)\Websense\Data Security\/./tomcat/logs/dlp\dlp-policies-import-export.log and will not be deleted
2026-05-02 23:10:27,468 HealthCheck                      Error    File in use F:\Program Files (x86)\Websense\Data Security\/./tomcat/logs/dlp\dlp-tomcat.log and will not be deleted
2026-05-02 23:10:27,471 HealthCheck                      Error    File in use F:\Program Files (x86)\Websense\Data Security\/./tomcat/logs/forensics\forensics-spring.log and will not be deleted
2026-05-02 23:10:27,473 HealthCheck                      Error    File in use F:\Program Files (x86)\Websense\Data Security\/./tomcat/logs/forensics\forensics-tomcat.log and will not be deleted
2026-05-02 23:10:27,475 HealthCheck                      Error    File in use F:\Program Files (x86)\Websense\Data Security\/./tomcat/logs/tomcat\all.log and will not be deleted
2026-05-02 23:10:27,479 HealthCheck                      Error    File in use F:\Program Files (x86)\Websense\Data Security\/./Data-Batch-Server/service-container/container/logs/dbs\ae.log and will not be deleted
2026-05-02 23:10:27,481 HealthCheck                      Error    File in use F:\Program Files (x86)\Websense\Data Security\/./Data-Batch-Server/service-container/container/logs/dbs\endpoint.log and will not be deleted
2026-05-02 23:10:27,482 HealthCheck                      Error    File in use F:\Program Files (x86)\Websense\Data Security\/./Data-Batch-Server/service-container/container/logs/dbs\events.log and will not be deleted
2026-05-02 23:10:27,484 HealthCheck                      Error    File in use F:\Program Files (x86)\Websense\Data Security\/./Data-Batch-Server/service-container/container/logs/dbs\ldap.log and will not be deleted
2026-05-02 23:10:27,486 HealthCheck                      Error    File in use F:\Program Files (x86)\Websense\Data Security\/./Data-Batch-Server/service-container/container/logs/dbs\rap.log and will not be deleted
2026-05-02 23:10:27,488 HealthCheck                      Error    File in use F:\Program Files (x86)\Websense\Data Security\/./Data-Batch-Server/service-container/container/logs/dbs\spring.log and will not be deleted
2026-05-02 23:10:27,489 HealthCheck                      Error    File in use F:\Program Files (x86)\Websense\Data Security\/./Data-Batch-Server/service-container/container/logs/dbs\telemetry.log and will not be deleted
2026-05-03 23:10:28,176 HealthCheck                      Error    File in use F:\Program Files (x86)\Websense\Data Security\/./Logs\Scripts_PE.log and will not be deleted
2026-05-03 23:10:28,180 HealthCheck                      Error    File in use F:\Program Files (x86)\Websense\Data Security\/./tomcat/logs/dlp\dlp-login.log and will not be deleted
2026-05-03 23:10:28,182 HealthCheck                      Error    File in use F:\Program Files (x86)\Websense\Data Security\/./tomcat/logs/dlp\dlp-policies-import-export.log and will not be deleted
2026-05-03 23:10:28,184 HealthCheck                      Error    File in use F:\Program Files (x86)\Websense\Data Security\/./tomcat/logs/dlp\dlp-tomcat.log and will not be deleted
2026-05-03 23:10:28,187 HealthCheck                      Error    File in use F:\Program Files (x86)\Websense\Data Security\/./tomcat/logs/forensics\forensics-spring.log and will not be deleted
2026-05-03 23:10:28,189 HealthCheck                      Error    File in use F:\Program Files (x86)\Websense\Data Security\/./tomcat/logs/forensics\forensics-tomcat.log and will not be deleted
2026-05-03 23:10:28,190 HealthCheck                      Error    File in use F:\Program Files (x86)\Websense\Data Security\/./tomcat/logs/tomcat\all.log and will not be deleted
2026-05-03 23:10:28,192 HealthCheck                      Error    File in use F:\Program Files (x86)\Websense\Data Security\/./Data-Batch-Server/service-container/container/logs/dbs\ae.log and will not be deleted
2026-05-03 23:10:28,194 HealthCheck                      Error    File in use F:\Program Files (x86)\Websense\Data Security\/./Data-Batch-Server/service-container/container/logs/dbs\endpoint.log and will not be deleted
2026-05-03 23:10:28,195 HealthCheck                      Error    File in use F:\Program Files (x86)\Websense\Data Security\/./Data-Batch-Server/service-container/container/logs/dbs\events.log and will not be deleted
2026-05-03 23:10:28,197 HealthCheck                      Error    File in use F:\Program Files (x86)\Websense\Data Security\/./Data-Batch-Server/service-container/container/logs/dbs\ldap.log and will not be deleted
2026-05-03 23:10:28,198 HealthCheck                      Error    File in use F:\Program Files (x86)\Websense\Data Security\/./Data-Batch-Server/service-container/container/logs/dbs\rap.log and will not be deleted
2026-05-03 23:10:28,199 HealthCheck                      Error    File in use F:\Program Files (x86)\Websense\Data Security\/./Data-Batch-Server/service-container/container/logs/dbs\spring.log and will not be deleted
2026-05-03 23:10:28,200 HealthCheck                      Error    File in use F:\Program Files (x86)\Websense\Data Security\/./Data-Batch-Server/service-container/container/logs/dbs\telemetry.log and will not be deleted
2026-05-04 23:10:27,668 HealthCheck                      Error    File in use F:\Program Files (x86)\Websense\Data Security\/./Logs\Scripts_PE.log and will not be deleted
2026-05-04 23:10:27,675 HealthCheck                      Error    File in use F:\Program Files (x86)\Websense\Data Security\/./tomcat/logs/dlp\dlp-login.log and will not be deleted
2026-05-04 23:10:27,677 HealthCheck                      Error    File in use F:\Program Files (x86)\Websense\Data Security\/./tomcat/logs/dlp\dlp-policies-import-export.log and will not be deleted
2026-05-04 23:10:27,680 HealthCheck                      Error    File in use F:\Program Files (x86)\Websense\Data Security\/./tomcat/logs/dlp\dlp-tomcat.log and will not be deleted
2026-05-04 23:10:27,682 HealthCheck                      Error    File in use F:\Program Files (x86)\Websense\Data Security\/./tomcat/logs/forensics\forensics-spring.log and will not be deleted
2026-05-04 23:10:27,684 HealthCheck                      Error    File in use F:\Program Files (x86)\Websense\Data Security\/./tomcat/logs/forensics\forensics-tomcat.log and will not be deleted
2026-05-04 23:10:27,686 HealthCheck                      Error    File in use F:\Program Files (x86)\Websense\Data Security\/./tomcat/logs/tomcat\all.log and will not be deleted
2026-05-04 23:10:27,688 HealthCheck                      Error    File in use F:\Program Files (x86)\Websense\Data Security\/./Data-Batch-Server/service-container/container/logs/dbs\ae.log and will not be deleted
2026-05-04 23:10:27,690 HealthCheck                      Error    File in use F:\Program Files (x86)\Websense\Data Security\/./Data-Batch-Server/service-container/container/logs/dbs\endpoint.log and will not be deleted
2026-05-04 23:10:27,692 HealthCheck                      Error    File in use F:\Program Files (x86)\Websense\Data Security\/./Data-Batch-Server/service-container/container/logs/dbs\events.log and will not be deleted
2026-05-04 23:10:27,694 HealthCheck                      Error    File in use F:\Program Files (x86)\Websense\Data Security\/./Data-Batch-Server/service-container/container/logs/dbs\ldap.log and will not be deleted
2026-05-04 23:10:27,696 HealthCheck                      Error    File in use F:\Program Files (x86)\Websense\Data Security\/./Data-Batch-Server/service-container/container/logs/dbs\rap.log and will not be deleted
2026-05-04 23:10:27,697 HealthCheck                      Error    File in use F:\Program Files (x86)\Websense\Data Security\/./Data-Batch-Server/service-container/container/logs/dbs\spring.log and will not be deleted
2026-05-04 23:10:27,698 HealthCheck                      Error    File in use F:\Program Files (x86)\Websense\Data Security\/./Data-Batch-Server/service-container/container/logs/dbs\telemetry.log and will not be deleted
2026-05-05 23:10:27,510 HealthCheck                      Error    File in use F:\Program Files (x86)\Websense\Data Security\/./Logs\Scripts_PE.log and will not be deleted
2026-05-05 23:10:27,517 HealthCheck                      Error    File in use F:\Program Files (x86)\Websense\Data Security\/./tomcat/logs/dlp\dlp-login.log and will not be deleted
2026-05-05 23:10:27,518 HealthCheck                      Error    File in use F:\Program Files (x86)\Websense\Data Security\/./tomcat/logs/dlp\dlp-policies-import-export.log and will not be deleted
2026-05-05 23:10:27,520 HealthCheck                      Error    File in use F:\Program Files (x86)\Websense\Data Security\/./tomcat/logs/dlp\dlp-tomcat.log and will not be deleted
2026-05-05 23:10:27,522 HealthCheck                      Error    File in use F:\Program Files (x86)\Websense\Data Security\/./tomcat/logs/forensics\forensics-spring.log and will not be deleted
2026-05-05 23:10:27,523 HealthCheck                      Error    File in use F:\Program Files (x86)\Websense\Data Security\/./tomcat/logs/forensics\forensics-tomcat.log and will not be deleted
2026-05-05 23:10:27,524 HealthCheck                      Error    File in use F:\Program Files (x86)\Websense\Data Security\/./tomcat/logs/tomcat\all.log and will not be deleted
2026-05-05 23:10:27,526 HealthCheck                      Error    File in use F:\Program Files (x86)\Websense\Data Security\/./Data-Batch-Server/service-container/container/logs/dbs\ae.log and will not be deleted
2026-05-05 23:10:27,527 HealthCheck                      Error    File in use F:\Program Files (x86)\Websense\Data Security\/./Data-Batch-Server/service-container/container/logs/dbs\endpoint.log and will not be deleted
2026-05-05 23:10:27,529 HealthCheck                      Error    File in use F:\Program Files (x86)\Websense\Data Security\/./Data-Batch-Server/service-container/container/logs/dbs\events.log and will not be deleted
2026-05-05 23:10:27,530 HealthCheck                      Error    File in use F:\Program Files (x86)\Websense\Data Security\/./Data-Batch-Server/service-container/container/logs/dbs\ldap.log and will not be deleted
2026-05-05 23:10:27,531 HealthCheck                      Error    File in use F:\Program Files (x86)\Websense\Data Security\/./Data-Batch-Server/service-container/container/logs/dbs\rap.log and will not be deleted
2026-05-05 23:10:27,532 HealthCheck                      Error    File in use F:\Program Files (x86)\Websense\Data Security\/./Data-Batch-Server/service-container/container/logs/dbs\spring.log and will not be deleted
2026-05-05 23:10:27,533 HealthCheck                      Error    File in use F:\Program Files (x86)\Websense\Data Security\/./Data-Batch-Server/service-container/container/logs/dbs\telemetry.log and will not be deleted
2026-05-06 23:10:29,072 HealthCheck                      Error    File in use F:\Program Files (x86)\Websense\Data Security\/./Logs\Scripts_PE.log and will not be deleted
2026-05-06 23:10:29,080 HealthCheck                      Error    File in use F:\Program Files (x86)\Websense\Data Security\/./EPS_CAMEL/data/service_logs\epsconnector-stderr.2026-04-06.log and will not be deleted
2026-05-06 23:10:29,083 HealthCheck                      Error    File in use F:\Program Files (x86)\Websense\Data Security\/./EPS_CAMEL/data/service_logs\epsconnector-stdout.2026-04-06.log and will not be deleted
2026-05-06 23:10:29,084 HealthCheck                      Error    File in use F:\Program Files (x86)\Websense\Data Security\/./EPS_CAMEL/data/service_logs\EPSConnector.2026-04-06.log and will not be deleted
2026-05-06 23:10:29,088 HealthCheck                      Error    File in use F:\Program Files (x86)\Websense\Data Security\/./tomcat/logs/dlp\dlp-login.log and will not be deleted
2026-05-06 23:10:29,091 HealthCheck                      Error    File in use F:\Program Files (x86)\Websense\Data Security\/./tomcat/logs/dlp\dlp-policies-import-export.log and will not be deleted
2026-05-06 23:10:29,093 HealthCheck                      Error    File in use F:\Program Files (x86)\Websense\Data Security\/./tomcat/logs/dlp\dlp-tomcat.log and will not be deleted
2026-05-06 23:10:29,094 HealthCheck                      Error    File in use F:\Program Files (x86)\Websense\Data Security\/./tomcat/logs/forensics\forensics-spring.log and will not be deleted
2026-05-06 23:10:29,095 HealthCheck                      Error    File in use F:\Program Files (x86)\Websense\Data Security\/./tomcat/logs/forensics\forensics-tomcat.log and will not be deleted
2026-05-06 23:10:29,097 HealthCheck                      Error    File in use F:\Program Files (x86)\Websense\Data Security\/./tomcat/logs/tomcat\all.log and will not be deleted
2026-05-06 23:10:29,099 HealthCheck                      Error    File in use F:\Program Files (x86)\Websense\Data Security\/./Data-Batch-Server/service-container/container/logs/dbs\ae.log and will not be deleted
2026-05-06 23:10:29,102 HealthCheck                      Error    File in use F:\Program Files (x86)\Websense\Data Security\/./Data-Batch-Server/service-container/container/logs/dbs\endpoint.log and will not be deleted
2026-05-06 23:10:29,103 HealthCheck                      Error    File in use F:\Program Files (x86)\Websense\Data Security\/./Data-Batch-Server/service-container/container/logs/dbs\events.log and will not be deleted
2026-05-06 23:10:29,105 HealthCheck                      Error    File in use F:\Program Files (x86)\Websense\Data Security\/./Data-Batch-Server/service-container/container/logs/dbs\ldap.log and will not be deleted
2026-05-06 23:10:29,106 HealthCheck                      Error    File in use F:\Program Files (x86)\Websense\Data Security\/./Data-Batch-Server/service-container/container/logs/dbs\rap.log and will not be deleted
2026-05-06 23:10:29,108 HealthCheck                      Error    File in use F:\Program Files (x86)\Websense\Data Security\/./Data-Batch-Server/service-container/container/logs/dbs\spring.log and will not be deleted
2026-05-06 23:10:29,109 HealthCheck                      Error    File in use F:\Program Files (x86)\Websense\Data Security\/./Data-Batch-Server/service-container/container/logs/dbs\telemetry.log and will not be deleted
2026-05-07 23:10:28,581 HealthCheck                      Error    File in use F:\Program Files (x86)\Websense\Data Security\/./Logs\Scripts_PE.log and will not be deleted
2026-05-07 23:10:28,585 HealthCheck                      Error    File in use F:\Program Files (x86)\Websense\Data Security\/./EPS_CAMEL/data/service_logs\epsconnector-stderr.2026-04-06.log and will not be deleted
2026-05-07 23:10:28,586 HealthCheck                      Error    File in use F:\Program Files (x86)\Websense\Data Security\/./EPS_CAMEL/data/service_logs\epsconnector-stdout.2026-04-06.log and will not be deleted
2026-05-07 23:10:28,589 HealthCheck                      Error    File in use F:\Program Files (x86)\Websense\Data Security\/./EPS_CAMEL/data/service_logs\EPSConnector.2026-04-06.log and will not be deleted
2026-05-07 23:10:28,592 HealthCheck                      Error    File in use F:\Program Files (x86)\Websense\Data Security\/./tomcat/logs/dlp\dlp-login.log and will not be deleted
2026-05-07 23:10:28,594 HealthCheck                      Error    File in use F:\Program Files (x86)\Websense\Data Security\/./tomcat/logs/dlp\dlp-policies-import-export.log and will not be deleted
2026-05-07 23:10:28,596 HealthCheck                      Error    File in use F:\Program Files (x86)\Websense\Data Security\/./tomcat/logs/dlp\dlp-tomcat.log and will not be deleted
2026-05-07 23:10:28,598 HealthCheck                      Error    File in use F:\Program Files (x86)\Websense\Data Security\/./tomcat/logs/forensics\forensics-spring.log and will not be deleted
2026-05-07 23:10:28,600 HealthCheck                      Error    File in use F:\Program Files (x86)\Websense\Data Security\/./tomcat/logs/forensics\forensics-tomcat.log and will not be deleted
2026-05-07 23:10:28,601 HealthCheck                      Error    File in use F:\Program Files (x86)\Websense\Data Security\/./tomcat/logs/tomcat\all.log and will not be deleted
2026-05-07 23:10:28,604 HealthCheck                      Error    File in use F:\Program Files (x86)\Websense\Data Security\/./Data-Batch-Server/service-container/container/logs/dbs\ae.log and will not be deleted
2026-05-07 23:10:28,606 HealthCheck                      Error    File in use F:\Program Files (x86)\Websense\Data Security\/./Data-Batch-Server/service-container/container/logs/dbs\endpoint.log and will not be deleted
2026-05-07 23:10:28,610 HealthCheck                      Error    File in use F:\Program Files (x86)\Websense\Data Security\/./Data-Batch-Server/service-container/container/logs/dbs\events.log and will not be deleted
2026-05-07 23:10:28,612 HealthCheck                      Error    File in use F:\Program Files (x86)\Websense\Data Security\/./Data-Batch-Server/service-container/container/logs/dbs\ldap.log and will not be deleted
2026-05-07 23:10:28,613 HealthCheck                      Error    File in use F:\Program Files (x86)\Websense\Data Security\/./Data-Batch-Server/service-container/container/logs/dbs\rap.log and will not be deleted
2026-05-07 23:10:28,614 HealthCheck                      Error    File in use F:\Program Files (x86)\Websense\Data Security\/./Data-Batch-Server/service-container/container/logs/dbs\spring.log and will not be deleted
2026-05-07 23:10:28,615 HealthCheck                      Error    File in use F:\Program Files (x86)\Websense\Data Security\/./Data-Batch-Server/service-container/container/logs/dbs\telemetry.log and will not be deleted
2026-05-08 23:10:28,608 HealthCheck                      Error    File in use F:\Program Files (x86)\Websense\Data Security\/./Logs\Scripts_PE.log and will not be deleted
2026-05-08 23:10:28,612 HealthCheck                      Error    File in use F:\Program Files (x86)\Websense\Data Security\/./EPS_CAMEL/data/service_logs\epsconnector-stderr.2026-04-06.log and will not be deleted
2026-05-08 23:10:28,613 HealthCheck                      Error    File in use F:\Program Files (x86)\Websense\Data Security\/./EPS_CAMEL/data/service_logs\epsconnector-stdout.2026-04-06.log and will not be deleted
2026-05-08 23:10:28,614 HealthCheck                      Error    File in use F:\Program Files (x86)\Websense\Data Security\/./EPS_CAMEL/data/service_logs\EPSConnector.2026-04-06.log and will not be deleted
2026-05-08 23:10:28,617 HealthCheck                      Error    File in use F:\Program Files (x86)\Websense\Data Security\/./tomcat/logs/dlp\dlp-login.log and will not be deleted
2026-05-08 23:10:28,619 HealthCheck                      Error    File in use F:\Program Files (x86)\Websense\Data Security\/./tomcat/logs/dlp\dlp-policies-import-export.log and will not be deleted
2026-05-08 23:10:28,621 HealthCheck                      Error    File in use F:\Program Files (x86)\Websense\Data Security\/./tomcat/logs/dlp\dlp-tomcat.log and will not be deleted
2026-05-08 23:10:28,622 HealthCheck                      Error    File in use F:\Program Files (x86)\Websense\Data Security\/./tomcat/logs/forensics\forensics-spring.log and will not be deleted
2026-05-08 23:10:28,624 HealthCheck                      Error    File in use F:\Program Files (x86)\Websense\Data Security\/./tomcat/logs/forensics\forensics-tomcat.log and will not be deleted
2026-05-08 23:10:28,625 HealthCheck                      Error    File in use F:\Program Files (x86)\Websense\Data Security\/./tomcat/logs/tomcat\all.log and will not be deleted
2026-05-08 23:10:28,627 HealthCheck                      Error    File in use F:\Program Files (x86)\Websense\Data Security\/./Data-Batch-Server/service-container/container/logs/dbs\ae.log and will not be deleted
2026-05-08 23:10:28,629 HealthCheck                      Error    File in use F:\Program Files (x86)\Websense\Data Security\/./Data-Batch-Server/service-container/container/logs/dbs\endpoint.log and will not be deleted
2026-05-08 23:10:28,631 HealthCheck                      Error    File in use F:\Program Files (x86)\Websense\Data Security\/./Data-Batch-Server/service-container/container/logs/dbs\events.log and will not be deleted
2026-05-08 23:10:28,633 HealthCheck                      Error    File in use F:\Program Files (x86)\Websense\Data Security\/./Data-Batch-Server/service-container/container/logs/dbs\ldap.log and will not be deleted
2026-05-08 23:10:28,634 HealthCheck                      Error    File in use F:\Program Files (x86)\Websense\Data Security\/./Data-Batch-Server/service-container/container/logs/dbs\rap.log and will not be deleted
2026-05-08 23:10:28,635 HealthCheck                      Error    File in use F:\Program Files (x86)\Websense\Data Security\/./Data-Batch-Server/service-container/container/logs/dbs\spring.log and will not be deleted
2026-05-08 23:10:28,636 HealthCheck                      Error    File in use F:\Program Files (x86)\Websense\Data Security\/./Data-Batch-Server/service-container/container/logs/dbs\telemetry.log and will not be deleted
2026-05-09 23:10:28,648 HealthCheck                      Error    File in use F:\Program Files (x86)\Websense\Data Security\/./Logs\Scripts_PE.log and will not be deleted
2026-05-09 23:10:28,652 HealthCheck                      Error    File in use F:\Program Files (x86)\Websense\Data Security\/./EPS_CAMEL/data/service_logs\epsconnector-stderr.2026-04-06.log and will not be deleted
2026-05-09 23:10:28,654 HealthCheck                      Error    File in use F:\Program Files (x86)\Websense\Data Security\/./EPS_CAMEL/data/service_logs\epsconnector-stdout.2026-04-06.log and will not be deleted
2026-05-09 23:10:28,655 HealthCheck                      Error    File in use F:\Program Files (x86)\Websense\Data Security\/./EPS_CAMEL/data/service_logs\EPSConnector.2026-04-06.log and will not be deleted
2026-05-09 23:10:28,658 HealthCheck                      Error    File in use F:\Program Files (x86)\Websense\Data Security\/./tomcat/logs/dlp\dlp-login.log and will not be deleted
2026-05-09 23:10:28,659 HealthCheck                      Error    File in use F:\Program Files (x86)\Websense\Data Security\/./tomcat/logs/dlp\dlp-policies-import-export.log and will not be deleted
2026-05-09 23:10:28,660 HealthCheck                      Error    File in use F:\Program Files (x86)\Websense\Data Security\/./tomcat/logs/dlp\dlp-tomcat.log and will not be deleted
2026-05-09 23:10:28,662 HealthCheck                      Error    File in use F:\Program Files (x86)\Websense\Data Security\/./tomcat/logs/forensics\forensics-spring.log and will not be deleted
2026-05-09 23:10:28,663 HealthCheck                      Error    File in use F:\Program Files (x86)\Websense\Data Security\/./tomcat/logs/forensics\forensics-tomcat.log and will not be deleted
2026-05-09 23:10:28,664 HealthCheck                      Error    File in use F:\Program Files (x86)\Websense\Data Security\/./tomcat/logs/tomcat\all.log and will not be deleted
2026-05-09 23:10:28,666 HealthCheck                      Error    File in use F:\Program Files (x86)\Websense\Data Security\/./Data-Batch-Server/service-container/container/logs/dbs\ae.log and will not be deleted
2026-05-09 23:10:28,667 HealthCheck                      Error    File in use F:\Program Files (x86)\Websense\Data Security\/./Data-Batch-Server/service-container/container/logs/dbs\endpoint.log and will not be deleted
2026-05-09 23:10:28,668 HealthCheck                      Error    File in use F:\Program Files (x86)\Websense\Data Security\/./Data-Batch-Server/service-container/container/logs/dbs\events.log and will not be deleted
2026-05-09 23:10:28,670 HealthCheck                      Error    File in use F:\Program Files (x86)\Websense\Data Security\/./Data-Batch-Server/service-container/container/logs/dbs\ldap.log and will not be deleted
2026-05-09 23:10:28,671 HealthCheck                      Error    File in use F:\Program Files (x86)\Websense\Data Security\/./Data-Batch-Server/service-container/container/logs/dbs\rap.log and will not be deleted
2026-05-09 23:10:28,673 HealthCheck                      Error    File in use F:\Program Files (x86)\Websense\Data Security\/./Data-Batch-Server/service-container/container/logs/dbs\spring.log and will not be deleted
2026-05-09 23:10:28,674 HealthCheck                      Error    File in use F:\Program Files (x86)\Websense\Data Security\/./Data-Batch-Server/service-container/container/logs/dbs\telemetry.log and will not be deleted
2026-05-10 23:10:28,473 HealthCheck                      Error    File in use F:\Program Files (x86)\Websense\Data Security\/./Logs\Scripts_PE.log and will not be deleted
2026-05-10 23:10:28,476 HealthCheck                      Error    File in use F:\Program Files (x86)\Websense\Data Security\/./EPS_CAMEL/data/service_logs\epsconnector-stderr.2026-04-06.log and will not be deleted
2026-05-10 23:10:28,477 HealthCheck                      Error    File in use F:\Program Files (x86)\Websense\Data Security\/./EPS_CAMEL/data/service_logs\epsconnector-stdout.2026-04-06.log and will not be deleted
2026-05-10 23:10:28,479 HealthCheck                      Error    File in use F:\Program Files (x86)\Websense\Data Security\/./EPS_CAMEL/data/service_logs\EPSConnector.2026-04-06.log and will not be deleted
2026-05-10 23:10:28,481 HealthCheck                      Error    File in use F:\Program Files (x86)\Websense\Data Security\/./tomcat/logs/dlp\dlp-login.log and will not be deleted
2026-05-10 23:10:28,482 HealthCheck                      Error    File in use F:\Program Files (x86)\Websense\Data Security\/./tomcat/logs/dlp\dlp-policies-import-export.log and will not be deleted
2026-05-10 23:10:28,485 HealthCheck                      Error    File in use F:\Program Files (x86)\Websense\Data Security\/./tomcat/logs/dlp\dlp-tomcat.log and will not be deleted
2026-05-10 23:10:28,486 HealthCheck                      Error    File in use F:\Program Files (x86)\Websense\Data Security\/./tomcat/logs/forensics\forensics-spring.log and will not be deleted
2026-05-10 23:10:28,486 HealthCheck                      Error    File in use F:\Program Files (x86)\Websense\Data Security\/./tomcat/logs/forensics\forensics-tomcat.log and will not be deleted
2026-05-10 23:10:28,488 HealthCheck                      Error    File in use F:\Program Files (x86)\Websense\Data Security\/./tomcat/logs/tomcat\all.log and will not be deleted
2026-05-10 23:10:28,490 HealthCheck                      Error    File in use F:\Program Files (x86)\Websense\Data Security\/./Data-Batch-Server/service-container/container/logs/dbs\ae.log and will not be deleted
2026-05-10 23:10:28,492 HealthCheck                      Error    File in use F:\Program Files (x86)\Websense\Data Security\/./Data-Batch-Server/service-container/container/logs/dbs\endpoint.log and will not be deleted
2026-05-10 23:10:28,493 HealthCheck                      Error    File in use F:\Program Files (x86)\Websense\Data Security\/./Data-Batch-Server/service-container/container/logs/dbs\events.log and will not be deleted
2026-05-10 23:10:28,495 HealthCheck                      Error    File in use F:\Program Files (x86)\Websense\Data Security\/./Data-Batch-Server/service-container/container/logs/dbs\ldap.log and will not be deleted
2026-05-10 23:10:28,496 HealthCheck                      Error    File in use F:\Program Files (x86)\Websense\Data Security\/./Data-Batch-Server/service-container/container/logs/dbs\rap.log and will not be deleted
2026-05-10 23:10:28,498 HealthCheck                      Error    File in use F:\Program Files (x86)\Websense\Data Security\/./Data-Batch-Server/service-container/container/logs/dbs\spring.log and will not be deleted
2026-05-10 23:10:28,499 HealthCheck                      Error    File in use F:\Program Files (x86)\Websense\Data Security\/./Data-Batch-Server/service-container/container/logs/dbs\telemetry.log and will not be deleted
2026-05-11 23:10:40,940 HealthCheck                      Error    File in use F:\Program Files (x86)\Websense\Data Security\/./Logs\Scripts_PE.log and will not be deleted
2026-05-11 23:10:40,946 HealthCheck                      Error    File in use F:\Program Files (x86)\Websense\Data Security\/./EPS_CAMEL/data/service_logs\epsconnector-stderr.2026-04-06.log and will not be deleted
2026-05-11 23:10:40,948 HealthCheck                      Error    File in use F:\Program Files (x86)\Websense\Data Security\/./EPS_CAMEL/data/service_logs\epsconnector-stdout.2026-04-06.log and will not be deleted
2026-05-11 23:10:40,950 HealthCheck                      Error    File in use F:\Program Files (x86)\Websense\Data Security\/./EPS_CAMEL/data/service_logs\EPSConnector.2026-04-06.log and will not be deleted
2026-05-11 23:10:40,955 HealthCheck                      Error    File in use F:\Program Files (x86)\Websense\Data Security\/./tomcat/logs/dlp\dlp-login.log and will not be deleted
2026-05-11 23:10:40,958 HealthCheck                      Error    File in use F:\Program Files (x86)\Websense\Data Security\/./tomcat/logs/dlp\dlp-policies-import-export.log and will not be deleted
2026-05-11 23:10:40,962 HealthCheck                      Error    File in use F:\Program Files (x86)\Websense\Data Security\/./tomcat/logs/dlp\dlp-tomcat.log and will not be deleted
2026-05-11 23:10:40,965 HealthCheck                      Error    File in use F:\Program Files (x86)\Websense\Data Security\/./tomcat/logs/forensics\forensics-spring.log and will not be deleted
2026-05-11 23:10:40,967 HealthCheck                      Error    File in use F:\Program Files (x86)\Websense\Data Security\/./tomcat/logs/forensics\forensics-tomcat.log and will not be deleted
2026-05-11 23:10:40,968 HealthCheck                      Error    File in use F:\Program Files (x86)\Websense\Data Security\/./tomcat/logs/tomcat\all.log and will not be deleted
2026-05-11 23:10:40,972 HealthCheck                      Error    File in use F:\Program Files (x86)\Websense\Data Security\/./Data-Batch-Server/service-container/container/logs/dbs\ae.log and will not be deleted
2026-05-11 23:10:40,976 HealthCheck                      Error    File in use F:\Program Files (x86)\Websense\Data Security\/./Data-Batch-Server/service-container/container/logs/dbs\endpoint.log and will not be deleted
2026-05-11 23:10:40,977 HealthCheck                      Error    File in use F:\Program Files (x86)\Websense\Data Security\/./Data-Batch-Server/service-container/container/logs/dbs\events.log and will not be deleted
2026-05-11 23:10:40,981 HealthCheck                      Error    File in use F:\Program Files (x86)\Websense\Data Security\/./Data-Batch-Server/service-container/container/logs/dbs\ldap.log and will not be deleted
2026-05-11 23:10:40,983 HealthCheck                      Error    File in use F:\Program Files (x86)\Websense\Data Security\/./Data-Batch-Server/service-container/container/logs/dbs\rap.log and will not be deleted
2026-05-11 23:10:40,985 HealthCheck                      Error    File in use F:\Program Files (x86)\Websense\Data Security\/./Data-Batch-Server/service-container/container/logs/dbs\spring.log and will not be deleted
2026-05-11 23:10:40,987 HealthCheck                      Error    File in use F:\Program Files (x86)\Websense\Data Security\/./Data-Batch-Server/service-container/container/logs/dbs\telemetry.log and will not be deleted
2026-05-12 23:10:29,724 HealthCheck                      Error    File in use F:\Program Files (x86)\Websense\Data Security\/./Logs\Scripts_PE.log and will not be deleted
2026-05-12 23:10:29,730 HealthCheck                      Error    File in use F:\Program Files (x86)\Websense\Data Security\/./EPS_CAMEL/data/service_logs\epsconnector-stderr.2026-04-06.log and will not be deleted
2026-05-12 23:10:29,731 HealthCheck                      Error    File in use F:\Program Files (x86)\Websense\Data Security\/./EPS_CAMEL/data/service_logs\epsconnector-stdout.2026-04-06.log and will not be deleted
2026-05-12 23:10:29,732 HealthCheck                      Error    File in use F:\Program Files (x86)\Websense\Data Security\/./EPS_CAMEL/data/service_logs\EPSConnector.2026-04-06.log and will not be deleted
2026-05-12 23:10:29,735 HealthCheck                      Error    File in use F:\Program Files (x86)\Websense\Data Security\/./tomcat/logs/dlp\dlp-login.log and will not be deleted
2026-05-12 23:10:29,736 HealthCheck                      Error    File in use F:\Program Files (x86)\Websense\Data Security\/./tomcat/logs/dlp\dlp-policies-import-export.log and will not be deleted
2026-05-12 23:10:29,738 HealthCheck                      Error    File in use F:\Program Files (x86)\Websense\Data Security\/./tomcat/logs/dlp\dlp-tomcat.log and will not be deleted
2026-05-12 23:10:29,740 HealthCheck                      Error    File in use F:\Program Files (x86)\Websense\Data Security\/./tomcat/logs/forensics\forensics-spring.log and will not be deleted
2026-05-12 23:10:29,741 HealthCheck                      Error    File in use F:\Program Files (x86)\Websense\Data Security\/./tomcat/logs/forensics\forensics-tomcat.log and will not be deleted
2026-05-12 23:10:29,742 HealthCheck                      Error    File in use F:\Program Files (x86)\Websense\Data Security\/./tomcat/logs/tomcat\all.log and will not be deleted
2026-05-12 23:10:29,744 HealthCheck                      Error    File in use F:\Program Files (x86)\Websense\Data Security\/./Data-Batch-Server/service-container/container/logs/dbs\ae.log and will not be deleted
2026-05-12 23:10:29,746 HealthCheck                      Error    File in use F:\Program Files (x86)\Websense\Data Security\/./Data-Batch-Server/service-container/container/logs/dbs\endpoint.log and will not be deleted
2026-05-12 23:10:29,747 HealthCheck                      Error    File in use F:\Program Files (x86)\Websense\Data Security\/./Data-Batch-Server/service-container/container/logs/dbs\events.log and will not be deleted
2026-05-12 23:10:29,748 HealthCheck                      Error    File in use F:\Program Files (x86)\Websense\Data Security\/./Data-Batch-Server/service-container/container/logs/dbs\ldap.log and will not be deleted
2026-05-12 23:10:29,749 HealthCheck                      Error    File in use F:\Program Files (x86)\Websense\Data Security\/./Data-Batch-Server/service-container/container/logs/dbs\rap.log and will not be deleted
2026-05-12 23:10:29,750 HealthCheck                      Error    File in use F:\Program Files (x86)\Websense\Data Security\/./Data-Batch-Server/service-container/container/logs/dbs\spring.log and will not be deleted
2026-05-12 23:10:29,751 HealthCheck                      Error    File in use F:\Program Files (x86)\Websense\Data Security\/./Data-Batch-Server/service-container/container/logs/dbs\telemetry.log and will not be deleted
2026-05-13 23:10:29,423 HealthCheck                      Error    File in use F:\Program Files (x86)\Websense\Data Security\/./Logs\Scripts_PE.log and will not be deleted
2026-05-13 23:10:29,427 HealthCheck                      Error    File in use F:\Program Files (x86)\Websense\Data Security\/./EPS_CAMEL/data/service_logs\epsconnector-stderr.2026-04-06.log and will not be deleted
2026-05-13 23:10:29,428 HealthCheck                      Error    File in use F:\Program Files (x86)\Websense\Data Security\/./EPS_CAMEL/data/service_logs\epsconnector-stdout.2026-04-06.log and will not be deleted
2026-05-13 23:10:29,429 HealthCheck                      Error    File in use F:\Program Files (x86)\Websense\Data Security\/./EPS_CAMEL/data/service_logs\EPSConnector.2026-04-06.log and will not be deleted
2026-05-13 23:10:29,433 HealthCheck                      Error    File in use F:\Program Files (x86)\Websense\Data Security\/./tomcat/logs/dlp\dlp-login.log and will not be deleted
2026-05-13 23:10:29,434 HealthCheck                      Error    File in use F:\Program Files (x86)\Websense\Data Security\/./tomcat/logs/dlp\dlp-policies-import-export.log and will not be deleted
2026-05-13 23:10:29,437 HealthCheck                      Error    File in use F:\Program Files (x86)\Websense\Data Security\/./tomcat/logs/dlp\dlp-tomcat.log and will not be deleted
2026-05-13 23:10:29,438 HealthCheck                      Error    File in use F:\Program Files (x86)\Websense\Data Security\/./tomcat/logs/dlp\policy_update.log and will not be deleted
2026-05-13 23:10:29,440 HealthCheck                      Error    File in use F:\Program Files (x86)\Websense\Data Security\/./tomcat/logs/forensics\forensics-spring.log and will not be deleted
2026-05-13 23:10:29,441 HealthCheck                      Error    File in use F:\Program Files (x86)\Websense\Data Security\/./tomcat/logs/forensics\forensics-tomcat.log and will not be deleted
2026-05-13 23:10:29,442 HealthCheck                      Error    File in use F:\Program Files (x86)\Websense\Data Security\/./tomcat/logs/tomcat\all.log and will not be deleted
2026-05-13 23:10:29,446 HealthCheck                      Error    File in use F:\Program Files (x86)\Websense\Data Security\/./Data-Batch-Server/service-container/container/logs/dbs\ae.log and will not be deleted
2026-05-13 23:10:29,447 HealthCheck                      Error    File in use F:\Program Files (x86)\Websense\Data Security\/./Data-Batch-Server/service-container/container/logs/dbs\endpoint.log and will not be deleted
2026-05-13 23:10:29,448 HealthCheck                      Error    File in use F:\Program Files (x86)\Websense\Data Security\/./Data-Batch-Server/service-container/container/logs/dbs\events.log and will not be deleted
2026-05-13 23:10:29,451 HealthCheck                      Error    File in use F:\Program Files (x86)\Websense\Data Security\/./Data-Batch-Server/service-container/container/logs/dbs\ldap.log and will not be deleted
2026-05-13 23:10:29,452 HealthCheck                      Error    File in use F:\Program Files (x86)\Websense\Data Security\/./Data-Batch-Server/service-container/container/logs/dbs\rap.log and will not be deleted
2026-05-13 23:10:29,453 HealthCheck                      Error    File in use F:\Program Files (x86)\Websense\Data Security\/./Data-Batch-Server/service-container/container/logs/dbs\spring.log and will not be deleted
2026-05-13 23:10:29,454 HealthCheck                      Error    File in use F:\Program Files (x86)\Websense\Data Security\/./Data-Batch-Server/service-container/container/logs/dbs\telemetry.log and will not be deleted
2026-05-14 23:10:29,420 HealthCheck                      Error    File in use F:\Program Files (x86)\Websense\Data Security\/./Logs\Scripts_PE.log and will not be deleted
2026-05-14 23:10:29,424 HealthCheck                      Error    File in use F:\Program Files (x86)\Websense\Data Security\/./EPS_CAMEL/data/service_logs\epsconnector-stderr.2026-04-06.log and will not be deleted
2026-05-14 23:10:29,425 HealthCheck                      Error    File in use F:\Program Files (x86)\Websense\Data Security\/./EPS_CAMEL/data/service_logs\epsconnector-stdout.2026-04-06.log and will not be deleted
2026-05-14 23:10:29,427 HealthCheck                      Error    File in use F:\Program Files (x86)\Websense\Data Security\/./EPS_CAMEL/data/service_logs\EPSConnector.2026-04-06.log and will not be deleted
2026-05-14 23:10:29,431 HealthCheck                      Error    File in use F:\Program Files (x86)\Websense\Data Security\/./tomcat/logs/dlp\dlp-login.log and will not be deleted
2026-05-14 23:10:29,433 HealthCheck                      Error    File in use F:\Program Files (x86)\Websense\Data Security\/./tomcat/logs/dlp\dlp-policies-import-export.log and will not be deleted
2026-05-14 23:10:29,438 HealthCheck                      Error    File in use F:\Program Files (x86)\Websense\Data Security\/./tomcat/logs/dlp\dlp-tomcat.log and will not be deleted
2026-05-14 23:10:29,439 HealthCheck                      Error    File in use F:\Program Files (x86)\Websense\Data Security\/./tomcat/logs/dlp\policy_update.log and will not be deleted
2026-05-14 23:10:29,441 HealthCheck                      Error    File in use F:\Program Files (x86)\Websense\Data Security\/./tomcat/logs/forensics\forensics-spring.log and will not be deleted
2026-05-14 23:10:29,444 HealthCheck                      Error    File in use F:\Program Files (x86)\Websense\Data Security\/./tomcat/logs/forensics\forensics-tomcat.log and will not be deleted
2026-05-14 23:10:29,446 HealthCheck                      Error    File in use F:\Program Files (x86)\Websense\Data Security\/./tomcat/logs/tomcat\all.log and will not be deleted
2026-05-14 23:10:29,448 HealthCheck                      Error    File in use F:\Program Files (x86)\Websense\Data Security\/./Data-Batch-Server/service-container/container/logs/dbs\ae.log and will not be deleted
2026-05-14 23:10:29,450 HealthCheck                      Error    File in use F:\Program Files (x86)\Websense\Data Security\/./Data-Batch-Server/service-container/container/logs/dbs\endpoint.log and will not be deleted
2026-05-14 23:10:29,452 HealthCheck                      Error    File in use F:\Program Files (x86)\Websense\Data Security\/./Data-Batch-Server/service-container/container/logs/dbs\events.log and will not be deleted
2026-05-14 23:10:29,455 HealthCheck                      Error    File in use F:\Program Files (x86)\Websense\Data Security\/./Data-Batch-Server/service-container/container/logs/dbs\ldap.log and will not be deleted
2026-05-14 23:10:29,457 HealthCheck                      Error    File in use F:\Program Files (x86)\Websense\Data Security\/./Data-Batch-Server/service-container/container/logs/dbs\rap.log and will not be deleted
2026-05-14 23:10:29,459 HealthCheck                      Error    File in use F:\Program Files (x86)\Websense\Data Security\/./Data-Batch-Server/service-container/container/logs/dbs\spring.log and will not be deleted
2026-05-14 23:10:29,462 HealthCheck                      Error    File in use F:\Program Files (x86)\Websense\Data Security\/./Data-Batch-Server/service-container/container/logs/dbs\telemetry.log and will not be deleted
2026-05-15 23:10:30,571 HealthCheck                      Error    File in use F:\Program Files (x86)\Websense\Data Security\/./Logs\Scripts_PE.log and will not be deleted
2026-05-15 23:10:30,574 HealthCheck                      Error    File in use F:\Program Files (x86)\Websense\Data Security\/./EPS_CAMEL/data/service_logs\epsconnector-stderr.2026-04-06.log and will not be deleted
2026-05-15 23:10:30,575 HealthCheck                      Error    File in use F:\Program Files (x86)\Websense\Data Security\/./EPS_CAMEL/data/service_logs\epsconnector-stdout.2026-04-06.log and will not be deleted
2026-05-15 23:10:30,576 HealthCheck                      Error    File in use F:\Program Files (x86)\Websense\Data Security\/./EPS_CAMEL/data/service_logs\EPSConnector.2026-04-06.log and will not be deleted
2026-05-15 23:10:30,578 HealthCheck                      Error    File in use F:\Program Files (x86)\Websense\Data Security\/./tomcat/logs/dlp\dlp-login.log and will not be deleted
2026-05-15 23:10:30,579 HealthCheck                      Error    File in use F:\Program Files (x86)\Websense\Data Security\/./tomcat/logs/dlp\dlp-policies-import-export.log and will not be deleted
2026-05-15 23:10:30,580 HealthCheck                      Error    File in use F:\Program Files (x86)\Websense\Data Security\/./tomcat/logs/dlp\dlp-spring.log and will not be deleted
2026-05-15 23:10:30,581 HealthCheck                      Error    File in use F:\Program Files (x86)\Websense\Data Security\/./tomcat/logs/dlp\dlp-tomcat.log and will not be deleted
2026-05-15 23:10:30,582 HealthCheck                      Error    File in use F:\Program Files (x86)\Websense\Data Security\/./tomcat/logs/dlp\policy_update.log and will not be deleted
2026-05-15 23:10:30,583 HealthCheck                      Error    File in use F:\Program Files (x86)\Websense\Data Security\/./tomcat/logs/forensics\forensics-spring.log and will not be deleted
2026-05-15 23:10:30,584 HealthCheck                      Error    File in use F:\Program Files (x86)\Websense\Data Security\/./tomcat/logs/forensics\forensics-tomcat.log and will not be deleted
2026-05-15 23:10:30,585 HealthCheck                      Error    File in use F:\Program Files (x86)\Websense\Data Security\/./tomcat/logs/tomcat\all.log and will not be deleted
2026-05-15 23:10:30,587 HealthCheck                      Error    File in use F:\Program Files (x86)\Websense\Data Security\/./Data-Batch-Server/service-container/container/logs/dbs\ae.log and will not be deleted
2026-05-15 23:10:30,590 HealthCheck                      Error    File in use F:\Program Files (x86)\Websense\Data Security\/./Data-Batch-Server/service-container/container/logs/dbs\endpoint.log and will not be deleted
2026-05-15 23:10:30,591 HealthCheck                      Error    File in use F:\Program Files (x86)\Websense\Data Security\/./Data-Batch-Server/service-container/container/logs/dbs\events.log and will not be deleted
2026-05-15 23:10:30,592 HealthCheck                      Error    File in use F:\Program Files (x86)\Websense\Data Security\/./Data-Batch-Server/service-container/container/logs/dbs\jetty.log and will not be deleted
2026-05-15 23:10:30,593 HealthCheck                      Error    File in use F:\Program Files (x86)\Websense\Data Security\/./Data-Batch-Server/service-container/container/logs/dbs\ldap.log and will not be deleted
2026-05-15 23:10:30,593 HealthCheck                      Error    File in use F:\Program Files (x86)\Websense\Data Security\/./Data-Batch-Server/service-container/container/logs/dbs\rap.log and will not be deleted
2026-05-15 23:10:30,594 HealthCheck                      Error    File in use F:\Program Files (x86)\Websense\Data Security\/./Data-Batch-Server/service-container/container/logs/dbs\spring.log and will not be deleted
2026-05-15 23:10:30,596 HealthCheck                      Error    File in use F:\Program Files (x86)\Websense\Data Security\/./Data-Batch-Server/service-container/container/logs/dbs\telemetry.log and will not be deleted
2026-05-15 23:10:30,598 HealthCheck                      Error    File in use F:\Program Files (x86)\Websense\Data Security\/./Data-Batch-Server/service-container/container/logs/rap-etl\rap-etl-all.log and will not be deleted
2026-05-15 23:10:30,599 HealthCheck                      Error    File in use F:\Program Files (x86)\Websense\Data Security\/./Data-Batch-Server/service-container/container/logs/service_logs\DSSBatchServer.2026-04-15.log and will not be deleted
2026-05-16 23:10:31,776 HealthCheck                      Error    File in use F:\Program Files (x86)\Websense\Data Security\/./Logs\Scripts_PE.log and will not be deleted
2026-05-16 23:10:31,780 HealthCheck                      Error    File in use F:\Program Files (x86)\Websense\Data Security\/./EPS_CAMEL/data/service_logs\epsconnector-stderr.2026-04-06.log and will not be deleted
2026-05-16 23:10:31,782 HealthCheck                      Error    File in use F:\Program Files (x86)\Websense\Data Security\/./EPS_CAMEL/data/service_logs\epsconnector-stdout.2026-04-06.log and will not be deleted
2026-05-16 23:10:31,783 HealthCheck                      Error    File in use F:\Program Files (x86)\Websense\Data Security\/./EPS_CAMEL/data/service_logs\EPSConnector.2026-04-06.log and will not be deleted
2026-05-16 23:10:31,785 HealthCheck                      Error    File in use F:\Program Files (x86)\Websense\Data Security\/./tomcat/logs/dlp\dlp-login.log and will not be deleted
2026-05-16 23:10:31,787 HealthCheck                      Error    File in use F:\Program Files (x86)\Websense\Data Security\/./tomcat/logs/dlp\dlp-policies-import-export.log and will not be deleted
2026-05-16 23:10:31,788 HealthCheck                      Error    File in use F:\Program Files (x86)\Websense\Data Security\/./tomcat/logs/dlp\dlp-spring.log and will not be deleted
2026-05-16 23:10:31,789 HealthCheck                      Error    File in use F:\Program Files (x86)\Websense\Data Security\/./tomcat/logs/dlp\dlp-tomcat.log and will not be deleted
2026-05-16 23:10:31,790 HealthCheck                      Error    File in use F:\Program Files (x86)\Websense\Data Security\/./tomcat/logs/dlp\policy_update.log and will not be deleted
2026-05-16 23:10:31,792 HealthCheck                      Error    File in use F:\Program Files (x86)\Websense\Data Security\/./tomcat/logs/forensics\forensics-spring.log and will not be deleted
2026-05-16 23:10:31,793 HealthCheck                      Error    File in use F:\Program Files (x86)\Websense\Data Security\/./tomcat/logs/forensics\forensics-tomcat.log and will not be deleted
2026-05-16 23:10:31,794 HealthCheck                      Error    File in use F:\Program Files (x86)\Websense\Data Security\/./tomcat/logs/tomcat\all.log and will not be deleted
2026-05-16 23:10:31,799 HealthCheck                      Error    File in use F:\Program Files (x86)\Websense\Data Security\/./Data-Batch-Server/service-container/container/logs/dbs\ae.log and will not be deleted
2026-05-16 23:10:31,802 HealthCheck                      Error    File in use F:\Program Files (x86)\Websense\Data Security\/./Data-Batch-Server/service-container/container/logs/dbs\endpoint.log and will not be deleted
2026-05-16 23:10:31,804 HealthCheck                      Error    File in use F:\Program Files (x86)\Websense\Data Security\/./Data-Batch-Server/service-container/container/logs/dbs\events.log and will not be deleted
2026-05-16 23:10:31,805 HealthCheck                      Error    File in use F:\Program Files (x86)\Websense\Data Security\/./Data-Batch-Server/service-container/container/logs/dbs\jetty.log and will not be deleted
2026-05-16 23:10:31,806 HealthCheck                      Error    File in use F:\Program Files (x86)\Websense\Data Security\/./Data-Batch-Server/service-container/container/logs/dbs\ldap.log and will not be deleted
2026-05-16 23:10:31,807 HealthCheck                      Error    File in use F:\Program Files (x86)\Websense\Data Security\/./Data-Batch-Server/service-container/container/logs/dbs\rap.log and will not be deleted
2026-05-16 23:10:31,808 HealthCheck                      Error    File in use F:\Program Files (x86)\Websense\Data Security\/./Data-Batch-Server/service-container/container/logs/dbs\spring.log and will not be deleted
2026-05-16 23:10:31,810 HealthCheck                      Error    File in use F:\Program Files (x86)\Websense\Data Security\/./Data-Batch-Server/service-container/container/logs/dbs\telemetry.log and will not be deleted
2026-05-16 23:10:31,811 HealthCheck                      Error    File in use F:\Program Files (x86)\Websense\Data Security\/./Data-Batch-Server/service-container/container/logs/rap-etl\rap-etl-all.log and will not be deleted
2026-05-16 23:10:31,812 HealthCheck                      Error    File in use F:\Program Files (x86)\Websense\Data Security\/./Data-Batch-Server/service-container/container/logs/service_logs\DSSBatchServer.2026-04-15.log and will not be deleted
2026-05-17 19:59:10,768 HealthCheck                      Error    FPR Test FPRRunDummyDetection Failed
2026-05-17 19:59:10,770 HealthCheck                      Error    FPRRunDummyDetection failed but counter is  [1<=4] so no action was taken
2026-05-17 20:04:10,837 HealthCheck                      Error    FPR Test FPRRunDummyDetection Failed
2026-05-17 20:04:10,838 HealthCheck                      Error    FPRRunDummyDetection failed but counter is  [1<=4] so no action was taken
2026-05-17 20:09:11,392 HealthCheck                      Error    FPR Test FPRRunDummyDetection Failed
2026-05-17 20:09:11,394 HealthCheck                      Error    FPRRunDummyDetection failed but counter is  [1<=4] so no action was taken
2026-05-17 20:14:11,113 HealthCheck                      Error    FPR Test FPRRunDummyDetection Failed
2026-05-17 20:14:11,116 HealthCheck                      Error    FPRRunDummyDetection failed but counter is  [1<=4] so no action was taken
2026-05-17 20:19:11,280 HealthCheck                      Error    FPR Test FPRRunDummyDetection Failed
2026-05-17 20:19:11,282 HealthCheck                      Error    FPRRunDummyDetection failed but counter is  [1<=4] so no action was taken
2026-05-17 20:24:11,060 HealthCheck                      Error    FPR Test FPRRunDummyDetection Failed
2026-05-17 20:24:11,062 HealthCheck                      Error    FPRRunDummyDetection failed but counter is  [1<=4] so no action was taken
2026-05-17 20:29:10,639 HealthCheck                      Error    FPR Test FPRRunDummyDetection Failed
2026-05-17 20:29:10,641 HealthCheck                      Error    FPRRunDummyDetection failed but counter is  [1<=4] so no action was taken
2026-05-17 20:34:10,398 HealthCheck                      Error    FPR Test FPRRunDummyDetection Failed
2026-05-17 20:34:10,400 HealthCheck                      Error    FPRRunDummyDetection failed but counter is  [1<=4] so no action was taken
2026-05-17 20:39:10,776 HealthCheck                      Error    FPR Test FPRRunDummyDetection Failed
2026-05-17 20:39:10,777 HealthCheck                      Error    FPRRunDummyDetection failed but counter is  [1<=4] so no action was taken
2026-05-17 20:44:10,829 HealthCheck                      Error    FPR Test FPRRunDummyDetection Failed
2026-05-17 20:44:10,830 HealthCheck                      Error    FPRRunDummyDetection failed but counter is  [1<=4] so no action was taken
2026-05-17 20:49:10,689 HealthCheck                      Error    FPR Test FPRRunDummyDetection Failed
2026-05-17 20:49:10,689 HealthCheck                      Error    FPRRunDummyDetection failed but counter is  [1<=4] so no action was taken
2026-05-17 20:54:11,038 HealthCheck                      Error    FPR Test FPRRunDummyDetection Failed
2026-05-17 20:54:11,038 HealthCheck                      Error    FPRRunDummyDetection failed but counter is  [1<=4] so no action was taken
2026-05-17 20:59:11,178 HealthCheck                      Error    FPR Test FPRRunDummyDetection Failed
2026-05-17 20:59:11,178 HealthCheck                      Error    FPRRunDummyDetection failed but counter is  [1<=4] so no action was taken
2026-05-17 21:04:10,821 HealthCheck                      Error    FPR Test FPRRunDummyDetection Failed
2026-05-17 21:04:10,821 HealthCheck                      Error    FPRRunDummyDetection failed but counter is  [1<=4] so no action was taken
2026-05-17 21:09:11,158 HealthCheck                      Error    FPR Test FPRRunDummyDetection Failed
2026-05-17 21:09:11,161 HealthCheck                      Error    FPRRunDummyDetection failed but counter is  [1<=4] so no action was taken
2026-05-17 21:14:11,021 HealthCheck                      Error    FPR Test FPRRunDummyDetection Failed
2026-05-17 21:14:11,023 HealthCheck                      Error    FPRRunDummyDetection failed but counter is  [1<=4] so no action was taken
2026-05-17 21:19:10,774 HealthCheck                      Error    FPR Test FPRRunDummyDetection Failed
2026-05-17 21:19:10,776 HealthCheck                      Error    FPRRunDummyDetection failed but counter is  [1<=4] so no action was taken
2026-05-17 21:24:11,148 HealthCheck                      Error    FPR Test FPRRunDummyDetection Failed
2026-05-17 21:24:11,150 HealthCheck                      Error    FPRRunDummyDetection failed but counter is  [1<=4] so no action was taken
2026-05-17 21:29:10,837 HealthCheck                      Error    FPR Test FPRRunDummyDetection Failed
2026-05-17 21:29:10,839 HealthCheck                      Error    FPRRunDummyDetection failed but counter is  [1<=4] so no action was taken
2026-05-17 21:34:10,765 HealthCheck                      Error    FPR Test FPRRunDummyDetection Failed
2026-05-17 21:34:10,766 HealthCheck                      Error    FPRRunDummyDetection failed but counter is  [1<=4] so no action was taken
2026-05-17 21:39:13,362 HealthCheck                      Error    FPR Test FPRRunDummyDetection Failed
2026-05-17 21:39:13,365 HealthCheck                      Error    FPRRunDummyDetection failed but counter is  [1<=4] so no action was taken
2026-05-17 21:44:10,842 HealthCheck                      Error    FPR Test FPRRunDummyDetection Failed
2026-05-17 21:44:10,844 HealthCheck                      Error    FPRRunDummyDetection failed but counter is  [1<=4] so no action was taken
2026-05-17 21:49:11,297 HealthCheck                      Error    FPR Test FPRRunDummyDetection Failed
2026-05-17 21:49:11,299 HealthCheck                      Error    FPRRunDummyDetection failed but counter is  [1<=4] so no action was taken
2026-05-17 21:54:11,281 HealthCheck                      Error    FPR Test FPRRunDummyDetection Failed
2026-05-17 21:54:11,284 HealthCheck                      Error    FPRRunDummyDetection failed but counter is  [1<=4] so no action was taken
2026-05-17 21:59:11,184 HealthCheck                      Error    FPR Test FPRRunDummyDetection Failed
2026-05-17 21:59:11,186 HealthCheck                      Error    FPRRunDummyDetection failed but counter is  [1<=4] so no action was taken
2026-05-17 22:04:10,828 HealthCheck                      Error    FPR Test FPRRunDummyDetection Failed
2026-05-17 22:04:10,830 HealthCheck                      Error    FPRRunDummyDetection failed but counter is  [1<=4] so no action was taken
2026-05-17 22:09:10,816 HealthCheck                      Error    FPR Test FPRRunDummyDetection Failed
2026-05-17 22:09:10,818 HealthCheck                      Error    FPRRunDummyDetection failed but counter is  [1<=4] so no action was taken
2026-05-17 22:14:14,189 HealthCheck                      Error    FPR Test FPRRunDummyDetection Failed
2026-05-17 22:14:14,192 HealthCheck                      Error    FPRRunDummyDetection failed but counter is  [1<=4] so no action was taken
2026-05-17 22:19:10,563 HealthCheck                      Error    FPR Test FPRRunDummyDetection Failed
2026-05-17 22:19:10,565 HealthCheck                      Error    FPRRunDummyDetection failed but counter is  [1<=4] so no action was taken
2026-05-17 22:24:10,779 HealthCheck                      Error    FPR Test FPRRunDummyDetection Failed
2026-05-17 22:24:10,780 HealthCheck                      Error    FPRRunDummyDetection failed but counter is  [1<=4] so no action was taken
2026-05-17 22:29:11,236 HealthCheck                      Error    FPR Test FPRRunDummyDetection Failed
2026-05-17 22:29:11,238 HealthCheck                      Error    FPRRunDummyDetection failed but counter is  [1<=4] so no action was taken
2026-05-17 22:34:11,045 HealthCheck                      Error    FPR Test FPRRunDummyDetection Failed
2026-05-17 22:34:11,047 HealthCheck                      Error    FPRRunDummyDetection failed but counter is  [1<=4] so no action was taken
2026-05-17 22:39:10,856 HealthCheck                      Error    FPR Test FPRRunDummyDetection Failed
2026-05-17 22:39:10,859 HealthCheck                      Error    FPRRunDummyDetection failed but counter is  [1<=4] so no action was taken
2026-05-17 22:44:10,796 HealthCheck                      Error    FPR Test FPRRunDummyDetection Failed
2026-05-17 22:44:10,798 HealthCheck                      Error    FPRRunDummyDetection failed but counter is  [1<=4] so no action was taken
2026-05-17 22:49:11,156 HealthCheck                      Error    FPR Test FPRRunDummyDetection Failed
2026-05-17 22:49:11,159 HealthCheck                      Error    FPRRunDummyDetection failed but counter is  [1<=4] so no action was taken
2026-05-17 22:54:10,608 HealthCheck                      Error    FPR Test FPRRunDummyDetection Failed
2026-05-17 22:54:10,611 HealthCheck                      Error    FPRRunDummyDetection failed but counter is  [1<=4] so no action was taken
2026-05-17 22:59:11,393 HealthCheck                      Error    FPR Test FPRRunDummyDetection Failed
2026-05-17 22:59:11,396 HealthCheck                      Error    FPRRunDummyDetection failed but counter is  [1<=4] so no action was taken
2026-05-17 23:04:13,301 HealthCheck                      Error    FPR Test FPRRunDummyDetection Failed
2026-05-17 23:04:13,303 HealthCheck                      Error    FPRRunDummyDetection failed but counter is  [1<=4] so no action was taken
2026-05-17 23:09:11,124 HealthCheck                      Error    FPR Test FPRRunDummyDetection Failed
2026-05-17 23:09:11,126 HealthCheck                      Error    FPRRunDummyDetection failed but counter is  [1<=4] so no action was taken
2026-05-17 23:10:29,424 HealthCheck                      Error    File in use F:\Program Files (x86)\Websense\Data Security\/./Logs\Scripts_PE.log and will not be deleted
2026-05-17 23:10:29,430 HealthCheck                      Error    File in use F:\Program Files (x86)\Websense\Data Security\/./EPS_CAMEL/data/service_logs\epsconnector-stderr.2026-04-06.log and will not be deleted
2026-05-17 23:10:29,432 HealthCheck                      Error    File in use F:\Program Files (x86)\Websense\Data Security\/./EPS_CAMEL/data/service_logs\epsconnector-stdout.2026-04-06.log and will not be deleted
2026-05-17 23:10:29,433 HealthCheck                      Error    File in use F:\Program Files (x86)\Websense\Data Security\/./EPS_CAMEL/data/service_logs\EPSConnector.2026-04-06.log and will not be deleted
2026-05-17 23:10:29,436 HealthCheck                      Error    File in use F:\Program Files (x86)\Websense\Data Security\/./tomcat/logs/dlp\dlp-login.log and will not be deleted
2026-05-17 23:10:29,438 HealthCheck                      Error    File in use F:\Program Files (x86)\Websense\Data Security\/./tomcat/logs/dlp\dlp-policies-import-export.log and will not be deleted
2026-05-17 23:10:29,442 HealthCheck                      Error    File in use F:\Program Files (x86)\Websense\Data Security\/./tomcat/logs/dlp\dlp-spring.log and will not be deleted
2026-05-17 23:10:29,443 HealthCheck                      Error    File in use F:\Program Files (x86)\Websense\Data Security\/./tomcat/logs/dlp\dlp-tomcat.log and will not be deleted
2026-05-17 23:10:29,445 HealthCheck                      Error    File in use F:\Program Files (x86)\Websense\Data Security\/./tomcat/logs/dlp\policy_update.log and will not be deleted
2026-05-17 23:10:29,447 HealthCheck                      Error    File in use F:\Program Files (x86)\Websense\Data Security\/./tomcat/logs/forensics\forensics-spring.log and will not be deleted
2026-05-17 23:10:29,448 HealthCheck                      Error    File in use F:\Program Files (x86)\Websense\Data Security\/./tomcat/logs/forensics\forensics-tomcat.log and will not be deleted
2026-05-17 23:10:29,449 HealthCheck                      Error    File in use F:\Program Files (x86)\Websense\Data Security\/./tomcat/logs/tomcat\all.log and will not be deleted
2026-05-17 23:10:29,453 HealthCheck                      Error    File in use F:\Program Files (x86)\Websense\Data Security\/./Data-Batch-Server/service-container/container/logs/dbs\ae.log and will not be deleted
2026-05-17 23:10:29,455 HealthCheck                      Error    File in use F:\Program Files (x86)\Websense\Data Security\/./Data-Batch-Server/service-container/container/logs/dbs\endpoint.log and will not be deleted
2026-05-17 23:10:29,456 HealthCheck                      Error    File in use F:\Program Files (x86)\Websense\Data Security\/./Data-Batch-Server/service-container/container/logs/dbs\events.log and will not be deleted
2026-05-17 23:10:29,458 HealthCheck                      Error    File in use F:\Program Files (x86)\Websense\Data Security\/./Data-Batch-Server/service-container/container/logs/dbs\jetty.log and will not be deleted
2026-05-17 23:10:29,460 HealthCheck                      Error    File in use F:\Program Files (x86)\Websense\Data Security\/./Data-Batch-Server/service-container/container/logs/dbs\ldap.log and will not be deleted
2026-05-17 23:10:29,462 HealthCheck                      Error    File in use F:\Program Files (x86)\Websense\Data Security\/./Data-Batch-Server/service-container/container/logs/dbs\rap.log and will not be deleted
2026-05-17 23:10:29,464 HealthCheck                      Error    File in use F:\Program Files (x86)\Websense\Data Security\/./Data-Batch-Server/service-container/container/logs/dbs\spring.log and will not be deleted
2026-05-17 23:10:29,465 HealthCheck                      Error    File in use F:\Program Files (x86)\Websense\Data Security\/./Data-Batch-Server/service-container/container/logs/dbs\telemetry.log and will not be deleted
2026-05-17 23:10:29,466 HealthCheck                      Error    File in use F:\Program Files (x86)\Websense\Data Security\/./Data-Batch-Server/service-container/container/logs/rap-etl\rap-etl-all.log and will not be deleted
2026-05-17 23:10:29,468 HealthCheck                      Error    File in use F:\Program Files (x86)\Websense\Data Security\/./Data-Batch-Server/service-container/container/logs/service_logs\DSSBatchServer.2026-04-15.log and will not be deleted
2026-05-17 23:14:11,184 HealthCheck                      Error    FPR Test FPRRunDummyDetection Failed
2026-05-17 23:14:11,186 HealthCheck                      Error    FPRRunDummyDetection failed but counter is  [1<=4] so no action was taken
2026-05-17 23:19:10,820 HealthCheck                      Error    FPR Test FPRRunDummyDetection Failed
2026-05-17 23:19:10,822 HealthCheck                      Error    FPRRunDummyDetection failed but counter is  [1<=4] so no action was taken
2026-05-17 23:24:11,135 HealthCheck                      Error    FPR Test FPRRunDummyDetection Failed
2026-05-17 23:24:11,138 HealthCheck                      Error    FPRRunDummyDetection failed but counter is  [1<=4] so no action was taken
2026-05-17 23:29:10,173 HealthCheck                      Error    FPR Test FPRRunDummyDetection Failed
2026-05-17 23:29:10,177 HealthCheck                      Error    FPRRunDummyDetection failed but counter is  [1<=4] so no action was taken
2026-05-17 23:34:10,204 HealthCheck                      Error    FPR Test FPRRunDummyDetection Failed
2026-05-17 23:34:10,208 HealthCheck                      Error    FPRRunDummyDetection failed but counter is  [1<=4] so no action was taken
2026-05-17 23:39:10,718 HealthCheck                      Error    FPR Test FPRRunDummyDetection Failed
2026-05-17 23:39:10,721 HealthCheck                      Error    FPRRunDummyDetection failed but counter is  [1<=4] so no action was taken
2026-05-17 23:44:11,312 HealthCheck                      Error    FPR Test FPRRunDummyDetection Failed
2026-05-17 23:44:11,315 HealthCheck                      Error    FPRRunDummyDetection failed but counter is  [1<=4] so no action was taken
2026-05-17 23:49:10,709 HealthCheck                      Error    FPR Test FPRRunDummyDetection Failed
2026-05-17 23:49:10,712 HealthCheck                      Error    FPRRunDummyDetection failed but counter is  [1<=4] so no action was taken
2026-05-17 23:54:14,465 HealthCheck                      Error    FPR Test FPRRunDummyDetection Failed
2026-05-17 23:54:14,467 HealthCheck                      Error    FPRRunDummyDetection failed but counter is  [1<=4] so no action was taken
2026-05-17 23:59:10,751 HealthCheck                      Error    FPR Test FPRRunDummyDetection Failed
2026-05-17 23:59:10,753 HealthCheck                      Error    FPRRunDummyDetection failed but counter is  [1<=4] so no action was taken
2026-05-18 00:04:09,514 HealthCheck                      Error    FPR Test FPRRunDummyDetection Failed
2026-05-18 00:04:09,516 HealthCheck                      Error    FPRRunDummyDetection failed but counter is  [1<=4] so no action was taken
2026-05-18 00:04:09,846 HealthCheck                      Error    FPR Test FPRRunDummyDetection Failed
2026-05-18 00:04:09,848 HealthCheck                      Error    FPRRunDummyDetection failed but counter is  [1<=4] so no action was taken
2026-05-18 00:09:10,107 HealthCheck                      Error    FPR Test FPRRunDummyDetection Failed
2026-05-18 00:09:10,109 HealthCheck                      Error    FPRRunDummyDetection failed but counter is  [1<=4] so no action was taken
2026-05-18 00:14:11,369 HealthCheck                      Error    FPR Test FPRRunDummyDetection Failed
2026-05-18 00:14:11,370 HealthCheck                      Error    FPRRunDummyDetection failed but counter is  [1<=4] so no action was taken
2026-05-18 00:19:10,806 HealthCheck                      Error    FPR Test FPRRunDummyDetection Failed
2026-05-18 00:19:10,809 HealthCheck                      Error    FPRRunDummyDetection failed but counter is  [1<=4] so no action was taken
2026-05-18 00:20:13,039 HealthCheck                      Error    Failed sending DummyDetection Request
2026-05-18 00:20:13,042 HealthCheck                      Error    FPR Test FPRRunDummyDetection Failed
2026-05-18 00:20:13,044 HealthCheck                      Error    FPRRunDummyDetection failed but counter is  [1<=4] so no action was taken
2026-05-18 00:25:12,148 HealthCheck                      Error    Failed sending DummyDetection Request
2026-05-18 00:25:12,149 HealthCheck                      Error    FPR Test FPRRunDummyDetection Failed
2026-05-18 00:25:12,150 HealthCheck                      Error    FPRRunDummyDetection failed but counter is  [2<=4] so no action was taken
2026-05-18 00:30:11,833 HealthCheck                      Error    Failed sending DummyDetection Request
2026-05-18 00:30:11,836 HealthCheck                      Error    FPR Test FPRRunDummyDetection Failed
2026-05-18 00:30:11,837 HealthCheck                      Error    FPRRunDummyDetection failed but counter is  [3<=4] so no action was taken
2026-05-18 00:35:11,995 HealthCheck                      Error    Failed sending DummyDetection Request
2026-05-18 00:35:11,997 HealthCheck                      Error    FPR Test FPRRunDummyDetection Failed
2026-05-18 00:35:11,999 HealthCheck                      Error    FPRRunDummyDetection failed but counter is  [4<=4] so no action was taken
2026-05-18 00:40:11,790 HealthCheck                      Error    Failed sending DummyDetection Request
2026-05-18 00:40:11,793 HealthCheck                      Error    FPR Test FPRRunDummyDetection Failed
2026-05-18 00:40:11,797 HealthCheck                      Error    Stopping process: PAFPREP
2026-05-18 00:40:14,740 Utils.SystemLogging              Error    [Th:Thread-3 (CheckDetection)] Posting error to system Log
2026-05-18 00:40:14,742 Utils.SystemLogging              Error    [Th:Thread-3 (CheckDetection)] Posted error to system Log
2026-05-18 00:40:25,541 HealthCheck                      Error    There are processes holding port 17505 that will be killed: [18004]
2026-05-18 00:40:25,929 HealthCheck                      Error    killing process  with ID 18004
2026-05-18 00:40:32,615 HealthCheck                      Error    There are processes holding port 17505 that will be killed: [18004]
2026-05-18 00:40:32,908 HealthCheck                      Error    killing process  with ID 18004
2026-05-18 00:40:39,662 HealthCheck                      Error    There are processes holding port 17505 that will be killed: [18004]
2026-05-18 00:40:40,023 HealthCheck                      Error    killing process  with ID 18004
2026-05-18 00:40:44,965 Utils.SystemLogging              Error    [Th:Thread-3 (CheckDetection)] Posting error to system Log
2026-05-18 00:40:44,966 Utils.SystemLogging              Error    [Th:Thread-3 (CheckDetection)] Posted error to system Log
2026-05-18 00:40:46,775 HealthCheck                      Error    There are processes holding port 17505 that will be killed: [18004]
2026-05-18 00:40:47,138 HealthCheck                      Error    killing process  with ID 18004
2026-05-18 00:40:54,038 HealthCheck                      Error    There are processes holding port 17505 that will be killed: [18004]
2026-05-18 00:40:54,412 HealthCheck                      Error    killing process  with ID 18004
2026-05-18 00:41:01,083 HealthCheck                      Error    There are processes holding port 17505 that will be killed: [18004]
2026-05-18 00:41:01,447 HealthCheck                      Error    killing process  with ID 18004
2026-05-18 00:41:08,367 HealthCheck                      Error    There are processes holding port 17505 that will be killed: [18004]
2026-05-18 00:41:08,749 HealthCheck                      Error    killing process  with ID 18004
2026-05-18 00:41:15,632 HealthCheck                      Error    There are processes holding port 17505 that will be killed: [18004]
2026-05-18 00:41:16,030 HealthCheck                      Error    killing process  with ID 18004
2026-05-18 00:41:22,870 HealthCheck                      Error    There are processes holding port 17505 that will be killed: [18004]
2026-05-18 00:41:23,236 HealthCheck                      Error    killing process  with ID 18004
2026-05-18 00:41:30,029 HealthCheck                      Error    There are processes holding port 17505 that will be killed: [18004]
2026-05-18 00:41:30,421 HealthCheck                      Error    killing process  with ID 18004
2026-05-18 23:10:28,952 HealthCheck                      Error    File in use F:\Program Files (x86)\Websense\Data Security\/./Logs\Scripts_PE.log and will not be deleted
2026-05-18 23:10:28,958 HealthCheck                      Error    File in use F:\Program Files (x86)\Websense\Data Security\/./EPS_CAMEL/data/service_logs\epsconnector-stderr.2026-04-06.log and will not be deleted
2026-05-18 23:10:28,959 HealthCheck                      Error    File in use F:\Program Files (x86)\Websense\Data Security\/./EPS_CAMEL/data/service_logs\epsconnector-stdout.2026-04-06.log and will not be deleted
2026-05-18 23:10:28,960 HealthCheck                      Error    File in use F:\Program Files (x86)\Websense\Data Security\/./EPS_CAMEL/data/service_logs\EPSConnector.2026-04-06.log and will not be deleted
2026-05-18 23:10:28,962 HealthCheck                      Error    File in use F:\Program Files (x86)\Websense\Data Security\/./tomcat/logs/dlp\dlp-login.log and will not be deleted
2026-05-18 23:10:28,965 HealthCheck                      Error    File in use F:\Program Files (x86)\Websense\Data Security\/./tomcat/logs/dlp\dlp-policies-import-export.log and will not be deleted
2026-05-18 23:10:28,968 HealthCheck                      Error    File in use F:\Program Files (x86)\Websense\Data Security\/./tomcat/logs/dlp\dlp-spring.log and will not be deleted
2026-05-18 23:10:28,969 HealthCheck                      Error    File in use F:\Program Files (x86)\Websense\Data Security\/./tomcat/logs/dlp\dlp-tomcat.log and will not be deleted
2026-05-18 23:10:28,971 HealthCheck                      Error    File in use F:\Program Files (x86)\Websense\Data Security\/./tomcat/logs/dlp\policy_update.log and will not be deleted
2026-05-18 23:10:28,973 HealthCheck                      Error    File in use F:\Program Files (x86)\Websense\Data Security\/./tomcat/logs/forensics\forensics-spring.log and will not be deleted
2026-05-18 23:10:28,975 HealthCheck                      Error    File in use F:\Program Files (x86)\Websense\Data Security\/./tomcat/logs/forensics\forensics-tomcat.log and will not be deleted
2026-05-18 23:10:28,976 HealthCheck                      Error    File in use F:\Program Files (x86)\Websense\Data Security\/./tomcat/logs/tomcat\all.log and will not be deleted
2026-05-18 23:10:28,980 HealthCheck                      Error    File in use F:\Program Files (x86)\Websense\Data Security\/./Data-Batch-Server/service-container/container/logs/dbs\ae.log and will not be deleted
2026-05-18 23:10:28,983 HealthCheck                      Error    File in use F:\Program Files (x86)\Websense\Data Security\/./Data-Batch-Server/service-container/container/logs/dbs\endpoint.log and will not be deleted
2026-05-18 23:10:28,984 HealthCheck                      Error    File in use F:\Program Files (x86)\Websense\Data Security\/./Data-Batch-Server/service-container/container/logs/dbs\events.log and will not be deleted
2026-05-18 23:10:28,986 HealthCheck                      Error    File in use F:\Program Files (x86)\Websense\Data Security\/./Data-Batch-Server/service-container/container/logs/dbs\jetty.log and will not be deleted
2026-05-18 23:10:28,989 HealthCheck                      Error    File in use F:\Program Files (x86)\Websense\Data Security\/./Data-Batch-Server/service-container/container/logs/dbs\ldap.log and will not be deleted
2026-05-18 23:10:28,990 HealthCheck                      Error    File in use F:\Program Files (x86)\Websense\Data Security\/./Data-Batch-Server/service-container/container/logs/dbs\rap.log and will not be deleted
2026-05-18 23:10:28,992 HealthCheck                      Error    File in use F:\Program Files (x86)\Websense\Data Security\/./Data-Batch-Server/service-container/container/logs/dbs\spring.log and will not be deleted
2026-05-18 23:10:28,994 HealthCheck                      Error    File in use F:\Program Files (x86)\Websense\Data Security\/./Data-Batch-Server/service-container/container/logs/dbs\telemetry.log and will not be deleted
2026-05-18 23:10:28,997 HealthCheck                      Error    File in use F:\Program Files (x86)\Websense\Data Security\/./Data-Batch-Server/service-container/container/logs/rap-etl\rap-etl-all.log and will not be deleted
2026-05-18 23:10:29,000 HealthCheck                      Error    File in use F:\Program Files (x86)\Websense\Data Security\/./Data-Batch-Server/service-container/container/logs/service_logs\DSSBatchServer.2026-04-15.log and will not be deleted
2026-05-19 14:10:28,092 HealthCheck                      Error    Cannot start process: DSSManager, try again it...
2026-05-19 14:10:34,346 HealthCheck                      Error    Cannot start process: DSSManager, try again it...
2026-05-19 14:10:40,544 HealthCheck                      Error    Cannot start process: DSSManager, try again it...
2026-05-19 14:10:46,527 HealthCheck                      Error    Cannot start process: DSSManager, try again it...
2026-05-19 14:10:52,507 HealthCheck                      Error    Cannot start process: DSSManager, try again it...
2026-05-19 14:10:58,555 HealthCheck                      Error    Cannot start process: DSSManager, try again it...
2026-05-19 14:11:04,532 HealthCheck                      Error    Cannot start process: DSSManager, try again it...
2026-05-19 15:15:21,718 HealthCheck                      Error    Stopping process: DSSManager
2026-05-19 15:15:23,231 HealthCheck                      Error    Exception Occurred running SystemLogger
2026-05-19 15:16:52,874 HealthCheck                      Error    Exception Occurred running SystemLogger
2026-05-19 15:40:22,511 HealthCheck                      Error    Stopping process: DSSManager
2026-05-19 15:40:24,011 HealthCheck                      Error    Exception Occurred running SystemLogger
2026-05-19 15:41:52,178 HealthCheck                      Error    Exception Occurred running SystemLogger
2026-05-19 16:05:22,423 HealthCheck                      Error    Stopping process: DSSManager
2026-05-19 16:05:24,058 HealthCheck                      Error    Exception Occurred running SystemLogger
2026-05-19 16:06:51,684 HealthCheck                      Error    Exception Occurred running SystemLogger
2026-05-19 16:30:21,184 HealthCheck                      Error    Stopping process: DSSManager
2026-05-19 16:30:22,636 HealthCheck                      Error    Exception Occurred running SystemLogger
2026-05-19 16:31:52,203 HealthCheck                      Error    Exception Occurred running SystemLogger
2026-05-19 16:55:20,980 HealthCheck                      Error    Stopping process: DSSManager
2026-05-19 16:55:22,496 HealthCheck                      Error    Exception Occurred running SystemLogger
2026-05-19 16:56:52,156 HealthCheck                      Error    Exception Occurred running SystemLogger
2026-05-19 17:20:22,265 HealthCheck                      Error    Stopping process: DSSManager
2026-05-19 17:20:33,826 HealthCheck                      Error    Exception Occurred running SystemLogger
2026-05-19 17:21:01,184 HealthCheck                      Error    Exception Occurred running SystemLogger
2026-05-19 23:10:34,055 HealthCheck                      Error    File in use F:\Program Files (x86)\Websense\Data Security\/./Logs\Scripts_PE.log and will not be deleted
2026-05-19 23:10:34,063 HealthCheck                      Error    File in use F:\Program Files (x86)\Websense\Data Security\/./Data-Batch-Server/service-container/container/logs/dbs\ae.log and will not be deleted
2026-05-19 23:10:34,065 HealthCheck                      Error    File in use F:\Program Files (x86)\Websense\Data Security\/./Data-Batch-Server/service-container/container/logs/dbs\endpoint.log and will not be deleted
2026-05-19 23:10:34,066 HealthCheck                      Error    File in use F:\Program Files (x86)\Websense\Data Security\/./Data-Batch-Server/service-container/container/logs/dbs\events.log and will not be deleted
2026-05-19 23:10:34,069 HealthCheck                      Error    File in use F:\Program Files (x86)\Websense\Data Security\/./Data-Batch-Server/service-container/container/logs/dbs\ldap.log and will not be deleted
2026-05-19 23:10:34,070 HealthCheck                      Error    File in use F:\Program Files (x86)\Websense\Data Security\/./Data-Batch-Server/service-container/container/logs/dbs\rap.log and will not be deleted
2026-05-19 23:10:34,071 HealthCheck                      Error    File in use F:\Program Files (x86)\Websense\Data Security\/./Data-Batch-Server/service-container/container/logs/dbs\spring.log and will not be deleted
2026-05-19 23:10:34,071 HealthCheck                      Error    File in use F:\Program Files (x86)\Websense\Data Security\/./Data-Batch-Server/service-container/container/logs/dbs\telemetry.log and will not be deleted
2026-05-20 23:10:40,134 HealthCheck                      Error    File in use F:\Program Files (x86)\Websense\Data Security\/./Logs\Scripts_PE.log and will not be deleted
2026-05-20 23:10:40,145 HealthCheck                      Error    File in use F:\Program Files (x86)\Websense\Data Security\/./Data-Batch-Server/service-container/container/logs/dbs\ae.log and will not be deleted
2026-05-20 23:10:40,148 HealthCheck                      Error    File in use F:\Program Files (x86)\Websense\Data Security\/./Data-Batch-Server/service-container/container/logs/dbs\endpoint.log and will not be deleted
2026-05-20 23:10:40,150 HealthCheck                      Error    File in use F:\Program Files (x86)\Websense\Data Security\/./Data-Batch-Server/service-container/container/logs/dbs\events.log and will not be deleted
2026-05-20 23:10:40,154 HealthCheck                      Error    File in use F:\Program Files (x86)\Websense\Data Security\/./Data-Batch-Server/service-container/container/logs/dbs\ldap.log and will not be deleted
2026-05-20 23:10:40,157 HealthCheck                      Error    File in use F:\Program Files (x86)\Websense\Data Security\/./Data-Batch-Server/service-container/container/logs/dbs\rap.log and will not be deleted
2026-05-20 23:10:40,159 HealthCheck                      Error    File in use F:\Program Files (x86)\Websense\Data Security\/./Data-Batch-Server/service-container/container/logs/dbs\spring.log and will not be deleted
2026-05-20 23:10:40,160 HealthCheck                      Error    File in use F:\Program Files (x86)\Websense\Data Security\/./Data-Batch-Server/service-container/container/logs/dbs\telemetry.log and will not be deleted
2026-05-21 23:10:34,390 HealthCheck                      Error    File in use F:\Program Files (x86)\Websense\Data Security\/./Logs\Scripts_PE.log and will not be deleted
2026-05-21 23:10:34,406 HealthCheck                      Error    File in use F:\Program Files (x86)\Websense\Data Security\/./Data-Batch-Server/service-container/container/logs/dbs\ae.log and will not be deleted
2026-05-21 23:10:34,408 HealthCheck                      Error    File in use F:\Program Files (x86)\Websense\Data Security\/./Data-Batch-Server/service-container/container/logs/dbs\endpoint.log and will not be deleted
2026-05-21 23:10:34,409 HealthCheck                      Error    File in use F:\Program Files (x86)\Websense\Data Security\/./Data-Batch-Server/service-container/container/logs/dbs\events.log and will not be deleted
2026-05-21 23:10:34,411 HealthCheck                      Error    File in use F:\Program Files (x86)\Websense\Data Security\/./Data-Batch-Server/service-container/container/logs/dbs\ldap.log and will not be deleted
2026-05-21 23:10:34,412 HealthCheck                      Error    File in use F:\Program Files (x86)\Websense\Data Security\/./Data-Batch-Server/service-container/container/logs/dbs\rap.log and will not be deleted
2026-05-21 23:10:34,413 HealthCheck                      Error    File in use F:\Program Files (x86)\Websense\Data Security\/./Data-Batch-Server/service-container/container/logs/dbs\spring.log and will not be deleted
2026-05-21 23:10:34,414 HealthCheck                      Error    File in use F:\Program Files (x86)\Websense\Data Security\/./Data-Batch-Server/service-container/container/logs/dbs\telemetry.log and will not be deleted
